user_id,activity,status,device,ip_address,duration_ms,object_count,hour,day_of_week
1,7,1,7,3232235784,1418.0,1.0,7.0,2.0
1,1,0,7,3232235784,4791.0,4.0,7.0,2.0
1,4,0,7,3232235784,3625.0,3.0,7.0,2.0
1,3,0,7,3232235784,1837.0,4.0,7.0,2.0
1,8,0,7,3232235784,220.0,1.0,7.0,2.0
33,7,0,1,3232236023,1747.0,1.0,14.0,2.0
33,6,0,1,3232236023,1340.0,8.0,14.0,2.0
33,0,0,1,3232236023,4022.0,4.0,14.0,2.0
33,8,0,1,3232236023,867.0,1.0,15.0,2.0
43,7,0,8,3232235853,1557.0,1.0,15.0,2.0
43,6,0,8,3232235853,5567.0,8.0,15.0,2.0
43,0,0,8,3232235853,843.0,9.0,15.0,2.0
43,8,0,8,3232235853,1459.0,1.0,15.0,2.0
38,7,0,4,3232235984,1188.0,1.0,7.0,3.0
38,6,0,4,3232235984,1438.0,1.0,7.0,3.0
38,0,0,4,3232235984,744.0,9.0,7.0,3.0
38,8,0,4,3232235984,1493.0,1.0,7.0,3.0
25,7,0,8,3232235828,357.0,1.0,7.0,3.0
25,6,0,8,3232235828,1798.0,9.0,7.0,3.0
25,0,0,8,3232235828,1734.0,7.0,7.0,3.0
25,8,0,8,3232235828,1172.0,1.0,8.0,3.0
50,7,1,7,3232235996,702.0,1.0,8.0,3.0
50,6,0,7,3232235996,4592.0,7.0,8.0,3.0
50,0,0,7,3232235996,5962.0,3.0,8.0,3.0
50,8,0,7,3232235996,1280.0,1.0,8.0,3.0
70,7,0,8,3232236002,1580.0,1.0,11.0,3.0
70,6,0,8,3232236002,5734.0,9.0,11.0,3.0
70,0,0,8,3232236002,5488.0,4.0,11.0,3.0
70,8,0,8,3232236002,513.0,1.0,11.0,3.0
6,7,0,4,3232235840,758.0,1.0,13.0,3.0
6,6,0,4,3232235840,3186.0,3.0,13.0,3.0
6,5,0,4,3232235840,1206.0,7.0,13.0,3.0
6,2,0,4,3232235840,7497.0,1.0,13.0,3.0
6,9,1,4,3232235840,6489.0,9.0,13.0,3.0
6,8,0,4,3232235840,1116.0,1.0,13.0,3.0
50,7,0,7,3232235996,1001.0,1.0,14.0,3.0
50,6,0,7,3232235996,5041.0,3.0,14.0,3.0
50,0,0,7,3232235996,2794.0,1.0,14.0,3.0
50,8,0,7,3232235996,722.0,1.0,14.0,3.0
62,7,0,4,3232236014,1747.0,1.0,14.0,3.0
62,6,0,4,3232236014,2063.0,9.0,14.0,3.0
62,0,0,4,3232236014,5926.0,6.0,14.0,3.0
62,8,0,4,3232236014,1499.0,1.0,14.0,3.0
79,7,0,8,3232235880,676.0,1.0,15.0,3.0
79,6,0,8,3232235880,3534.0,3.0,15.0,3.0
79,0,0,8,3232235880,4892.0,6.0,15.0,3.0
79,8,0,8,3232235880,349.0,1.0,15.0,3.0
26,7,0,8,3232235885,718.0,1.0,15.0,3.0
26,6,0,8,3232235885,710.0,4.0,15.0,3.0
26,0,0,8,3232235885,3891.0,9.0,15.0,3.0
26,8,0,8,3232235885,260.0,1.0,15.0,3.0
20,7,0,8,3232235886,1147.0,1.0,8.0,4.0
20,6,0,8,3232235886,1128.0,9.0,8.0,4.0
20,0,0,8,3232235886,5551.0,3.0,8.0,4.0
20,8,0,8,3232235886,526.0,1.0,8.0,4.0
84,7,1,7,3232235817,907.0,1.0,13.0,4.0
84,1,0,7,3232235817,1941.0,2.0,13.0,4.0
84,4,0,7,3232235817,7403.0,7.0,13.0,4.0
84,3,0,7,3232235817,5772.0,7.0,13.0,4.0
84,8,0,7,3232235817,462.0,1.0,13.0,4.0
44,7,0,8,3232236004,1983.0,1.0,14.0,4.0
44,6,0,8,3232236004,3879.0,5.0,14.0,4.0
44,0,0,8,3232236004,3697.0,1.0,14.0,4.0
44,8,0,8,3232236004,1399.0,1.0,14.0,4.0
50,7,0,7,3232235996,1148.0,1.0,14.0,4.0
50,6,0,7,3232235996,5373.0,9.0,14.0,4.0
50,0,0,7,3232235996,4329.0,4.0,14.0,4.0
50,8,0,7,3232235996,1277.0,1.0,14.0,4.0
77,7,0,4,3232235969,1935.0,1.0,15.0,4.0
77,6,0,4,3232235969,614.0,4.0,15.0,4.0
77,0,0,4,3232235969,1603.0,3.0,15.0,4.0
77,8,0,4,3232235969,410.0,1.0,15.0,4.0
45,7,0,4,3232235925,1848.0,1.0,16.0,4.0
45,6,0,4,3232235925,2630.0,1.0,16.0,4.0
45,0,0,4,3232235925,1780.0,6.0,16.0,4.0
45,8,0,4,3232235925,1461.0,1.0,16.0,4.0
78,7,0,8,3232235887,1548.0,1.0,12.0,5.0
78,6,0,8,3232235887,2120.0,6.0,12.0,5.0
78,0,0,8,3232235887,4236.0,7.0,12.0,5.0
78,8,0,8,3232235887,1233.0,1.0,12.0,5.0
38,7,0,4,3232235984,387.0,1.0,7.0,6.0
38,6,0,4,3232235984,5652.0,5.0,7.0,6.0
38,0,0,4,3232235984,725.0,10.0,7.0,6.0
38,8,0,4,3232235984,408.0,1.0,7.0,6.0
45,7,0,4,3232235925,1975.0,1.0,7.0,6.0
45,6,0,4,3232235925,999.0,2.0,7.0,6.0
45,0,0,4,3232235925,3744.0,4.0,7.0,6.0
45,8,0,4,3232235925,277.0,1.0,7.0,6.0
75,7,0,1,3232235968,1864.0,1.0,8.0,6.0
75,6,0,1,3232235968,3497.0,1.0,8.0,6.0
75,0,0,1,3232235968,3781.0,1.0,9.0,6.0
75,8,0,1,3232235968,1367.0,1.0,9.0,6.0
59,7,0,1,3232235914,1882.0,1.0,13.0,6.0
59,6,0,1,3232235914,4442.0,6.0,13.0,6.0
59,0,0,1,3232235914,554.0,6.0,13.0,6.0
59,8,0,1,3232235914,1023.0,1.0,13.0,6.0
70,7,0,8,3232236002,1643.0,1.0,14.0,6.0
70,6,0,8,3232236002,5702.0,4.0,14.0,6.0
70,0,0,8,3232236002,1155.0,8.0,14.0,6.0
70,8,0,8,3232236002,684.0,1.0,14.0,6.0
73,7,0,0,3232235814,1204.0,1.0,15.0,6.0
73,6,0,0,3232235814,5313.0,5.0,15.0,6.0
73,0,0,0,3232235814,5734.0,7.0,15.0,6.0
73,8,0,0,3232235814,712.0,1.0,15.0,6.0
66,7,0,7,3232235984,1842.0,1.0,9.0,0.0
66,6,0,7,3232235984,5174.0,9.0,9.0,0.0
66,0,0,7,3232235984,3983.0,4.0,9.0,0.0
66,8,0,7,3232235984,1155.0,1.0,9.0,0.0
55,7,0,4,3232235868,1217.0,1.0,13.0,0.0
55,6,0,4,3232235868,1102.0,8.0,13.0,0.0
55,5,0,4,3232235868,613.0,10.0,13.0,0.0
55,2,0,4,3232235868,9709.0,2.0,13.0,0.0
55,9,0,4,3232235868,7520.0,7.0,13.0,0.0
55,8,0,4,3232235868,1292.0,1.0,13.0,0.0
61,7,0,0,3232235875,333.0,1.0,9.0,1.0
61,6,0,0,3232235875,3563.0,8.0,9.0,1.0
61,0,0,0,3232235875,5050.0,8.0,9.0,1.0
61,8,0,0,3232235875,212.0,1.0,9.0,1.0
77,7,0,4,3232235969,1263.0,1.0,10.0,1.0
42,7,0,0,3232235798,1013.0,1.0,10.0,1.0
77,6,0,4,3232235969,5569.0,3.0,10.0,1.0
42,6,0,0,3232235798,757.0,4.0,10.0,1.0
77,0,0,4,3232235969,5090.0,1.0,10.0,1.0
42,0,0,0,3232235798,4009.0,1.0,10.0,1.0
77,8,0,4,3232235969,680.0,1.0,10.0,1.0
42,8,0,0,3232235798,1237.0,1.0,10.0,1.0
60,7,0,1,3232235819,636.0,1.0,11.0,1.0
60,6,0,1,3232235819,1123.0,3.0,12.0,1.0
60,0,0,1,3232235819,1408.0,3.0,12.0,1.0
60,8,0,1,3232235819,309.0,1.0,12.0,1.0
84,7,0,7,3232235817,1614.0,1.0,12.0,1.0
84,1,0,7,3232235817,4485.0,5.0,12.0,1.0
84,4,0,7,3232235817,9058.0,5.0,12.0,1.0
84,3,0,7,3232235817,5155.0,8.0,12.0,1.0
84,8,0,7,3232235817,1091.0,1.0,12.0,1.0
37,7,0,4,3232235932,575.0,1.0,14.0,1.0
37,6,0,4,3232235932,3764.0,1.0,14.0,1.0
37,0,0,4,3232235932,2648.0,6.0,14.0,1.0
37,8,0,4,3232235932,307.0,1.0,14.0,1.0
30,7,1,1,3232235956,1054.0,1.0,16.0,2.0
30,6,0,1,3232235956,3721.0,8.0,16.0,2.0
30,0,0,1,3232235956,832.0,7.0,16.0,2.0
30,8,0,1,3232235956,678.0,1.0,16.0,2.0
61,7,0,0,3232235875,1433.0,1.0,16.0,2.0
61,6,0,0,3232235875,1534.0,8.0,16.0,2.0
61,0,0,0,3232235875,1340.0,1.0,16.0,2.0
61,8,0,0,3232235875,1375.0,1.0,16.0,2.0
77,7,0,4,3232235969,970.0,1.0,8.0,3.0
77,6,0,4,3232235969,5707.0,5.0,8.0,3.0
77,0,0,4,3232235969,2761.0,7.0,8.0,3.0
77,8,0,4,3232235969,446.0,1.0,8.0,3.0
42,7,0,0,3232235798,611.0,1.0,10.0,3.0
42,6,0,0,3232235798,1584.0,1.0,10.0,3.0
41,7,0,7,3232236027,900.0,1.0,10.0,3.0
42,0,0,0,3232235798,5345.0,10.0,10.0,3.0
41,6,0,7,3232236027,4125.0,8.0,10.0,3.0
42,8,0,0,3232235798,1306.0,1.0,10.0,3.0
41,0,0,7,3232236027,4965.0,7.0,10.0,3.0
41,8,0,7,3232236027,478.0,1.0,10.0,3.0
62,7,0,4,3232236014,1659.0,1.0,12.0,3.0
62,6,0,4,3232236014,2484.0,3.0,13.0,3.0
62,0,0,4,3232236014,1539.0,2.0,13.0,3.0
62,8,0,4,3232236014,213.0,1.0,13.0,3.0
60,7,0,1,3232235819,848.0,1.0,16.0,3.0
60,6,0,1,3232235819,1502.0,7.0,16.0,3.0
60,0,0,1,3232235819,2571.0,9.0,16.0,3.0
60,8,0,1,3232235819,454.0,1.0,16.0,3.0
28,7,0,8,3232235849,1643.0,1.0,7.0,4.0
28,6,0,8,3232235849,4269.0,7.0,7.0,4.0
28,0,0,8,3232235849,5888.0,10.0,7.0,4.0
28,8,0,8,3232235849,1196.0,1.0,7.0,4.0
80,7,0,4,3232235834,1424.0,1.0,8.0,4.0
80,6,0,4,3232235834,5424.0,6.0,8.0,4.0
80,0,0,4,3232235834,1188.0,10.0,8.0,4.0
80,8,0,4,3232235834,626.0,1.0,8.0,4.0
61,7,0,0,3232235875,1203.0,1.0,9.0,4.0
61,6,0,0,3232235875,1584.0,7.0,9.0,4.0
61,0,0,0,3232235875,3930.0,9.0,9.0,4.0
61,8,0,0,3232235875,793.0,1.0,9.0,4.0
65,7,0,7,3232235836,1038.0,1.0,11.0,4.0
65,6,0,7,3232235836,3682.0,5.0,11.0,4.0
65,0,0,7,3232235836,5766.0,3.0,11.0,4.0
65,8,0,7,3232235836,320.0,1.0,11.0,4.0
56,7,0,1,3232235949,424.0,1.0,12.0,4.0
56,6,0,1,3232235949,5428.0,3.0,12.0,4.0
56,0,0,1,3232235949,2294.0,1.0,12.0,4.0
56,8,0,1,3232235949,741.0,1.0,12.0,4.0
47,7,0,7,3232235789,377.0,1.0,16.0,4.0
47,6,0,7,3232235789,2682.0,3.0,16.0,4.0
47,0,0,7,3232235789,3201.0,7.0,16.0,4.0
47,8,0,7,3232235789,1376.0,1.0,16.0,4.0
61,7,0,0,3232235875,1019.0,1.0,13.0,5.0
61,6,0,0,3232235875,1283.0,2.0,13.0,5.0
61,0,0,0,3232235875,2875.0,4.0,13.0,5.0
61,8,0,0,3232235875,848.0,1.0,13.0,5.0
74,7,0,4,3232235813,387.0,1.0,16.0,5.0
74,6,0,4,3232235813,848.0,10.0,16.0,5.0
74,0,0,4,3232235813,1877.0,1.0,16.0,5.0
74,8,0,4,3232235813,440.0,1.0,16.0,5.0
20,7,0,8,3232235886,376.0,1.0,16.0,5.0
20,6,0,8,3232235886,3776.0,5.0,16.0,5.0
20,0,0,8,3232235886,3778.0,2.0,16.0,5.0
20,8,0,8,3232235886,1056.0,1.0,16.0,5.0
67,7,0,4,3232235880,731.0,1.0,9.0,6.0
67,6,0,4,3232235880,3752.0,2.0,9.0,6.0
67,0,0,4,3232235880,1282.0,2.0,9.0,6.0
67,8,0,4,3232235880,1169.0,1.0,9.0,6.0
80,7,1,4,3232235834,306.0,1.0,10.0,6.0
80,6,0,4,3232235834,2779.0,9.0,10.0,6.0
80,0,0,4,3232235834,2301.0,8.0,11.0,6.0
80,8,0,4,3232235834,1435.0,1.0,11.0,6.0
43,7,0,8,3232235853,1076.0,1.0,12.0,6.0
43,6,0,8,3232235853,2527.0,8.0,12.0,6.0
43,0,0,8,3232235853,3335.0,3.0,12.0,6.0
43,8,0,8,3232235853,764.0,1.0,12.0,6.0
33,7,0,1,3232236023,1161.0,1.0,14.0,6.0
33,6,0,1,3232236023,2508.0,5.0,14.0,6.0
33,0,0,1,3232236023,5212.0,5.0,14.0,6.0
33,8,0,1,3232236023,1047.0,1.0,14.0,6.0
85,7,1,1,3232235980,1638.0,1.0,14.0,6.0
85,6,0,1,3232235980,1475.0,8.0,14.0,6.0
85,5,0,1,3232235980,5617.0,9.0,14.0,6.0
85,2,0,1,3232235980,10990.0,1.0,14.0,6.0
42,7,0,0,3232235798,471.0,1.0,14.0,6.0
42,6,0,0,3232235798,1067.0,5.0,14.0,6.0
85,9,0,1,3232235980,3482.0,3.0,14.0,6.0
42,0,0,0,3232235798,3818.0,2.0,14.0,6.0
85,8,0,1,3232235980,666.0,1.0,14.0,6.0
42,8,0,0,3232235798,810.0,1.0,14.0,6.0
41,7,0,7,3232236027,1054.0,1.0,7.0,0.0
41,6,0,7,3232236027,1709.0,8.0,7.0,0.0
41,0,0,7,3232236027,5627.0,7.0,7.0,0.0
41,8,0,7,3232236027,1337.0,1.0,7.0,0.0
38,7,0,4,3232235984,859.0,1.0,10.0,0.0
38,6,0,4,3232235984,5753.0,7.0,10.0,0.0
42,7,0,0,3232235798,1261.0,1.0,10.0,0.0
38,0,0,4,3232235984,5210.0,4.0,10.0,0.0
42,6,0,0,3232235798,2018.0,7.0,10.0,0.0
42,0,0,0,3232235798,4813.0,2.0,10.0,0.0
38,8,0,4,3232235984,508.0,1.0,10.0,0.0
42,8,0,0,3232235798,1368.0,1.0,10.0,0.0
55,7,0,4,3232235868,1634.0,1.0,13.0,0.0
55,6,0,4,3232235868,967.0,4.0,13.0,0.0
55,5,0,4,3232235868,2420.0,6.0,13.0,0.0
55,2,0,4,3232235868,8394.0,4.0,13.0,0.0
55,9,0,4,3232235868,7248.0,10.0,13.0,0.0
55,8,0,4,3232235868,611.0,1.0,13.0,0.0
37,7,0,4,3232235932,1974.0,1.0,14.0,0.0
37,6,0,4,3232235932,1181.0,3.0,14.0,0.0
37,0,0,4,3232235932,505.0,2.0,14.0,0.0
37,8,0,4,3232235932,476.0,1.0,14.0,0.0
84,7,0,7,3232235817,389.0,1.0,16.0,0.0
84,1,0,7,3232235817,2077.0,3.0,16.0,0.0
84,4,0,7,3232235817,9419.0,2.0,16.0,0.0
84,3,0,7,3232235817,2572.0,3.0,16.0,0.0
84,8,0,7,3232235817,1301.0,1.0,16.0,0.0
37,7,0,4,3232235932,963.0,1.0,9.0,1.0
37,6,0,4,3232235932,1927.0,5.0,9.0,1.0
37,0,0,4,3232235932,929.0,3.0,9.0,1.0
37,8,0,4,3232235932,1062.0,1.0,9.0,1.0
32,7,0,4,3232235817,1875.0,1.0,12.0,1.0
32,6,0,4,3232235817,1476.0,6.0,12.0,1.0
32,0,0,4,3232235817,2472.0,10.0,12.0,1.0
32,8,0,4,3232235817,560.0,1.0,12.0,1.0
32,7,0,4,3232235817,1958.0,1.0,15.0,1.0
32,6,0,4,3232235817,2123.0,10.0,15.0,1.0
32,0,0,4,3232235817,945.0,9.0,15.0,1.0
32,8,0,4,3232235817,1158.0,1.0,15.0,1.0
46,7,0,1,3232235958,1854.0,1.0,9.0,2.0
46,6,0,1,3232235958,1677.0,9.0,9.0,2.0
46,0,0,1,3232235958,2333.0,4.0,9.0,2.0
46,8,0,1,3232235958,928.0,1.0,9.0,2.0
45,7,1,4,3232235925,500.0,1.0,9.0,2.0
45,6,0,4,3232235925,3751.0,7.0,9.0,2.0
45,0,0,4,3232235925,3174.0,7.0,9.0,2.0
45,8,0,4,3232235925,244.0,1.0,9.0,2.0
77,7,0,4,3232235969,1406.0,1.0,10.0,2.0
77,6,0,4,3232235969,4255.0,2.0,10.0,2.0
77,0,0,4,3232235969,5263.0,1.0,10.0,2.0
77,8,0,4,3232235969,386.0,1.0,10.0,2.0
73,7,0,0,3232235814,1597.0,1.0,15.0,2.0
73,6,0,0,3232235814,2383.0,6.0,15.0,2.0
73,0,0,0,3232235814,3878.0,6.0,15.0,2.0
73,8,0,0,3232235814,1257.0,1.0,15.0,2.0
20,7,0,8,3232235886,740.0,1.0,10.0,3.0
20,6,0,8,3232235886,2560.0,3.0,10.0,3.0
20,0,0,8,3232235886,2495.0,8.0,10.0,3.0
20,8,0,8,3232235886,708.0,1.0,10.0,3.0
71,7,0,4,3232235832,423.0,1.0,10.0,3.0
71,6,0,4,3232235832,3768.0,8.0,10.0,3.0
71,0,0,4,3232235832,686.0,1.0,10.0,3.0
71,8,0,4,3232235832,907.0,1.0,10.0,3.0
34,7,0,4,3232235804,1674.0,1.0,14.0,3.0
34,6,0,4,3232235804,3856.0,1.0,14.0,3.0
34,0,0,4,3232235804,4850.0,8.0,14.0,3.0
34,8,0,4,3232235804,1295.0,1.0,14.0,3.0
41,7,0,7,3232236027,664.0,1.0,15.0,3.0
41,6,0,7,3232236027,3817.0,10.0,15.0,3.0
41,0,0,7,3232236027,2784.0,9.0,15.0,3.0
41,8,0,7,3232236027,790.0,1.0,15.0,3.0
58,7,0,7,3232235933,1574.0,1.0,15.0,3.0
58,6,0,7,3232235933,5076.0,10.0,15.0,3.0
58,0,0,7,3232235933,3782.0,3.0,15.0,3.0
58,8,0,7,3232235933,1364.0,1.0,15.0,3.0
56,7,0,1,3232235949,1046.0,1.0,12.0,4.0
56,6,0,1,3232235949,4096.0,7.0,12.0,4.0
56,0,0,1,3232235949,2105.0,8.0,12.0,4.0
56,8,0,1,3232235949,1337.0,1.0,12.0,4.0
44,7,0,8,3232236004,1670.0,1.0,13.0,4.0
44,6,0,8,3232236004,2255.0,9.0,13.0,4.0
44,0,0,8,3232236004,1583.0,10.0,13.0,4.0
35,7,0,7,3232235875,464.0,1.0,13.0,4.0
44,8,0,8,3232236004,1380.0,1.0,13.0,4.0
35,6,0,7,3232235875,3527.0,4.0,13.0,4.0
35,0,0,7,3232235875,5143.0,2.0,13.0,4.0
48,7,0,1,3232235975,718.0,1.0,13.0,4.0
35,8,0,7,3232235875,1483.0,1.0,13.0,4.0
48,6,0,1,3232235975,5934.0,1.0,13.0,4.0
48,5,0,1,3232235975,2430.0,8.0,13.0,4.0
48,2,0,1,3232235975,2694.0,10.0,13.0,4.0
48,9,0,1,3232235975,1579.0,6.0,13.0,4.0
48,8,0,1,3232235975,344.0,1.0,13.0,4.0
78,7,0,8,3232235887,1008.0,1.0,10.0,5.0
78,6,0,8,3232235887,1762.0,9.0,10.0,5.0
78,0,0,8,3232235887,3701.0,3.0,10.0,5.0
78,8,0,8,3232235887,254.0,1.0,10.0,5.0
56,7,0,1,3232235949,1347.0,1.0,12.0,5.0
56,6,0,1,3232235949,1580.0,8.0,12.0,5.0
56,0,0,1,3232235949,1023.0,2.0,12.0,5.0
56,8,0,1,3232235949,486.0,1.0,12.0,5.0
63,7,0,8,3232235834,625.0,1.0,12.0,5.0
63,6,0,8,3232235834,4395.0,6.0,12.0,5.0
63,0,0,8,3232235834,3258.0,2.0,12.0,5.0
63,8,0,8,3232235834,583.0,1.0,12.0,5.0
85,7,0,1,3232235980,379.0,1.0,14.0,5.0
85,6,0,1,3232235980,622.0,10.0,14.0,5.0
85,5,0,1,3232235980,6524.0,10.0,14.0,5.0
85,2,0,1,3232235980,10922.0,4.0,14.0,5.0
85,9,0,1,3232235980,2218.0,10.0,14.0,5.0
85,8,0,1,3232235980,401.0,1.0,14.0,5.0
24,7,1,8,3232235784,1180.0,1.0,8.0,6.0
24,6,0,8,3232235784,3413.0,10.0,8.0,6.0
24,0,0,8,3232235784,3146.0,5.0,8.0,6.0
24,8,0,8,3232235784,895.0,1.0,8.0,6.0
78,7,0,8,3232235887,701.0,1.0,12.0,6.0
78,6,0,8,3232235887,1408.0,5.0,12.0,6.0
78,0,0,8,3232235887,5162.0,9.0,12.0,6.0
78,8,0,8,3232235887,1211.0,1.0,12.0,6.0
41,7,0,7,3232236027,1458.0,1.0,14.0,6.0
41,6,0,7,3232236027,2968.0,3.0,14.0,6.0
41,0,0,7,3232236027,1528.0,4.0,14.0,6.0
41,8,0,7,3232236027,841.0,1.0,14.0,6.0
85,7,0,1,3232235980,774.0,1.0,15.0,6.0
85,6,0,1,3232235980,4827.0,1.0,15.0,6.0
85,5,0,1,3232235980,3957.0,10.0,15.0,6.0
85,2,0,1,3232235980,6674.0,9.0,15.0,6.0
85,9,0,1,3232235980,2040.0,5.0,16.0,6.0
85,8,0,1,3232235980,1054.0,1.0,16.0,6.0
84,7,0,7,3232235817,411.0,1.0,7.0,0.0
84,1,0,7,3232235817,1446.0,4.0,7.0,0.0
84,4,0,7,3232235817,3372.0,2.0,7.0,0.0
84,3,0,7,3232235817,2274.0,4.0,7.0,0.0
84,8,0,7,3232235817,942.0,1.0,7.0,0.0
85,7,0,1,3232235980,1331.0,1.0,7.0,0.0
85,6,0,1,3232235980,3361.0,4.0,7.0,0.0
85,5,0,1,3232235980,6179.0,6.0,7.0,0.0
85,2,0,1,3232235980,9926.0,6.0,7.0,0.0
85,9,0,1,3232235980,4025.0,4.0,7.0,0.0
85,8,0,1,3232235980,1295.0,1.0,7.0,0.0
83,7,0,7,3232235998,1913.0,1.0,10.0,0.0
83,6,0,7,3232235998,2026.0,5.0,10.0,0.0
83,0,0,7,3232235998,806.0,1.0,10.0,0.0
83,8,0,7,3232235998,811.0,1.0,10.0,0.0
72,7,0,0,3232235879,1190.0,1.0,13.0,0.0
72,6,0,0,3232235879,762.0,9.0,13.0,0.0
72,0,0,0,3232235879,3030.0,1.0,13.0,0.0
72,8,0,0,3232235879,1102.0,1.0,13.0,0.0
28,7,0,8,3232235849,925.0,1.0,15.0,0.0
28,6,0,8,3232235849,2326.0,1.0,15.0,0.0
28,0,0,8,3232235849,5906.0,4.0,15.0,0.0
28,8,0,8,3232235849,1016.0,1.0,15.0,0.0
32,7,0,4,3232235817,1358.0,1.0,9.0,1.0
32,6,0,4,3232235817,5409.0,10.0,9.0,1.0
32,0,0,4,3232235817,5723.0,1.0,9.0,1.0
32,8,0,4,3232235817,780.0,1.0,9.0,1.0
76,7,1,8,3232235915,1056.0,1.0,10.0,1.0
76,6,0,8,3232235915,850.0,4.0,11.0,1.0
76,0,0,8,3232235915,4742.0,6.0,11.0,1.0
76,8,0,8,3232235915,994.0,1.0,11.0,1.0
81,7,0,1,3232235908,1235.0,1.0,11.0,1.0
81,6,0,1,3232235908,1147.0,9.0,12.0,1.0
81,0,0,1,3232235908,5531.0,10.0,12.0,1.0
81,8,0,1,3232235908,952.0,1.0,12.0,1.0
73,7,0,0,3232235814,1819.0,1.0,12.0,1.0
73,6,0,0,3232235814,5240.0,9.0,12.0,1.0
73,0,0,0,3232235814,5170.0,3.0,12.0,1.0
73,8,0,0,3232235814,971.0,1.0,12.0,1.0
80,7,0,4,3232235834,629.0,1.0,14.0,1.0
80,6,0,4,3232235834,546.0,6.0,14.0,1.0
80,0,0,4,3232235834,4320.0,3.0,14.0,1.0
80,8,0,4,3232235834,281.0,1.0,14.0,1.0
54,7,0,4,3232235819,1816.0,1.0,15.0,1.0
54,6,0,4,3232235819,1945.0,9.0,15.0,1.0
54,5,0,4,3232235819,4623.0,6.0,15.0,1.0
54,2,0,4,3232235819,6505.0,3.0,15.0,1.0
54,9,0,4,3232235819,8429.0,4.0,15.0,1.0
54,8,0,4,3232235819,747.0,1.0,15.0,1.0
68,7,0,4,3232235794,1107.0,1.0,15.0,1.0
68,6,0,4,3232235794,1302.0,8.0,15.0,1.0
68,0,0,4,3232235794,4557.0,4.0,15.0,1.0
68,8,0,4,3232235794,370.0,1.0,15.0,1.0
49,7,0,4,3232236030,1380.0,1.0,16.0,1.0
49,6,0,4,3232236030,3109.0,5.0,16.0,1.0
49,0,0,4,3232236030,4036.0,3.0,16.0,1.0
49,8,0,4,3232236030,503.0,1.0,16.0,1.0
46,7,0,1,3232235958,1447.0,1.0,10.0,2.0
46,6,0,1,3232235958,4749.0,3.0,10.0,2.0
46,0,0,1,3232235958,5864.0,2.0,10.0,2.0
46,8,0,1,3232235958,1346.0,1.0,10.0,2.0
43,7,1,8,3232235853,954.0,1.0,10.0,2.0
43,6,0,8,3232235853,3674.0,7.0,11.0,2.0
43,0,0,8,3232235853,657.0,9.0,11.0,2.0
43,8,0,8,3232235853,793.0,1.0,11.0,2.0
35,7,0,7,3232235875,1278.0,1.0,11.0,2.0
35,6,0,7,3232235875,4359.0,8.0,11.0,2.0
35,0,0,7,3232235875,3475.0,9.0,11.0,2.0
35,8,0,7,3232235875,1338.0,1.0,11.0,2.0
20,7,0,8,3232235886,1269.0,1.0,12.0,2.0
20,6,0,8,3232235886,799.0,4.0,12.0,2.0
20,0,0,8,3232235886,2843.0,6.0,12.0,2.0
20,8,0,8,3232235886,297.0,1.0,12.0,2.0
84,7,0,7,3232235817,727.0,1.0,14.0,2.0
84,1,0,7,3232235817,1893.0,5.0,14.0,2.0
84,4,0,7,3232235817,8045.0,6.0,14.0,2.0
84,3,0,7,3232235817,2560.0,6.0,14.0,2.0
84,8,0,7,3232235817,1464.0,1.0,15.0,2.0
63,7,0,8,3232235834,632.0,1.0,10.0,3.0
63,6,0,8,3232235834,1965.0,1.0,10.0,3.0
63,0,0,8,3232235834,3937.0,5.0,10.0,3.0
63,8,0,8,3232235834,833.0,1.0,10.0,3.0
62,7,0,4,3232236014,850.0,1.0,11.0,3.0
62,6,0,4,3232236014,1738.0,2.0,11.0,3.0
62,0,0,4,3232236014,1202.0,6.0,11.0,3.0
62,8,0,4,3232236014,1308.0,1.0,11.0,3.0
64,7,0,4,3232235993,1914.0,1.0,14.0,3.0
64,6,0,4,3232235993,3324.0,4.0,14.0,3.0
64,0,0,4,3232235993,5882.0,2.0,14.0,3.0
64,8,0,4,3232235993,1391.0,1.0,14.0,3.0
51,7,0,1,3232235999,1666.0,1.0,10.0,4.0
51,6,0,1,3232235999,1063.0,5.0,10.0,4.0
51,0,0,1,3232235999,2934.0,7.0,10.0,4.0
51,8,0,1,3232235999,980.0,1.0,10.0,4.0
40,7,0,0,3232235915,716.0,1.0,14.0,4.0
40,6,0,0,3232235915,2180.0,10.0,14.0,4.0
40,0,0,0,3232235915,2933.0,10.0,15.0,4.0
40,8,0,0,3232235915,377.0,1.0,15.0,4.0
86,7,0,0,3232235930,1645.0,1.0,16.0,4.0
86,6,0,0,3232235930,4494.0,3.0,16.0,4.0
86,0,0,0,3232235930,3017.0,8.0,16.0,4.0
86,8,0,0,3232235930,1153.0,1.0,16.0,4.0
29,7,0,7,3232235972,541.0,1.0,9.0,5.0
29,6,0,7,3232235972,3859.0,8.0,9.0,5.0
29,0,0,7,3232235972,5908.0,3.0,9.0,5.0
29,8,0,7,3232235972,309.0,1.0,9.0,5.0
46,7,0,1,3232235958,1825.0,1.0,10.0,5.0
46,6,0,1,3232235958,2236.0,5.0,10.0,5.0
46,0,0,1,3232235958,4367.0,5.0,10.0,5.0
46,8,0,1,3232235958,1442.0,1.0,10.0,5.0
25,7,0,8,3232235828,1384.0,1.0,12.0,5.0
25,6,0,8,3232235828,3916.0,2.0,12.0,5.0
25,0,0,8,3232235828,3811.0,9.0,12.0,5.0
25,8,0,8,3232235828,267.0,1.0,12.0,5.0
64,7,0,4,3232235993,652.0,1.0,14.0,6.0
64,6,0,4,3232235993,1130.0,7.0,14.0,6.0
64,0,0,4,3232235993,5705.0,2.0,14.0,6.0
64,8,0,4,3232235993,385.0,1.0,14.0,6.0
55,7,0,4,3232235868,1227.0,1.0,15.0,6.0
55,6,0,4,3232235868,5426.0,6.0,16.0,6.0
55,5,0,4,3232235868,5342.0,7.0,16.0,6.0
55,2,0,4,3232235868,5373.0,10.0,16.0,6.0
55,9,0,4,3232235868,1348.0,5.0,16.0,6.0
55,8,0,4,3232235868,236.0,1.0,16.0,6.0
21,7,0,7,3232235785,1787.0,1.0,8.0,0.0
21,6,0,7,3232235785,596.0,6.0,8.0,0.0
21,0,0,7,3232235785,893.0,3.0,9.0,0.0
21,8,0,7,3232235785,912.0,1.0,9.0,0.0
78,7,0,8,3232235887,1572.0,1.0,11.0,0.0
78,6,0,8,3232235887,4112.0,10.0,11.0,0.0
78,0,0,8,3232235887,4736.0,8.0,11.0,0.0
78,8,0,8,3232235887,1213.0,1.0,11.0,0.0
74,7,0,4,3232235813,1262.0,1.0,12.0,0.0
74,6,0,4,3232235813,1536.0,8.0,12.0,0.0
74,0,0,4,3232235813,5864.0,9.0,12.0,0.0
74,8,0,4,3232235813,1381.0,1.0,12.0,0.0
50,7,0,7,3232235996,1634.0,1.0,14.0,0.0
50,6,0,7,3232235996,3904.0,5.0,14.0,0.0
50,0,0,7,3232235996,3892.0,8.0,14.0,0.0
50,8,0,7,3232235996,469.0,1.0,14.0,0.0
60,7,0,1,3232235819,1059.0,1.0,14.0,0.0
60,6,0,1,3232235819,2257.0,2.0,14.0,0.0
60,0,0,1,3232235819,4245.0,3.0,14.0,0.0
60,8,0,1,3232235819,653.0,1.0,14.0,0.0
36,7,0,7,3232235869,1451.0,1.0,16.0,0.0
36,6,0,7,3232235869,2293.0,6.0,16.0,0.0
36,0,0,7,3232235869,3498.0,6.0,16.0,0.0
36,8,0,7,3232235869,1022.0,1.0,16.0,0.0
22,7,0,7,3232235833,1527.0,1.0,16.0,0.0
22,6,0,7,3232235833,2616.0,8.0,16.0,0.0
22,0,0,7,3232235833,4220.0,5.0,16.0,0.0
22,8,0,7,3232235833,751.0,1.0,16.0,0.0
72,7,0,0,3232235879,861.0,1.0,9.0,1.0
72,6,0,0,3232235879,3143.0,5.0,9.0,1.0
72,0,0,0,3232235879,5732.0,5.0,9.0,1.0
72,8,0,0,3232235879,1200.0,1.0,9.0,1.0
21,7,0,7,3232235785,1573.0,1.0,16.0,1.0
21,6,0,7,3232235785,3454.0,1.0,17.0,1.0
21,0,0,7,3232235785,5337.0,9.0,17.0,1.0
21,8,0,7,3232235785,273.0,1.0,17.0,1.0
28,7,0,8,3232235849,1770.0,1.0,9.0,2.0
28,6,0,8,3232235849,531.0,7.0,9.0,2.0
28,0,0,8,3232235849,2409.0,4.0,9.0,2.0
28,8,0,8,3232235849,302.0,1.0,9.0,2.0
61,7,0,0,3232235875,1799.0,1.0,13.0,2.0
61,6,0,0,3232235875,3207.0,4.0,13.0,2.0
61,0,0,0,3232235875,1218.0,4.0,13.0,2.0
61,8,0,0,3232235875,443.0,1.0,13.0,2.0
26,7,1,8,3232235885,1505.0,1.0,7.0,3.0
26,6,0,8,3232235885,1040.0,9.0,7.0,3.0
26,0,0,8,3232235885,4132.0,9.0,7.0,3.0
26,8,0,8,3232235885,433.0,1.0,7.0,3.0
69,7,0,1,3232236011,1719.0,1.0,9.0,3.0
69,6,0,1,3232236011,2088.0,2.0,9.0,3.0
69,0,0,1,3232236011,1403.0,6.0,9.0,3.0
69,8,0,1,3232236011,765.0,1.0,9.0,3.0
30,7,0,1,3232235956,1694.0,1.0,10.0,3.0
30,6,0,1,3232235956,3734.0,10.0,10.0,3.0
30,0,0,1,3232235956,5662.0,5.0,10.0,3.0
30,8,0,1,3232235956,456.0,1.0,10.0,3.0
56,7,0,1,3232235949,1145.0,1.0,12.0,3.0
56,6,0,1,3232235949,2612.0,7.0,12.0,3.0
56,0,0,1,3232235949,1490.0,1.0,12.0,3.0
56,8,0,1,3232235949,614.0,1.0,12.0,3.0
79,7,0,8,3232235880,1756.0,1.0,12.0,3.0
79,6,0,8,3232235880,5703.0,8.0,12.0,3.0
79,0,0,8,3232235880,2476.0,5.0,12.0,3.0
79,8,0,8,3232235880,1067.0,1.0,12.0,3.0
30,7,0,1,3232235956,1792.0,1.0,15.0,3.0
30,6,0,1,3232235956,5171.0,10.0,15.0,3.0
30,0,0,1,3232235956,5842.0,4.0,15.0,3.0
30,8,0,1,3232235956,1439.0,1.0,15.0,3.0
46,7,1,1,3232235958,1409.0,1.0,8.0,4.0
46,6,0,1,3232235958,3688.0,1.0,8.0,4.0
46,0,0,1,3232235958,2102.0,1.0,8.0,4.0
46,8,0,1,3232235958,1240.0,1.0,8.0,4.0
19,7,0,8,3232235800,1156.0,1.0,12.0,4.0
19,6,0,8,3232235800,3314.0,4.0,12.0,4.0
19,0,0,8,3232235800,2917.0,10.0,12.0,4.0
19,8,0,8,3232235800,521.0,1.0,12.0,4.0
53,7,1,4,3232235894,1558.0,1.0,13.0,4.0
53,6,0,4,3232235894,1744.0,4.0,13.0,4.0
53,0,0,4,3232235894,2496.0,1.0,13.0,4.0
53,8,0,4,3232235894,1453.0,1.0,13.0,4.0
34,7,0,4,3232235804,1826.0,1.0,14.0,4.0
34,6,0,4,3232235804,4168.0,4.0,14.0,4.0
34,0,0,4,3232235804,5319.0,9.0,14.0,4.0
34,8,0,4,3232235804,648.0,1.0,14.0,4.0
39,7,0,7,3232235964,394.0,1.0,9.0,5.0
39,6,0,7,3232235964,3672.0,10.0,9.0,5.0
39,0,0,7,3232235964,2697.0,1.0,9.0,5.0
39,8,0,7,3232235964,1454.0,1.0,9.0,5.0
69,7,1,1,3232236011,724.0,1.0,11.0,5.0
69,6,0,1,3232236011,3075.0,4.0,11.0,5.0
69,0,0,1,3232236011,3865.0,3.0,11.0,5.0
69,8,0,1,3232236011,404.0,1.0,11.0,5.0
71,7,0,4,3232235832,1641.0,1.0,12.0,5.0
71,6,0,4,3232235832,3225.0,6.0,12.0,5.0
71,0,0,4,3232235832,1886.0,10.0,12.0,5.0
71,8,0,4,3232235832,950.0,1.0,12.0,5.0
45,7,0,4,3232235925,1722.0,1.0,15.0,5.0
45,6,0,4,3232235925,1494.0,8.0,15.0,5.0
45,0,0,4,3232235925,5254.0,4.0,15.0,5.0
45,8,0,4,3232235925,1462.0,1.0,15.0,5.0
39,7,1,7,3232235964,322.0,1.0,12.0,6.0
39,6,0,7,3232235964,5945.0,3.0,12.0,6.0
39,0,0,7,3232235964,668.0,5.0,12.0,6.0
39,8,0,7,3232235964,584.0,1.0,12.0,6.0
40,7,0,0,3232235915,1066.0,1.0,13.0,6.0
40,6,0,0,3232235915,535.0,2.0,13.0,6.0
40,0,0,0,3232235915,4114.0,4.0,13.0,6.0
40,8,0,0,3232235915,1500.0,1.0,13.0,6.0
72,7,0,0,3232235879,479.0,1.0,7.0,0.0
72,6,0,0,3232235879,1165.0,1.0,7.0,0.0
65,7,0,7,3232235836,1964.0,1.0,7.0,0.0
72,0,0,0,3232235879,4873.0,10.0,7.0,0.0
65,6,0,7,3232235836,4297.0,7.0,7.0,0.0
65,0,0,7,3232235836,3150.0,8.0,7.0,0.0
72,8,0,0,3232235879,1031.0,1.0,7.0,0.0
65,8,0,7,3232235836,472.0,1.0,7.0,0.0
74,7,0,4,3232235813,1077.0,1.0,10.0,0.0
74,6,0,4,3232235813,508.0,8.0,10.0,0.0
74,0,0,4,3232235813,5717.0,1.0,10.0,0.0
74,8,0,4,3232235813,202.0,1.0,10.0,0.0
40,7,0,0,3232235915,1740.0,1.0,11.0,0.0
40,6,0,0,3232235915,3053.0,3.0,11.0,0.0
40,0,0,0,3232235915,1342.0,10.0,11.0,0.0
40,8,0,0,3232235915,957.0,1.0,11.0,0.0
18,7,0,7,3232235951,705.0,1.0,11.0,0.0
18,6,0,7,3232235951,1995.0,4.0,12.0,0.0
18,0,0,7,3232235951,2943.0,4.0,12.0,0.0
18,8,0,7,3232235951,262.0,1.0,12.0,0.0
35,7,0,7,3232235875,1784.0,1.0,7.0,1.0
35,6,0,7,3232235875,4585.0,8.0,7.0,1.0
35,0,0,7,3232235875,4299.0,8.0,7.0,1.0
35,8,0,7,3232235875,691.0,1.0,7.0,1.0
55,7,0,4,3232235868,1364.0,1.0,8.0,1.0
55,6,0,4,3232235868,601.0,10.0,8.0,1.0
55,5,0,4,3232235868,5313.0,9.0,8.0,1.0
55,2,0,4,3232235868,8374.0,2.0,8.0,1.0
55,9,0,4,3232235868,7790.0,3.0,8.0,1.0
55,8,0,4,3232235868,503.0,1.0,8.0,1.0
35,7,0,7,3232235875,1852.0,1.0,9.0,1.0
35,6,0,7,3232235875,5812.0,3.0,9.0,1.0
35,0,0,7,3232235875,2615.0,10.0,9.0,1.0
35,8,0,7,3232235875,1392.0,1.0,9.0,1.0
21,7,0,7,3232235785,1617.0,1.0,11.0,1.0
21,6,0,7,3232235785,3096.0,10.0,11.0,1.0
21,0,0,7,3232235785,1555.0,1.0,11.0,1.0
21,8,0,7,3232235785,954.0,1.0,11.0,1.0
68,7,0,4,3232235794,1281.0,1.0,12.0,1.0
68,6,0,4,3232235794,2408.0,10.0,12.0,1.0
68,0,0,4,3232235794,3653.0,2.0,12.0,1.0
68,8,0,4,3232235794,264.0,1.0,12.0,1.0
44,7,1,8,3232236004,1063.0,1.0,13.0,1.0
44,6,0,8,3232236004,989.0,3.0,13.0,1.0
44,0,0,8,3232236004,4209.0,8.0,13.0,1.0
44,8,0,8,3232236004,541.0,1.0,13.0,1.0
70,7,0,8,3232236002,1768.0,1.0,15.0,1.0
70,6,0,8,3232236002,5534.0,2.0,15.0,1.0
70,0,0,8,3232236002,908.0,2.0,15.0,1.0
70,8,0,8,3232236002,1377.0,1.0,15.0,1.0
76,7,0,8,3232235915,1797.0,1.0,16.0,1.0
76,6,0,8,3232235915,4821.0,7.0,16.0,1.0
76,0,0,8,3232235915,1073.0,7.0,16.0,1.0
76,8,0,8,3232235915,676.0,1.0,16.0,1.0
18,7,0,7,3232235951,629.0,1.0,11.0,2.0
18,6,0,7,3232235951,4982.0,6.0,11.0,2.0
18,0,0,7,3232235951,964.0,2.0,11.0,2.0
18,8,0,7,3232235951,333.0,1.0,11.0,2.0
22,7,0,7,3232235833,1862.0,1.0,13.0,2.0
22,6,0,7,3232235833,907.0,2.0,13.0,2.0
22,0,0,7,3232235833,3771.0,5.0,13.0,2.0
22,8,0,7,3232235833,673.0,1.0,13.0,2.0
35,7,0,7,3232235875,978.0,1.0,14.0,2.0
35,6,0,7,3232235875,4529.0,3.0,14.0,2.0
35,0,0,7,3232235875,1202.0,1.0,14.0,2.0
35,8,0,7,3232235875,1227.0,1.0,15.0,2.0
25,7,0,8,3232235828,1425.0,1.0,16.0,2.0
25,6,0,8,3232235828,2671.0,9.0,16.0,2.0
25,0,0,8,3232235828,5469.0,7.0,16.0,2.0
25,8,0,8,3232235828,633.0,1.0,16.0,2.0
83,7,1,7,3232235998,1151.0,1.0,7.0,3.0
83,6,0,7,3232235998,4347.0,5.0,7.0,3.0
83,0,0,7,3232235998,3597.0,10.0,7.0,3.0
83,8,0,7,3232235998,283.0,1.0,7.0,3.0
68,7,0,4,3232235794,637.0,1.0,7.0,3.0
68,6,0,4,3232235794,940.0,5.0,7.0,3.0
68,0,0,4,3232235794,3099.0,4.0,7.0,3.0
68,8,0,4,3232235794,1268.0,1.0,7.0,3.0
46,7,0,1,3232235958,1786.0,1.0,11.0,3.0
46,6,0,1,3232235958,2186.0,8.0,11.0,3.0
46,0,0,1,3232235958,1666.0,5.0,11.0,3.0
46,8,0,1,3232235958,870.0,1.0,11.0,3.0
68,7,0,4,3232235794,1034.0,1.0,11.0,3.0
68,6,0,4,3232235794,5504.0,5.0,11.0,3.0
68,0,0,4,3232235794,5025.0,5.0,11.0,3.0
68,8,0,4,3232235794,935.0,1.0,11.0,3.0
48,7,0,1,3232235975,1622.0,1.0,12.0,3.0
48,6,0,1,3232235975,1355.0,9.0,12.0,3.0
48,5,0,1,3232235975,2282.0,10.0,12.0,3.0
48,2,0,1,3232235975,10850.0,8.0,12.0,3.0
48,9,0,1,3232235975,9874.0,5.0,12.0,3.0
48,8,0,1,3232235975,1425.0,1.0,12.0,3.0
84,7,1,7,3232235817,697.0,1.0,15.0,3.0
84,1,0,7,3232235817,822.0,3.0,15.0,3.0
84,4,0,7,3232235817,1176.0,1.0,15.0,3.0
84,3,0,7,3232235817,5771.0,10.0,15.0,3.0
84,8,0,7,3232235817,606.0,1.0,15.0,3.0
42,7,0,0,3232235798,931.0,1.0,15.0,3.0
42,6,0,0,3232235798,2502.0,3.0,15.0,3.0
42,0,0,0,3232235798,4546.0,6.0,15.0,3.0
42,8,0,0,3232235798,1277.0,1.0,15.0,3.0
71,7,0,4,3232235832,980.0,1.0,8.0,4.0
71,6,0,4,3232235832,4536.0,10.0,8.0,4.0
71,0,0,4,3232235832,5978.0,9.0,8.0,4.0
71,8,0,4,3232235832,652.0,1.0,8.0,4.0
46,7,1,1,3232235958,1618.0,1.0,15.0,4.0
46,6,0,1,3232235958,728.0,9.0,15.0,4.0
46,0,0,1,3232235958,5432.0,5.0,15.0,4.0
46,8,0,1,3232235958,814.0,1.0,15.0,4.0
21,7,1,7,3232235785,1730.0,1.0,11.0,5.0
21,6,0,7,3232235785,1628.0,10.0,11.0,5.0
21,0,0,7,3232235785,4274.0,2.0,11.0,5.0
21,8,0,7,3232235785,458.0,1.0,11.0,5.0
75,7,0,1,3232235968,667.0,1.0,12.0,5.0
75,6,0,1,3232235968,628.0,4.0,12.0,5.0
75,0,0,1,3232235968,5308.0,3.0,12.0,5.0
75,8,0,1,3232235968,1015.0,1.0,12.0,5.0
63,7,0,8,3232235834,1288.0,1.0,16.0,5.0
63,6,0,8,3232235834,4033.0,3.0,16.0,5.0
63,0,0,8,3232235834,5475.0,7.0,16.0,5.0
63,8,0,8,3232235834,521.0,1.0,17.0,5.0
20,7,0,8,3232235886,845.0,1.0,9.0,6.0
20,6,0,8,3232235886,5874.0,9.0,9.0,6.0
20,0,0,8,3232235886,5450.0,3.0,9.0,6.0
20,8,0,8,3232235886,1169.0,1.0,9.0,6.0
81,7,0,1,3232235908,1914.0,1.0,9.0,6.0
81,6,0,1,3232235908,3073.0,7.0,9.0,6.0
81,0,0,1,3232235908,4341.0,1.0,9.0,6.0
81,8,0,1,3232235908,1238.0,1.0,9.0,6.0
19,7,0,8,3232235800,381.0,1.0,11.0,6.0
19,6,0,8,3232235800,5754.0,7.0,11.0,6.0
19,0,0,8,3232235800,4844.0,3.0,11.0,6.0
19,8,0,8,3232235800,1255.0,1.0,11.0,6.0
57,7,0,4,3232235957,837.0,1.0,13.0,6.0
57,6,0,4,3232235957,4346.0,9.0,13.0,6.0
57,0,0,4,3232235957,3858.0,8.0,13.0,6.0
57,8,0,4,3232235957,789.0,1.0,13.0,6.0
77,7,0,4,3232235969,1592.0,1.0,15.0,6.0
77,6,0,4,3232235969,725.0,7.0,15.0,6.0
77,0,0,4,3232235969,1298.0,9.0,15.0,6.0
77,8,0,4,3232235969,1389.0,1.0,15.0,6.0
52,7,0,7,3232235875,1526.0,1.0,16.0,6.0
52,6,0,7,3232235875,4954.0,6.0,16.0,6.0
52,0,0,7,3232235875,3090.0,5.0,16.0,6.0
52,8,0,7,3232235875,755.0,1.0,16.0,6.0
61,7,0,0,3232235875,1001.0,1.0,16.0,6.0
61,6,0,0,3232235875,4164.0,6.0,16.0,6.0
61,0,0,0,3232235875,3119.0,1.0,16.0,6.0
61,8,0,0,3232235875,1280.0,1.0,16.0,6.0
42,7,0,0,3232235798,1897.0,1.0,11.0,0.0
42,6,0,0,3232235798,5298.0,3.0,11.0,0.0
42,0,0,0,3232235798,1029.0,2.0,11.0,0.0
42,8,0,0,3232235798,1347.0,1.0,11.0,0.0
70,7,0,8,3232236002,474.0,1.0,11.0,0.0
70,6,0,8,3232236002,4198.0,3.0,11.0,0.0
70,0,0,8,3232236002,1742.0,10.0,11.0,0.0
70,8,0,8,3232236002,612.0,1.0,11.0,0.0
77,7,0,4,3232235969,1811.0,1.0,12.0,0.0
77,6,0,4,3232235969,1363.0,8.0,12.0,0.0
77,0,0,4,3232235969,4333.0,10.0,12.0,0.0
77,8,0,4,3232235969,296.0,1.0,12.0,0.0
80,7,0,4,3232235834,930.0,1.0,12.0,0.0
80,6,0,4,3232235834,742.0,1.0,12.0,0.0
80,0,0,4,3232235834,4302.0,5.0,12.0,0.0
80,8,0,4,3232235834,890.0,1.0,12.0,0.0
44,7,0,8,3232236004,1496.0,1.0,12.0,0.0
44,6,0,8,3232236004,5605.0,5.0,12.0,0.0
44,0,0,8,3232236004,5496.0,1.0,12.0,0.0
44,8,0,8,3232236004,776.0,1.0,12.0,0.0
70,7,0,8,3232236002,1813.0,1.0,13.0,0.0
70,6,0,8,3232236002,2588.0,6.0,13.0,0.0
70,0,0,8,3232236002,4609.0,7.0,13.0,0.0
70,8,0,8,3232236002,1078.0,1.0,13.0,0.0
49,7,0,4,3232236030,1747.0,1.0,13.0,0.0
49,6,0,4,3232236030,2254.0,7.0,13.0,0.0
49,0,0,4,3232236030,1060.0,2.0,13.0,0.0
49,8,0,4,3232236030,1048.0,1.0,13.0,0.0
8,7,0,1,3232235813,501.0,1.0,13.0,1.0
8,6,0,1,3232235813,5675.0,8.0,13.0,1.0
8,0,0,1,3232235813,2140.0,2.0,13.0,1.0
8,8,0,1,3232235813,781.0,1.0,13.0,1.0
67,7,0,4,3232235880,1087.0,1.0,16.0,1.0
67,6,0,4,3232235880,5727.0,4.0,16.0,1.0
67,0,0,4,3232235880,738.0,3.0,16.0,1.0
67,8,0,4,3232235880,588.0,1.0,16.0,1.0
76,7,0,8,3232235915,1289.0,1.0,8.0,2.0
76,6,0,8,3232235915,3533.0,2.0,8.0,2.0
76,0,0,8,3232235915,1754.0,10.0,8.0,2.0
76,8,0,8,3232235915,767.0,1.0,8.0,2.0
77,7,0,4,3232235969,1780.0,1.0,9.0,2.0
77,6,0,4,3232235969,982.0,8.0,9.0,2.0
77,0,0,4,3232235969,2564.0,7.0,9.0,2.0
77,8,0,4,3232235969,837.0,1.0,9.0,2.0
47,7,0,7,3232235789,1834.0,1.0,11.0,2.0
47,6,0,7,3232235789,2477.0,10.0,11.0,2.0
47,0,0,7,3232235789,4344.0,1.0,11.0,2.0
47,8,0,7,3232235789,861.0,1.0,11.0,2.0
63,7,0,8,3232235834,981.0,1.0,11.0,2.0
63,6,0,8,3232235834,2670.0,5.0,11.0,2.0
63,0,0,8,3232235834,1358.0,6.0,11.0,2.0
63,8,0,8,3232235834,579.0,1.0,11.0,2.0
26,7,0,8,3232235885,410.0,1.0,13.0,2.0
26,6,0,8,3232235885,3127.0,4.0,13.0,2.0
26,0,0,8,3232235885,819.0,4.0,13.0,2.0
26,8,0,8,3232235885,320.0,1.0,13.0,2.0
69,7,0,1,3232236011,1524.0,1.0,14.0,2.0
69,6,0,1,3232236011,1104.0,7.0,14.0,2.0
69,0,0,1,3232236011,4547.0,1.0,14.0,2.0
69,8,0,1,3232236011,836.0,1.0,14.0,2.0
1,7,0,7,3232235784,1088.0,1.0,15.0,2.0
1,1,0,7,3232235784,1008.0,5.0,15.0,2.0
1,4,0,7,3232235784,6579.0,5.0,15.0,2.0
77,7,0,4,3232235969,532.0,1.0,15.0,2.0
1,3,0,7,3232235784,8737.0,1.0,15.0,2.0
77,6,0,4,3232235969,1552.0,2.0,15.0,2.0
1,8,0,7,3232235784,303.0,1.0,15.0,2.0
77,0,0,4,3232235969,2490.0,2.0,15.0,2.0
77,8,0,4,3232235969,562.0,1.0,15.0,2.0
67,7,0,4,3232235880,1238.0,1.0,9.0,3.0
67,6,0,4,3232235880,742.0,2.0,9.0,3.0
67,0,0,4,3232235880,1939.0,4.0,9.0,3.0
67,8,0,4,3232235880,460.0,1.0,9.0,3.0
63,7,0,8,3232235834,897.0,1.0,11.0,3.0
63,6,0,8,3232235834,5741.0,4.0,11.0,3.0
63,0,0,8,3232235834,1117.0,10.0,11.0,3.0
63,8,0,8,3232235834,440.0,1.0,11.0,3.0
25,7,0,8,3232235828,305.0,1.0,11.0,3.0
25,6,0,8,3232235828,4360.0,1.0,11.0,3.0
25,0,0,8,3232235828,4714.0,7.0,11.0,3.0
25,8,0,8,3232235828,1195.0,1.0,11.0,3.0
46,7,1,1,3232235958,1903.0,1.0,16.0,3.0
46,6,0,1,3232235958,2097.0,6.0,16.0,3.0
46,0,0,1,3232235958,3034.0,7.0,16.0,3.0
46,8,0,1,3232235958,1405.0,1.0,16.0,3.0
41,7,0,7,3232236027,1202.0,1.0,7.0,4.0
41,6,0,7,3232236027,3473.0,1.0,7.0,4.0
41,0,0,7,3232236027,3642.0,8.0,8.0,4.0
41,8,0,7,3232236027,803.0,1.0,8.0,4.0
25,7,0,8,3232235828,1163.0,1.0,15.0,4.0
25,6,0,8,3232235828,1156.0,4.0,15.0,4.0
25,0,0,8,3232235828,1677.0,5.0,15.0,4.0
25,8,0,8,3232235828,323.0,1.0,15.0,4.0
78,7,0,8,3232235887,757.0,1.0,8.0,5.0
78,6,0,8,3232235887,3002.0,6.0,8.0,5.0
54,7,0,4,3232235819,1832.0,1.0,8.0,5.0
78,0,0,8,3232235887,4331.0,7.0,8.0,5.0
54,6,0,4,3232235819,3023.0,1.0,9.0,5.0
78,8,0,8,3232235887,492.0,1.0,9.0,5.0
54,5,0,4,3232235819,1879.0,8.0,9.0,5.0
54,2,0,4,3232235819,1525.0,2.0,9.0,5.0
54,9,0,4,3232235819,2144.0,7.0,9.0,5.0
54,8,0,4,3232235819,1275.0,1.0,9.0,5.0
60,7,0,1,3232235819,1266.0,1.0,10.0,5.0
60,6,0,1,3232235819,2565.0,7.0,10.0,5.0
60,0,0,1,3232235819,2486.0,9.0,10.0,5.0
60,8,0,1,3232235819,1046.0,1.0,10.0,5.0
42,7,0,0,3232235798,1267.0,1.0,11.0,5.0
42,6,0,0,3232235798,4800.0,1.0,11.0,5.0
42,0,0,0,3232235798,3226.0,4.0,11.0,5.0
42,8,0,0,3232235798,1236.0,1.0,11.0,5.0
23,7,0,1,3232235907,1292.0,1.0,16.0,5.0
23,6,0,1,3232235907,4195.0,4.0,16.0,5.0
23,0,0,1,3232235907,2246.0,9.0,16.0,5.0
23,8,0,1,3232235907,1409.0,1.0,16.0,5.0
86,7,0,0,3232235930,1675.0,1.0,12.0,6.0
86,6,0,0,3232235930,3292.0,6.0,12.0,6.0
86,0,0,0,3232235930,944.0,4.0,12.0,6.0
86,8,0,0,3232235930,1130.0,1.0,12.0,6.0
74,7,0,4,3232235813,789.0,1.0,14.0,6.0
74,6,0,4,3232235813,4711.0,3.0,14.0,6.0
74,0,0,4,3232235813,4155.0,3.0,14.0,6.0
74,8,0,4,3232235813,566.0,1.0,14.0,6.0
75,7,0,1,3232235968,1054.0,1.0,15.0,6.0
75,6,0,1,3232235968,3966.0,9.0,15.0,6.0
75,0,0,1,3232235968,5877.0,4.0,15.0,6.0
75,8,0,1,3232235968,303.0,1.0,15.0,6.0
82,7,0,0,3232235801,1895.0,1.0,15.0,6.0
82,6,0,0,3232235801,3625.0,6.0,15.0,6.0
82,0,0,0,3232235801,3284.0,10.0,15.0,6.0
82,8,0,0,3232235801,839.0,1.0,15.0,6.0
54,7,0,4,3232235819,831.0,1.0,7.0,0.0
54,6,0,4,3232235819,4518.0,9.0,7.0,0.0
54,5,0,4,3232235819,5294.0,7.0,7.0,0.0
54,2,0,4,3232235819,3503.0,6.0,7.0,0.0
54,9,0,4,3232235819,8740.0,4.0,7.0,0.0
54,8,0,4,3232235819,1330.0,1.0,7.0,0.0
81,7,0,1,3232235908,1947.0,1.0,10.0,0.0
81,6,0,1,3232235908,2353.0,4.0,10.0,0.0
81,0,0,1,3232235908,3192.0,7.0,10.0,0.0
81,8,0,1,3232235908,1460.0,1.0,10.0,0.0
25,7,0,8,3232235828,1327.0,1.0,11.0,0.0
25,6,0,8,3232235828,4165.0,3.0,11.0,0.0
25,0,0,8,3232235828,3277.0,5.0,11.0,0.0
25,8,0,8,3232235828,937.0,1.0,11.0,0.0
8,7,0,1,3232235813,584.0,1.0,13.0,0.0
8,6,0,1,3232235813,2151.0,8.0,14.0,0.0
8,0,0,1,3232235813,5267.0,9.0,14.0,0.0
8,8,0,1,3232235813,1382.0,1.0,14.0,0.0
59,7,0,1,3232235914,629.0,1.0,15.0,0.0
59,6,0,1,3232235914,2658.0,1.0,16.0,0.0
59,0,0,1,3232235914,3754.0,9.0,16.0,0.0
59,8,0,1,3232235914,1292.0,1.0,16.0,0.0
31,7,0,0,3232235865,1934.0,1.0,16.0,0.0
31,6,0,0,3232235865,4921.0,2.0,16.0,0.0
31,0,0,0,3232235865,5339.0,3.0,16.0,0.0
31,8,0,0,3232235865,215.0,1.0,16.0,0.0
23,7,0,1,3232235907,307.0,1.0,16.0,0.0
23,6,0,1,3232235907,1770.0,4.0,16.0,0.0
23,0,0,1,3232235907,5196.0,2.0,16.0,0.0
23,8,0,1,3232235907,1393.0,1.0,16.0,0.0
84,7,0,7,3232235817,313.0,1.0,7.0,1.0
84,1,0,7,3232235817,1010.0,1.0,7.0,1.0
84,4,0,7,3232235817,2642.0,1.0,7.0,1.0
84,3,0,7,3232235817,3452.0,3.0,7.0,1.0
84,8,0,7,3232235817,471.0,1.0,7.0,1.0
52,7,0,7,3232235875,1095.0,1.0,10.0,1.0
52,6,0,7,3232235875,674.0,1.0,10.0,1.0
52,0,0,7,3232235875,2801.0,8.0,10.0,1.0
52,8,0,7,3232235875,795.0,1.0,10.0,1.0
56,7,0,1,3232235949,371.0,1.0,10.0,1.0
56,6,0,1,3232235949,4746.0,4.0,10.0,1.0
56,0,0,1,3232235949,4194.0,4.0,10.0,1.0
56,8,0,1,3232235949,423.0,1.0,10.0,1.0
76,7,0,8,3232235915,950.0,1.0,13.0,1.0
76,6,0,8,3232235915,676.0,7.0,13.0,1.0
76,0,0,8,3232235915,3992.0,1.0,13.0,1.0
76,8,0,8,3232235915,1224.0,1.0,13.0,1.0
67,7,0,4,3232235880,1244.0,1.0,14.0,1.0
67,6,0,4,3232235880,3386.0,8.0,14.0,1.0
67,0,0,4,3232235880,1958.0,7.0,14.0,1.0
67,8,0,4,3232235880,411.0,1.0,14.0,1.0
83,7,1,7,3232235998,1032.0,1.0,7.0,2.0
83,6,0,7,3232235998,5891.0,1.0,7.0,2.0
83,0,0,7,3232235998,1072.0,7.0,7.0,2.0
83,8,0,7,3232235998,544.0,1.0,7.0,2.0
66,7,0,7,3232235984,616.0,1.0,14.0,2.0
66,6,0,7,3232235984,4305.0,7.0,14.0,2.0
66,0,0,7,3232235984,2562.0,6.0,14.0,2.0
66,8,0,7,3232235984,459.0,1.0,14.0,2.0
42,7,1,0,3232235798,442.0,1.0,14.0,3.0
42,6,0,0,3232235798,3081.0,3.0,14.0,3.0
42,0,0,0,3232235798,2643.0,9.0,14.0,3.0
42,8,0,0,3232235798,337.0,1.0,14.0,3.0
64,7,0,4,3232235993,1643.0,1.0,8.0,4.0
64,6,0,4,3232235993,3006.0,7.0,8.0,4.0
64,0,0,4,3232235993,730.0,8.0,8.0,4.0
64,8,0,4,3232235993,1120.0,1.0,9.0,4.0
45,7,0,4,3232235925,634.0,1.0,16.0,4.0
45,6,0,4,3232235925,2151.0,2.0,16.0,4.0
45,0,0,4,3232235925,5371.0,8.0,16.0,4.0
45,8,0,4,3232235925,1327.0,1.0,16.0,4.0
39,7,0,7,3232235964,1714.0,1.0,16.0,4.0
39,6,0,7,3232235964,5690.0,10.0,16.0,4.0
39,0,0,7,3232235964,4167.0,1.0,16.0,4.0
39,8,0,7,3232235964,569.0,1.0,16.0,4.0
49,7,0,4,3232236030,1805.0,1.0,16.0,4.0
49,6,0,4,3232236030,5367.0,10.0,16.0,4.0
49,0,0,4,3232236030,1303.0,10.0,16.0,4.0
49,8,0,4,3232236030,1034.0,1.0,16.0,4.0
53,7,0,4,3232235894,1767.0,1.0,11.0,5.0
53,6,0,4,3232235894,2584.0,8.0,11.0,5.0
53,0,0,4,3232235894,5984.0,10.0,11.0,5.0
53,8,0,4,3232235894,1201.0,1.0,11.0,5.0
79,7,0,8,3232235880,1960.0,1.0,13.0,5.0
79,6,0,8,3232235880,1133.0,7.0,13.0,5.0
79,0,0,8,3232235880,2228.0,10.0,13.0,5.0
79,8,0,8,3232235880,1108.0,1.0,13.0,5.0
86,7,0,0,3232235930,1293.0,1.0,14.0,5.0
86,6,0,0,3232235930,902.0,8.0,14.0,5.0
86,0,0,0,3232235930,4431.0,10.0,14.0,5.0
86,8,0,0,3232235930,745.0,1.0,14.0,5.0
38,7,0,4,3232235984,1575.0,1.0,15.0,5.0
38,6,0,4,3232235984,1467.0,3.0,15.0,5.0
38,0,0,4,3232235984,4506.0,5.0,15.0,5.0
38,8,0,4,3232235984,1055.0,1.0,15.0,5.0
27,7,0,1,3232235892,1715.0,1.0,7.0,6.0
27,6,0,1,3232235892,1443.0,8.0,7.0,6.0
27,0,0,1,3232235892,855.0,8.0,7.0,6.0
27,8,0,1,3232235892,869.0,1.0,7.0,6.0
78,7,0,8,3232235887,1861.0,1.0,10.0,6.0
78,6,0,8,3232235887,2199.0,8.0,10.0,6.0
78,0,0,8,3232235887,4921.0,2.0,10.0,6.0
78,8,0,8,3232235887,204.0,1.0,10.0,6.0
24,7,0,8,3232235784,1019.0,1.0,11.0,6.0
24,6,0,8,3232235784,1388.0,3.0,11.0,6.0
24,0,0,8,3232235784,5207.0,9.0,11.0,6.0
24,8,0,8,3232235784,931.0,1.0,11.0,6.0
56,7,0,1,3232235949,597.0,1.0,13.0,6.0
56,6,0,1,3232235949,4720.0,3.0,13.0,6.0
56,0,0,1,3232235949,4076.0,5.0,13.0,6.0
56,8,0,1,3232235949,469.0,1.0,13.0,6.0
32,7,0,4,3232235817,1907.0,1.0,16.0,6.0
32,6,0,4,3232235817,4577.0,4.0,16.0,6.0
32,0,0,4,3232235817,5488.0,4.0,16.0,6.0
32,8,0,4,3232235817,738.0,1.0,16.0,6.0
64,7,0,4,3232235993,1859.0,1.0,8.0,0.0
64,6,0,4,3232235993,1337.0,3.0,8.0,0.0
64,0,0,4,3232235993,1215.0,3.0,8.0,0.0
64,8,0,4,3232235993,1082.0,1.0,8.0,0.0
37,7,0,4,3232235932,1725.0,1.0,10.0,0.0
37,6,0,4,3232235932,2410.0,10.0,10.0,0.0
37,0,0,4,3232235932,5400.0,5.0,10.0,0.0
37,8,0,4,3232235932,933.0,1.0,10.0,0.0
80,7,1,4,3232235834,1391.0,1.0,12.0,0.0
80,6,0,4,3232235834,3783.0,10.0,12.0,0.0
80,0,0,4,3232235834,3886.0,4.0,13.0,0.0
80,8,0,4,3232235834,1471.0,1.0,13.0,0.0
75,7,0,1,3232235968,1215.0,1.0,13.0,0.0
46,7,0,1,3232235958,1569.0,1.0,13.0,0.0
75,6,0,1,3232235968,604.0,1.0,13.0,0.0
46,6,0,1,3232235958,5159.0,2.0,13.0,0.0
75,0,0,1,3232235968,505.0,4.0,13.0,0.0
75,8,0,1,3232235968,294.0,1.0,13.0,0.0
46,0,0,1,3232235958,4918.0,6.0,13.0,0.0
46,8,0,1,3232235958,688.0,1.0,13.0,0.0
20,7,0,8,3232235886,493.0,1.0,16.0,0.0
20,6,0,8,3232235886,4060.0,6.0,16.0,0.0
20,0,0,8,3232235886,5334.0,6.0,16.0,0.0
20,8,0,8,3232235886,396.0,1.0,16.0,0.0
67,7,0,4,3232235880,1762.0,1.0,7.0,1.0
67,6,0,4,3232235880,4632.0,7.0,7.0,1.0
67,0,0,4,3232235880,4925.0,1.0,7.0,1.0
67,8,0,4,3232235880,266.0,1.0,7.0,1.0
37,7,1,4,3232235932,1617.0,1.0,9.0,1.0
37,6,0,4,3232235932,4117.0,5.0,9.0,1.0
37,0,0,4,3232235932,1346.0,1.0,9.0,1.0
37,8,0,4,3232235932,349.0,1.0,9.0,1.0
58,7,0,7,3232235933,587.0,1.0,11.0,1.0
58,6,0,7,3232235933,2003.0,5.0,11.0,1.0
58,0,0,7,3232235933,4289.0,4.0,11.0,1.0
58,8,0,7,3232235933,354.0,1.0,11.0,1.0
77,7,0,4,3232235969,580.0,1.0,11.0,2.0
77,6,0,4,3232235969,2360.0,1.0,11.0,2.0
77,0,0,4,3232235969,2291.0,1.0,11.0,2.0
77,8,0,4,3232235969,483.0,1.0,11.0,2.0
57,7,0,4,3232235957,1709.0,1.0,9.0,3.0
57,6,0,4,3232235957,3234.0,8.0,9.0,3.0
57,0,0,4,3232235957,5716.0,8.0,9.0,3.0
57,8,0,4,3232235957,740.0,1.0,9.0,3.0
83,7,0,7,3232235998,607.0,1.0,10.0,3.0
83,6,0,7,3232235998,3261.0,10.0,10.0,3.0
83,0,0,7,3232235998,2612.0,4.0,10.0,3.0
83,8,0,7,3232235998,1254.0,1.0,10.0,3.0
61,7,0,0,3232235875,1767.0,1.0,10.0,3.0
57,7,0,4,3232235957,1984.0,1.0,10.0,3.0
57,6,0,4,3232235957,4632.0,8.0,10.0,3.0
61,6,0,0,3232235875,852.0,3.0,10.0,3.0
61,0,0,0,3232235875,4296.0,6.0,10.0,3.0
57,0,0,4,3232235957,1020.0,1.0,10.0,3.0
61,8,0,0,3232235875,1209.0,1.0,10.0,3.0
57,8,0,4,3232235957,1267.0,1.0,10.0,3.0
45,7,0,4,3232235925,1381.0,1.0,11.0,3.0
45,6,0,4,3232235925,3458.0,6.0,11.0,3.0
45,0,0,4,3232235925,1581.0,7.0,11.0,3.0
45,8,0,4,3232235925,1364.0,1.0,11.0,3.0
52,7,0,7,3232235875,836.0,1.0,14.0,3.0
52,6,0,7,3232235875,722.0,5.0,14.0,3.0
52,0,0,7,3232235875,3680.0,6.0,14.0,3.0
52,8,0,7,3232235875,972.0,1.0,14.0,3.0
43,7,0,8,3232235853,1630.0,1.0,14.0,3.0
43,6,0,8,3232235853,4725.0,1.0,14.0,3.0
43,0,0,8,3232235853,5556.0,10.0,14.0,3.0
43,8,0,8,3232235853,628.0,1.0,14.0,3.0
85,7,0,1,3232235980,1223.0,1.0,15.0,3.0
85,6,0,1,3232235980,3562.0,10.0,15.0,3.0
85,5,0,1,3232235980,5603.0,6.0,15.0,3.0
85,2,0,1,3232235980,10512.0,5.0,16.0,3.0
85,9,0,1,3232235980,4541.0,9.0,16.0,3.0
85,8,0,1,3232235980,681.0,1.0,16.0,3.0
63,7,0,8,3232235834,674.0,1.0,8.0,4.0
63,6,0,8,3232235834,1234.0,3.0,8.0,4.0
63,0,0,8,3232235834,3013.0,7.0,8.0,4.0
63,8,0,8,3232235834,546.0,1.0,8.0,4.0
77,7,0,4,3232235969,467.0,1.0,13.0,4.0
77,6,0,4,3232235969,5495.0,2.0,13.0,4.0
77,0,0,4,3232235969,3238.0,5.0,13.0,4.0
77,8,0,4,3232235969,1276.0,1.0,13.0,4.0
23,7,0,1,3232235907,864.0,1.0,16.0,4.0
23,6,0,1,3232235907,2435.0,1.0,16.0,4.0
23,0,0,1,3232235907,4477.0,6.0,16.0,4.0
23,8,0,1,3232235907,669.0,1.0,16.0,4.0
53,7,0,4,3232235894,1229.0,1.0,8.0,5.0
53,6,0,4,3232235894,5992.0,9.0,8.0,5.0
53,0,0,4,3232235894,3933.0,10.0,8.0,5.0
53,8,0,4,3232235894,516.0,1.0,8.0,5.0
25,7,0,8,3232235828,842.0,1.0,12.0,5.0
25,6,0,8,3232235828,5758.0,9.0,12.0,5.0
25,0,0,8,3232235828,3674.0,3.0,12.0,5.0
25,8,0,8,3232235828,959.0,1.0,12.0,5.0
8,7,0,1,3232235813,1472.0,1.0,16.0,5.0
8,6,0,1,3232235813,2700.0,1.0,16.0,5.0
8,0,0,1,3232235813,5580.0,6.0,16.0,5.0
8,8,0,1,3232235813,546.0,1.0,16.0,5.0
51,7,0,1,3232235999,1479.0,1.0,8.0,6.0
51,6,0,1,3232235999,5682.0,4.0,8.0,6.0
51,0,0,1,3232235999,1973.0,8.0,8.0,6.0
51,8,0,1,3232235999,231.0,1.0,8.0,6.0
50,7,0,7,3232235996,1512.0,1.0,9.0,6.0
50,6,0,7,3232235996,4121.0,7.0,9.0,6.0
50,0,0,7,3232235996,2006.0,6.0,9.0,6.0
50,8,0,7,3232235996,769.0,1.0,9.0,6.0
80,7,0,4,3232235834,1360.0,1.0,13.0,6.0
80,6,0,4,3232235834,2764.0,7.0,13.0,6.0
80,0,0,4,3232235834,3867.0,3.0,13.0,6.0
80,8,0,4,3232235834,604.0,1.0,13.0,6.0
68,7,0,4,3232235794,522.0,1.0,13.0,6.0
68,6,0,4,3232235794,3625.0,4.0,13.0,6.0
68,0,0,4,3232235794,5850.0,2.0,13.0,6.0
68,8,0,4,3232235794,1293.0,1.0,13.0,6.0
78,7,0,8,3232235887,1922.0,1.0,7.0,0.0
78,6,0,8,3232235887,4563.0,2.0,7.0,0.0
78,0,0,8,3232235887,5165.0,3.0,7.0,0.0
78,8,0,8,3232235887,1320.0,1.0,7.0,0.0
54,7,0,4,3232235819,1812.0,1.0,10.0,0.0
54,6,0,4,3232235819,2765.0,10.0,10.0,0.0
54,5,0,4,3232235819,6727.0,9.0,10.0,0.0
54,2,0,4,3232235819,11277.0,5.0,10.0,0.0
54,9,0,4,3232235819,2647.0,4.0,10.0,0.0
54,8,0,4,3232235819,806.0,1.0,10.0,0.0
18,7,1,7,3232235951,1621.0,1.0,14.0,0.0
18,6,0,7,3232235951,849.0,6.0,14.0,0.0
18,0,0,7,3232235951,1641.0,8.0,14.0,0.0
18,8,0,7,3232235951,1138.0,1.0,14.0,0.0
69,7,0,1,3232236011,1564.0,1.0,14.0,0.0
69,6,0,1,3232236011,4428.0,7.0,14.0,0.0
69,0,0,1,3232236011,1911.0,2.0,14.0,0.0
69,8,0,1,3232236011,1228.0,1.0,14.0,0.0
35,7,0,7,3232235875,691.0,1.0,15.0,0.0
35,6,0,7,3232235875,1243.0,9.0,15.0,0.0
35,0,0,7,3232235875,3447.0,8.0,15.0,0.0
35,8,0,7,3232235875,722.0,1.0,16.0,0.0
38,7,0,4,3232235984,1817.0,1.0,7.0,1.0
38,6,0,4,3232235984,5190.0,9.0,7.0,1.0
38,0,0,4,3232235984,1188.0,6.0,7.0,1.0
38,8,0,4,3232235984,895.0,1.0,7.0,1.0
65,7,0,7,3232235836,1313.0,1.0,8.0,1.0
65,6,0,7,3232235836,2304.0,8.0,8.0,1.0
65,0,0,7,3232235836,2979.0,6.0,8.0,1.0
46,7,0,1,3232235958,729.0,1.0,8.0,1.0
65,8,0,7,3232235836,1329.0,1.0,8.0,1.0
46,6,0,1,3232235958,708.0,10.0,8.0,1.0
46,0,0,1,3232235958,4946.0,10.0,8.0,1.0
46,8,0,1,3232235958,397.0,1.0,8.0,1.0
8,7,1,1,3232235813,321.0,1.0,9.0,1.0
8,6,0,1,3232235813,4863.0,3.0,9.0,1.0
8,0,0,1,3232235813,5198.0,8.0,9.0,1.0
8,8,0,1,3232235813,829.0,1.0,9.0,1.0
26,7,0,8,3232235885,1550.0,1.0,9.0,1.0
26,6,0,8,3232235885,3306.0,5.0,9.0,1.0
26,0,0,8,3232235885,4208.0,5.0,9.0,1.0
39,7,0,7,3232235964,985.0,1.0,9.0,1.0
26,8,0,8,3232235885,703.0,1.0,9.0,1.0
39,6,0,7,3232235964,866.0,6.0,9.0,1.0
39,0,0,7,3232235964,4692.0,1.0,9.0,1.0
39,8,0,7,3232235964,501.0,1.0,9.0,1.0
28,7,0,8,3232235849,1405.0,1.0,13.0,1.0
28,6,0,8,3232235849,3089.0,7.0,13.0,1.0
28,0,0,8,3232235849,3043.0,6.0,13.0,1.0
28,8,0,8,3232235849,252.0,1.0,13.0,1.0
43,7,0,8,3232235853,1857.0,1.0,16.0,1.0
43,6,0,8,3232235853,3423.0,5.0,16.0,1.0
43,0,0,8,3232235853,1040.0,3.0,16.0,1.0
43,8,0,8,3232235853,1352.0,1.0,16.0,1.0
69,7,0,1,3232236011,482.0,1.0,9.0,2.0
69,6,0,1,3232236011,5294.0,10.0,9.0,2.0
69,0,0,1,3232236011,2049.0,4.0,9.0,2.0
69,8,0,1,3232236011,956.0,1.0,9.0,2.0
84,7,0,7,3232235817,1080.0,1.0,10.0,2.0
84,1,0,7,3232235817,1956.0,3.0,10.0,2.0
84,4,0,7,3232235817,7795.0,3.0,10.0,2.0
84,3,0,7,3232235817,8511.0,7.0,10.0,2.0
84,8,0,7,3232235817,534.0,1.0,10.0,2.0
23,7,0,1,3232235907,323.0,1.0,7.0,3.0
23,6,0,1,3232235907,4017.0,7.0,7.0,3.0
23,0,0,1,3232235907,3163.0,4.0,7.0,3.0
23,8,0,1,3232235907,729.0,1.0,7.0,3.0
74,7,0,4,3232235813,1738.0,1.0,8.0,3.0
74,6,0,4,3232235813,4731.0,2.0,8.0,3.0
74,0,0,4,3232235813,506.0,10.0,8.0,3.0
74,8,0,4,3232235813,1287.0,1.0,8.0,3.0
36,7,0,7,3232235869,1291.0,1.0,10.0,3.0
36,6,0,7,3232235869,4790.0,6.0,10.0,3.0
36,0,0,7,3232235869,4387.0,1.0,10.0,3.0
36,8,0,7,3232235869,1378.0,1.0,10.0,3.0
39,7,0,7,3232235964,1583.0,1.0,10.0,3.0
39,6,0,7,3232235964,5612.0,2.0,10.0,3.0
39,0,0,7,3232235964,983.0,7.0,10.0,3.0
39,8,0,7,3232235964,216.0,1.0,10.0,3.0
47,7,0,7,3232235789,1492.0,1.0,15.0,3.0
47,6,0,7,3232235789,888.0,4.0,15.0,3.0
47,0,0,7,3232235789,946.0,6.0,15.0,3.0
47,8,0,7,3232235789,1024.0,1.0,15.0,3.0
75,7,1,1,3232235968,1427.0,1.0,15.0,3.0
75,6,0,1,3232235968,4171.0,1.0,15.0,3.0
75,0,0,1,3232235968,3057.0,3.0,15.0,3.0
75,8,0,1,3232235968,721.0,1.0,15.0,3.0
76,7,0,8,3232235915,1185.0,1.0,16.0,3.0
76,6,0,8,3232235915,701.0,2.0,16.0,3.0
76,0,0,8,3232235915,5863.0,7.0,16.0,3.0
76,8,0,8,3232235915,530.0,1.0,16.0,3.0
70,7,1,8,3232236002,507.0,1.0,9.0,4.0
70,6,0,8,3232236002,1326.0,3.0,9.0,4.0
70,0,0,8,3232236002,4989.0,10.0,9.0,4.0
70,8,0,8,3232236002,1292.0,1.0,9.0,4.0
52,7,0,7,3232235875,482.0,1.0,11.0,4.0
52,6,0,7,3232235875,3410.0,4.0,11.0,4.0
52,0,0,7,3232235875,3015.0,7.0,11.0,4.0
52,8,0,7,3232235875,878.0,1.0,11.0,4.0
58,7,0,7,3232235933,634.0,1.0,16.0,4.0
58,6,0,7,3232235933,1499.0,6.0,16.0,4.0
58,0,0,7,3232235933,4816.0,8.0,16.0,4.0
58,8,0,7,3232235933,1270.0,1.0,16.0,4.0
34,7,0,4,3232235804,728.0,1.0,13.0,5.0
34,6,0,4,3232235804,4807.0,4.0,13.0,5.0
34,0,0,4,3232235804,1916.0,9.0,13.0,5.0
34,8,0,4,3232235804,416.0,1.0,13.0,5.0
75,7,0,1,3232235968,321.0,1.0,14.0,5.0
75,6,0,1,3232235968,5189.0,6.0,14.0,5.0
75,0,0,1,3232235968,2369.0,8.0,14.0,5.0
75,8,0,1,3232235968,555.0,1.0,14.0,5.0
55,7,1,4,3232235868,1684.0,1.0,15.0,5.0
55,6,0,4,3232235868,1035.0,2.0,15.0,5.0
55,5,0,4,3232235868,675.0,1.0,15.0,5.0
55,2,0,4,3232235868,2364.0,6.0,15.0,5.0
55,9,0,4,3232235868,2473.0,6.0,16.0,5.0
55,8,0,4,3232235868,930.0,1.0,16.0,5.0
55,7,0,4,3232235868,1159.0,1.0,16.0,5.0
55,6,0,4,3232235868,3891.0,1.0,16.0,5.0
55,5,0,4,3232235868,609.0,9.0,16.0,5.0
55,2,0,4,3232235868,1633.0,6.0,16.0,5.0
55,9,0,4,3232235868,9908.0,1.0,16.0,5.0
55,8,0,4,3232235868,446.0,1.0,16.0,5.0
52,7,0,7,3232235875,579.0,1.0,16.0,6.0
52,6,0,7,3232235875,1115.0,10.0,16.0,6.0
52,0,0,7,3232235875,2245.0,7.0,16.0,6.0
52,8,0,7,3232235875,1175.0,1.0,16.0,6.0
41,7,0,7,3232236027,694.0,1.0,7.0,0.0
41,6,0,7,3232236027,3043.0,5.0,7.0,0.0
41,0,0,7,3232236027,2556.0,10.0,7.0,0.0
41,8,0,7,3232236027,748.0,1.0,7.0,0.0
57,7,0,4,3232235957,1005.0,1.0,11.0,0.0
57,6,0,4,3232235957,2083.0,8.0,11.0,0.0
57,0,0,4,3232235957,2732.0,1.0,11.0,0.0
57,8,0,4,3232235957,461.0,1.0,11.0,0.0
36,7,0,7,3232235869,1682.0,1.0,12.0,0.0
36,6,0,7,3232235869,5907.0,9.0,12.0,0.0
36,0,0,7,3232235869,4918.0,10.0,12.0,0.0
36,8,0,7,3232235869,1162.0,1.0,12.0,0.0
46,7,0,1,3232235958,1886.0,1.0,16.0,0.0
46,6,0,1,3232235958,2361.0,4.0,16.0,0.0
46,0,0,1,3232235958,1691.0,10.0,16.0,0.0
46,8,0,1,3232235958,833.0,1.0,16.0,0.0
58,7,0,7,3232235933,323.0,1.0,7.0,1.0
58,6,0,7,3232235933,1116.0,7.0,7.0,1.0
58,0,0,7,3232235933,1155.0,9.0,7.0,1.0
58,8,0,7,3232235933,653.0,1.0,7.0,1.0
29,7,0,7,3232235972,1727.0,1.0,10.0,1.0
29,6,0,7,3232235972,864.0,6.0,10.0,1.0
29,0,0,7,3232235972,1428.0,2.0,10.0,1.0
29,8,0,7,3232235972,1171.0,1.0,10.0,1.0
83,7,0,7,3232235998,1819.0,1.0,14.0,1.0
83,6,0,7,3232235998,3483.0,6.0,14.0,1.0
83,0,0,7,3232235998,2203.0,8.0,14.0,1.0
83,8,0,7,3232235998,1147.0,1.0,14.0,1.0
77,7,0,4,3232235969,1878.0,1.0,9.0,2.0
77,6,0,4,3232235969,5922.0,6.0,9.0,2.0
77,0,0,4,3232235969,5562.0,3.0,9.0,2.0
77,8,0,4,3232235969,1423.0,1.0,9.0,2.0
8,7,0,1,3232235813,1914.0,1.0,10.0,2.0
8,6,0,1,3232235813,723.0,7.0,10.0,2.0
8,0,0,1,3232235813,3849.0,8.0,10.0,2.0
8,8,0,1,3232235813,275.0,1.0,10.0,2.0
64,7,0,4,3232235993,1849.0,1.0,13.0,2.0
64,6,0,4,3232235993,1509.0,7.0,13.0,2.0
64,0,0,4,3232235993,1932.0,8.0,13.0,2.0
64,8,0,4,3232235993,437.0,1.0,13.0,2.0
48,7,0,1,3232235975,1000.0,1.0,13.0,2.0
48,6,0,1,3232235975,5332.0,1.0,13.0,2.0
48,5,0,1,3232235975,4655.0,1.0,13.0,2.0
48,2,0,1,3232235975,10733.0,10.0,13.0,2.0
48,9,0,1,3232235975,4420.0,10.0,13.0,2.0
48,8,0,1,3232235975,1215.0,1.0,13.0,2.0
73,7,0,0,3232235814,1741.0,1.0,14.0,2.0
73,6,0,0,3232235814,5638.0,2.0,14.0,2.0
73,0,0,0,3232235814,3652.0,6.0,14.0,2.0
73,8,0,0,3232235814,1287.0,1.0,14.0,2.0
63,7,0,8,3232235834,1709.0,1.0,14.0,2.0
63,6,0,8,3232235834,1916.0,4.0,14.0,2.0
63,0,0,8,3232235834,4724.0,7.0,14.0,2.0
63,8,0,8,3232235834,745.0,1.0,14.0,2.0
71,7,0,4,3232235832,887.0,1.0,9.0,3.0
71,6,0,4,3232235832,3850.0,10.0,9.0,3.0
71,0,0,4,3232235832,1556.0,8.0,9.0,3.0
71,8,0,4,3232235832,951.0,1.0,9.0,3.0
28,7,0,8,3232235849,321.0,1.0,12.0,3.0
28,6,0,8,3232235849,4177.0,3.0,12.0,3.0
28,0,0,8,3232235849,3953.0,7.0,12.0,3.0
28,8,0,8,3232235849,232.0,1.0,12.0,3.0
20,7,0,8,3232235886,335.0,1.0,14.0,3.0
20,6,0,8,3232235886,5514.0,4.0,14.0,3.0
20,0,0,8,3232235886,1990.0,3.0,14.0,3.0
20,8,0,8,3232235886,1028.0,1.0,14.0,3.0
75,7,0,1,3232235968,338.0,1.0,15.0,3.0
75,6,0,1,3232235968,2266.0,3.0,15.0,3.0
75,0,0,1,3232235968,4995.0,10.0,15.0,3.0
75,8,0,1,3232235968,1280.0,1.0,15.0,3.0
77,7,0,4,3232235969,1327.0,1.0,7.0,4.0
77,6,0,4,3232235969,1497.0,6.0,7.0,4.0
77,0,0,4,3232235969,5903.0,3.0,7.0,4.0
77,8,0,4,3232235969,486.0,1.0,7.0,4.0
25,7,0,8,3232235828,1367.0,1.0,13.0,4.0
25,6,0,8,3232235828,3353.0,8.0,13.0,4.0
25,0,0,8,3232235828,1299.0,8.0,13.0,4.0
25,8,0,8,3232235828,1126.0,1.0,13.0,4.0
52,7,0,7,3232235875,633.0,1.0,15.0,4.0
52,6,0,7,3232235875,5737.0,10.0,15.0,4.0
52,0,0,7,3232235875,1793.0,3.0,15.0,4.0
52,8,0,7,3232235875,885.0,1.0,15.0,4.0
49,7,0,4,3232236030,1220.0,1.0,15.0,4.0
49,6,0,4,3232236030,2665.0,6.0,15.0,4.0
49,0,0,4,3232236030,2682.0,3.0,15.0,4.0
49,8,0,4,3232236030,415.0,1.0,15.0,4.0
28,7,0,8,3232235849,1441.0,1.0,15.0,4.0
28,6,0,8,3232235849,1989.0,3.0,15.0,4.0
28,0,0,8,3232235849,675.0,6.0,16.0,4.0
28,8,0,8,3232235849,792.0,1.0,16.0,4.0
44,7,0,8,3232236004,1473.0,1.0,16.0,4.0
44,6,0,8,3232236004,3876.0,6.0,16.0,4.0
44,0,0,8,3232236004,1577.0,10.0,16.0,4.0
44,8,0,8,3232236004,726.0,1.0,16.0,4.0
80,7,0,4,3232235834,792.0,1.0,12.0,5.0
80,6,0,4,3232235834,2034.0,2.0,12.0,5.0
80,0,0,4,3232235834,4788.0,6.0,12.0,5.0
80,8,0,4,3232235834,338.0,1.0,12.0,5.0
32,7,0,4,3232235817,308.0,1.0,12.0,5.0
32,6,0,4,3232235817,5293.0,6.0,12.0,5.0
32,0,0,4,3232235817,866.0,2.0,12.0,5.0
32,8,0,4,3232235817,391.0,1.0,12.0,5.0
40,7,0,0,3232235915,1656.0,1.0,10.0,6.0
40,6,0,0,3232235915,4513.0,8.0,10.0,6.0
40,0,0,0,3232235915,2743.0,7.0,10.0,6.0
40,8,0,0,3232235915,300.0,1.0,10.0,6.0
59,7,0,1,3232235914,1325.0,1.0,12.0,6.0
59,6,0,1,3232235914,4636.0,10.0,12.0,6.0
59,0,0,1,3232235914,1059.0,2.0,12.0,6.0
59,8,0,1,3232235914,1384.0,1.0,12.0,6.0
65,7,0,7,3232235836,1205.0,1.0,12.0,6.0
65,6,0,7,3232235836,4424.0,4.0,12.0,6.0
65,0,0,7,3232235836,2155.0,9.0,12.0,6.0
65,8,0,7,3232235836,755.0,1.0,12.0,6.0
35,7,0,7,3232235875,408.0,1.0,12.0,6.0
35,6,0,7,3232235875,3458.0,7.0,12.0,6.0
35,0,0,7,3232235875,5712.0,6.0,12.0,6.0
35,8,0,7,3232235875,299.0,1.0,12.0,6.0
35,7,0,7,3232235875,308.0,1.0,13.0,6.0
35,6,0,7,3232235875,2893.0,3.0,13.0,6.0
35,0,0,7,3232235875,2142.0,2.0,13.0,6.0
35,8,0,7,3232235875,1288.0,1.0,13.0,6.0
53,7,0,4,3232235894,573.0,1.0,7.0,0.0
53,6,0,4,3232235894,2271.0,3.0,7.0,0.0
53,0,0,4,3232235894,5036.0,7.0,7.0,0.0
53,8,0,4,3232235894,447.0,1.0,7.0,0.0
37,7,0,4,3232235932,955.0,1.0,8.0,0.0
37,6,0,4,3232235932,1289.0,7.0,8.0,0.0
37,0,0,4,3232235932,5566.0,10.0,8.0,0.0
37,8,0,4,3232235932,584.0,1.0,8.0,0.0
18,7,0,7,3232235951,734.0,1.0,11.0,0.0
18,6,0,7,3232235951,2963.0,7.0,11.0,0.0
18,0,0,7,3232235951,2565.0,5.0,11.0,0.0
18,8,0,7,3232235951,1171.0,1.0,11.0,0.0
79,7,0,8,3232235880,1100.0,1.0,13.0,0.0
79,6,0,8,3232235880,4063.0,1.0,13.0,0.0
79,0,0,8,3232235880,4226.0,10.0,13.0,0.0
79,8,0,8,3232235880,1320.0,1.0,13.0,0.0
32,7,0,4,3232235817,1405.0,1.0,13.0,0.0
32,6,0,4,3232235817,4892.0,6.0,13.0,0.0
32,0,0,4,3232235817,3661.0,5.0,13.0,0.0
32,8,0,4,3232235817,1480.0,1.0,13.0,0.0
32,7,0,4,3232235817,544.0,1.0,14.0,0.0
32,6,0,4,3232235817,719.0,1.0,14.0,0.0
32,0,0,4,3232235817,3298.0,4.0,14.0,0.0
32,8,0,4,3232235817,1209.0,1.0,14.0,0.0
29,7,1,7,3232235972,1268.0,1.0,15.0,0.0
29,6,0,7,3232235972,4406.0,3.0,15.0,0.0
29,0,0,7,3232235972,663.0,10.0,15.0,0.0
29,8,0,7,3232235972,942.0,1.0,15.0,0.0
42,7,0,0,3232235798,717.0,1.0,8.0,1.0
42,6,0,0,3232235798,6000.0,7.0,8.0,1.0
42,0,0,0,3232235798,2314.0,3.0,8.0,1.0
42,8,0,0,3232235798,918.0,1.0,8.0,1.0
26,7,0,8,3232235885,585.0,1.0,9.0,1.0
26,6,0,8,3232235885,1812.0,4.0,9.0,1.0
26,0,0,8,3232235885,2477.0,2.0,9.0,1.0
26,8,0,8,3232235885,579.0,1.0,9.0,1.0
22,7,0,7,3232235833,953.0,1.0,10.0,1.0
22,6,0,7,3232235833,4283.0,9.0,10.0,1.0
22,0,0,7,3232235833,884.0,9.0,10.0,1.0
22,8,0,7,3232235833,1113.0,1.0,10.0,1.0
64,7,0,4,3232235993,327.0,1.0,10.0,1.0
64,6,0,4,3232235993,2049.0,7.0,10.0,1.0
66,7,1,7,3232235984,1294.0,1.0,10.0,1.0
66,6,0,7,3232235984,3957.0,1.0,10.0,1.0
66,0,0,7,3232235984,2154.0,3.0,10.0,1.0
64,0,0,4,3232235993,5264.0,10.0,10.0,1.0
66,8,0,7,3232235984,758.0,1.0,10.0,1.0
64,8,0,4,3232235993,1437.0,1.0,10.0,1.0
60,7,0,1,3232235819,1394.0,1.0,12.0,1.0
60,6,0,1,3232235819,5177.0,10.0,12.0,1.0
60,0,0,1,3232235819,3691.0,3.0,12.0,1.0
60,8,0,1,3232235819,1418.0,1.0,12.0,1.0
61,7,0,0,3232235875,1543.0,1.0,12.0,1.0
61,6,0,0,3232235875,769.0,2.0,12.0,1.0
61,0,0,0,3232235875,5964.0,5.0,12.0,1.0
61,8,0,0,3232235875,1362.0,1.0,12.0,1.0
6,7,0,4,3232235840,1060.0,1.0,7.0,2.0
6,6,0,4,3232235840,759.0,6.0,7.0,2.0
6,5,0,4,3232235840,1157.0,3.0,7.0,2.0
6,2,1,4,3232235840,2418.0,5.0,7.0,2.0
6,9,0,4,3232235840,7429.0,2.0,7.0,2.0
6,8,0,4,3232235840,1312.0,1.0,7.0,2.0
22,7,0,7,3232235833,1100.0,1.0,7.0,2.0
22,6,0,7,3232235833,1610.0,2.0,7.0,2.0
22,0,0,7,3232235833,5179.0,6.0,7.0,2.0
22,8,0,7,3232235833,602.0,1.0,7.0,2.0
85,7,0,1,3232235980,1188.0,1.0,8.0,2.0
85,6,0,1,3232235980,5161.0,3.0,8.0,2.0
85,5,0,1,3232235980,2300.0,2.0,8.0,2.0
85,2,0,1,3232235980,10152.0,7.0,8.0,2.0
85,9,0,1,3232235980,8558.0,9.0,8.0,2.0
85,8,0,1,3232235980,432.0,1.0,8.0,2.0
52,7,0,7,3232235875,1912.0,1.0,12.0,2.0
52,6,0,7,3232235875,2148.0,7.0,12.0,2.0
52,0,0,7,3232235875,4505.0,6.0,12.0,2.0
52,8,0,7,3232235875,1213.0,1.0,12.0,2.0
50,7,0,7,3232235996,995.0,1.0,13.0,2.0
50,6,0,7,3232235996,4823.0,7.0,13.0,2.0
50,0,0,7,3232235996,675.0,7.0,13.0,2.0
50,8,0,7,3232235996,1377.0,1.0,13.0,2.0
77,7,0,4,3232235969,1040.0,1.0,13.0,2.0
77,6,0,4,3232235969,5652.0,4.0,13.0,2.0
77,0,0,4,3232235969,2385.0,9.0,13.0,2.0
77,8,0,4,3232235969,796.0,1.0,13.0,2.0
70,7,1,8,3232236002,1579.0,1.0,14.0,2.0
70,6,0,8,3232236002,5850.0,10.0,14.0,2.0
70,0,0,8,3232236002,4186.0,9.0,14.0,2.0
70,8,0,8,3232236002,1451.0,1.0,14.0,2.0
36,7,0,7,3232235869,1222.0,1.0,7.0,3.0
36,6,0,7,3232235869,851.0,3.0,7.0,3.0
36,0,0,7,3232235869,923.0,10.0,7.0,3.0
36,8,0,7,3232235869,1236.0,1.0,7.0,3.0
76,7,0,8,3232235915,453.0,1.0,8.0,3.0
76,6,0,8,3232235915,4323.0,1.0,8.0,3.0
76,0,0,8,3232235915,1556.0,3.0,8.0,3.0
76,8,0,8,3232235915,621.0,1.0,8.0,3.0
42,7,0,0,3232235798,517.0,1.0,9.0,3.0
42,6,0,0,3232235798,2578.0,3.0,9.0,3.0
42,0,0,0,3232235798,3335.0,9.0,9.0,3.0
42,8,0,0,3232235798,1359.0,1.0,9.0,3.0
59,7,0,1,3232235914,1972.0,1.0,9.0,3.0
59,6,0,1,3232235914,4549.0,7.0,9.0,3.0
59,0,0,1,3232235914,2323.0,2.0,9.0,3.0
59,8,0,1,3232235914,1085.0,1.0,9.0,3.0
81,7,0,1,3232235908,970.0,1.0,10.0,3.0
81,6,0,1,3232235908,2300.0,2.0,10.0,3.0
81,0,0,1,3232235908,1536.0,5.0,10.0,3.0
81,8,0,1,3232235908,760.0,1.0,10.0,3.0
57,7,0,4,3232235957,1305.0,1.0,12.0,3.0
57,6,0,4,3232235957,1487.0,3.0,12.0,3.0
57,0,0,4,3232235957,3104.0,4.0,12.0,3.0
57,8,0,4,3232235957,348.0,1.0,12.0,3.0
22,7,0,7,3232235833,948.0,1.0,16.0,3.0
22,6,0,7,3232235833,4093.0,4.0,16.0,3.0
22,0,0,7,3232235833,674.0,7.0,16.0,3.0
22,8,0,7,3232235833,933.0,1.0,16.0,3.0
26,7,0,8,3232235885,1131.0,1.0,8.0,4.0
26,6,0,8,3232235885,2846.0,1.0,8.0,4.0
26,0,0,8,3232235885,3156.0,4.0,8.0,4.0
26,8,0,8,3232235885,1500.0,1.0,8.0,4.0
30,7,0,1,3232235956,1737.0,1.0,10.0,4.0
30,6,0,1,3232235956,1642.0,9.0,10.0,4.0
30,0,0,1,3232235956,507.0,7.0,10.0,4.0
30,8,0,1,3232235956,579.0,1.0,10.0,4.0
69,7,0,1,3232236011,1923.0,1.0,11.0,4.0
69,6,0,1,3232236011,4809.0,7.0,12.0,4.0
69,0,0,1,3232236011,3199.0,4.0,12.0,4.0
69,8,0,1,3232236011,1473.0,1.0,12.0,4.0
73,7,0,0,3232235814,1964.0,1.0,13.0,4.0
73,6,0,0,3232235814,2220.0,7.0,13.0,4.0
73,0,0,0,3232235814,1631.0,6.0,13.0,4.0
73,8,0,0,3232235814,387.0,1.0,13.0,4.0
35,7,0,7,3232235875,308.0,1.0,15.0,4.0
35,6,0,7,3232235875,1543.0,4.0,15.0,4.0
35,0,0,7,3232235875,806.0,3.0,15.0,4.0
35,8,0,7,3232235875,659.0,1.0,15.0,4.0
43,7,0,8,3232235853,448.0,1.0,16.0,4.0
43,6,0,8,3232235853,4055.0,9.0,16.0,4.0
43,0,0,8,3232235853,5386.0,1.0,16.0,4.0
43,8,0,8,3232235853,243.0,1.0,16.0,4.0
37,7,0,4,3232235932,896.0,1.0,7.0,5.0
37,6,0,4,3232235932,2396.0,5.0,7.0,5.0
37,0,0,4,3232235932,2816.0,8.0,7.0,5.0
37,8,0,4,3232235932,345.0,1.0,7.0,5.0
20,7,1,8,3232235886,1005.0,1.0,10.0,5.0
20,6,0,8,3232235886,2541.0,4.0,10.0,5.0
20,0,0,8,3232235886,4044.0,9.0,10.0,5.0
20,8,0,8,3232235886,583.0,1.0,10.0,5.0
50,7,0,7,3232235996,704.0,1.0,11.0,5.0
50,6,0,7,3232235996,2916.0,8.0,11.0,5.0
50,0,0,7,3232235996,1001.0,8.0,11.0,5.0
50,8,0,7,3232235996,662.0,1.0,11.0,5.0
61,7,0,0,3232235875,1309.0,1.0,13.0,5.0
61,6,0,0,3232235875,2869.0,2.0,13.0,5.0
61,0,0,0,3232235875,1537.0,4.0,13.0,5.0
61,8,0,0,3232235875,903.0,1.0,13.0,5.0
29,7,1,7,3232235972,894.0,1.0,14.0,5.0
29,6,0,7,3232235972,1501.0,8.0,14.0,5.0
29,0,0,7,3232235972,2390.0,10.0,14.0,5.0
29,8,0,7,3232235972,538.0,1.0,14.0,5.0
65,7,0,7,3232235836,300.0,1.0,16.0,5.0
65,6,0,7,3232235836,5088.0,8.0,16.0,5.0
65,0,0,7,3232235836,5654.0,6.0,16.0,5.0
65,8,0,7,3232235836,1496.0,1.0,16.0,5.0
47,7,0,7,3232235789,496.0,1.0,7.0,6.0
47,6,0,7,3232235789,5920.0,2.0,7.0,6.0
47,0,0,7,3232235789,1726.0,5.0,7.0,6.0
47,8,0,7,3232235789,350.0,1.0,7.0,6.0
26,7,1,8,3232235885,494.0,1.0,7.0,6.0
26,6,0,8,3232235885,2426.0,6.0,7.0,6.0
26,0,0,8,3232235885,5539.0,10.0,7.0,6.0
26,8,0,8,3232235885,1250.0,1.0,7.0,6.0
84,7,0,7,3232235817,1656.0,1.0,9.0,6.0
84,1,0,7,3232235817,2554.0,5.0,9.0,6.0
84,4,0,7,3232235817,5781.0,3.0,9.0,6.0
84,3,0,7,3232235817,5884.0,10.0,9.0,6.0
84,8,0,7,3232235817,891.0,1.0,9.0,6.0
82,7,0,0,3232235801,589.0,1.0,11.0,6.0
82,6,0,0,3232235801,4624.0,3.0,11.0,6.0
82,0,0,0,3232235801,1744.0,2.0,11.0,6.0
82,8,0,0,3232235801,1496.0,1.0,11.0,6.0
73,7,0,0,3232235814,379.0,1.0,7.0,0.0
73,6,0,0,3232235814,3459.0,2.0,7.0,0.0
73,0,0,0,3232235814,5308.0,5.0,7.0,0.0
73,8,0,0,3232235814,853.0,1.0,7.0,0.0
64,7,0,4,3232235993,387.0,1.0,13.0,0.0
64,6,0,4,3232235993,3861.0,9.0,13.0,0.0
64,0,0,4,3232235993,2359.0,7.0,13.0,0.0
64,8,0,4,3232235993,456.0,1.0,13.0,0.0
74,7,1,4,3232235813,1386.0,1.0,13.0,0.0
74,6,0,4,3232235813,5347.0,10.0,13.0,0.0
74,0,0,4,3232235813,2958.0,10.0,13.0,0.0
74,8,0,4,3232235813,933.0,1.0,13.0,0.0
62,7,0,4,3232236014,1173.0,1.0,16.0,0.0
62,6,0,4,3232236014,2423.0,2.0,16.0,0.0
62,0,0,4,3232236014,3072.0,10.0,16.0,0.0
62,8,0,4,3232236014,793.0,1.0,16.0,0.0
59,7,0,1,3232235914,1616.0,1.0,10.0,1.0
59,6,0,1,3232235914,5307.0,6.0,10.0,1.0
59,0,0,1,3232235914,5939.0,1.0,10.0,1.0
59,8,0,1,3232235914,389.0,1.0,10.0,1.0
86,7,0,0,3232235930,528.0,1.0,14.0,1.0
86,6,0,0,3232235930,764.0,5.0,14.0,1.0
86,0,0,0,3232235930,4225.0,3.0,14.0,1.0
86,8,0,0,3232235930,500.0,1.0,14.0,1.0
41,7,0,7,3232236027,355.0,1.0,14.0,1.0
41,6,0,7,3232236027,4101.0,2.0,14.0,1.0
41,0,0,7,3232236027,3572.0,1.0,14.0,1.0
41,8,0,7,3232236027,1109.0,1.0,14.0,1.0
54,7,0,4,3232235819,1343.0,1.0,7.0,2.0
54,6,0,4,3232235819,5666.0,9.0,7.0,2.0
54,5,0,4,3232235819,3541.0,1.0,7.0,2.0
54,2,0,4,3232235819,8845.0,7.0,7.0,2.0
54,9,0,4,3232235819,6472.0,10.0,7.0,2.0
54,8,0,4,3232235819,1142.0,1.0,7.0,2.0
6,7,0,4,3232235840,595.0,1.0,13.0,2.0
6,6,0,4,3232235840,5413.0,5.0,13.0,2.0
6,5,0,4,3232235840,3439.0,3.0,13.0,2.0
6,2,0,4,3232235840,5141.0,2.0,13.0,2.0
6,9,0,4,3232235840,6278.0,9.0,13.0,2.0
6,8,0,4,3232235840,485.0,1.0,13.0,2.0
28,7,0,8,3232235849,1551.0,1.0,15.0,2.0
28,6,0,8,3232235849,2036.0,2.0,15.0,2.0
28,0,0,8,3232235849,3718.0,4.0,16.0,2.0
28,8,0,8,3232235849,1136.0,1.0,16.0,2.0
18,7,0,7,3232235951,849.0,1.0,12.0,3.0
18,6,0,7,3232235951,1995.0,9.0,12.0,3.0
18,0,0,7,3232235951,3720.0,8.0,12.0,3.0
18,8,0,7,3232235951,1415.0,1.0,12.0,3.0
68,7,1,4,3232235794,1691.0,1.0,13.0,3.0
68,6,0,4,3232235794,3533.0,6.0,13.0,3.0
68,0,0,4,3232235794,632.0,5.0,13.0,3.0
68,8,0,4,3232235794,828.0,1.0,13.0,3.0
50,7,0,7,3232235996,605.0,1.0,14.0,3.0
50,6,0,7,3232235996,3615.0,3.0,14.0,3.0
50,0,0,7,3232235996,5970.0,6.0,14.0,3.0
50,8,0,7,3232235996,427.0,1.0,14.0,3.0
50,7,0,7,3232235996,1188.0,1.0,9.0,4.0
50,6,0,7,3232235996,3804.0,7.0,9.0,4.0
50,0,0,7,3232235996,4410.0,7.0,9.0,4.0
50,8,0,7,3232235996,209.0,1.0,9.0,4.0
75,7,0,1,3232235968,1183.0,1.0,10.0,4.0
75,6,0,1,3232235968,1457.0,8.0,10.0,4.0
75,0,0,1,3232235968,5332.0,8.0,10.0,4.0
75,8,0,1,3232235968,591.0,1.0,10.0,4.0
41,7,0,7,3232236027,1667.0,1.0,11.0,4.0
41,6,0,7,3232236027,3166.0,7.0,11.0,4.0
41,0,0,7,3232236027,578.0,5.0,11.0,4.0
41,8,0,7,3232236027,1300.0,1.0,11.0,4.0
43,7,0,8,3232235853,1485.0,1.0,11.0,4.0
43,6,0,8,3232235853,1889.0,9.0,11.0,4.0
43,0,0,8,3232235853,3138.0,10.0,11.0,4.0
43,8,0,8,3232235853,1428.0,1.0,11.0,4.0
57,7,0,4,3232235957,832.0,1.0,15.0,4.0
57,6,0,4,3232235957,4705.0,5.0,15.0,4.0
57,0,0,4,3232235957,539.0,9.0,15.0,4.0
57,8,0,4,3232235957,411.0,1.0,15.0,4.0
31,7,0,0,3232235865,1820.0,1.0,16.0,4.0
31,6,0,0,3232235865,5811.0,8.0,16.0,4.0
31,0,0,0,3232235865,2176.0,5.0,16.0,4.0
31,8,0,0,3232235865,826.0,1.0,16.0,4.0
51,7,0,1,3232235999,734.0,1.0,16.0,4.0
51,6,0,1,3232235999,4809.0,10.0,16.0,4.0
51,0,0,1,3232235999,1979.0,7.0,16.0,4.0
51,8,0,1,3232235999,357.0,1.0,16.0,4.0
82,7,0,0,3232235801,408.0,1.0,8.0,5.0
82,6,0,0,3232235801,5863.0,1.0,8.0,5.0
82,0,0,0,3232235801,1045.0,7.0,8.0,5.0
82,8,0,0,3232235801,755.0,1.0,8.0,5.0
76,7,0,8,3232235915,1423.0,1.0,8.0,5.0
76,6,0,8,3232235915,1297.0,1.0,8.0,5.0
76,0,0,8,3232235915,5539.0,7.0,8.0,5.0
76,8,0,8,3232235915,1492.0,1.0,8.0,5.0
60,7,0,1,3232235819,1616.0,1.0,7.0,6.0
60,6,0,1,3232235819,1513.0,2.0,7.0,6.0
60,0,0,1,3232235819,5993.0,10.0,7.0,6.0
60,8,0,1,3232235819,1209.0,1.0,7.0,6.0
27,7,1,1,3232235892,530.0,1.0,8.0,6.0
27,6,0,1,3232235892,4909.0,3.0,8.0,6.0
27,0,0,1,3232235892,4067.0,9.0,8.0,6.0
27,8,0,1,3232235892,1054.0,1.0,8.0,6.0
69,7,1,1,3232236011,836.0,1.0,12.0,6.0
69,6,0,1,3232236011,938.0,9.0,12.0,6.0
69,0,0,1,3232236011,2222.0,9.0,12.0,6.0
69,8,0,1,3232236011,940.0,1.0,12.0,6.0
63,7,1,8,3232235834,1213.0,1.0,13.0,6.0
63,6,0,8,3232235834,783.0,10.0,13.0,6.0
63,0,0,8,3232235834,5572.0,10.0,13.0,6.0
63,8,0,8,3232235834,703.0,1.0,13.0,6.0
61,7,0,0,3232235875,328.0,1.0,15.0,6.0
61,6,0,0,3232235875,2267.0,1.0,15.0,6.0
61,0,0,0,3232235875,995.0,7.0,15.0,6.0
61,8,0,0,3232235875,1237.0,1.0,15.0,6.0
1,7,1,7,3232235784,1867.0,1.0,16.0,6.0
1,1,0,7,3232235784,3120.0,3.0,16.0,6.0
1,4,0,7,3232235784,2833.0,4.0,16.0,6.0
1,3,0,7,3232235784,6384.0,9.0,16.0,6.0
1,8,0,7,3232235784,1129.0,1.0,16.0,6.0
30,7,1,1,3232235956,1912.0,1.0,8.0,0.0
30,6,0,1,3232235956,5124.0,10.0,8.0,0.0
30,0,0,1,3232235956,2024.0,1.0,8.0,0.0
30,8,0,1,3232235956,867.0,1.0,8.0,0.0
78,7,0,8,3232235887,1532.0,1.0,15.0,0.0
78,6,0,8,3232235887,663.0,9.0,15.0,0.0
78,0,0,8,3232235887,4415.0,1.0,15.0,0.0
78,8,0,8,3232235887,879.0,1.0,15.0,0.0
26,7,0,8,3232235885,712.0,1.0,16.0,0.0
26,6,0,8,3232235885,5829.0,8.0,16.0,0.0
26,0,0,8,3232235885,2404.0,8.0,16.0,0.0
26,8,0,8,3232235885,720.0,1.0,16.0,0.0
38,7,0,4,3232235984,877.0,1.0,10.0,1.0
38,6,0,4,3232235984,3040.0,3.0,10.0,1.0
38,0,0,4,3232235984,1955.0,7.0,10.0,1.0
38,8,0,4,3232235984,1444.0,1.0,10.0,1.0
79,7,0,8,3232235880,687.0,1.0,10.0,1.0
79,6,0,8,3232235880,1120.0,4.0,10.0,1.0
79,0,0,8,3232235880,2032.0,6.0,10.0,1.0
79,8,0,8,3232235880,666.0,1.0,10.0,1.0
37,7,0,4,3232235932,1641.0,1.0,11.0,1.0
37,6,0,4,3232235932,3272.0,4.0,11.0,1.0
37,0,0,4,3232235932,2999.0,8.0,11.0,1.0
37,8,0,4,3232235932,691.0,1.0,11.0,1.0
31,7,0,0,3232235865,1743.0,1.0,12.0,1.0
31,6,0,0,3232235865,1408.0,9.0,12.0,1.0
31,0,0,0,3232235865,3489.0,2.0,12.0,1.0
31,8,0,0,3232235865,965.0,1.0,12.0,1.0
33,7,0,1,3232236023,1083.0,1.0,13.0,1.0
33,6,0,1,3232236023,2099.0,1.0,13.0,1.0
33,0,0,1,3232236023,4920.0,4.0,13.0,1.0
33,8,0,1,3232236023,614.0,1.0,13.0,1.0
46,7,0,1,3232235958,1003.0,1.0,13.0,1.0
46,6,0,1,3232235958,4184.0,5.0,14.0,1.0
46,0,0,1,3232235958,2172.0,6.0,14.0,1.0
46,8,0,1,3232235958,244.0,1.0,14.0,1.0
75,7,0,1,3232235968,1393.0,1.0,14.0,1.0
75,6,0,1,3232235968,4486.0,5.0,14.0,1.0
75,0,0,1,3232235968,2555.0,9.0,14.0,1.0
75,8,0,1,3232235968,1362.0,1.0,14.0,1.0
59,7,0,1,3232235914,751.0,1.0,10.0,2.0
59,6,0,1,3232235914,4862.0,10.0,10.0,2.0
59,0,0,1,3232235914,1251.0,9.0,10.0,2.0
59,8,0,1,3232235914,284.0,1.0,10.0,2.0
36,7,0,7,3232235869,689.0,1.0,14.0,2.0
36,6,0,7,3232235869,4667.0,5.0,14.0,2.0
36,0,0,7,3232235869,1093.0,9.0,14.0,2.0
36,8,0,7,3232235869,213.0,1.0,14.0,2.0
18,7,0,7,3232235951,1144.0,1.0,7.0,3.0
18,6,0,7,3232235951,4240.0,5.0,7.0,3.0
18,0,0,7,3232235951,3437.0,6.0,7.0,3.0
18,8,0,7,3232235951,921.0,1.0,7.0,3.0
51,7,0,1,3232235999,909.0,1.0,11.0,3.0
51,6,0,1,3232235999,5408.0,8.0,11.0,3.0
51,0,0,1,3232235999,3330.0,4.0,11.0,3.0
51,8,0,1,3232235999,1177.0,1.0,11.0,3.0
79,7,0,8,3232235880,766.0,1.0,11.0,3.0
79,6,0,8,3232235880,4665.0,2.0,11.0,3.0
79,0,0,8,3232235880,1221.0,4.0,11.0,3.0
79,8,0,8,3232235880,1109.0,1.0,11.0,3.0
73,7,0,0,3232235814,1829.0,1.0,13.0,3.0
73,6,0,0,3232235814,5104.0,5.0,13.0,3.0
73,0,0,0,3232235814,4463.0,3.0,13.0,3.0
73,8,0,0,3232235814,976.0,1.0,13.0,3.0
38,7,1,4,3232235984,845.0,1.0,14.0,3.0
38,6,0,4,3232235984,3756.0,5.0,14.0,3.0
50,7,0,7,3232235996,1756.0,1.0,14.0,3.0
38,0,0,4,3232235984,4558.0,2.0,14.0,3.0
38,8,0,4,3232235984,324.0,1.0,14.0,3.0
50,6,0,7,3232235996,5537.0,6.0,14.0,3.0
50,0,0,7,3232235996,3262.0,1.0,14.0,3.0
50,8,0,7,3232235996,414.0,1.0,14.0,3.0
63,7,0,8,3232235834,1776.0,1.0,16.0,3.0
63,6,0,8,3232235834,5290.0,3.0,16.0,3.0
63,0,0,8,3232235834,1245.0,9.0,16.0,3.0
63,8,0,8,3232235834,1403.0,1.0,16.0,3.0
81,7,0,1,3232235908,1329.0,1.0,10.0,4.0
81,6,0,1,3232235908,4058.0,9.0,11.0,4.0
81,0,0,1,3232235908,1434.0,2.0,11.0,4.0
81,8,0,1,3232235908,1383.0,1.0,11.0,4.0
80,7,0,4,3232235834,1679.0,1.0,11.0,4.0
80,6,0,4,3232235834,5326.0,7.0,11.0,4.0
80,0,0,4,3232235834,3969.0,6.0,12.0,4.0
80,8,0,4,3232235834,463.0,1.0,12.0,4.0
25,7,0,8,3232235828,347.0,1.0,14.0,4.0
25,6,0,8,3232235828,1228.0,8.0,14.0,4.0
25,0,0,8,3232235828,2124.0,5.0,14.0,4.0
25,8,0,8,3232235828,545.0,1.0,14.0,4.0
52,7,1,7,3232235875,596.0,1.0,8.0,5.0
52,6,0,7,3232235875,1252.0,10.0,8.0,5.0
52,0,0,7,3232235875,5351.0,7.0,8.0,5.0
52,8,0,7,3232235875,482.0,1.0,8.0,5.0
27,7,0,1,3232235892,1885.0,1.0,13.0,5.0
27,6,0,1,3232235892,3256.0,6.0,13.0,5.0
27,0,0,1,3232235892,5347.0,1.0,13.0,5.0
27,8,0,1,3232235892,699.0,1.0,13.0,5.0
36,7,0,7,3232235869,1953.0,1.0,13.0,5.0
36,6,0,7,3232235869,3182.0,8.0,13.0,5.0
36,0,0,7,3232235869,1801.0,8.0,13.0,5.0
36,8,0,7,3232235869,701.0,1.0,13.0,5.0
64,7,1,4,3232235993,1862.0,1.0,15.0,5.0
64,6,0,4,3232235993,1564.0,7.0,15.0,5.0
64,0,0,4,3232235993,3241.0,8.0,15.0,5.0
64,8,0,4,3232235993,513.0,1.0,15.0,5.0
86,7,0,0,3232235930,1295.0,1.0,7.0,6.0
86,6,0,0,3232235930,936.0,7.0,7.0,6.0
86,0,0,0,3232235930,1026.0,4.0,8.0,6.0
86,8,0,0,3232235930,1254.0,1.0,8.0,6.0
52,7,0,7,3232235875,1164.0,1.0,8.0,6.0
52,6,0,7,3232235875,5919.0,7.0,8.0,6.0
52,0,0,7,3232235875,586.0,10.0,8.0,6.0
52,8,0,7,3232235875,814.0,1.0,8.0,6.0
80,7,0,4,3232235834,1284.0,1.0,12.0,6.0
80,6,0,4,3232235834,1719.0,7.0,12.0,6.0
80,0,0,4,3232235834,3014.0,5.0,12.0,6.0
80,8,0,4,3232235834,261.0,1.0,12.0,6.0
73,7,0,0,3232235814,783.0,1.0,13.0,6.0
73,6,0,0,3232235814,2511.0,5.0,13.0,6.0
73,0,0,0,3232235814,2157.0,1.0,13.0,6.0
73,8,0,0,3232235814,693.0,1.0,13.0,6.0
64,7,0,4,3232235993,1796.0,1.0,14.0,6.0
64,6,0,4,3232235993,4610.0,5.0,14.0,6.0
64,0,0,4,3232235993,3865.0,9.0,14.0,6.0
64,8,0,4,3232235993,1380.0,1.0,14.0,6.0
48,7,0,1,3232235975,1003.0,1.0,15.0,6.0
48,6,0,1,3232235975,4435.0,9.0,15.0,6.0
48,5,0,1,3232235975,3874.0,2.0,15.0,6.0
48,2,0,1,3232235975,2497.0,10.0,15.0,6.0
48,9,0,1,3232235975,6473.0,5.0,15.0,6.0
48,8,0,1,3232235975,1142.0,1.0,15.0,6.0
33,7,1,1,3232236023,1399.0,1.0,16.0,6.0
33,6,0,1,3232236023,5110.0,9.0,16.0,6.0
33,0,0,1,3232236023,789.0,6.0,16.0,6.0
33,8,0,1,3232236023,580.0,1.0,16.0,6.0
61,7,0,0,3232235875,858.0,1.0,11.0,0.0
61,6,0,0,3232235875,5273.0,6.0,11.0,0.0
61,0,0,0,3232235875,1170.0,7.0,11.0,0.0
61,8,0,0,3232235875,877.0,1.0,11.0,0.0
18,7,0,7,3232235951,814.0,1.0,12.0,0.0
18,6,0,7,3232235951,2706.0,3.0,12.0,0.0
18,0,0,7,3232235951,2842.0,8.0,12.0,0.0
18,8,0,7,3232235951,396.0,1.0,12.0,0.0
76,7,0,8,3232235915,838.0,1.0,14.0,0.0
76,6,0,8,3232235915,1465.0,5.0,14.0,0.0
76,0,0,8,3232235915,5869.0,9.0,14.0,0.0
76,8,0,8,3232235915,890.0,1.0,14.0,0.0
79,7,0,8,3232235880,1243.0,1.0,16.0,0.0
79,6,0,8,3232235880,1454.0,3.0,16.0,0.0
79,0,0,8,3232235880,642.0,8.0,16.0,0.0
79,8,0,8,3232235880,913.0,1.0,16.0,0.0
24,7,0,8,3232235784,1386.0,1.0,7.0,1.0
24,6,0,8,3232235784,1067.0,5.0,7.0,1.0
24,0,0,8,3232235784,3072.0,3.0,7.0,1.0
24,8,0,8,3232235784,1316.0,1.0,7.0,1.0
86,7,0,0,3232235930,1852.0,1.0,8.0,1.0
86,6,0,0,3232235930,4400.0,8.0,8.0,1.0
86,0,0,0,3232235930,4171.0,1.0,8.0,1.0
86,8,0,0,3232235930,390.0,1.0,8.0,1.0
6,7,0,4,3232235840,1676.0,1.0,9.0,1.0
6,6,0,4,3232235840,2668.0,4.0,9.0,1.0
6,5,0,4,3232235840,3227.0,1.0,9.0,1.0
6,2,0,4,3232235840,11997.0,10.0,9.0,1.0
6,9,0,4,3232235840,9000.0,10.0,9.0,1.0
6,8,0,4,3232235840,396.0,1.0,9.0,1.0
36,7,0,7,3232235869,332.0,1.0,10.0,1.0
36,6,0,7,3232235869,2588.0,1.0,10.0,1.0
36,0,0,7,3232235869,5516.0,4.0,10.0,1.0
36,8,0,7,3232235869,1378.0,1.0,11.0,1.0
43,7,0,8,3232235853,1183.0,1.0,11.0,1.0
43,6,0,8,3232235853,5415.0,4.0,11.0,1.0
30,7,0,1,3232235956,1947.0,1.0,11.0,1.0
43,0,0,8,3232235853,2818.0,4.0,11.0,1.0
30,6,0,1,3232235956,5787.0,4.0,11.0,1.0
43,8,0,8,3232235853,1056.0,1.0,11.0,1.0
30,0,0,1,3232235956,4546.0,8.0,11.0,1.0
30,8,0,1,3232235956,1433.0,1.0,11.0,1.0
25,7,1,8,3232235828,1060.0,1.0,15.0,1.0
25,6,0,8,3232235828,5667.0,10.0,15.0,1.0
25,0,0,8,3232235828,711.0,3.0,15.0,1.0
25,8,0,8,3232235828,923.0,1.0,15.0,1.0
79,7,0,8,3232235880,790.0,1.0,8.0,2.0
79,6,0,8,3232235880,1191.0,8.0,8.0,2.0
79,0,0,8,3232235880,3051.0,6.0,8.0,2.0
79,8,0,8,3232235880,719.0,1.0,8.0,2.0
30,7,1,1,3232235956,567.0,1.0,8.0,2.0
30,6,0,1,3232235956,4406.0,6.0,8.0,2.0
30,0,0,1,3232235956,5243.0,2.0,8.0,2.0
30,8,0,1,3232235956,760.0,1.0,8.0,2.0
57,7,0,4,3232235957,1885.0,1.0,10.0,2.0
57,6,0,4,3232235957,1083.0,4.0,10.0,2.0
57,0,0,4,3232235957,5752.0,5.0,10.0,2.0
57,8,0,4,3232235957,1213.0,1.0,10.0,2.0
82,7,0,0,3232235801,738.0,1.0,12.0,2.0
82,6,0,0,3232235801,3502.0,10.0,12.0,2.0
82,0,0,0,3232235801,2016.0,8.0,12.0,2.0
82,8,0,0,3232235801,419.0,1.0,12.0,2.0
24,7,0,8,3232235784,1380.0,1.0,13.0,2.0
24,6,0,8,3232235784,5514.0,5.0,13.0,2.0
24,0,0,8,3232235784,1156.0,5.0,13.0,2.0
24,8,0,8,3232235784,1489.0,1.0,13.0,2.0
75,7,0,1,3232235968,302.0,1.0,13.0,2.0
75,6,0,1,3232235968,4797.0,2.0,13.0,2.0
75,0,0,1,3232235968,4636.0,9.0,13.0,2.0
75,8,0,1,3232235968,1459.0,1.0,13.0,2.0
52,7,0,7,3232235875,1465.0,1.0,14.0,2.0
52,6,0,7,3232235875,3826.0,9.0,14.0,2.0
52,0,0,7,3232235875,503.0,5.0,14.0,2.0
52,8,0,7,3232235875,787.0,1.0,14.0,2.0
54,7,1,4,3232235819,1513.0,1.0,8.0,3.0
54,6,0,4,3232235819,3813.0,7.0,8.0,3.0
54,5,0,4,3232235819,2395.0,8.0,8.0,3.0
54,2,1,4,3232235819,11938.0,1.0,8.0,3.0
54,9,0,4,3232235819,1226.0,9.0,8.0,3.0
54,8,0,4,3232235819,1270.0,1.0,8.0,3.0
6,7,0,4,3232235840,1463.0,1.0,14.0,3.0
6,6,0,4,3232235840,2225.0,1.0,14.0,3.0
6,5,0,4,3232235840,1042.0,3.0,14.0,3.0
6,2,0,4,3232235840,2113.0,5.0,14.0,3.0
6,9,0,4,3232235840,8907.0,2.0,14.0,3.0
6,8,0,4,3232235840,648.0,1.0,14.0,3.0
62,7,0,4,3232236014,1434.0,1.0,14.0,3.0
62,6,0,4,3232236014,3595.0,9.0,14.0,3.0
62,0,0,4,3232236014,5148.0,10.0,14.0,3.0
62,8,0,4,3232236014,1473.0,1.0,14.0,3.0
62,7,0,4,3232236014,877.0,1.0,15.0,3.0
62,6,0,4,3232236014,3822.0,5.0,15.0,3.0
62,0,0,4,3232236014,2411.0,8.0,15.0,3.0
62,8,0,4,3232236014,1119.0,1.0,15.0,3.0
39,7,1,7,3232235964,1874.0,1.0,10.0,4.0
39,6,0,7,3232235964,1545.0,1.0,10.0,4.0
39,0,0,7,3232235964,2715.0,1.0,10.0,4.0
39,8,0,7,3232235964,1357.0,1.0,10.0,4.0
77,7,0,4,3232235969,1688.0,1.0,14.0,4.0
77,6,0,4,3232235969,1897.0,1.0,14.0,4.0
77,0,0,4,3232235969,3328.0,10.0,14.0,4.0
77,8,0,4,3232235969,1396.0,1.0,14.0,4.0
65,7,0,7,3232235836,1890.0,1.0,16.0,4.0
65,6,0,7,3232235836,3149.0,10.0,16.0,4.0
65,0,0,7,3232235836,1233.0,2.0,16.0,4.0
65,8,0,7,3232235836,1047.0,1.0,16.0,4.0
27,7,0,1,3232235892,1057.0,1.0,7.0,5.0
27,6,0,1,3232235892,3198.0,10.0,7.0,5.0
27,0,0,1,3232235892,3606.0,8.0,7.0,5.0
27,8,0,1,3232235892,352.0,1.0,7.0,5.0
27,7,0,1,3232235892,553.0,1.0,8.0,5.0
27,6,0,1,3232235892,556.0,3.0,8.0,5.0
27,0,0,1,3232235892,5879.0,5.0,8.0,5.0
27,8,0,1,3232235892,663.0,1.0,8.0,5.0
64,7,0,4,3232235993,1927.0,1.0,10.0,5.0
64,6,0,4,3232235993,1826.0,7.0,10.0,5.0
64,0,0,4,3232235993,3142.0,1.0,10.0,5.0
64,8,0,4,3232235993,1371.0,1.0,10.0,5.0
23,7,0,1,3232235907,943.0,1.0,10.0,5.0
23,6,0,1,3232235907,1902.0,4.0,10.0,5.0
23,0,0,1,3232235907,3324.0,7.0,10.0,5.0
23,8,0,1,3232235907,422.0,1.0,10.0,5.0
39,7,0,7,3232235964,1371.0,1.0,11.0,5.0
39,6,0,7,3232235964,2609.0,5.0,11.0,5.0
39,0,0,7,3232235964,5473.0,9.0,11.0,5.0
39,8,0,7,3232235964,1001.0,1.0,11.0,5.0
54,7,0,4,3232235819,1498.0,1.0,14.0,5.0
54,6,0,4,3232235819,1212.0,1.0,14.0,5.0
54,5,0,4,3232235819,6448.0,9.0,14.0,5.0
54,2,0,4,3232235819,7951.0,2.0,14.0,5.0
54,9,0,4,3232235819,7299.0,5.0,14.0,5.0
54,8,0,4,3232235819,1142.0,1.0,14.0,5.0
23,7,0,1,3232235907,957.0,1.0,14.0,5.0
23,6,0,1,3232235907,4190.0,8.0,14.0,5.0
23,0,0,1,3232235907,2101.0,9.0,14.0,5.0
23,8,0,1,3232235907,573.0,1.0,14.0,5.0
23,7,0,1,3232235907,780.0,1.0,15.0,5.0
23,6,0,1,3232235907,2835.0,10.0,15.0,5.0
23,0,0,1,3232235907,1071.0,4.0,15.0,5.0
23,8,0,1,3232235907,850.0,1.0,15.0,5.0
26,7,0,8,3232235885,961.0,1.0,15.0,5.0
26,6,0,8,3232235885,821.0,7.0,15.0,5.0
26,0,0,8,3232235885,784.0,2.0,15.0,5.0
26,8,0,8,3232235885,371.0,1.0,16.0,5.0
30,7,0,1,3232235956,1985.0,1.0,16.0,5.0
30,6,0,1,3232235956,2507.0,2.0,16.0,5.0
30,0,0,1,3232235956,1960.0,1.0,16.0,5.0
30,8,0,1,3232235956,265.0,1.0,16.0,5.0
37,7,0,4,3232235932,1038.0,1.0,8.0,6.0
37,6,0,4,3232235932,2744.0,6.0,8.0,6.0
37,0,0,4,3232235932,4302.0,9.0,8.0,6.0
37,8,0,4,3232235932,1012.0,1.0,8.0,6.0
25,7,0,8,3232235828,301.0,1.0,9.0,6.0
25,6,0,8,3232235828,4543.0,5.0,9.0,6.0
25,0,0,8,3232235828,2105.0,3.0,9.0,6.0
25,8,0,8,3232235828,409.0,1.0,9.0,6.0
79,7,0,8,3232235880,555.0,1.0,13.0,6.0
79,6,0,8,3232235880,3747.0,2.0,13.0,6.0
79,0,0,8,3232235880,3401.0,9.0,13.0,6.0
79,8,0,8,3232235880,655.0,1.0,13.0,6.0
46,7,0,1,3232235958,558.0,1.0,16.0,6.0
46,6,0,1,3232235958,580.0,1.0,16.0,6.0
46,0,0,1,3232235958,536.0,2.0,16.0,6.0
46,8,0,1,3232235958,793.0,1.0,16.0,6.0
26,7,0,8,3232235885,399.0,1.0,10.0,1.0
26,6,0,8,3232235885,5506.0,4.0,10.0,1.0
26,0,0,8,3232235885,2444.0,4.0,10.0,1.0
26,8,0,8,3232235885,1368.0,1.0,10.0,1.0
67,7,0,4,3232235880,563.0,1.0,10.0,1.0
67,6,0,4,3232235880,2174.0,9.0,10.0,1.0
67,0,0,4,3232235880,1284.0,1.0,10.0,1.0
67,8,0,4,3232235880,1023.0,1.0,10.0,1.0
21,7,1,7,3232235785,491.0,1.0,11.0,1.0
21,6,0,7,3232235785,4209.0,9.0,11.0,1.0
21,0,0,7,3232235785,1679.0,4.0,11.0,1.0
21,8,0,7,3232235785,595.0,1.0,11.0,1.0
19,7,0,8,3232235800,1708.0,1.0,13.0,1.0
19,6,0,8,3232235800,1803.0,8.0,13.0,1.0
19,0,0,8,3232235800,3597.0,1.0,13.0,1.0
19,8,0,8,3232235800,550.0,1.0,13.0,1.0
65,7,0,7,3232235836,1272.0,1.0,14.0,1.0
65,6,0,7,3232235836,3193.0,10.0,14.0,1.0
65,0,0,7,3232235836,4198.0,5.0,14.0,1.0
65,8,0,7,3232235836,390.0,1.0,14.0,1.0
66,7,1,7,3232235984,1512.0,1.0,10.0,2.0
66,6,0,7,3232235984,4700.0,8.0,10.0,2.0
66,0,0,7,3232235984,4627.0,9.0,10.0,2.0
66,8,0,7,3232235984,730.0,1.0,10.0,2.0
18,7,0,7,3232235951,1528.0,1.0,12.0,2.0
18,6,0,7,3232235951,3484.0,9.0,12.0,2.0
18,0,0,7,3232235951,3415.0,9.0,12.0,2.0
18,8,0,7,3232235951,1046.0,1.0,12.0,2.0
21,7,0,7,3232235785,519.0,1.0,14.0,2.0
21,6,0,7,3232235785,4847.0,6.0,14.0,2.0
21,0,0,7,3232235785,3848.0,8.0,14.0,2.0
21,8,0,7,3232235785,1483.0,1.0,14.0,2.0
37,7,0,4,3232235932,1236.0,1.0,10.0,3.0
37,6,0,4,3232235932,5408.0,8.0,10.0,3.0
37,0,0,4,3232235932,1840.0,2.0,10.0,3.0
37,8,0,4,3232235932,983.0,1.0,10.0,3.0
39,7,0,7,3232235964,1325.0,1.0,15.0,3.0
39,6,0,7,3232235964,3653.0,4.0,15.0,3.0
39,0,0,7,3232235964,4383.0,8.0,15.0,3.0
39,8,0,7,3232235964,694.0,1.0,15.0,3.0
39,7,0,7,3232235964,1348.0,1.0,9.0,4.0
39,6,0,7,3232235964,3028.0,4.0,9.0,4.0
39,0,0,7,3232235964,3440.0,9.0,9.0,4.0
39,8,0,7,3232235964,947.0,1.0,9.0,4.0
77,7,0,4,3232235969,1888.0,1.0,13.0,4.0
77,6,0,4,3232235969,1231.0,8.0,13.0,4.0
77,0,0,4,3232235969,2604.0,10.0,13.0,4.0
77,8,0,4,3232235969,349.0,1.0,13.0,4.0
63,7,0,8,3232235834,826.0,1.0,10.0,5.0
63,6,0,8,3232235834,4680.0,8.0,10.0,5.0
63,0,0,8,3232235834,1431.0,6.0,10.0,5.0
63,8,0,8,3232235834,348.0,1.0,10.0,5.0
38,7,0,4,3232235984,1132.0,1.0,15.0,5.0
38,6,0,4,3232235984,1797.0,8.0,15.0,5.0
38,0,0,4,3232235984,2527.0,4.0,15.0,5.0
38,8,0,4,3232235984,516.0,1.0,15.0,5.0
51,7,0,1,3232235999,1632.0,1.0,8.0,6.0
51,6,0,1,3232235999,2512.0,3.0,8.0,6.0
51,0,0,1,3232235999,5730.0,7.0,8.0,6.0
51,8,0,1,3232235999,954.0,1.0,8.0,6.0
64,7,1,4,3232235993,1937.0,1.0,10.0,6.0
64,6,0,4,3232235993,3496.0,6.0,10.0,6.0
64,0,0,4,3232235993,2114.0,8.0,10.0,6.0
64,8,0,4,3232235993,433.0,1.0,10.0,6.0
67,7,0,4,3232235880,809.0,1.0,15.0,6.0
67,6,0,4,3232235880,2584.0,6.0,15.0,6.0
67,0,0,4,3232235880,5057.0,9.0,15.0,6.0
67,8,0,4,3232235880,393.0,1.0,15.0,6.0
53,7,0,4,3232235894,1035.0,1.0,9.0,0.0
53,6,0,4,3232235894,1552.0,10.0,9.0,0.0
53,0,0,4,3232235894,3957.0,2.0,9.0,0.0
53,8,0,4,3232235894,1326.0,1.0,9.0,0.0
36,7,0,7,3232235869,1834.0,1.0,10.0,0.0
36,6,0,7,3232235869,3784.0,8.0,10.0,0.0
36,0,0,7,3232235869,4641.0,2.0,10.0,0.0
36,8,0,7,3232235869,431.0,1.0,10.0,0.0
25,7,0,8,3232235828,1103.0,1.0,16.0,0.0
25,6,0,8,3232235828,3436.0,7.0,16.0,0.0
25,0,0,8,3232235828,4040.0,6.0,16.0,0.0
25,8,0,8,3232235828,200.0,1.0,16.0,0.0
78,7,0,8,3232235887,1152.0,1.0,7.0,1.0
78,6,0,8,3232235887,2942.0,3.0,7.0,1.0
78,0,0,8,3232235887,5629.0,2.0,7.0,1.0
78,8,0,8,3232235887,967.0,1.0,7.0,1.0
21,7,0,7,3232235785,1763.0,1.0,7.0,1.0
21,6,0,7,3232235785,1684.0,5.0,7.0,1.0
21,0,0,7,3232235785,4284.0,3.0,7.0,1.0
21,8,0,7,3232235785,905.0,1.0,7.0,1.0
75,7,0,1,3232235968,1705.0,1.0,15.0,1.0
75,6,0,1,3232235968,2473.0,10.0,15.0,1.0
75,0,0,1,3232235968,1510.0,3.0,15.0,1.0
75,8,0,1,3232235968,1299.0,1.0,15.0,1.0
54,7,0,4,3232235819,1376.0,1.0,15.0,1.0
54,6,0,4,3232235819,3710.0,9.0,15.0,1.0
54,5,0,4,3232235819,1865.0,1.0,15.0,1.0
54,2,0,4,3232235819,3364.0,4.0,15.0,1.0
54,9,0,4,3232235819,1212.0,8.0,15.0,1.0
54,8,0,4,3232235819,357.0,1.0,16.0,1.0
32,7,0,4,3232235817,541.0,1.0,9.0,2.0
32,6,0,4,3232235817,3483.0,7.0,9.0,2.0
32,0,0,4,3232235817,4463.0,3.0,9.0,2.0
32,8,0,4,3232235817,348.0,1.0,9.0,2.0
28,7,0,8,3232235849,669.0,1.0,11.0,2.0
28,6,0,8,3232235849,1811.0,10.0,11.0,2.0
28,0,0,8,3232235849,1465.0,7.0,11.0,2.0
28,8,0,8,3232235849,655.0,1.0,11.0,2.0
25,7,0,8,3232235828,891.0,1.0,12.0,2.0
25,6,0,8,3232235828,4246.0,10.0,12.0,2.0
25,0,0,8,3232235828,4557.0,9.0,12.0,2.0
25,8,0,8,3232235828,1246.0,1.0,12.0,2.0
42,7,1,0,3232235798,392.0,1.0,16.0,2.0
42,6,0,0,3232235798,2256.0,2.0,16.0,2.0
42,0,0,0,3232235798,1812.0,3.0,16.0,2.0
42,8,0,0,3232235798,581.0,1.0,16.0,2.0
22,7,0,7,3232235833,1620.0,1.0,9.0,3.0
22,6,0,7,3232235833,5270.0,10.0,9.0,3.0
22,0,0,7,3232235833,2620.0,2.0,9.0,3.0
22,8,0,7,3232235833,244.0,1.0,9.0,3.0
55,7,0,4,3232235868,613.0,1.0,9.0,3.0
55,6,0,4,3232235868,4799.0,10.0,9.0,3.0
55,5,0,4,3232235868,2097.0,6.0,9.0,3.0
55,2,0,4,3232235868,5859.0,5.0,9.0,3.0
55,9,0,4,3232235868,1229.0,8.0,9.0,3.0
55,8,0,4,3232235868,356.0,1.0,9.0,3.0
29,7,0,7,3232235972,1539.0,1.0,11.0,3.0
29,6,0,7,3232235972,3125.0,9.0,11.0,3.0
29,0,0,7,3232235972,4593.0,8.0,11.0,3.0
29,8,0,7,3232235972,374.0,1.0,11.0,3.0
29,7,0,7,3232235972,1733.0,1.0,7.0,4.0
29,6,0,7,3232235972,1601.0,8.0,7.0,4.0
29,0,0,7,3232235972,3596.0,4.0,7.0,4.0
29,8,0,7,3232235972,863.0,1.0,7.0,4.0
62,7,0,4,3232236014,475.0,1.0,11.0,4.0
62,6,0,4,3232236014,2402.0,4.0,11.0,4.0
62,0,0,4,3232236014,1415.0,7.0,11.0,4.0
62,8,0,4,3232236014,352.0,1.0,11.0,4.0
23,7,0,1,3232235907,1855.0,1.0,11.0,4.0
23,6,0,1,3232235907,3121.0,9.0,11.0,4.0
23,0,0,1,3232235907,4008.0,1.0,11.0,4.0
23,8,0,1,3232235907,709.0,1.0,11.0,4.0
39,7,0,7,3232235964,1446.0,1.0,12.0,4.0
39,6,0,7,3232235964,3840.0,10.0,12.0,4.0
39,0,0,7,3232235964,688.0,9.0,12.0,4.0
39,8,0,7,3232235964,1168.0,1.0,12.0,4.0
55,7,1,4,3232235868,820.0,1.0,15.0,4.0
55,6,0,4,3232235868,2673.0,1.0,15.0,4.0
55,5,0,4,3232235868,4847.0,4.0,15.0,4.0
55,2,0,4,3232235868,2164.0,4.0,15.0,4.0
55,9,0,4,3232235868,8360.0,4.0,15.0,4.0
55,8,0,4,3232235868,1013.0,1.0,15.0,4.0
68,7,0,4,3232235794,1643.0,1.0,16.0,4.0
68,6,0,4,3232235794,4283.0,2.0,16.0,4.0
68,0,0,4,3232235794,739.0,4.0,16.0,4.0
68,8,0,4,3232235794,247.0,1.0,16.0,4.0
66,7,0,7,3232235984,642.0,1.0,16.0,4.0
66,6,0,7,3232235984,4447.0,4.0,16.0,4.0
66,0,0,7,3232235984,4748.0,1.0,16.0,4.0
66,8,0,7,3232235984,416.0,1.0,16.0,4.0
82,7,0,0,3232235801,899.0,1.0,16.0,4.0
82,6,0,0,3232235801,1157.0,5.0,16.0,4.0
82,0,0,0,3232235801,5676.0,7.0,16.0,4.0
82,8,0,0,3232235801,283.0,1.0,16.0,4.0
56,7,0,1,3232235949,1865.0,1.0,9.0,5.0
56,6,0,1,3232235949,4406.0,8.0,9.0,5.0
56,0,0,1,3232235949,1986.0,8.0,9.0,5.0
56,8,0,1,3232235949,1134.0,1.0,9.0,5.0
43,7,0,8,3232235853,1506.0,1.0,14.0,5.0
43,6,0,8,3232235853,4507.0,10.0,14.0,5.0
43,0,0,8,3232235853,1180.0,1.0,14.0,5.0
43,8,0,8,3232235853,1394.0,1.0,14.0,5.0
75,7,0,1,3232235968,940.0,1.0,15.0,5.0
75,6,0,1,3232235968,1495.0,8.0,15.0,5.0
75,0,0,1,3232235968,1184.0,6.0,15.0,5.0
75,8,0,1,3232235968,277.0,1.0,15.0,5.0
60,7,0,1,3232235819,1131.0,1.0,12.0,6.0
60,6,0,1,3232235819,5593.0,8.0,12.0,6.0
60,0,0,1,3232235819,5738.0,3.0,12.0,6.0
60,8,0,1,3232235819,983.0,1.0,12.0,6.0
43,7,0,8,3232235853,1547.0,1.0,13.0,6.0
43,6,0,8,3232235853,4049.0,10.0,13.0,6.0
43,0,0,8,3232235853,3346.0,4.0,13.0,6.0
43,8,0,8,3232235853,913.0,1.0,13.0,6.0
70,7,0,8,3232236002,1993.0,1.0,13.0,6.0
70,6,0,8,3232236002,4876.0,8.0,13.0,6.0
70,0,0,8,3232236002,4940.0,9.0,13.0,6.0
70,8,0,8,3232236002,809.0,1.0,13.0,6.0
84,7,0,7,3232235817,360.0,1.0,11.0,0.0
84,1,0,7,3232235817,1150.0,5.0,11.0,0.0
84,4,0,7,3232235817,9267.0,9.0,11.0,0.0
84,3,0,7,3232235817,6791.0,8.0,11.0,0.0
84,8,0,7,3232235817,1320.0,1.0,11.0,0.0
42,7,1,0,3232235798,742.0,1.0,15.0,0.0
42,6,0,0,3232235798,5238.0,3.0,15.0,0.0
42,0,0,0,3232235798,1153.0,6.0,15.0,0.0
42,8,0,0,3232235798,445.0,1.0,15.0,0.0
43,7,0,8,3232235853,1691.0,1.0,16.0,0.0
43,6,0,8,3232235853,5001.0,2.0,16.0,0.0
43,0,0,8,3232235853,3488.0,1.0,16.0,0.0
43,8,0,8,3232235853,407.0,1.0,17.0,0.0
51,7,0,1,3232235999,1563.0,1.0,10.0,1.0
51,6,0,1,3232235999,2566.0,5.0,10.0,1.0
51,0,0,1,3232235999,3605.0,1.0,10.0,1.0
51,8,0,1,3232235999,1021.0,1.0,10.0,1.0
47,7,0,7,3232235789,1444.0,1.0,12.0,1.0
47,6,0,7,3232235789,1444.0,9.0,12.0,1.0
47,0,0,7,3232235789,4215.0,7.0,12.0,1.0
47,8,0,7,3232235789,1136.0,1.0,12.0,1.0
25,7,0,8,3232235828,452.0,1.0,13.0,1.0
25,6,0,8,3232235828,2052.0,1.0,13.0,1.0
25,0,0,8,3232235828,5444.0,8.0,13.0,1.0
25,8,0,8,3232235828,834.0,1.0,13.0,1.0
53,7,0,4,3232235894,1203.0,1.0,14.0,1.0
53,6,0,4,3232235894,4792.0,8.0,14.0,1.0
53,0,0,4,3232235894,2953.0,9.0,14.0,1.0
53,8,0,4,3232235894,1419.0,1.0,14.0,1.0
58,7,0,7,3232235933,1492.0,1.0,10.0,2.0
58,6,0,7,3232235933,5612.0,2.0,10.0,2.0
58,0,0,7,3232235933,5492.0,1.0,10.0,2.0
58,8,0,7,3232235933,897.0,1.0,10.0,2.0
36,7,0,7,3232235869,812.0,1.0,11.0,2.0
36,6,0,7,3232235869,1035.0,9.0,11.0,2.0
36,0,0,7,3232235869,2071.0,10.0,11.0,2.0
36,8,0,7,3232235869,233.0,1.0,11.0,2.0
59,7,0,1,3232235914,467.0,1.0,14.0,2.0
59,6,0,1,3232235914,1777.0,10.0,14.0,2.0
59,0,0,1,3232235914,4485.0,10.0,14.0,2.0
59,8,0,1,3232235914,1056.0,1.0,14.0,2.0
45,7,0,4,3232235925,820.0,1.0,8.0,3.0
45,6,0,4,3232235925,4861.0,4.0,8.0,3.0
45,0,0,4,3232235925,5521.0,10.0,8.0,3.0
45,8,0,4,3232235925,905.0,1.0,8.0,3.0
51,7,0,1,3232235999,1757.0,1.0,14.0,3.0
51,6,0,1,3232235999,3826.0,7.0,14.0,3.0
51,0,0,1,3232235999,4065.0,9.0,14.0,3.0
51,8,0,1,3232235999,632.0,1.0,14.0,3.0
49,7,0,4,3232236030,633.0,1.0,16.0,3.0
49,6,0,4,3232236030,3210.0,9.0,16.0,3.0
49,0,0,4,3232236030,4007.0,7.0,16.0,3.0
49,8,0,4,3232236030,319.0,1.0,16.0,3.0
36,7,0,7,3232235869,1545.0,1.0,7.0,4.0
36,6,0,7,3232235869,3276.0,3.0,7.0,4.0
36,0,0,7,3232235869,2138.0,8.0,7.0,4.0
36,8,0,7,3232235869,959.0,1.0,7.0,4.0
39,7,0,7,3232235964,1095.0,1.0,8.0,4.0
39,6,0,7,3232235964,4823.0,5.0,8.0,4.0
39,0,0,7,3232235964,3320.0,3.0,8.0,4.0
39,8,0,7,3232235964,1028.0,1.0,8.0,4.0
51,7,1,1,3232235999,841.0,1.0,9.0,4.0
51,6,0,1,3232235999,1446.0,1.0,9.0,4.0
51,0,0,1,3232235999,1183.0,5.0,9.0,4.0
51,8,0,1,3232235999,1030.0,1.0,9.0,4.0
78,7,0,8,3232235887,1776.0,1.0,11.0,4.0
78,6,0,8,3232235887,5330.0,2.0,11.0,4.0
78,0,0,8,3232235887,3600.0,10.0,11.0,4.0
78,8,0,8,3232235887,1322.0,1.0,11.0,4.0
38,7,0,4,3232235984,676.0,1.0,11.0,4.0
38,6,0,4,3232235984,3972.0,4.0,11.0,4.0
38,0,0,4,3232235984,3933.0,6.0,11.0,4.0
38,8,0,4,3232235984,947.0,1.0,12.0,4.0
29,7,0,7,3232235972,1608.0,1.0,12.0,4.0
29,6,0,7,3232235972,1014.0,2.0,12.0,4.0
29,0,0,7,3232235972,4594.0,10.0,12.0,4.0
29,8,0,7,3232235972,1297.0,1.0,12.0,4.0
31,7,0,0,3232235865,986.0,1.0,8.0,5.0
31,6,0,0,3232235865,4747.0,1.0,8.0,5.0
31,0,0,0,3232235865,3089.0,4.0,8.0,5.0
31,8,0,0,3232235865,409.0,1.0,8.0,5.0
25,7,0,8,3232235828,1822.0,1.0,8.0,5.0
25,6,0,8,3232235828,5039.0,8.0,8.0,5.0
25,0,0,8,3232235828,587.0,7.0,8.0,5.0
25,8,0,8,3232235828,1241.0,1.0,8.0,5.0
50,7,0,7,3232235996,1213.0,1.0,12.0,5.0
50,6,0,7,3232235996,2402.0,2.0,12.0,5.0
50,0,0,7,3232235996,1171.0,7.0,12.0,5.0
50,8,0,7,3232235996,1109.0,1.0,12.0,5.0
34,7,0,4,3232235804,1694.0,1.0,8.0,6.0
34,6,0,4,3232235804,708.0,8.0,8.0,6.0
46,7,0,1,3232235958,958.0,1.0,8.0,6.0
46,6,0,1,3232235958,1240.0,6.0,8.0,6.0
34,0,0,4,3232235804,2921.0,5.0,8.0,6.0
46,0,0,1,3232235958,5684.0,5.0,8.0,6.0
34,8,0,4,3232235804,1057.0,1.0,8.0,6.0
46,8,0,1,3232235958,1122.0,1.0,8.0,6.0
52,7,0,7,3232235875,1700.0,1.0,8.0,6.0
52,6,0,7,3232235875,5734.0,8.0,8.0,6.0
52,0,0,7,3232235875,4887.0,7.0,8.0,6.0
52,8,0,7,3232235875,1380.0,1.0,8.0,6.0
74,7,0,4,3232235813,1421.0,1.0,10.0,6.0
74,6,0,4,3232235813,569.0,2.0,10.0,6.0
74,0,0,4,3232235813,597.0,7.0,10.0,6.0
74,8,0,4,3232235813,400.0,1.0,10.0,6.0
53,7,0,4,3232235894,1074.0,1.0,11.0,6.0
53,6,0,4,3232235894,3562.0,8.0,11.0,6.0
53,0,0,4,3232235894,2895.0,10.0,11.0,6.0
53,8,0,4,3232235894,605.0,1.0,11.0,6.0
66,7,0,7,3232235984,1855.0,1.0,11.0,0.0
66,6,0,7,3232235984,1265.0,7.0,11.0,0.0
66,0,0,7,3232235984,3606.0,7.0,11.0,0.0
66,8,0,7,3232235984,1331.0,1.0,11.0,0.0
42,7,0,0,3232235798,1033.0,1.0,11.0,0.0
42,6,0,0,3232235798,3817.0,6.0,11.0,0.0
42,0,0,0,3232235798,819.0,10.0,12.0,0.0
42,8,0,0,3232235798,331.0,1.0,12.0,0.0
43,7,0,8,3232235853,1433.0,1.0,12.0,0.0
43,6,0,8,3232235853,3985.0,9.0,12.0,0.0
43,0,0,8,3232235853,3209.0,6.0,12.0,0.0
43,8,0,8,3232235853,1129.0,1.0,12.0,0.0
24,7,0,8,3232235784,1872.0,1.0,14.0,0.0
24,6,0,8,3232235784,5363.0,9.0,14.0,0.0
24,0,0,8,3232235784,1953.0,2.0,14.0,0.0
24,8,0,8,3232235784,543.0,1.0,14.0,0.0
55,7,0,4,3232235868,1933.0,1.0,14.0,0.0
55,6,0,4,3232235868,4614.0,2.0,14.0,0.0
55,5,0,4,3232235868,849.0,5.0,14.0,0.0
55,2,0,4,3232235868,6869.0,1.0,14.0,0.0
55,9,0,4,3232235868,3222.0,5.0,14.0,0.0
55,8,0,4,3232235868,634.0,1.0,14.0,0.0
61,7,0,0,3232235875,837.0,1.0,9.0,1.0
61,6,0,0,3232235875,5422.0,7.0,9.0,1.0
61,0,0,0,3232235875,1028.0,7.0,9.0,1.0
61,8,0,0,3232235875,697.0,1.0,9.0,1.0
72,7,0,0,3232235879,1348.0,1.0,15.0,1.0
72,6,0,0,3232235879,4060.0,10.0,15.0,1.0
72,0,0,0,3232235879,2341.0,3.0,15.0,1.0
72,8,0,0,3232235879,274.0,1.0,15.0,1.0
67,7,1,4,3232235880,733.0,1.0,7.0,2.0
67,6,0,4,3232235880,2738.0,9.0,7.0,2.0
67,0,0,4,3232235880,4954.0,7.0,7.0,2.0
67,8,0,4,3232235880,1215.0,1.0,7.0,2.0
55,7,0,4,3232235868,1776.0,1.0,12.0,2.0
55,6,0,4,3232235868,719.0,5.0,12.0,2.0
55,5,0,4,3232235868,2183.0,9.0,12.0,2.0
55,2,0,4,3232235868,11443.0,9.0,12.0,2.0
55,9,0,4,3232235868,4090.0,7.0,12.0,2.0
55,8,0,4,3232235868,805.0,1.0,12.0,2.0
8,7,0,1,3232235813,1058.0,1.0,10.0,3.0
8,6,0,1,3232235813,5426.0,7.0,10.0,3.0
8,0,0,1,3232235813,5022.0,9.0,10.0,3.0
8,8,0,1,3232235813,595.0,1.0,10.0,3.0
62,7,0,4,3232236014,1470.0,1.0,12.0,3.0
62,6,0,4,3232236014,5994.0,1.0,12.0,3.0
62,0,0,4,3232236014,3287.0,7.0,12.0,3.0
62,8,0,4,3232236014,966.0,1.0,13.0,3.0
86,7,0,0,3232235930,635.0,1.0,14.0,3.0
86,6,0,0,3232235930,1174.0,8.0,14.0,3.0
86,0,0,0,3232235930,1737.0,10.0,14.0,3.0
86,8,0,0,3232235930,866.0,1.0,14.0,3.0
21,7,0,7,3232235785,1884.0,1.0,16.0,3.0
21,6,0,7,3232235785,1387.0,7.0,16.0,3.0
21,0,0,7,3232235785,2055.0,6.0,16.0,3.0
21,8,0,7,3232235785,473.0,1.0,16.0,3.0
54,7,0,4,3232235819,620.0,1.0,8.0,4.0
54,6,0,4,3232235819,3561.0,5.0,8.0,4.0
54,5,0,4,3232235819,846.0,3.0,8.0,4.0
54,2,1,4,3232235819,8107.0,4.0,8.0,4.0
54,9,0,4,3232235819,7046.0,6.0,8.0,4.0
54,8,0,4,3232235819,1313.0,1.0,8.0,4.0
45,7,0,4,3232235925,1870.0,1.0,10.0,4.0
45,6,0,4,3232235925,2743.0,2.0,10.0,4.0
45,0,0,4,3232235925,4222.0,3.0,10.0,4.0
45,8,0,4,3232235925,830.0,1.0,10.0,4.0
68,7,1,4,3232235794,797.0,1.0,13.0,4.0
68,6,0,4,3232235794,2313.0,10.0,13.0,4.0
68,0,0,4,3232235794,4053.0,5.0,13.0,4.0
68,8,0,4,3232235794,412.0,1.0,13.0,4.0
76,7,0,8,3232235915,1345.0,1.0,13.0,4.0
76,6,0,8,3232235915,872.0,3.0,13.0,4.0
76,0,0,8,3232235915,4875.0,10.0,13.0,4.0
76,8,0,8,3232235915,343.0,1.0,14.0,4.0
31,7,0,0,3232235865,1589.0,1.0,14.0,4.0
31,6,0,0,3232235865,1795.0,1.0,14.0,4.0
31,0,0,0,3232235865,1642.0,6.0,14.0,4.0
31,8,0,0,3232235865,705.0,1.0,14.0,4.0
38,7,0,4,3232235984,1198.0,1.0,15.0,4.0
38,6,0,4,3232235984,1150.0,3.0,15.0,4.0
64,7,0,4,3232235993,557.0,1.0,15.0,4.0
38,0,0,4,3232235984,2320.0,9.0,15.0,4.0
64,6,0,4,3232235993,4597.0,6.0,15.0,4.0
64,0,0,4,3232235993,5749.0,3.0,15.0,4.0
38,8,0,4,3232235984,761.0,1.0,15.0,4.0
64,8,0,4,3232235993,1400.0,1.0,15.0,4.0
44,7,0,8,3232236004,743.0,1.0,10.0,5.0
44,6,0,8,3232236004,3235.0,4.0,10.0,5.0
44,0,0,8,3232236004,4592.0,7.0,10.0,5.0
44,8,0,8,3232236004,870.0,1.0,11.0,5.0
37,7,1,4,3232235932,428.0,1.0,15.0,5.0
37,6,0,4,3232235932,5115.0,9.0,15.0,5.0
37,0,0,4,3232235932,1453.0,5.0,15.0,5.0
37,8,0,4,3232235932,506.0,1.0,15.0,5.0
23,7,0,1,3232235907,1193.0,1.0,15.0,5.0
23,6,0,1,3232235907,2750.0,9.0,15.0,5.0
23,0,0,1,3232235907,1694.0,3.0,15.0,5.0
23,8,0,1,3232235907,668.0,1.0,15.0,5.0
51,7,0,1,3232235999,1346.0,1.0,16.0,5.0
51,6,0,1,3232235999,1237.0,8.0,16.0,5.0
51,0,0,1,3232235999,5538.0,8.0,16.0,5.0
51,8,0,1,3232235999,514.0,1.0,16.0,5.0
31,7,0,0,3232235865,1224.0,1.0,16.0,5.0
31,6,0,0,3232235865,687.0,9.0,16.0,5.0
31,0,0,0,3232235865,1863.0,9.0,16.0,5.0
31,8,0,0,3232235865,1439.0,1.0,16.0,5.0
8,7,1,1,3232235813,827.0,1.0,11.0,6.0
8,6,0,1,3232235813,901.0,1.0,11.0,6.0
8,0,0,1,3232235813,829.0,5.0,12.0,6.0
8,8,0,1,3232235813,276.0,1.0,12.0,6.0
40,7,0,0,3232235915,1527.0,1.0,13.0,6.0
40,6,0,0,3232235915,3706.0,1.0,13.0,6.0
40,0,0,0,3232235915,3158.0,9.0,13.0,6.0
40,8,0,0,3232235915,1077.0,1.0,13.0,6.0
79,7,0,8,3232235880,1171.0,1.0,16.0,6.0
79,6,0,8,3232235880,5405.0,1.0,16.0,6.0
79,0,0,8,3232235880,3007.0,6.0,16.0,6.0
79,8,0,8,3232235880,1185.0,1.0,16.0,6.0
45,7,0,4,3232235925,454.0,1.0,10.0,0.0
45,6,0,4,3232235925,5644.0,8.0,10.0,0.0
45,0,0,4,3232235925,4300.0,10.0,10.0,0.0
45,8,0,4,3232235925,1386.0,1.0,10.0,0.0
64,7,0,4,3232235993,966.0,1.0,11.0,0.0
64,6,0,4,3232235993,2638.0,5.0,11.0,0.0
64,0,0,4,3232235993,841.0,9.0,11.0,0.0
64,8,0,4,3232235993,1350.0,1.0,11.0,0.0
31,7,0,0,3232235865,680.0,1.0,13.0,0.0
31,6,0,0,3232235865,1627.0,1.0,13.0,0.0
31,0,0,0,3232235865,995.0,3.0,13.0,0.0
31,8,0,0,3232235865,838.0,1.0,13.0,0.0
63,7,0,8,3232235834,1337.0,1.0,10.0,1.0
63,6,0,8,3232235834,2396.0,8.0,10.0,1.0
63,0,0,8,3232235834,4203.0,2.0,10.0,1.0
63,8,0,8,3232235834,746.0,1.0,10.0,1.0
63,7,0,8,3232235834,1640.0,1.0,11.0,1.0
63,6,0,8,3232235834,2062.0,6.0,11.0,1.0
63,0,0,8,3232235834,4085.0,9.0,11.0,1.0
63,8,0,8,3232235834,1002.0,1.0,11.0,1.0
74,7,1,4,3232235813,1589.0,1.0,12.0,1.0
74,6,0,4,3232235813,2992.0,10.0,12.0,1.0
74,0,0,4,3232235813,4288.0,9.0,12.0,1.0
74,8,0,4,3232235813,1214.0,1.0,12.0,1.0
83,7,0,7,3232235998,1734.0,1.0,15.0,1.0
83,6,0,7,3232235998,4049.0,10.0,15.0,1.0
83,0,0,7,3232235998,921.0,2.0,15.0,1.0
83,8,0,7,3232235998,734.0,1.0,15.0,1.0
66,7,0,7,3232235984,1165.0,1.0,7.0,2.0
66,6,0,7,3232235984,5793.0,9.0,7.0,2.0
66,0,0,7,3232235984,2214.0,3.0,7.0,2.0
66,8,0,7,3232235984,265.0,1.0,7.0,2.0
60,7,0,1,3232235819,1987.0,1.0,15.0,2.0
60,6,0,1,3232235819,2250.0,2.0,15.0,2.0
60,0,0,1,3232235819,1597.0,1.0,15.0,2.0
60,8,0,1,3232235819,792.0,1.0,15.0,2.0
28,7,0,8,3232235849,725.0,1.0,10.0,3.0
28,6,0,8,3232235849,1324.0,8.0,10.0,3.0
28,0,0,8,3232235849,679.0,7.0,10.0,3.0
28,8,0,8,3232235849,350.0,1.0,10.0,3.0
76,7,0,8,3232235915,1600.0,1.0,14.0,3.0
76,6,0,8,3232235915,1268.0,5.0,14.0,3.0
76,0,0,8,3232235915,2319.0,8.0,14.0,3.0
76,8,0,8,3232235915,1234.0,1.0,14.0,3.0
81,7,0,1,3232235908,1006.0,1.0,15.0,3.0
81,6,0,1,3232235908,4862.0,3.0,15.0,3.0
81,0,0,1,3232235908,4363.0,7.0,15.0,3.0
81,8,0,1,3232235908,1262.0,1.0,15.0,3.0
64,7,0,4,3232235993,828.0,1.0,16.0,3.0
64,6,0,4,3232235993,4745.0,3.0,16.0,3.0
64,0,0,4,3232235993,4584.0,8.0,16.0,3.0
64,8,0,4,3232235993,423.0,1.0,16.0,3.0
68,7,1,4,3232235794,382.0,1.0,8.0,4.0
68,6,0,4,3232235794,2195.0,2.0,8.0,4.0
68,0,0,4,3232235794,739.0,6.0,8.0,4.0
68,8,0,4,3232235794,958.0,1.0,8.0,4.0
72,7,0,0,3232235879,1220.0,1.0,9.0,4.0
72,6,0,0,3232235879,4586.0,10.0,9.0,4.0
72,0,0,0,3232235879,2365.0,10.0,9.0,4.0
72,8,0,0,3232235879,559.0,1.0,9.0,4.0
77,7,0,4,3232235969,1446.0,1.0,10.0,5.0
77,6,0,4,3232235969,1365.0,7.0,10.0,5.0
77,0,0,4,3232235969,2719.0,1.0,10.0,5.0
77,8,0,4,3232235969,615.0,1.0,10.0,5.0
46,7,1,1,3232235958,1009.0,1.0,12.0,5.0
46,6,0,1,3232235958,5594.0,8.0,12.0,5.0
46,0,0,1,3232235958,2791.0,2.0,12.0,5.0
46,8,0,1,3232235958,616.0,1.0,12.0,5.0
69,7,0,1,3232236011,1120.0,1.0,16.0,5.0
69,6,0,1,3232236011,4679.0,8.0,16.0,5.0
69,0,0,1,3232236011,1413.0,4.0,16.0,5.0
69,8,0,1,3232236011,292.0,1.0,16.0,5.0
73,7,1,0,3232235814,1227.0,1.0,7.0,6.0
73,6,0,0,3232235814,5162.0,3.0,7.0,6.0
73,0,0,0,3232235814,2231.0,1.0,7.0,6.0
73,8,0,0,3232235814,779.0,1.0,7.0,6.0
21,7,0,7,3232235785,828.0,1.0,7.0,6.0
21,6,0,7,3232235785,530.0,10.0,7.0,6.0
21,0,0,7,3232235785,2381.0,4.0,7.0,6.0
21,8,0,7,3232235785,1446.0,1.0,7.0,6.0
57,7,0,4,3232235957,1610.0,1.0,9.0,6.0
57,6,0,4,3232235957,4129.0,10.0,9.0,6.0
43,7,0,8,3232235853,787.0,1.0,9.0,6.0
43,6,0,8,3232235853,820.0,3.0,9.0,6.0
43,0,0,8,3232235853,2775.0,3.0,9.0,6.0
57,0,0,4,3232235957,4028.0,4.0,9.0,6.0
43,8,0,8,3232235853,753.0,1.0,9.0,6.0
57,8,0,4,3232235957,412.0,1.0,9.0,6.0
53,7,0,4,3232235894,424.0,1.0,9.0,6.0
53,6,0,4,3232235894,870.0,6.0,9.0,6.0
53,0,0,4,3232235894,897.0,9.0,9.0,6.0
53,8,0,4,3232235894,1452.0,1.0,9.0,6.0
23,7,0,1,3232235907,1858.0,1.0,10.0,6.0
23,6,0,1,3232235907,1965.0,3.0,10.0,6.0
23,0,0,1,3232235907,4871.0,3.0,10.0,6.0
23,8,0,1,3232235907,703.0,1.0,10.0,6.0
36,7,0,7,3232235869,1512.0,1.0,12.0,6.0
36,6,0,7,3232235869,4167.0,5.0,12.0,6.0
36,0,0,7,3232235869,2363.0,4.0,12.0,6.0
36,8,0,7,3232235869,677.0,1.0,12.0,6.0
37,7,0,4,3232235932,1036.0,1.0,12.0,6.0
37,6,0,4,3232235932,1614.0,7.0,12.0,6.0
37,0,0,4,3232235932,4502.0,4.0,12.0,6.0
37,8,0,4,3232235932,474.0,1.0,12.0,6.0
19,7,0,8,3232235800,1007.0,1.0,13.0,6.0
19,6,0,8,3232235800,4667.0,3.0,13.0,6.0
19,0,0,8,3232235800,3329.0,8.0,13.0,6.0
19,8,0,8,3232235800,464.0,1.0,13.0,6.0
67,7,0,4,3232235880,1791.0,1.0,7.0,0.0
67,6,0,4,3232235880,3255.0,6.0,7.0,0.0
67,0,0,4,3232235880,1313.0,2.0,7.0,0.0
67,8,0,4,3232235880,534.0,1.0,7.0,0.0
53,7,0,4,3232235894,424.0,1.0,15.0,0.0
53,6,0,4,3232235894,3190.0,3.0,15.0,0.0
53,0,0,4,3232235894,5214.0,10.0,15.0,0.0
53,8,0,4,3232235894,249.0,1.0,15.0,0.0
32,7,0,4,3232235817,1976.0,1.0,15.0,0.0
32,6,0,4,3232235817,5798.0,7.0,15.0,0.0
32,0,0,4,3232235817,2673.0,8.0,15.0,0.0
32,8,0,4,3232235817,518.0,1.0,16.0,0.0
59,7,0,1,3232235914,1915.0,1.0,16.0,0.0
59,6,0,1,3232235914,1717.0,3.0,16.0,0.0
59,0,0,1,3232235914,3123.0,3.0,16.0,0.0
59,8,0,1,3232235914,999.0,1.0,16.0,0.0
56,7,0,1,3232235949,1538.0,1.0,9.0,1.0
56,6,0,1,3232235949,2837.0,6.0,9.0,1.0
56,0,0,1,3232235949,2344.0,9.0,9.0,1.0
56,8,0,1,3232235949,385.0,1.0,9.0,1.0
52,7,1,7,3232235875,334.0,1.0,10.0,1.0
52,6,0,7,3232235875,1235.0,9.0,10.0,1.0
52,0,0,7,3232235875,2031.0,9.0,10.0,1.0
52,8,0,7,3232235875,1484.0,1.0,10.0,1.0
69,7,0,1,3232236011,1455.0,1.0,10.0,1.0
69,6,0,1,3232236011,1287.0,7.0,10.0,1.0
69,0,0,1,3232236011,4365.0,10.0,10.0,1.0
69,8,0,1,3232236011,601.0,1.0,10.0,1.0
83,7,0,7,3232235998,1115.0,1.0,11.0,1.0
83,6,0,7,3232235998,5798.0,4.0,11.0,1.0
83,0,0,7,3232235998,2876.0,9.0,11.0,1.0
83,8,0,7,3232235998,1474.0,1.0,11.0,1.0
39,7,0,7,3232235964,1287.0,1.0,11.0,1.0
39,6,0,7,3232235964,2741.0,9.0,11.0,1.0
39,0,0,7,3232235964,1322.0,5.0,12.0,1.0
39,8,0,7,3232235964,293.0,1.0,12.0,1.0
77,7,0,4,3232235969,729.0,1.0,13.0,1.0
77,6,0,4,3232235969,3688.0,10.0,13.0,1.0
77,0,0,4,3232235969,2714.0,9.0,13.0,1.0
77,8,0,4,3232235969,226.0,1.0,13.0,1.0
48,7,0,1,3232235975,886.0,1.0,13.0,1.0
48,6,0,1,3232235975,1396.0,9.0,13.0,1.0
48,5,0,1,3232235975,1299.0,9.0,13.0,1.0
48,2,0,1,3232235975,7113.0,2.0,13.0,1.0
48,9,0,1,3232235975,4503.0,7.0,13.0,1.0
48,8,0,1,3232235975,1121.0,1.0,13.0,1.0
53,7,0,4,3232235894,1524.0,1.0,16.0,1.0
53,6,0,4,3232235894,4039.0,6.0,16.0,1.0
53,0,0,4,3232235894,5445.0,5.0,16.0,1.0
53,8,0,4,3232235894,252.0,1.0,16.0,1.0
56,7,0,1,3232235949,1106.0,1.0,16.0,1.0
56,6,0,1,3232235949,1868.0,1.0,16.0,1.0
56,0,0,1,3232235949,4342.0,3.0,16.0,1.0
56,8,0,1,3232235949,470.0,1.0,16.0,1.0
53,7,0,4,3232235894,1061.0,1.0,8.0,2.0
53,6,0,4,3232235894,924.0,7.0,8.0,2.0
53,0,0,4,3232235894,5624.0,5.0,8.0,2.0
53,8,0,4,3232235894,679.0,1.0,8.0,2.0
47,7,0,7,3232235789,926.0,1.0,14.0,2.0
47,6,0,7,3232235789,2812.0,1.0,14.0,2.0
47,0,0,7,3232235789,899.0,7.0,14.0,2.0
47,8,0,7,3232235789,217.0,1.0,14.0,2.0
38,7,0,4,3232235984,1621.0,1.0,10.0,3.0
38,6,0,4,3232235984,4264.0,4.0,10.0,3.0
38,0,0,4,3232235984,1414.0,7.0,10.0,3.0
38,8,0,4,3232235984,594.0,1.0,10.0,3.0
37,7,0,4,3232235932,1352.0,1.0,13.0,3.0
37,6,0,4,3232235932,1877.0,8.0,13.0,3.0
37,0,0,4,3232235932,1831.0,1.0,13.0,3.0
37,8,0,4,3232235932,310.0,1.0,13.0,3.0
32,7,0,4,3232235817,1397.0,1.0,13.0,3.0
32,6,0,4,3232235817,4102.0,5.0,13.0,3.0
32,0,0,4,3232235817,3056.0,9.0,13.0,3.0
32,8,0,4,3232235817,1358.0,1.0,13.0,3.0
54,7,0,4,3232235819,1253.0,1.0,14.0,3.0
54,6,0,4,3232235819,1670.0,8.0,14.0,3.0
54,5,0,4,3232235819,1783.0,1.0,14.0,3.0
54,2,1,4,3232235819,11867.0,5.0,14.0,3.0
54,9,1,4,3232235819,6971.0,1.0,14.0,3.0
54,8,0,4,3232235819,1370.0,1.0,14.0,3.0
33,7,0,1,3232236023,1272.0,1.0,16.0,3.0
33,6,0,1,3232236023,3693.0,5.0,16.0,3.0
33,0,0,1,3232236023,5204.0,7.0,16.0,3.0
33,8,0,1,3232236023,619.0,1.0,16.0,3.0
44,7,0,8,3232236004,1207.0,1.0,8.0,4.0
44,6,0,8,3232236004,4032.0,7.0,8.0,4.0
44,0,0,8,3232236004,5339.0,1.0,8.0,4.0
44,8,0,8,3232236004,1044.0,1.0,8.0,4.0
19,7,0,8,3232235800,703.0,1.0,8.0,4.0
19,6,0,8,3232235800,5086.0,8.0,8.0,4.0
40,7,0,0,3232235915,1750.0,1.0,8.0,4.0
40,6,0,0,3232235915,917.0,5.0,8.0,4.0
19,0,0,8,3232235800,1175.0,7.0,8.0,4.0
40,0,0,0,3232235915,5507.0,9.0,8.0,4.0
40,8,0,0,3232235915,1068.0,1.0,8.0,4.0
19,8,0,8,3232235800,688.0,1.0,8.0,4.0
18,7,0,7,3232235951,413.0,1.0,10.0,4.0
18,6,0,7,3232235951,3071.0,10.0,10.0,4.0
18,0,0,7,3232235951,2941.0,2.0,10.0,4.0
18,8,0,7,3232235951,1033.0,1.0,10.0,4.0
8,7,0,1,3232235813,1180.0,1.0,10.0,4.0
8,6,0,1,3232235813,2941.0,6.0,10.0,4.0
8,0,0,1,3232235813,1755.0,9.0,10.0,4.0
8,8,0,1,3232235813,1444.0,1.0,10.0,4.0
69,7,0,1,3232236011,1133.0,1.0,12.0,4.0
69,6,0,1,3232236011,3079.0,1.0,12.0,4.0
69,0,0,1,3232236011,3885.0,10.0,12.0,4.0
69,8,0,1,3232236011,465.0,1.0,12.0,4.0
32,7,0,4,3232235817,674.0,1.0,12.0,4.0
32,6,0,4,3232235817,1164.0,10.0,12.0,4.0
32,0,0,4,3232235817,3090.0,5.0,12.0,4.0
32,8,0,4,3232235817,263.0,1.0,12.0,4.0
63,7,0,8,3232235834,1436.0,1.0,14.0,4.0
63,6,0,8,3232235834,3632.0,3.0,14.0,4.0
63,0,0,8,3232235834,3210.0,1.0,14.0,4.0
63,8,0,8,3232235834,1336.0,1.0,14.0,4.0
62,7,0,4,3232236014,1761.0,1.0,15.0,4.0
62,6,0,4,3232236014,1827.0,10.0,15.0,4.0
62,0,0,4,3232236014,846.0,2.0,15.0,4.0
62,8,0,4,3232236014,972.0,1.0,15.0,4.0
86,7,0,0,3232235930,1635.0,1.0,7.0,5.0
86,6,0,0,3232235930,1818.0,5.0,7.0,5.0
86,0,0,0,3232235930,4207.0,4.0,7.0,5.0
86,8,0,0,3232235930,384.0,1.0,7.0,5.0
80,7,0,4,3232235834,706.0,1.0,9.0,5.0
80,6,0,4,3232235834,1344.0,9.0,9.0,5.0
80,0,0,4,3232235834,5506.0,3.0,9.0,5.0
80,8,0,4,3232235834,586.0,1.0,9.0,5.0
28,7,0,8,3232235849,1932.0,1.0,10.0,5.0
28,6,0,8,3232235849,3204.0,10.0,10.0,5.0
28,0,0,8,3232235849,5351.0,10.0,10.0,5.0
28,8,0,8,3232235849,767.0,1.0,10.0,5.0
47,7,0,7,3232235789,406.0,1.0,16.0,5.0
47,6,0,7,3232235789,3011.0,5.0,16.0,5.0
47,0,0,7,3232235789,4177.0,7.0,16.0,5.0
47,8,0,7,3232235789,891.0,1.0,16.0,5.0
55,7,0,4,3232235868,402.0,1.0,8.0,6.0
55,6,0,4,3232235868,649.0,5.0,8.0,6.0
55,5,0,4,3232235868,665.0,5.0,8.0,6.0
55,2,0,4,3232235868,2769.0,1.0,8.0,6.0
55,9,0,4,3232235868,8539.0,2.0,8.0,6.0
55,8,0,4,3232235868,1360.0,1.0,8.0,6.0
73,7,0,0,3232235814,1181.0,1.0,9.0,6.0
73,6,0,0,3232235814,5908.0,1.0,9.0,6.0
73,0,0,0,3232235814,908.0,5.0,9.0,6.0
73,8,0,0,3232235814,482.0,1.0,9.0,6.0
38,7,0,4,3232235984,1781.0,1.0,9.0,6.0
38,6,0,4,3232235984,526.0,7.0,9.0,6.0
38,0,0,4,3232235984,1051.0,8.0,9.0,6.0
38,8,0,4,3232235984,1342.0,1.0,9.0,6.0
57,7,0,4,3232235957,1522.0,1.0,9.0,6.0
57,6,0,4,3232235957,3032.0,4.0,10.0,6.0
57,0,0,4,3232235957,5019.0,4.0,10.0,6.0
57,8,0,4,3232235957,266.0,1.0,10.0,6.0
85,7,0,1,3232235980,814.0,1.0,10.0,6.0
85,6,0,1,3232235980,1256.0,7.0,10.0,6.0
85,5,0,1,3232235980,2766.0,1.0,10.0,6.0
85,2,1,1,3232235980,1558.0,6.0,10.0,6.0
85,9,0,1,3232235980,3143.0,5.0,10.0,6.0
85,8,0,1,3232235980,530.0,1.0,10.0,6.0
55,7,0,4,3232235868,1226.0,1.0,12.0,6.0
55,6,0,4,3232235868,1004.0,1.0,12.0,6.0
55,5,0,4,3232235868,6274.0,6.0,12.0,6.0
55,2,0,4,3232235868,11609.0,8.0,12.0,6.0
55,9,0,4,3232235868,7013.0,9.0,12.0,6.0
55,8,0,4,3232235868,625.0,1.0,13.0,6.0
23,7,0,1,3232235907,1215.0,1.0,15.0,6.0
23,6,0,1,3232235907,3666.0,1.0,15.0,6.0
23,0,0,1,3232235907,2914.0,3.0,15.0,6.0
23,8,0,1,3232235907,1395.0,1.0,15.0,6.0
31,7,0,0,3232235865,834.0,1.0,16.0,6.0
31,6,0,0,3232235865,5675.0,1.0,16.0,6.0
31,0,0,0,3232235865,2317.0,5.0,16.0,6.0
31,8,0,0,3232235865,266.0,1.0,16.0,6.0
40,7,0,0,3232235915,364.0,1.0,7.0,0.0
40,6,0,0,3232235915,5957.0,4.0,7.0,0.0
40,0,0,0,3232235915,4426.0,5.0,7.0,0.0
40,8,0,0,3232235915,443.0,1.0,7.0,0.0
73,7,0,0,3232235814,932.0,1.0,9.0,0.0
73,6,0,0,3232235814,2740.0,10.0,9.0,0.0
73,0,0,0,3232235814,4418.0,4.0,9.0,0.0
73,8,0,0,3232235814,1213.0,1.0,9.0,0.0
28,7,0,8,3232235849,604.0,1.0,14.0,0.0
28,6,0,8,3232235849,4706.0,9.0,14.0,0.0
28,0,0,8,3232235849,4602.0,9.0,14.0,0.0
28,8,0,8,3232235849,401.0,1.0,14.0,0.0
57,7,0,4,3232235957,685.0,1.0,15.0,0.0
57,6,0,4,3232235957,1548.0,4.0,15.0,0.0
57,0,0,4,3232235957,2694.0,8.0,15.0,0.0
57,8,0,4,3232235957,1197.0,1.0,15.0,0.0
65,7,0,7,3232235836,500.0,1.0,15.0,0.0
65,6,0,7,3232235836,4986.0,4.0,15.0,0.0
65,0,0,7,3232235836,3504.0,7.0,15.0,0.0
65,8,0,7,3232235836,943.0,1.0,15.0,0.0
59,7,0,1,3232235914,751.0,1.0,15.0,0.0
59,6,0,1,3232235914,5409.0,1.0,15.0,0.0
59,0,0,1,3232235914,562.0,4.0,15.0,0.0
59,8,0,1,3232235914,817.0,1.0,15.0,0.0
21,7,0,7,3232235785,594.0,1.0,13.0,1.0
21,6,0,7,3232235785,3704.0,3.0,13.0,1.0
21,0,0,7,3232235785,2714.0,8.0,13.0,1.0
21,8,0,7,3232235785,811.0,1.0,13.0,1.0
32,7,0,4,3232235817,1734.0,1.0,13.0,1.0
32,6,0,4,3232235817,3366.0,7.0,13.0,1.0
32,0,0,4,3232235817,1040.0,1.0,13.0,1.0
32,8,0,4,3232235817,639.0,1.0,13.0,1.0
81,7,1,1,3232235908,570.0,1.0,14.0,1.0
81,6,0,1,3232235908,805.0,4.0,14.0,1.0
81,0,0,1,3232235908,583.0,1.0,14.0,1.0
81,8,0,1,3232235908,818.0,1.0,14.0,1.0
54,7,0,4,3232235819,1831.0,1.0,8.0,2.0
54,6,0,4,3232235819,5750.0,6.0,8.0,2.0
54,5,0,4,3232235819,6555.0,1.0,8.0,2.0
54,2,0,4,3232235819,10253.0,1.0,8.0,2.0
54,9,0,4,3232235819,1773.0,5.0,8.0,2.0
54,8,0,4,3232235819,988.0,1.0,8.0,2.0
81,7,0,1,3232235908,1807.0,1.0,10.0,2.0
81,6,0,1,3232235908,5572.0,10.0,10.0,2.0
81,0,0,1,3232235908,4250.0,10.0,10.0,2.0
81,8,0,1,3232235908,959.0,1.0,10.0,2.0
37,7,0,4,3232235932,1857.0,1.0,10.0,2.0
37,6,0,4,3232235932,4513.0,9.0,10.0,2.0
37,0,0,4,3232235932,3272.0,2.0,10.0,2.0
37,8,0,4,3232235932,927.0,1.0,10.0,2.0
28,7,0,8,3232235849,1733.0,1.0,13.0,2.0
28,6,0,8,3232235849,1994.0,8.0,13.0,2.0
28,0,0,8,3232235849,4079.0,3.0,13.0,2.0
28,8,0,8,3232235849,481.0,1.0,13.0,2.0
86,7,0,0,3232235930,1176.0,1.0,15.0,2.0
86,6,0,0,3232235930,3281.0,4.0,15.0,2.0
86,0,0,0,3232235930,5252.0,4.0,15.0,2.0
86,8,0,0,3232235930,1381.0,1.0,15.0,2.0
45,7,0,4,3232235925,1154.0,1.0,16.0,2.0
45,6,0,4,3232235925,5101.0,2.0,16.0,2.0
45,0,0,4,3232235925,1692.0,1.0,16.0,2.0
45,8,0,4,3232235925,956.0,1.0,16.0,2.0
82,7,1,0,3232235801,310.0,1.0,7.0,3.0
82,6,0,0,3232235801,2089.0,6.0,7.0,3.0
82,0,0,0,3232235801,2944.0,4.0,7.0,3.0
82,8,0,0,3232235801,1176.0,1.0,7.0,3.0
38,7,0,4,3232235984,1674.0,1.0,8.0,3.0
38,6,0,4,3232235984,5362.0,3.0,8.0,3.0
38,0,0,4,3232235984,4476.0,7.0,8.0,3.0
38,8,0,4,3232235984,679.0,1.0,8.0,3.0
46,7,0,1,3232235958,717.0,1.0,9.0,3.0
46,6,0,1,3232235958,5836.0,4.0,9.0,3.0
77,7,0,4,3232235969,505.0,1.0,9.0,3.0
46,0,0,1,3232235958,5664.0,1.0,9.0,3.0
77,6,0,4,3232235969,1295.0,7.0,9.0,3.0
77,0,0,4,3232235969,2502.0,4.0,9.0,3.0
46,8,0,1,3232235958,1129.0,1.0,9.0,3.0
77,8,0,4,3232235969,558.0,1.0,9.0,3.0
73,7,0,0,3232235814,1345.0,1.0,10.0,3.0
73,6,0,0,3232235814,2320.0,4.0,10.0,3.0
73,0,0,0,3232235814,1522.0,9.0,10.0,3.0
73,8,0,0,3232235814,645.0,1.0,10.0,3.0
83,7,1,7,3232235998,1610.0,1.0,12.0,3.0
83,6,0,7,3232235998,581.0,6.0,12.0,3.0
83,0,0,7,3232235998,1900.0,2.0,12.0,3.0
83,8,0,7,3232235998,264.0,1.0,12.0,3.0
23,7,0,1,3232235907,1050.0,1.0,9.0,4.0
23,6,0,1,3232235907,4229.0,10.0,9.0,4.0
23,0,0,1,3232235907,2985.0,3.0,9.0,4.0
23,8,0,1,3232235907,296.0,1.0,9.0,4.0
33,7,0,1,3232236023,1006.0,1.0,15.0,4.0
33,6,0,1,3232236023,5146.0,8.0,16.0,4.0
33,0,0,1,3232236023,1621.0,6.0,16.0,4.0
33,8,0,1,3232236023,438.0,1.0,16.0,4.0
28,7,0,8,3232235849,455.0,1.0,16.0,4.0
28,6,0,8,3232235849,1008.0,9.0,16.0,4.0
28,0,0,8,3232235849,5720.0,4.0,16.0,4.0
28,8,0,8,3232235849,688.0,1.0,16.0,4.0
75,7,0,1,3232235968,607.0,1.0,7.0,5.0
75,6,0,1,3232235968,1370.0,10.0,7.0,5.0
75,0,0,1,3232235968,2232.0,6.0,7.0,5.0
75,8,0,1,3232235968,1246.0,1.0,7.0,5.0
69,7,0,1,3232236011,835.0,1.0,9.0,5.0
69,6,0,1,3232236011,949.0,4.0,9.0,5.0
69,0,0,1,3232236011,4747.0,10.0,9.0,5.0
69,8,0,1,3232236011,912.0,1.0,9.0,5.0
37,7,0,4,3232235932,921.0,1.0,15.0,5.0
37,6,0,4,3232235932,2333.0,4.0,15.0,5.0
37,0,0,4,3232235932,5985.0,8.0,15.0,5.0
37,8,0,4,3232235932,674.0,1.0,15.0,5.0
82,7,1,0,3232235801,1133.0,1.0,15.0,5.0
82,6,0,0,3232235801,1072.0,6.0,15.0,5.0
82,0,0,0,3232235801,3855.0,9.0,15.0,5.0
82,8,0,0,3232235801,1023.0,1.0,15.0,5.0
85,7,0,1,3232235980,421.0,1.0,16.0,5.0
85,6,0,1,3232235980,1226.0,5.0,16.0,5.0
85,5,0,1,3232235980,2783.0,8.0,16.0,5.0
85,2,0,1,3232235980,6067.0,4.0,16.0,5.0
85,9,0,1,3232235980,3157.0,9.0,16.0,5.0
85,8,0,1,3232235980,424.0,1.0,16.0,5.0
26,7,0,8,3232235885,1625.0,1.0,8.0,6.0
26,6,0,8,3232235885,1139.0,2.0,8.0,6.0
26,0,0,8,3232235885,4551.0,1.0,8.0,6.0
26,8,0,8,3232235885,635.0,1.0,8.0,6.0
80,7,0,4,3232235834,1585.0,1.0,8.0,6.0
80,6,0,4,3232235834,678.0,1.0,8.0,6.0
80,0,0,4,3232235834,5386.0,10.0,8.0,6.0
80,8,0,4,3232235834,1105.0,1.0,8.0,6.0
56,7,1,1,3232235949,1752.0,1.0,10.0,6.0
56,6,0,1,3232235949,5701.0,7.0,10.0,6.0
56,0,0,1,3232235949,1720.0,10.0,10.0,6.0
56,8,0,1,3232235949,614.0,1.0,10.0,6.0
34,7,0,4,3232235804,969.0,1.0,10.0,6.0
34,6,0,4,3232235804,1053.0,8.0,10.0,6.0
34,0,0,4,3232235804,4812.0,9.0,10.0,6.0
34,8,0,4,3232235804,582.0,1.0,10.0,6.0
42,7,0,0,3232235798,1148.0,1.0,11.0,6.0
42,6,0,0,3232235798,3877.0,3.0,11.0,6.0
42,0,0,0,3232235798,4748.0,10.0,11.0,6.0
42,8,0,0,3232235798,1018.0,1.0,11.0,6.0
77,7,0,4,3232235969,304.0,1.0,11.0,6.0
77,6,0,4,3232235969,5821.0,7.0,12.0,6.0
77,0,0,4,3232235969,2204.0,4.0,12.0,6.0
77,8,0,4,3232235969,950.0,1.0,12.0,6.0
62,7,0,4,3232236014,1886.0,1.0,12.0,6.0
62,6,0,4,3232236014,1538.0,5.0,12.0,6.0
62,0,0,4,3232236014,2230.0,7.0,12.0,6.0
62,8,0,4,3232236014,334.0,1.0,12.0,6.0
31,7,0,0,3232235865,1531.0,1.0,8.0,0.0
31,6,0,0,3232235865,684.0,4.0,8.0,0.0
31,0,0,0,3232235865,2874.0,5.0,8.0,0.0
31,8,0,0,3232235865,999.0,1.0,8.0,0.0
73,7,0,0,3232235814,886.0,1.0,10.0,0.0
73,6,0,0,3232235814,2719.0,8.0,10.0,0.0
73,0,0,0,3232235814,4032.0,1.0,10.0,0.0
73,8,0,0,3232235814,1109.0,1.0,10.0,0.0
36,7,0,7,3232235869,1601.0,1.0,11.0,0.0
36,6,0,7,3232235869,5203.0,8.0,11.0,0.0
36,0,0,7,3232235869,1161.0,9.0,11.0,0.0
36,8,0,7,3232235869,1478.0,1.0,11.0,0.0
35,7,1,7,3232235875,1256.0,1.0,12.0,0.0
35,6,0,7,3232235875,1394.0,10.0,13.0,0.0
35,0,0,7,3232235875,5520.0,2.0,13.0,0.0
35,8,0,7,3232235875,1021.0,1.0,13.0,0.0
26,7,0,8,3232235885,865.0,1.0,9.0,1.0
26,6,0,8,3232235885,1452.0,4.0,9.0,1.0
26,0,0,8,3232235885,4266.0,3.0,9.0,1.0
26,8,0,8,3232235885,1150.0,1.0,9.0,1.0
19,7,0,8,3232235800,489.0,1.0,15.0,1.0
19,6,0,8,3232235800,2845.0,3.0,15.0,1.0
19,0,0,8,3232235800,3648.0,3.0,15.0,1.0
19,8,0,8,3232235800,818.0,1.0,15.0,1.0
61,7,0,0,3232235875,404.0,1.0,15.0,1.0
61,6,0,0,3232235875,5219.0,8.0,15.0,1.0
61,0,0,0,3232235875,3712.0,5.0,15.0,1.0
61,8,0,0,3232235875,1120.0,1.0,15.0,1.0
66,7,0,7,3232235984,1643.0,1.0,11.0,3.0
66,6,0,7,3232235984,2216.0,10.0,11.0,3.0
66,0,0,7,3232235984,1700.0,1.0,11.0,3.0
66,8,0,7,3232235984,266.0,1.0,11.0,3.0
82,7,0,0,3232235801,1800.0,1.0,13.0,3.0
82,6,0,0,3232235801,4311.0,10.0,13.0,3.0
82,0,0,0,3232235801,4408.0,2.0,13.0,3.0
82,8,0,0,3232235801,402.0,1.0,13.0,3.0
39,7,0,7,3232235964,1129.0,1.0,13.0,3.0
39,6,0,7,3232235964,1547.0,4.0,13.0,3.0
39,0,0,7,3232235964,2286.0,2.0,13.0,3.0
39,8,0,7,3232235964,325.0,1.0,13.0,3.0
64,7,0,4,3232235993,1559.0,1.0,14.0,3.0
64,6,0,4,3232235993,4525.0,1.0,14.0,3.0
64,0,0,4,3232235993,4595.0,6.0,14.0,3.0
64,8,0,4,3232235993,919.0,1.0,14.0,3.0
82,7,0,0,3232235801,998.0,1.0,16.0,3.0
82,6,0,0,3232235801,4277.0,9.0,16.0,3.0
82,0,0,0,3232235801,4527.0,2.0,16.0,3.0
82,8,0,0,3232235801,1251.0,1.0,16.0,3.0
57,7,0,4,3232235957,441.0,1.0,7.0,4.0
57,6,0,4,3232235957,4108.0,8.0,7.0,4.0
57,0,0,4,3232235957,4638.0,5.0,7.0,4.0
57,8,0,4,3232235957,1253.0,1.0,7.0,4.0
26,7,0,8,3232235885,403.0,1.0,7.0,4.0
26,6,0,8,3232235885,5238.0,7.0,7.0,4.0
26,0,0,8,3232235885,3876.0,5.0,7.0,4.0
26,8,0,8,3232235885,938.0,1.0,7.0,4.0
63,7,1,8,3232235834,1598.0,1.0,10.0,4.0
63,6,0,8,3232235834,3636.0,1.0,10.0,4.0
63,0,0,8,3232235834,1377.0,10.0,10.0,4.0
63,8,0,8,3232235834,380.0,1.0,10.0,4.0
51,7,0,1,3232235999,439.0,1.0,14.0,4.0
51,6,0,1,3232235999,3106.0,3.0,14.0,4.0
51,0,0,1,3232235999,3097.0,3.0,14.0,4.0
51,8,0,1,3232235999,1247.0,1.0,14.0,4.0
6,7,1,4,3232235840,894.0,1.0,13.0,5.0
6,6,0,4,3232235840,3476.0,7.0,13.0,5.0
6,5,0,4,3232235840,6667.0,7.0,13.0,5.0
6,2,1,4,3232235840,2045.0,6.0,13.0,5.0
6,9,0,4,3232235840,1598.0,4.0,13.0,5.0
6,8,0,4,3232235840,707.0,1.0,13.0,5.0
41,7,0,7,3232236027,608.0,1.0,14.0,5.0
41,6,0,7,3232236027,3254.0,7.0,14.0,5.0
41,0,0,7,3232236027,2570.0,10.0,14.0,5.0
41,8,0,7,3232236027,929.0,1.0,14.0,5.0
60,7,1,1,3232235819,630.0,1.0,15.0,5.0
60,6,0,1,3232235819,3098.0,10.0,15.0,5.0
60,0,0,1,3232235819,3966.0,4.0,15.0,5.0
60,8,0,1,3232235819,1219.0,1.0,15.0,5.0
24,7,0,8,3232235784,1975.0,1.0,7.0,6.0
24,6,0,8,3232235784,5006.0,4.0,7.0,6.0
24,0,0,8,3232235784,4872.0,8.0,7.0,6.0
24,8,0,8,3232235784,787.0,1.0,7.0,6.0
43,7,0,8,3232235853,982.0,1.0,11.0,6.0
43,6,0,8,3232235853,3072.0,6.0,11.0,6.0
43,0,0,8,3232235853,4564.0,2.0,11.0,6.0
43,8,0,8,3232235853,1003.0,1.0,11.0,6.0
68,7,0,4,3232235794,571.0,1.0,15.0,6.0
68,6,0,4,3232235794,4635.0,8.0,15.0,6.0
68,0,0,4,3232235794,4185.0,8.0,15.0,6.0
68,8,0,4,3232235794,505.0,1.0,15.0,6.0
77,7,0,4,3232235969,1498.0,1.0,8.0,0.0
77,6,0,4,3232235969,1499.0,2.0,8.0,0.0
77,0,0,4,3232235969,4757.0,3.0,8.0,0.0
77,8,0,4,3232235969,312.0,1.0,8.0,0.0
28,7,0,8,3232235849,691.0,1.0,11.0,0.0
28,6,0,8,3232235849,1431.0,9.0,12.0,0.0
28,0,0,8,3232235849,5862.0,1.0,12.0,0.0
28,8,0,8,3232235849,394.0,1.0,12.0,0.0
6,7,0,4,3232235840,359.0,1.0,12.0,0.0
6,6,0,4,3232235840,3027.0,6.0,12.0,0.0
6,5,0,4,3232235840,2308.0,4.0,12.0,0.0
6,2,0,4,3232235840,9797.0,10.0,12.0,0.0
6,9,0,4,3232235840,1473.0,7.0,12.0,0.0
75,7,0,1,3232235968,1366.0,1.0,12.0,0.0
6,8,0,4,3232235840,467.0,1.0,12.0,0.0
75,6,0,1,3232235968,2575.0,8.0,12.0,0.0
75,0,0,1,3232235968,5730.0,5.0,12.0,0.0
75,8,0,1,3232235968,606.0,1.0,12.0,0.0
8,7,1,1,3232235813,622.0,1.0,14.0,0.0
8,6,0,1,3232235813,1081.0,1.0,14.0,0.0
8,0,0,1,3232235813,2231.0,7.0,14.0,0.0
8,8,0,1,3232235813,1209.0,1.0,14.0,0.0
86,7,0,0,3232235930,1636.0,1.0,9.0,1.0
86,6,0,0,3232235930,1219.0,9.0,9.0,1.0
86,0,0,0,3232235930,2603.0,1.0,9.0,1.0
86,8,0,0,3232235930,373.0,1.0,9.0,1.0
18,7,0,7,3232235951,1869.0,1.0,10.0,1.0
18,6,0,7,3232235951,562.0,7.0,10.0,1.0
18,0,0,7,3232235951,2869.0,2.0,10.0,1.0
18,8,0,7,3232235951,936.0,1.0,10.0,1.0
70,7,0,8,3232236002,1355.0,1.0,10.0,1.0
70,6,0,8,3232236002,4985.0,3.0,10.0,1.0
70,0,0,8,3232236002,652.0,9.0,10.0,1.0
70,8,0,8,3232236002,582.0,1.0,10.0,1.0
22,7,0,7,3232235833,1037.0,1.0,10.0,1.0
22,6,0,7,3232235833,1341.0,6.0,10.0,1.0
22,0,0,7,3232235833,1616.0,7.0,10.0,1.0
22,8,0,7,3232235833,462.0,1.0,10.0,1.0
66,7,0,7,3232235984,662.0,1.0,8.0,2.0
66,6,0,7,3232235984,1318.0,2.0,8.0,2.0
66,0,0,7,3232235984,3551.0,9.0,8.0,2.0
66,8,0,7,3232235984,714.0,1.0,8.0,2.0
84,7,0,7,3232235817,1101.0,1.0,8.0,2.0
84,1,0,7,3232235817,2530.0,2.0,8.0,2.0
84,4,0,7,3232235817,7826.0,4.0,8.0,2.0
84,3,0,7,3232235817,4901.0,1.0,8.0,2.0
84,8,0,7,3232235817,846.0,1.0,8.0,2.0
26,7,0,8,3232235885,941.0,1.0,9.0,2.0
26,6,0,8,3232235885,3179.0,9.0,9.0,2.0
26,0,0,8,3232235885,2686.0,3.0,9.0,2.0
26,8,0,8,3232235885,1146.0,1.0,9.0,2.0
67,7,0,4,3232235880,1813.0,1.0,11.0,2.0
67,6,0,4,3232235880,2731.0,10.0,11.0,2.0
67,0,0,4,3232235880,3994.0,10.0,11.0,2.0
67,8,0,4,3232235880,581.0,1.0,11.0,2.0
59,7,0,1,3232235914,421.0,1.0,11.0,2.0
59,6,0,1,3232235914,5553.0,1.0,11.0,2.0
70,7,0,8,3232236002,1858.0,1.0,11.0,2.0
59,0,0,1,3232235914,5922.0,7.0,11.0,2.0
59,8,0,1,3232235914,422.0,1.0,11.0,2.0
70,6,0,8,3232236002,1938.0,9.0,11.0,2.0
70,0,0,8,3232236002,4608.0,3.0,12.0,2.0
70,8,0,8,3232236002,1290.0,1.0,12.0,2.0
66,7,0,7,3232235984,582.0,1.0,12.0,2.0
66,6,0,7,3232235984,1466.0,8.0,12.0,2.0
66,0,0,7,3232235984,980.0,5.0,12.0,2.0
66,8,0,7,3232235984,1348.0,1.0,12.0,2.0
1,7,0,7,3232235784,886.0,1.0,13.0,2.0
1,1,0,7,3232235784,3972.0,4.0,13.0,2.0
1,4,0,7,3232235784,3905.0,3.0,13.0,2.0
1,3,0,7,3232235784,5149.0,8.0,13.0,2.0
1,8,0,7,3232235784,1097.0,1.0,13.0,2.0
63,7,0,8,3232235834,1432.0,1.0,13.0,2.0
63,6,0,8,3232235834,551.0,10.0,14.0,2.0
63,0,0,8,3232235834,1655.0,8.0,14.0,2.0
63,8,0,8,3232235834,1114.0,1.0,14.0,2.0
76,7,0,8,3232235915,1303.0,1.0,14.0,2.0
76,6,0,8,3232235915,2109.0,3.0,14.0,2.0
76,0,0,8,3232235915,1100.0,8.0,14.0,2.0
76,8,0,8,3232235915,916.0,1.0,14.0,2.0
43,7,0,8,3232235853,728.0,1.0,7.0,3.0
43,6,0,8,3232235853,5920.0,2.0,7.0,3.0
43,0,0,8,3232235853,748.0,2.0,7.0,3.0
43,8,0,8,3232235853,862.0,1.0,7.0,3.0
45,7,0,4,3232235925,720.0,1.0,9.0,3.0
45,6,0,4,3232235925,5952.0,6.0,9.0,3.0
45,0,0,4,3232235925,3316.0,3.0,9.0,3.0
45,8,0,4,3232235925,963.0,1.0,9.0,3.0
37,7,1,4,3232235932,942.0,1.0,14.0,3.0
37,6,0,4,3232235932,704.0,1.0,14.0,3.0
37,0,0,4,3232235932,3636.0,3.0,14.0,3.0
37,8,0,4,3232235932,885.0,1.0,14.0,3.0
20,7,0,8,3232235886,491.0,1.0,15.0,3.0
20,6,0,8,3232235886,5561.0,10.0,15.0,3.0
20,0,0,8,3232235886,2323.0,9.0,15.0,3.0
20,8,0,8,3232235886,760.0,1.0,15.0,3.0
55,7,0,4,3232235868,1815.0,1.0,9.0,4.0
55,6,0,4,3232235868,1554.0,3.0,9.0,4.0
55,5,0,4,3232235868,1619.0,5.0,9.0,4.0
55,2,0,4,3232235868,2112.0,1.0,9.0,4.0
55,9,0,4,3232235868,6234.0,4.0,9.0,4.0
55,8,0,4,3232235868,1402.0,1.0,9.0,4.0
51,7,0,1,3232235999,1363.0,1.0,10.0,4.0
51,6,0,1,3232235999,5211.0,10.0,10.0,4.0
51,0,0,1,3232235999,3075.0,2.0,10.0,4.0
51,8,0,1,3232235999,911.0,1.0,10.0,4.0
51,7,0,1,3232235999,1757.0,1.0,10.0,4.0
51,6,0,1,3232235999,5012.0,4.0,10.0,4.0
51,0,0,1,3232235999,1829.0,7.0,10.0,4.0
51,8,0,1,3232235999,770.0,1.0,10.0,4.0
69,7,0,1,3232236011,1729.0,1.0,15.0,4.0
69,6,0,1,3232236011,3638.0,8.0,15.0,4.0
23,7,0,1,3232235907,354.0,1.0,15.0,4.0
69,0,0,1,3232236011,5405.0,4.0,15.0,4.0
69,8,0,1,3232236011,569.0,1.0,15.0,4.0
23,6,0,1,3232235907,2357.0,10.0,15.0,4.0
23,0,0,1,3232235907,1511.0,4.0,15.0,4.0
23,8,0,1,3232235907,1015.0,1.0,15.0,4.0
56,7,0,1,3232235949,691.0,1.0,8.0,5.0
56,6,0,1,3232235949,4172.0,7.0,9.0,5.0
56,0,0,1,3232235949,4746.0,4.0,9.0,5.0
56,8,0,1,3232235949,507.0,1.0,9.0,5.0
28,7,0,8,3232235849,744.0,1.0,11.0,5.0
28,6,0,8,3232235849,1409.0,4.0,11.0,5.0
28,0,0,8,3232235849,3893.0,8.0,11.0,5.0
28,8,0,8,3232235849,795.0,1.0,11.0,5.0
70,7,0,8,3232236002,1221.0,1.0,14.0,5.0
70,6,0,8,3232236002,1543.0,8.0,14.0,5.0
70,0,0,8,3232236002,5537.0,9.0,14.0,5.0
70,8,0,8,3232236002,1032.0,1.0,14.0,5.0
85,7,0,1,3232235980,1976.0,1.0,16.0,5.0
85,6,0,1,3232235980,2193.0,8.0,16.0,5.0
85,5,0,1,3232235980,2795.0,4.0,16.0,5.0
85,2,0,1,3232235980,6842.0,7.0,17.0,5.0
85,9,0,1,3232235980,8510.0,1.0,17.0,5.0
85,8,0,1,3232235980,464.0,1.0,17.0,5.0
36,7,0,7,3232235869,388.0,1.0,7.0,6.0
36,6,0,7,3232235869,4032.0,5.0,7.0,6.0
36,0,0,7,3232235869,2832.0,1.0,7.0,6.0
36,8,0,7,3232235869,684.0,1.0,7.0,6.0
27,7,0,1,3232235892,1629.0,1.0,9.0,6.0
27,6,0,1,3232235892,1927.0,9.0,9.0,6.0
27,0,0,1,3232235892,5527.0,6.0,9.0,6.0
27,8,0,1,3232235892,657.0,1.0,9.0,6.0
30,7,0,1,3232235956,1886.0,1.0,9.0,6.0
30,6,0,1,3232235956,1929.0,7.0,9.0,6.0
30,0,0,1,3232235956,5915.0,1.0,9.0,6.0
30,8,0,1,3232235956,1241.0,1.0,9.0,6.0
74,7,0,4,3232235813,1138.0,1.0,10.0,6.0
74,6,0,4,3232235813,851.0,6.0,10.0,6.0
74,0,0,4,3232235813,1519.0,1.0,10.0,6.0
74,8,0,4,3232235813,586.0,1.0,10.0,6.0
55,7,1,4,3232235868,1360.0,1.0,11.0,6.0
55,6,0,4,3232235868,2781.0,5.0,11.0,6.0
55,5,0,4,3232235868,5396.0,7.0,11.0,6.0
55,2,0,4,3232235868,4585.0,10.0,11.0,6.0
55,9,0,4,3232235868,3281.0,5.0,11.0,6.0
55,8,0,4,3232235868,589.0,1.0,11.0,6.0
82,7,0,0,3232235801,1047.0,1.0,11.0,6.0
82,6,0,0,3232235801,744.0,8.0,11.0,6.0
82,0,0,0,3232235801,5064.0,7.0,11.0,6.0
82,8,0,0,3232235801,1327.0,1.0,11.0,6.0
23,7,0,1,3232235907,1597.0,1.0,13.0,6.0
47,7,0,7,3232235789,1135.0,1.0,13.0,6.0
23,6,0,1,3232235907,5051.0,3.0,13.0,6.0
23,0,0,1,3232235907,1322.0,5.0,13.0,6.0
47,6,0,7,3232235789,3226.0,7.0,13.0,6.0
47,0,0,7,3232235789,554.0,8.0,13.0,6.0
47,8,0,7,3232235789,1220.0,1.0,13.0,6.0
23,8,0,1,3232235907,821.0,1.0,13.0,6.0
25,7,0,8,3232235828,1330.0,1.0,13.0,6.0
25,6,0,8,3232235828,2749.0,9.0,13.0,6.0
25,0,0,8,3232235828,4246.0,5.0,13.0,6.0
25,8,0,8,3232235828,378.0,1.0,13.0,6.0
28,7,0,8,3232235849,1362.0,1.0,15.0,6.0
28,6,0,8,3232235849,2272.0,7.0,15.0,6.0
28,0,0,8,3232235849,4518.0,1.0,15.0,6.0
28,8,0,8,3232235849,830.0,1.0,15.0,6.0
29,7,0,7,3232235972,822.0,1.0,7.0,0.0
29,6,0,7,3232235972,3835.0,5.0,7.0,0.0
29,0,0,7,3232235972,836.0,4.0,7.0,0.0
29,8,0,7,3232235972,880.0,1.0,7.0,0.0
85,7,0,1,3232235980,1700.0,1.0,7.0,0.0
85,6,0,1,3232235980,4218.0,10.0,7.0,0.0
85,5,0,1,3232235980,2174.0,2.0,8.0,0.0
85,2,0,1,3232235980,8070.0,3.0,8.0,0.0
85,9,1,1,3232235980,6861.0,1.0,8.0,0.0
85,8,0,1,3232235980,875.0,1.0,8.0,0.0
63,7,0,8,3232235834,537.0,1.0,9.0,0.0
63,6,0,8,3232235834,605.0,4.0,9.0,0.0
63,0,0,8,3232235834,4924.0,1.0,9.0,0.0
63,8,0,8,3232235834,1079.0,1.0,9.0,0.0
66,7,0,7,3232235984,1194.0,1.0,10.0,0.0
66,6,0,7,3232235984,2493.0,7.0,10.0,0.0
66,0,0,7,3232235984,5324.0,7.0,10.0,0.0
40,7,0,0,3232235915,357.0,1.0,10.0,0.0
40,6,0,0,3232235915,1684.0,8.0,10.0,0.0
66,8,0,7,3232235984,1273.0,1.0,10.0,0.0
40,0,0,0,3232235915,724.0,10.0,10.0,0.0
40,8,0,0,3232235915,796.0,1.0,10.0,0.0
45,7,0,4,3232235925,955.0,1.0,13.0,0.0
45,6,0,4,3232235925,2685.0,7.0,13.0,0.0
45,0,0,4,3232235925,1500.0,8.0,13.0,0.0
45,8,0,4,3232235925,1148.0,1.0,13.0,0.0
55,7,1,4,3232235868,1453.0,1.0,13.0,0.0
55,6,0,4,3232235868,3572.0,9.0,13.0,0.0
55,5,0,4,3232235868,6599.0,5.0,13.0,0.0
55,2,0,4,3232235868,7398.0,8.0,13.0,0.0
55,9,1,4,3232235868,8331.0,7.0,13.0,0.0
55,8,0,4,3232235868,200.0,1.0,13.0,0.0
74,7,0,4,3232235813,590.0,1.0,14.0,0.0
74,6,0,4,3232235813,3937.0,1.0,14.0,0.0
74,0,0,4,3232235813,1642.0,6.0,14.0,0.0
74,8,0,4,3232235813,981.0,1.0,14.0,0.0
20,7,0,8,3232235886,1813.0,1.0,15.0,0.0
20,6,0,8,3232235886,3353.0,7.0,15.0,0.0
20,0,0,8,3232235886,4400.0,2.0,15.0,0.0
20,8,0,8,3232235886,988.0,1.0,15.0,0.0
42,7,0,0,3232235798,567.0,1.0,9.0,1.0
42,6,0,0,3232235798,730.0,2.0,9.0,1.0
42,0,0,0,3232235798,1603.0,6.0,9.0,1.0
42,8,0,0,3232235798,1013.0,1.0,9.0,1.0
69,7,0,1,3232236011,1105.0,1.0,12.0,1.0
69,6,0,1,3232236011,3658.0,8.0,12.0,1.0
69,0,0,1,3232236011,3408.0,5.0,12.0,1.0
69,8,0,1,3232236011,1269.0,1.0,12.0,1.0
41,7,0,7,3232236027,1753.0,1.0,12.0,1.0
41,6,0,7,3232236027,2664.0,6.0,12.0,1.0
41,0,0,7,3232236027,2251.0,2.0,12.0,1.0
41,8,0,7,3232236027,855.0,1.0,12.0,1.0
43,7,0,8,3232235853,1904.0,1.0,13.0,1.0
43,6,0,8,3232235853,3121.0,8.0,13.0,1.0
43,0,0,8,3232235853,3073.0,10.0,13.0,1.0
43,8,0,8,3232235853,1298.0,1.0,13.0,1.0
21,7,0,7,3232235785,368.0,1.0,15.0,1.0
21,6,0,7,3232235785,2375.0,6.0,15.0,1.0
21,0,0,7,3232235785,4655.0,10.0,15.0,1.0
21,8,0,7,3232235785,622.0,1.0,15.0,1.0
42,7,1,0,3232235798,915.0,1.0,11.0,2.0
42,6,0,0,3232235798,5628.0,6.0,11.0,2.0
42,0,0,0,3232235798,645.0,4.0,11.0,2.0
42,8,0,0,3232235798,1376.0,1.0,11.0,2.0
62,7,0,4,3232236014,392.0,1.0,12.0,2.0
62,6,0,4,3232236014,3388.0,10.0,12.0,2.0
62,0,0,4,3232236014,3832.0,8.0,12.0,2.0
62,8,0,4,3232236014,857.0,1.0,12.0,2.0
25,7,1,8,3232235828,1917.0,1.0,16.0,2.0
25,6,0,8,3232235828,2188.0,7.0,16.0,2.0
25,0,0,8,3232235828,4566.0,3.0,16.0,2.0
25,8,0,8,3232235828,1271.0,1.0,16.0,2.0
36,7,0,7,3232235869,1558.0,1.0,8.0,3.0
36,6,0,7,3232235869,2074.0,3.0,8.0,3.0
36,0,0,7,3232235869,3701.0,8.0,8.0,3.0
36,8,0,7,3232235869,420.0,1.0,8.0,3.0
45,7,0,4,3232235925,1875.0,1.0,9.0,3.0
45,6,0,4,3232235925,2723.0,5.0,9.0,3.0
45,0,0,4,3232235925,2340.0,1.0,9.0,3.0
45,8,0,4,3232235925,469.0,1.0,9.0,3.0
33,7,0,1,3232236023,1334.0,1.0,13.0,3.0
33,6,0,1,3232236023,5472.0,8.0,13.0,3.0
33,0,0,1,3232236023,3543.0,7.0,13.0,3.0
33,8,0,1,3232236023,906.0,1.0,13.0,3.0
69,7,0,1,3232236011,1634.0,1.0,15.0,3.0
69,6,0,1,3232236011,1669.0,7.0,15.0,3.0
69,0,0,1,3232236011,5236.0,4.0,15.0,3.0
69,8,0,1,3232236011,700.0,1.0,15.0,3.0
1,7,1,7,3232235784,628.0,1.0,7.0,4.0
1,1,0,7,3232235784,4351.0,2.0,7.0,4.0
1,4,0,7,3232235784,9650.0,3.0,7.0,4.0
1,3,0,7,3232235784,8779.0,7.0,7.0,4.0
1,8,0,7,3232235784,1371.0,1.0,7.0,4.0
64,7,0,4,3232235993,1645.0,1.0,8.0,4.0
64,6,0,4,3232235993,2945.0,7.0,8.0,4.0
64,0,0,4,3232235993,2559.0,6.0,8.0,4.0
64,8,0,4,3232235993,495.0,1.0,8.0,4.0
56,7,0,1,3232235949,1837.0,1.0,8.0,4.0
56,6,0,1,3232235949,3923.0,8.0,9.0,4.0
56,0,0,1,3232235949,1969.0,10.0,9.0,4.0
56,8,0,1,3232235949,673.0,1.0,9.0,4.0
19,7,0,8,3232235800,690.0,1.0,10.0,4.0
19,6,0,8,3232235800,4949.0,5.0,10.0,4.0
19,0,0,8,3232235800,569.0,5.0,10.0,4.0
19,8,0,8,3232235800,777.0,1.0,10.0,4.0
54,7,0,4,3232235819,380.0,1.0,11.0,4.0
54,6,0,4,3232235819,5888.0,3.0,11.0,4.0
54,5,0,4,3232235819,670.0,9.0,11.0,4.0
54,2,0,4,3232235819,7908.0,1.0,11.0,4.0
54,9,0,4,3232235819,2414.0,5.0,11.0,4.0
54,8,0,4,3232235819,972.0,1.0,11.0,4.0
26,7,0,8,3232235885,500.0,1.0,11.0,4.0
26,6,0,8,3232235885,2320.0,7.0,11.0,4.0
26,0,0,8,3232235885,1360.0,2.0,12.0,4.0
26,8,0,8,3232235885,559.0,1.0,12.0,4.0
72,7,1,0,3232235879,1835.0,1.0,13.0,4.0
72,6,0,0,3232235879,4466.0,7.0,13.0,4.0
72,0,0,0,3232235879,988.0,4.0,13.0,4.0
72,8,0,0,3232235879,1003.0,1.0,13.0,4.0
47,7,1,7,3232235789,1087.0,1.0,13.0,4.0
47,6,0,7,3232235789,1740.0,2.0,13.0,4.0
47,0,0,7,3232235789,1037.0,6.0,13.0,4.0
47,8,0,7,3232235789,982.0,1.0,13.0,4.0
47,7,0,7,3232235789,316.0,1.0,13.0,4.0
47,6,0,7,3232235789,1885.0,3.0,13.0,4.0
47,0,0,7,3232235789,3036.0,7.0,13.0,4.0
47,8,0,7,3232235789,734.0,1.0,13.0,4.0
22,7,0,7,3232235833,574.0,1.0,14.0,4.0
22,6,0,7,3232235833,1465.0,3.0,14.0,4.0
22,0,0,7,3232235833,2488.0,8.0,14.0,4.0
22,8,0,7,3232235833,1022.0,1.0,14.0,4.0
29,7,0,7,3232235972,559.0,1.0,16.0,5.0
29,6,0,7,3232235972,3751.0,5.0,16.0,5.0
29,0,0,7,3232235972,5254.0,5.0,16.0,5.0
29,8,0,7,3232235972,347.0,1.0,16.0,5.0
22,7,1,7,3232235833,391.0,1.0,7.0,6.0
22,6,0,7,3232235833,5215.0,6.0,7.0,6.0
22,0,0,7,3232235833,657.0,9.0,7.0,6.0
22,8,0,7,3232235833,939.0,1.0,7.0,6.0
34,7,0,4,3232235804,1485.0,1.0,12.0,6.0
34,6,0,4,3232235804,4253.0,1.0,12.0,6.0
34,0,0,4,3232235804,2901.0,2.0,12.0,6.0
38,7,0,4,3232235984,1608.0,1.0,12.0,6.0
34,8,0,4,3232235804,412.0,1.0,12.0,6.0
38,6,0,4,3232235984,4003.0,9.0,12.0,6.0
38,0,0,4,3232235984,3186.0,2.0,12.0,6.0
38,8,0,4,3232235984,1020.0,1.0,12.0,6.0
42,7,0,0,3232235798,1680.0,1.0,16.0,6.0
42,6,0,0,3232235798,4138.0,5.0,16.0,6.0
42,0,0,0,3232235798,2675.0,6.0,16.0,6.0
42,8,0,0,3232235798,254.0,1.0,16.0,6.0
30,7,0,1,3232235956,684.0,1.0,7.0,0.0
30,6,0,1,3232235956,2654.0,7.0,7.0,0.0
30,0,0,1,3232235956,2976.0,7.0,7.0,0.0
30,8,0,1,3232235956,627.0,1.0,7.0,0.0
43,7,0,8,3232235853,344.0,1.0,9.0,0.0
43,6,0,8,3232235853,2559.0,1.0,9.0,0.0
43,0,0,8,3232235853,1034.0,7.0,9.0,0.0
43,8,0,8,3232235853,1463.0,1.0,9.0,0.0
20,7,0,8,3232235886,330.0,1.0,10.0,0.0
20,6,0,8,3232235886,934.0,4.0,10.0,0.0
20,0,0,8,3232235886,5104.0,9.0,10.0,0.0
20,8,0,8,3232235886,792.0,1.0,10.0,0.0
75,7,0,1,3232235968,1526.0,1.0,16.0,0.0
75,6,0,1,3232235968,5291.0,6.0,16.0,0.0
75,0,0,1,3232235968,3656.0,7.0,16.0,0.0
75,8,0,1,3232235968,1293.0,1.0,16.0,0.0
67,7,0,4,3232235880,1229.0,1.0,16.0,0.0
67,6,0,4,3232235880,3217.0,6.0,16.0,0.0
67,0,0,4,3232235880,1727.0,7.0,16.0,0.0
67,8,0,4,3232235880,1135.0,1.0,16.0,0.0
64,7,0,4,3232235993,1599.0,1.0,8.0,1.0
64,6,0,4,3232235993,2748.0,9.0,8.0,1.0
64,0,0,4,3232235993,5789.0,4.0,8.0,1.0
64,8,0,4,3232235993,1177.0,1.0,8.0,1.0
75,7,0,1,3232235968,1983.0,1.0,10.0,1.0
75,6,0,1,3232235968,3782.0,8.0,10.0,1.0
75,0,0,1,3232235968,1106.0,10.0,10.0,1.0
75,8,0,1,3232235968,1489.0,1.0,10.0,1.0
1,7,0,7,3232235784,1828.0,1.0,11.0,1.0
1,1,0,7,3232235784,910.0,3.0,11.0,1.0
1,4,0,7,3232235784,9478.0,9.0,11.0,1.0
1,3,0,7,3232235784,8024.0,9.0,12.0,1.0
1,8,0,7,3232235784,455.0,1.0,12.0,1.0
63,7,0,8,3232235834,1815.0,1.0,13.0,1.0
63,6,0,8,3232235834,3399.0,10.0,13.0,1.0
63,0,0,8,3232235834,3032.0,1.0,13.0,1.0
63,8,0,8,3232235834,1120.0,1.0,13.0,1.0
40,7,0,0,3232235915,1826.0,1.0,14.0,1.0
40,6,0,0,3232235915,5416.0,7.0,14.0,1.0
40,0,0,0,3232235915,1012.0,8.0,14.0,1.0
40,8,0,0,3232235915,568.0,1.0,14.0,1.0
26,7,0,8,3232235885,1379.0,1.0,15.0,1.0
26,6,0,8,3232235885,2881.0,8.0,15.0,1.0
26,0,0,8,3232235885,4082.0,2.0,15.0,1.0
26,8,0,8,3232235885,1178.0,1.0,15.0,1.0
30,7,0,1,3232235956,1677.0,1.0,7.0,2.0
30,6,0,1,3232235956,577.0,1.0,7.0,2.0
30,0,0,1,3232235956,2679.0,1.0,7.0,2.0
30,8,0,1,3232235956,1392.0,1.0,7.0,2.0
44,7,0,8,3232236004,1948.0,1.0,9.0,2.0
44,6,0,8,3232236004,1333.0,3.0,9.0,2.0
44,0,0,8,3232236004,3617.0,10.0,9.0,2.0
44,8,0,8,3232236004,692.0,1.0,9.0,2.0
26,7,0,8,3232235885,856.0,1.0,10.0,2.0
26,6,0,8,3232235885,4417.0,7.0,10.0,2.0
26,0,0,8,3232235885,5815.0,3.0,10.0,2.0
26,8,0,8,3232235885,431.0,1.0,10.0,2.0
67,7,0,4,3232235880,1283.0,1.0,13.0,2.0
67,6,0,4,3232235880,2229.0,4.0,13.0,2.0
67,0,0,4,3232235880,3450.0,4.0,13.0,2.0
67,8,0,4,3232235880,202.0,1.0,13.0,2.0
45,7,0,4,3232235925,892.0,1.0,14.0,2.0
45,6,0,4,3232235925,4480.0,2.0,14.0,2.0
45,0,0,4,3232235925,4013.0,4.0,14.0,2.0
45,8,0,4,3232235925,1464.0,1.0,14.0,2.0
24,7,0,8,3232235784,390.0,1.0,8.0,3.0
24,6,0,8,3232235784,5864.0,4.0,8.0,3.0
24,0,0,8,3232235784,5596.0,6.0,8.0,3.0
24,8,0,8,3232235784,1181.0,1.0,8.0,3.0
57,7,0,4,3232235957,1936.0,1.0,8.0,3.0
57,6,0,4,3232235957,4181.0,8.0,8.0,3.0
57,0,0,4,3232235957,1241.0,10.0,8.0,3.0
57,8,0,4,3232235957,1282.0,1.0,8.0,3.0
83,7,0,7,3232235998,662.0,1.0,8.0,3.0
83,6,0,7,3232235998,1954.0,9.0,8.0,3.0
83,0,0,7,3232235998,1719.0,8.0,8.0,3.0
83,8,0,7,3232235998,262.0,1.0,8.0,3.0
77,7,0,4,3232235969,1698.0,1.0,9.0,3.0
77,6,0,4,3232235969,2422.0,3.0,9.0,3.0
77,0,0,4,3232235969,1884.0,3.0,9.0,3.0
77,8,0,4,3232235969,1106.0,1.0,9.0,3.0
54,7,0,4,3232235819,752.0,1.0,10.0,3.0
54,6,0,4,3232235819,2091.0,2.0,10.0,3.0
54,5,0,4,3232235819,1985.0,10.0,10.0,3.0
54,2,0,4,3232235819,2391.0,9.0,10.0,3.0
54,9,0,4,3232235819,8557.0,9.0,10.0,3.0
54,8,0,4,3232235819,349.0,1.0,11.0,3.0
30,7,0,1,3232235956,1813.0,1.0,11.0,3.0
30,6,0,1,3232235956,5234.0,2.0,11.0,3.0
30,0,0,1,3232235956,4382.0,10.0,11.0,3.0
30,8,0,1,3232235956,420.0,1.0,11.0,3.0
45,7,0,4,3232235925,709.0,1.0,7.0,4.0
45,6,0,4,3232235925,1186.0,6.0,7.0,4.0
45,0,0,4,3232235925,5383.0,8.0,7.0,4.0
45,8,0,4,3232235925,1078.0,1.0,7.0,4.0
77,7,0,4,3232235969,389.0,1.0,7.0,4.0
77,6,0,4,3232235969,3969.0,8.0,7.0,4.0
77,0,0,4,3232235969,1673.0,6.0,7.0,4.0
77,8,0,4,3232235969,291.0,1.0,7.0,4.0
35,7,0,7,3232235875,664.0,1.0,8.0,4.0
35,6,0,7,3232235875,5850.0,10.0,8.0,4.0
35,0,0,7,3232235875,4348.0,8.0,8.0,4.0
35,8,0,7,3232235875,682.0,1.0,8.0,4.0
61,7,0,0,3232235875,829.0,1.0,10.0,4.0
61,6,0,0,3232235875,3111.0,6.0,11.0,4.0
61,0,0,0,3232235875,4072.0,6.0,11.0,4.0
61,8,0,0,3232235875,574.0,1.0,11.0,4.0
82,7,0,0,3232235801,655.0,1.0,11.0,4.0
82,6,0,0,3232235801,598.0,7.0,11.0,4.0
82,0,0,0,3232235801,2044.0,6.0,11.0,4.0
82,8,0,0,3232235801,1054.0,1.0,11.0,4.0
59,7,0,1,3232235914,1740.0,1.0,14.0,4.0
59,6,0,1,3232235914,4449.0,4.0,14.0,4.0
59,0,0,1,3232235914,650.0,4.0,14.0,4.0
59,8,0,1,3232235914,403.0,1.0,14.0,4.0
80,7,0,4,3232235834,833.0,1.0,16.0,4.0
80,6,0,4,3232235834,5572.0,7.0,16.0,4.0
80,0,0,4,3232235834,5981.0,6.0,16.0,4.0
80,8,0,4,3232235834,709.0,1.0,16.0,4.0
77,7,0,4,3232235969,398.0,1.0,12.0,5.0
77,6,0,4,3232235969,3105.0,7.0,12.0,5.0
77,0,0,4,3232235969,1980.0,6.0,12.0,5.0
77,8,0,4,3232235969,1288.0,1.0,12.0,5.0
40,7,0,0,3232235915,1119.0,1.0,12.0,5.0
40,6,0,0,3232235915,2548.0,3.0,12.0,5.0
40,0,0,0,3232235915,2121.0,5.0,12.0,5.0
40,8,0,0,3232235915,1004.0,1.0,12.0,5.0
69,7,0,1,3232236011,878.0,1.0,14.0,5.0
69,6,0,1,3232236011,4989.0,7.0,14.0,5.0
69,0,0,1,3232236011,1297.0,3.0,14.0,5.0
69,8,0,1,3232236011,862.0,1.0,14.0,5.0
69,7,0,1,3232236011,1512.0,1.0,15.0,5.0
69,6,0,1,3232236011,514.0,6.0,15.0,5.0
69,0,0,1,3232236011,5769.0,6.0,15.0,5.0
69,8,0,1,3232236011,1161.0,1.0,15.0,5.0
21,7,0,7,3232235785,1095.0,1.0,16.0,5.0
21,6,0,7,3232235785,2533.0,1.0,16.0,5.0
21,0,0,7,3232235785,4957.0,1.0,16.0,5.0
70,7,0,8,3232236002,1633.0,1.0,16.0,5.0
21,8,0,7,3232235785,728.0,1.0,16.0,5.0
70,6,0,8,3232236002,3973.0,4.0,16.0,5.0
70,0,0,8,3232236002,2485.0,8.0,16.0,5.0
70,8,0,8,3232236002,270.0,1.0,16.0,5.0
49,7,1,4,3232236030,791.0,1.0,8.0,6.0
49,6,0,4,3232236030,3475.0,9.0,8.0,6.0
49,0,0,4,3232236030,4630.0,6.0,8.0,6.0
49,8,0,4,3232236030,1132.0,1.0,8.0,6.0
28,7,0,8,3232235849,694.0,1.0,10.0,6.0
28,6,0,8,3232235849,818.0,6.0,10.0,6.0
28,0,0,8,3232235849,3048.0,3.0,10.0,6.0
28,8,0,8,3232235849,814.0,1.0,10.0,6.0
51,7,0,1,3232235999,1644.0,1.0,8.0,0.0
27,7,0,1,3232235892,639.0,1.0,8.0,0.0
51,6,0,1,3232235999,2337.0,2.0,8.0,0.0
27,6,0,1,3232235892,2827.0,8.0,8.0,0.0
51,0,0,1,3232235999,3368.0,9.0,8.0,0.0
27,0,0,1,3232235892,4951.0,8.0,8.0,0.0
51,8,0,1,3232235999,952.0,1.0,8.0,0.0
27,8,0,1,3232235892,402.0,1.0,9.0,0.0
32,7,0,4,3232235817,1203.0,1.0,14.0,0.0
32,6,0,4,3232235817,5810.0,2.0,14.0,0.0
32,0,0,4,3232235817,3026.0,9.0,14.0,0.0
32,8,0,4,3232235817,1077.0,1.0,14.0,0.0
59,7,0,1,3232235914,1674.0,1.0,14.0,0.0
59,6,0,1,3232235914,3476.0,9.0,14.0,0.0
59,0,0,1,3232235914,1810.0,1.0,14.0,0.0
59,8,0,1,3232235914,492.0,1.0,14.0,0.0
28,7,0,8,3232235849,1865.0,1.0,14.0,1.0
28,6,0,8,3232235849,4249.0,6.0,14.0,1.0
28,0,0,8,3232235849,5918.0,8.0,14.0,1.0
28,8,0,8,3232235849,1428.0,1.0,14.0,1.0
64,7,0,4,3232235993,1307.0,1.0,14.0,1.0
64,6,0,4,3232235993,3620.0,6.0,14.0,1.0
64,0,0,4,3232235993,3986.0,10.0,14.0,1.0
64,8,0,4,3232235993,1476.0,1.0,14.0,1.0
1,7,0,7,3232235784,1151.0,1.0,15.0,1.0
1,1,0,7,3232235784,3059.0,5.0,15.0,1.0
1,4,0,7,3232235784,8530.0,9.0,15.0,1.0
1,3,0,7,3232235784,5884.0,2.0,15.0,1.0
1,8,0,7,3232235784,662.0,1.0,15.0,1.0
26,7,0,8,3232235885,1136.0,1.0,8.0,2.0
26,6,0,8,3232235885,2286.0,9.0,8.0,2.0
26,0,0,8,3232235885,3204.0,6.0,8.0,2.0
26,8,0,8,3232235885,528.0,1.0,8.0,2.0
72,7,0,0,3232235879,414.0,1.0,9.0,2.0
72,6,0,0,3232235879,4545.0,10.0,9.0,2.0
72,0,0,0,3232235879,3992.0,4.0,9.0,2.0
72,8,0,0,3232235879,625.0,1.0,9.0,2.0
72,7,0,0,3232235879,578.0,1.0,15.0,2.0
72,6,0,0,3232235879,2507.0,7.0,15.0,2.0
72,0,0,0,3232235879,4141.0,9.0,15.0,2.0
72,8,0,0,3232235879,841.0,1.0,15.0,2.0
62,7,1,4,3232236014,418.0,1.0,16.0,2.0
62,6,0,4,3232236014,1549.0,3.0,16.0,2.0
62,0,0,4,3232236014,4874.0,9.0,16.0,2.0
62,8,0,4,3232236014,639.0,1.0,16.0,2.0
53,7,0,4,3232235894,495.0,1.0,7.0,3.0
53,6,0,4,3232235894,1370.0,10.0,7.0,3.0
53,0,0,4,3232235894,2460.0,4.0,7.0,3.0
53,8,0,4,3232235894,633.0,1.0,7.0,3.0
49,7,0,4,3232236030,1205.0,1.0,10.0,3.0
49,6,0,4,3232236030,5700.0,9.0,10.0,3.0
49,0,0,4,3232236030,5751.0,2.0,10.0,3.0
49,8,0,4,3232236030,999.0,1.0,10.0,3.0
80,7,0,4,3232235834,1261.0,1.0,12.0,3.0
80,6,0,4,3232235834,5442.0,6.0,12.0,3.0
80,0,0,4,3232235834,2884.0,6.0,12.0,3.0
80,8,0,4,3232235834,216.0,1.0,12.0,3.0
6,7,0,4,3232235840,428.0,1.0,16.0,3.0
6,6,0,4,3232235840,5873.0,3.0,16.0,3.0
6,5,0,4,3232235840,3382.0,10.0,16.0,3.0
6,2,0,4,3232235840,7058.0,8.0,16.0,3.0
6,9,0,4,3232235840,3294.0,5.0,16.0,3.0
6,8,0,4,3232235840,820.0,1.0,16.0,3.0
40,7,0,0,3232235915,1799.0,1.0,16.0,3.0
40,6,0,0,3232235915,4831.0,8.0,16.0,3.0
40,0,0,0,3232235915,522.0,2.0,16.0,3.0
40,8,0,0,3232235915,1349.0,1.0,16.0,3.0
45,7,0,4,3232235925,541.0,1.0,16.0,3.0
45,6,0,4,3232235925,1052.0,5.0,16.0,3.0
45,0,0,4,3232235925,1575.0,3.0,16.0,3.0
45,8,0,4,3232235925,1447.0,1.0,16.0,3.0
68,7,0,4,3232235794,561.0,1.0,10.0,4.0
68,6,0,4,3232235794,5694.0,4.0,10.0,4.0
68,0,0,4,3232235794,915.0,5.0,10.0,4.0
68,8,0,4,3232235794,505.0,1.0,10.0,4.0
20,7,0,8,3232235886,319.0,1.0,12.0,4.0
20,6,0,8,3232235886,5934.0,3.0,12.0,4.0
20,0,0,8,3232235886,3192.0,6.0,12.0,4.0
20,8,0,8,3232235886,1096.0,1.0,12.0,4.0
8,7,1,1,3232235813,373.0,1.0,13.0,4.0
8,6,0,1,3232235813,4254.0,6.0,13.0,4.0
8,0,0,1,3232235813,1582.0,6.0,13.0,4.0
8,8,0,1,3232235813,997.0,1.0,13.0,4.0
20,7,0,8,3232235886,1243.0,1.0,15.0,4.0
20,6,0,8,3232235886,3826.0,7.0,15.0,4.0
20,0,0,8,3232235886,507.0,10.0,15.0,4.0
20,8,0,8,3232235886,791.0,1.0,15.0,4.0
55,7,0,4,3232235868,1058.0,1.0,8.0,5.0
55,6,0,4,3232235868,2959.0,8.0,8.0,5.0
55,5,0,4,3232235868,3067.0,9.0,8.0,5.0
55,2,0,4,3232235868,4617.0,4.0,8.0,5.0
55,9,0,4,3232235868,3794.0,1.0,8.0,5.0
55,8,0,4,3232235868,922.0,1.0,8.0,5.0
38,7,0,4,3232235984,1070.0,1.0,9.0,5.0
38,6,0,4,3232235984,5335.0,3.0,9.0,5.0
38,0,0,4,3232235984,5223.0,7.0,9.0,5.0
38,8,0,4,3232235984,256.0,1.0,9.0,5.0
30,7,1,1,3232235956,1223.0,1.0,11.0,5.0
30,6,0,1,3232235956,5597.0,7.0,11.0,5.0
30,0,0,1,3232235956,5540.0,8.0,11.0,5.0
30,8,0,1,3232235956,258.0,1.0,11.0,5.0
75,7,0,1,3232235968,820.0,1.0,12.0,5.0
75,6,0,1,3232235968,2777.0,7.0,12.0,5.0
75,0,0,1,3232235968,5363.0,7.0,12.0,5.0
75,8,0,1,3232235968,779.0,1.0,12.0,5.0
47,7,0,7,3232235789,1541.0,1.0,13.0,5.0
47,6,0,7,3232235789,1402.0,6.0,13.0,5.0
47,0,0,7,3232235789,2898.0,10.0,13.0,5.0
47,8,0,7,3232235789,249.0,1.0,13.0,5.0
23,7,0,1,3232235907,1704.0,1.0,15.0,5.0
23,6,0,1,3232235907,1479.0,6.0,15.0,5.0
23,0,0,1,3232235907,4698.0,10.0,15.0,5.0
23,8,0,1,3232235907,235.0,1.0,15.0,5.0
41,7,0,7,3232236027,725.0,1.0,10.0,6.0
41,6,0,7,3232236027,981.0,1.0,10.0,6.0
41,0,0,7,3232236027,5279.0,7.0,10.0,6.0
41,8,0,7,3232236027,268.0,1.0,10.0,6.0
29,7,0,7,3232235972,1211.0,1.0,11.0,6.0
29,6,0,7,3232235972,2547.0,6.0,11.0,6.0
29,0,0,7,3232235972,2121.0,7.0,11.0,6.0
29,8,0,7,3232235972,1196.0,1.0,11.0,6.0
65,7,0,7,3232235836,1198.0,1.0,14.0,6.0
65,6,0,7,3232235836,1825.0,3.0,14.0,6.0
65,0,0,7,3232235836,3397.0,7.0,14.0,6.0
65,8,0,7,3232235836,211.0,1.0,14.0,6.0
36,7,0,7,3232235869,1397.0,1.0,14.0,6.0
36,6,0,7,3232235869,2854.0,5.0,14.0,6.0
36,0,0,7,3232235869,889.0,5.0,14.0,6.0
36,8,0,7,3232235869,1374.0,1.0,15.0,6.0
86,7,0,0,3232235930,1288.0,1.0,15.0,0.0
86,6,0,0,3232235930,4790.0,9.0,15.0,0.0
86,0,0,0,3232235930,679.0,3.0,15.0,0.0
86,8,0,0,3232235930,1427.0,1.0,15.0,0.0
43,7,0,8,3232235853,2000.0,1.0,11.0,1.0
43,6,0,8,3232235853,3216.0,3.0,11.0,1.0
43,0,0,8,3232235853,4314.0,10.0,11.0,1.0
43,8,0,8,3232235853,326.0,1.0,11.0,1.0
34,7,0,4,3232235804,1304.0,1.0,13.0,1.0
34,6,0,4,3232235804,4081.0,4.0,13.0,1.0
34,0,0,4,3232235804,547.0,3.0,13.0,1.0
34,8,0,4,3232235804,502.0,1.0,13.0,1.0
47,7,0,7,3232235789,821.0,1.0,8.0,2.0
47,6,0,7,3232235789,4659.0,7.0,8.0,2.0
47,0,0,7,3232235789,3465.0,5.0,8.0,2.0
47,8,0,7,3232235789,559.0,1.0,8.0,2.0
52,7,0,7,3232235875,375.0,1.0,12.0,2.0
52,6,0,7,3232235875,1029.0,8.0,12.0,2.0
52,0,0,7,3232235875,1333.0,1.0,12.0,2.0
52,8,0,7,3232235875,1143.0,1.0,12.0,2.0
36,7,0,7,3232235869,1844.0,1.0,15.0,2.0
36,6,0,7,3232235869,4746.0,2.0,15.0,2.0
36,0,0,7,3232235869,5352.0,1.0,15.0,2.0
36,8,0,7,3232235869,566.0,1.0,16.0,2.0
86,7,1,0,3232235930,1129.0,1.0,16.0,2.0
86,6,0,0,3232235930,4641.0,5.0,16.0,2.0
86,0,0,0,3232235930,5009.0,9.0,16.0,2.0
86,8,0,0,3232235930,1107.0,1.0,16.0,2.0
26,7,0,8,3232235885,1450.0,1.0,9.0,3.0
26,6,0,8,3232235885,5988.0,2.0,9.0,3.0
26,0,0,8,3232235885,3865.0,6.0,9.0,3.0
52,7,0,7,3232235875,361.0,1.0,9.0,3.0
52,6,0,7,3232235875,591.0,6.0,9.0,3.0
26,8,0,8,3232235885,1066.0,1.0,9.0,3.0
52,0,0,7,3232235875,5952.0,6.0,9.0,3.0
52,8,0,7,3232235875,1219.0,1.0,9.0,3.0
83,7,0,7,3232235998,1196.0,1.0,12.0,3.0
83,6,0,7,3232235998,984.0,2.0,12.0,3.0
83,0,0,7,3232235998,5950.0,3.0,12.0,3.0
83,8,0,7,3232235998,655.0,1.0,12.0,3.0
33,7,0,1,3232236023,1711.0,1.0,7.0,4.0
33,6,0,1,3232236023,5714.0,7.0,7.0,4.0
33,0,0,1,3232236023,2019.0,2.0,7.0,4.0
33,8,0,1,3232236023,1221.0,1.0,7.0,4.0
44,7,0,8,3232236004,1571.0,1.0,9.0,4.0
44,6,0,8,3232236004,2856.0,1.0,9.0,4.0
44,0,0,8,3232236004,3312.0,2.0,9.0,4.0
44,8,0,8,3232236004,824.0,1.0,9.0,4.0
53,7,0,4,3232235894,484.0,1.0,10.0,4.0
53,6,0,4,3232235894,2325.0,8.0,10.0,4.0
53,0,0,4,3232235894,3483.0,4.0,10.0,4.0
53,8,0,4,3232235894,218.0,1.0,10.0,4.0
68,7,0,4,3232235794,445.0,1.0,13.0,4.0
68,6,0,4,3232235794,818.0,2.0,14.0,4.0
68,0,0,4,3232235794,3652.0,10.0,14.0,4.0
68,8,0,4,3232235794,532.0,1.0,14.0,4.0
75,7,0,1,3232235968,1581.0,1.0,7.0,5.0
75,6,0,1,3232235968,3087.0,2.0,7.0,5.0
75,0,0,1,3232235968,2340.0,3.0,7.0,5.0
75,8,0,1,3232235968,1163.0,1.0,7.0,5.0
26,7,0,8,3232235885,1317.0,1.0,10.0,5.0
26,6,0,8,3232235885,2014.0,1.0,10.0,5.0
26,0,0,8,3232235885,4408.0,1.0,10.0,5.0
26,8,0,8,3232235885,480.0,1.0,10.0,5.0
67,7,0,4,3232235880,1043.0,1.0,14.0,5.0
67,6,0,4,3232235880,3006.0,2.0,14.0,5.0
67,0,0,4,3232235880,2876.0,1.0,14.0,5.0
67,8,0,4,3232235880,1292.0,1.0,14.0,5.0
77,7,0,4,3232235969,548.0,1.0,16.0,5.0
77,6,0,4,3232235969,1038.0,9.0,16.0,5.0
77,0,0,4,3232235969,4370.0,5.0,16.0,5.0
77,8,0,4,3232235969,1147.0,1.0,16.0,5.0
39,7,0,7,3232235964,964.0,1.0,7.0,6.0
39,6,0,7,3232235964,1994.0,6.0,7.0,6.0
39,0,0,7,3232235964,3694.0,8.0,7.0,6.0
39,8,0,7,3232235964,327.0,1.0,7.0,6.0
56,7,0,1,3232235949,1419.0,1.0,8.0,6.0
56,6,0,1,3232235949,3229.0,10.0,8.0,6.0
56,0,0,1,3232235949,3007.0,7.0,8.0,6.0
56,8,0,1,3232235949,852.0,1.0,8.0,6.0
33,7,1,1,3232236023,1764.0,1.0,9.0,6.0
33,6,0,1,3232236023,5251.0,8.0,9.0,6.0
33,0,0,1,3232236023,2555.0,8.0,9.0,6.0
33,8,0,1,3232236023,1055.0,1.0,9.0,6.0
42,7,0,0,3232235798,575.0,1.0,9.0,6.0
42,6,0,0,3232235798,2917.0,8.0,9.0,6.0
42,0,0,0,3232235798,4750.0,6.0,9.0,6.0
42,8,0,0,3232235798,671.0,1.0,9.0,6.0
34,7,0,4,3232235804,1656.0,1.0,10.0,6.0
34,6,0,4,3232235804,5763.0,9.0,10.0,6.0
34,0,0,4,3232235804,1129.0,2.0,10.0,6.0
34,8,0,4,3232235804,312.0,1.0,10.0,6.0
29,7,0,7,3232235972,509.0,1.0,14.0,6.0
29,6,0,7,3232235972,1023.0,9.0,14.0,6.0
29,0,0,7,3232235972,4522.0,10.0,14.0,6.0
29,8,0,7,3232235972,1487.0,1.0,14.0,6.0
20,7,0,8,3232235886,1328.0,1.0,14.0,6.0
20,6,0,8,3232235886,3043.0,3.0,14.0,6.0
20,0,0,8,3232235886,3527.0,7.0,14.0,6.0
20,8,0,8,3232235886,938.0,1.0,14.0,6.0
62,7,0,4,3232236014,688.0,1.0,16.0,6.0
62,6,0,4,3232236014,4570.0,5.0,16.0,6.0
62,0,0,4,3232236014,5611.0,3.0,16.0,6.0
62,8,0,4,3232236014,1013.0,1.0,16.0,6.0
79,7,0,8,3232235880,833.0,1.0,16.0,6.0
79,6,0,8,3232235880,5332.0,1.0,16.0,6.0
79,0,0,8,3232235880,767.0,9.0,16.0,6.0
79,8,0,8,3232235880,1287.0,1.0,16.0,6.0
76,7,0,8,3232235915,1627.0,1.0,7.0,0.0
76,6,0,8,3232235915,4009.0,8.0,7.0,0.0
76,0,0,8,3232235915,2008.0,1.0,7.0,0.0
76,8,0,8,3232235915,287.0,1.0,7.0,0.0
29,7,0,7,3232235972,720.0,1.0,9.0,0.0
29,6,0,7,3232235972,2966.0,7.0,9.0,0.0
29,0,0,7,3232235972,5920.0,2.0,9.0,0.0
29,8,0,7,3232235972,1265.0,1.0,9.0,0.0
68,7,1,4,3232235794,1199.0,1.0,10.0,0.0
68,6,0,4,3232235794,516.0,6.0,10.0,0.0
68,0,0,4,3232235794,2617.0,10.0,10.0,0.0
68,8,0,4,3232235794,1286.0,1.0,10.0,0.0
38,7,1,4,3232235984,589.0,1.0,13.0,0.0
38,6,0,4,3232235984,5849.0,3.0,13.0,0.0
38,0,0,4,3232235984,1675.0,5.0,13.0,0.0
38,8,0,4,3232235984,1212.0,1.0,13.0,0.0
40,7,0,0,3232235915,1051.0,1.0,14.0,0.0
40,6,0,0,3232235915,3835.0,6.0,14.0,0.0
40,0,0,0,3232235915,1584.0,6.0,14.0,0.0
40,8,0,0,3232235915,735.0,1.0,14.0,0.0
50,7,0,7,3232235996,714.0,1.0,15.0,0.0
50,6,0,7,3232235996,2513.0,3.0,15.0,0.0
50,0,0,7,3232235996,1218.0,5.0,15.0,0.0
50,8,0,7,3232235996,706.0,1.0,15.0,0.0
77,7,0,4,3232235969,1719.0,1.0,15.0,0.0
77,6,0,4,3232235969,1553.0,3.0,15.0,0.0
77,0,0,4,3232235969,2722.0,10.0,15.0,0.0
77,8,0,4,3232235969,984.0,1.0,15.0,0.0
86,7,0,0,3232235930,301.0,1.0,9.0,1.0
86,6,0,0,3232235930,3227.0,3.0,9.0,1.0
86,0,0,0,3232235930,3522.0,5.0,9.0,1.0
86,8,0,0,3232235930,1481.0,1.0,9.0,1.0
32,7,0,4,3232235817,1498.0,1.0,12.0,1.0
32,6,0,4,3232235817,4547.0,9.0,12.0,1.0
32,0,0,4,3232235817,4296.0,4.0,12.0,1.0
32,8,0,4,3232235817,254.0,1.0,12.0,1.0
23,7,0,1,3232235907,1333.0,1.0,7.0,2.0
23,6,0,1,3232235907,2891.0,5.0,7.0,2.0
23,0,0,1,3232235907,1211.0,9.0,7.0,2.0
23,8,0,1,3232235907,817.0,1.0,7.0,2.0
69,7,0,1,3232236011,451.0,1.0,9.0,2.0
69,6,0,1,3232236011,2991.0,8.0,9.0,2.0
69,0,0,1,3232236011,5317.0,1.0,9.0,2.0
69,8,0,1,3232236011,768.0,1.0,9.0,2.0
32,7,0,4,3232235817,977.0,1.0,9.0,2.0
32,6,0,4,3232235817,3906.0,1.0,9.0,2.0
32,0,0,4,3232235817,2194.0,7.0,9.0,2.0
32,8,0,4,3232235817,997.0,1.0,9.0,2.0
81,7,0,1,3232235908,1323.0,1.0,14.0,2.0
81,6,0,1,3232235908,3965.0,8.0,14.0,2.0
81,0,0,1,3232235908,5720.0,8.0,14.0,2.0
81,8,0,1,3232235908,799.0,1.0,14.0,2.0
33,7,0,1,3232236023,960.0,1.0,14.0,2.0
33,6,0,1,3232236023,3110.0,8.0,14.0,2.0
33,0,0,1,3232236023,4649.0,7.0,14.0,2.0
33,8,0,1,3232236023,768.0,1.0,14.0,2.0
58,7,0,7,3232235933,588.0,1.0,16.0,2.0
58,6,0,7,3232235933,3622.0,3.0,16.0,2.0
58,0,0,7,3232235933,5269.0,9.0,16.0,2.0
58,8,0,7,3232235933,973.0,1.0,16.0,2.0
51,7,0,1,3232235999,1274.0,1.0,10.0,3.0
42,7,0,0,3232235798,1967.0,1.0,10.0,3.0
51,6,0,1,3232235999,2092.0,2.0,10.0,3.0
51,0,0,1,3232235999,1128.0,6.0,10.0,3.0
42,6,0,0,3232235798,3054.0,8.0,10.0,3.0
42,0,0,0,3232235798,5868.0,3.0,10.0,3.0
42,8,0,0,3232235798,1233.0,1.0,10.0,3.0
51,8,0,1,3232235999,534.0,1.0,10.0,3.0
58,7,0,7,3232235933,1848.0,1.0,11.0,3.0
58,6,0,7,3232235933,593.0,4.0,11.0,3.0
58,0,0,7,3232235933,5612.0,6.0,11.0,3.0
58,8,0,7,3232235933,692.0,1.0,11.0,3.0
26,7,0,8,3232235885,680.0,1.0,13.0,3.0
26,6,0,8,3232235885,3340.0,2.0,13.0,3.0
26,0,0,8,3232235885,1329.0,7.0,13.0,3.0
26,8,0,8,3232235885,794.0,1.0,13.0,3.0
21,7,0,7,3232235785,1981.0,1.0,14.0,3.0
21,6,0,7,3232235785,831.0,8.0,14.0,3.0
21,0,0,7,3232235785,1055.0,6.0,14.0,3.0
21,8,0,7,3232235785,878.0,1.0,14.0,3.0
33,7,0,1,3232236023,1466.0,1.0,8.0,4.0
33,6,0,1,3232236023,5776.0,1.0,8.0,4.0
33,0,0,1,3232236023,3758.0,10.0,8.0,4.0
33,8,0,1,3232236023,1077.0,1.0,8.0,4.0
49,7,0,4,3232236030,1210.0,1.0,10.0,4.0
49,6,0,4,3232236030,2149.0,7.0,10.0,4.0
49,0,0,4,3232236030,1477.0,1.0,10.0,4.0
49,8,0,4,3232236030,1312.0,1.0,10.0,4.0
1,7,0,7,3232235784,407.0,1.0,15.0,4.0
1,1,0,7,3232235784,1229.0,5.0,15.0,4.0
1,4,0,7,3232235784,8045.0,3.0,15.0,4.0
1,3,0,7,3232235784,4201.0,2.0,15.0,4.0
1,8,0,7,3232235784,1461.0,1.0,15.0,4.0
45,7,0,4,3232235925,1336.0,1.0,15.0,4.0
45,6,0,4,3232235925,5435.0,1.0,15.0,4.0
45,0,0,4,3232235925,4754.0,8.0,15.0,4.0
45,8,0,4,3232235925,1261.0,1.0,15.0,4.0
41,7,0,7,3232236027,875.0,1.0,8.0,5.0
41,6,0,7,3232236027,3418.0,2.0,8.0,5.0
41,0,0,7,3232236027,4059.0,4.0,8.0,5.0
41,8,0,7,3232236027,506.0,1.0,8.0,5.0
57,7,0,4,3232235957,658.0,1.0,11.0,5.0
57,6,0,4,3232235957,2749.0,8.0,11.0,5.0
57,0,0,4,3232235957,3845.0,5.0,11.0,5.0
57,8,0,4,3232235957,1407.0,1.0,11.0,5.0
29,7,0,7,3232235972,329.0,1.0,12.0,5.0
29,6,0,7,3232235972,1152.0,6.0,12.0,5.0
29,0,0,7,3232235972,5798.0,4.0,13.0,5.0
29,8,0,7,3232235972,1182.0,1.0,13.0,5.0
21,7,0,7,3232235785,872.0,1.0,16.0,5.0
21,6,0,7,3232235785,4524.0,1.0,16.0,5.0
21,0,0,7,3232235785,1193.0,5.0,16.0,5.0
21,8,0,7,3232235785,358.0,1.0,16.0,5.0
34,7,0,4,3232235804,800.0,1.0,8.0,6.0
34,6,0,4,3232235804,4059.0,2.0,8.0,6.0
34,0,0,4,3232235804,4214.0,10.0,8.0,6.0
34,8,0,4,3232235804,1446.0,1.0,8.0,6.0
47,7,1,7,3232235789,1833.0,1.0,11.0,6.0
47,6,0,7,3232235789,5318.0,2.0,11.0,6.0
47,0,0,7,3232235789,2571.0,3.0,11.0,6.0
47,8,0,7,3232235789,520.0,1.0,11.0,6.0
25,7,0,8,3232235828,435.0,1.0,14.0,6.0
25,6,0,8,3232235828,4503.0,10.0,14.0,6.0
25,0,0,8,3232235828,2301.0,6.0,14.0,6.0
25,8,0,8,3232235828,574.0,1.0,14.0,6.0
84,7,0,7,3232235817,980.0,1.0,15.0,6.0
84,1,0,7,3232235817,1048.0,5.0,15.0,6.0
84,4,0,7,3232235817,5079.0,7.0,15.0,6.0
84,3,0,7,3232235817,3269.0,6.0,15.0,6.0
84,8,0,7,3232235817,551.0,1.0,15.0,6.0
36,7,0,7,3232235869,418.0,1.0,7.0,0.0
36,6,0,7,3232235869,3934.0,7.0,7.0,0.0
36,0,0,7,3232235869,5035.0,5.0,7.0,0.0
36,8,0,7,3232235869,842.0,1.0,7.0,0.0
19,7,0,8,3232235800,1306.0,1.0,8.0,0.0
19,6,0,8,3232235800,4828.0,9.0,8.0,0.0
19,0,0,8,3232235800,5567.0,3.0,8.0,0.0
19,8,0,8,3232235800,348.0,1.0,8.0,0.0
30,7,0,1,3232235956,1884.0,1.0,12.0,0.0
30,6,0,1,3232235956,5623.0,3.0,12.0,0.0
30,0,0,1,3232235956,1550.0,8.0,12.0,0.0
30,8,0,1,3232235956,1120.0,1.0,12.0,0.0
43,7,0,8,3232235853,834.0,1.0,12.0,0.0
43,6,0,8,3232235853,5231.0,8.0,12.0,0.0
43,0,0,8,3232235853,5507.0,2.0,12.0,0.0
35,7,0,7,3232235875,1055.0,1.0,12.0,0.0
43,8,0,8,3232235853,569.0,1.0,12.0,0.0
35,6,0,7,3232235875,1683.0,8.0,12.0,0.0
35,0,0,7,3232235875,1999.0,5.0,12.0,0.0
35,8,0,7,3232235875,847.0,1.0,12.0,0.0
29,7,0,7,3232235972,1608.0,1.0,16.0,0.0
29,6,0,7,3232235972,4189.0,10.0,16.0,0.0
29,0,0,7,3232235972,4156.0,9.0,16.0,0.0
29,8,0,7,3232235972,309.0,1.0,16.0,0.0
86,7,0,0,3232235930,1201.0,1.0,11.0,1.0
86,6,0,0,3232235930,3915.0,3.0,11.0,1.0
86,0,0,0,3232235930,1682.0,9.0,11.0,1.0
86,8,0,0,3232235930,460.0,1.0,11.0,1.0
71,7,1,4,3232235832,1871.0,1.0,15.0,1.0
71,6,0,4,3232235832,4843.0,6.0,15.0,1.0
71,0,0,4,3232235832,3313.0,8.0,15.0,1.0
71,8,0,4,3232235832,381.0,1.0,15.0,1.0
71,7,0,4,3232235832,946.0,1.0,15.0,1.0
71,6,0,4,3232235832,2619.0,8.0,15.0,1.0
71,0,0,4,3232235832,2830.0,4.0,15.0,1.0
71,8,0,4,3232235832,1425.0,1.0,15.0,1.0
78,7,0,8,3232235887,433.0,1.0,16.0,1.0
78,6,0,8,3232235887,4294.0,10.0,16.0,1.0
78,0,0,8,3232235887,4096.0,2.0,16.0,1.0
78,8,0,8,3232235887,1049.0,1.0,16.0,1.0
84,7,1,7,3232235817,327.0,1.0,7.0,2.0
84,1,0,7,3232235817,1172.0,3.0,7.0,2.0
84,4,0,7,3232235817,4550.0,7.0,7.0,2.0
84,3,0,7,3232235817,1295.0,10.0,7.0,2.0
84,8,0,7,3232235817,988.0,1.0,7.0,2.0
36,7,0,7,3232235869,1264.0,1.0,7.0,2.0
36,6,0,7,3232235869,2248.0,9.0,7.0,2.0
36,0,0,7,3232235869,4726.0,1.0,7.0,2.0
36,8,0,7,3232235869,441.0,1.0,7.0,2.0
32,7,0,4,3232235817,685.0,1.0,7.0,2.0
32,6,0,4,3232235817,5415.0,9.0,7.0,2.0
32,0,0,4,3232235817,4333.0,4.0,7.0,2.0
32,8,0,4,3232235817,794.0,1.0,7.0,2.0
77,7,0,4,3232235969,876.0,1.0,9.0,2.0
77,6,0,4,3232235969,887.0,4.0,9.0,2.0
77,0,0,4,3232235969,4447.0,7.0,9.0,2.0
77,8,0,4,3232235969,926.0,1.0,9.0,2.0
82,7,0,0,3232235801,1342.0,1.0,9.0,2.0
82,6,0,0,3232235801,5290.0,6.0,9.0,2.0
82,0,0,0,3232235801,5405.0,2.0,9.0,2.0
82,8,0,0,3232235801,552.0,1.0,9.0,2.0
65,7,0,7,3232235836,892.0,1.0,16.0,2.0
65,6,0,7,3232235836,845.0,5.0,16.0,2.0
65,0,0,7,3232235836,2467.0,1.0,16.0,2.0
65,8,0,7,3232235836,325.0,1.0,16.0,2.0
75,7,1,1,3232235968,586.0,1.0,16.0,2.0
75,6,0,1,3232235968,2356.0,9.0,16.0,2.0
75,0,0,1,3232235968,5811.0,6.0,16.0,2.0
75,8,0,1,3232235968,1274.0,1.0,16.0,2.0
63,7,0,8,3232235834,1014.0,1.0,8.0,3.0
63,6,0,8,3232235834,4337.0,9.0,8.0,3.0
63,0,0,8,3232235834,4308.0,2.0,8.0,3.0
63,8,0,8,3232235834,375.0,1.0,8.0,3.0
29,7,0,7,3232235972,833.0,1.0,8.0,3.0
29,6,0,7,3232235972,2677.0,10.0,8.0,3.0
29,0,0,7,3232235972,893.0,5.0,8.0,3.0
29,8,0,7,3232235972,657.0,1.0,8.0,3.0
45,7,0,4,3232235925,684.0,1.0,8.0,3.0
45,6,0,4,3232235925,4282.0,5.0,8.0,3.0
45,0,0,4,3232235925,3481.0,10.0,8.0,3.0
45,8,0,4,3232235925,1404.0,1.0,8.0,3.0
21,7,0,7,3232235785,1240.0,1.0,10.0,3.0
21,6,0,7,3232235785,2230.0,3.0,11.0,3.0
21,0,0,7,3232235785,2781.0,8.0,11.0,3.0
21,8,0,7,3232235785,563.0,1.0,11.0,3.0
31,7,0,0,3232235865,306.0,1.0,12.0,3.0
31,6,0,0,3232235865,2782.0,1.0,12.0,3.0
31,0,0,0,3232235865,5789.0,1.0,12.0,3.0
31,8,0,0,3232235865,1488.0,1.0,12.0,3.0
83,7,0,7,3232235998,1186.0,1.0,13.0,3.0
83,6,0,7,3232235998,1018.0,7.0,13.0,3.0
83,0,0,7,3232235998,4252.0,7.0,13.0,3.0
83,8,0,7,3232235998,938.0,1.0,13.0,3.0
8,7,0,1,3232235813,574.0,1.0,13.0,3.0
8,6,0,1,3232235813,5858.0,6.0,13.0,3.0
8,0,0,1,3232235813,5191.0,3.0,13.0,3.0
46,7,0,1,3232235958,1201.0,1.0,13.0,3.0
8,8,0,1,3232235813,509.0,1.0,13.0,3.0
46,6,0,1,3232235958,3393.0,5.0,13.0,3.0
46,0,0,1,3232235958,992.0,3.0,13.0,3.0
46,8,0,1,3232235958,1148.0,1.0,13.0,3.0
49,7,1,4,3232236030,1632.0,1.0,16.0,3.0
49,6,0,4,3232236030,1523.0,7.0,17.0,3.0
49,0,0,4,3232236030,3527.0,7.0,17.0,3.0
49,8,0,4,3232236030,522.0,1.0,17.0,3.0
39,7,0,7,3232235964,1599.0,1.0,7.0,4.0
39,6,0,7,3232235964,3168.0,8.0,7.0,4.0
39,0,0,7,3232235964,2970.0,5.0,7.0,4.0
39,8,0,7,3232235964,1076.0,1.0,7.0,4.0
44,7,0,8,3232236004,336.0,1.0,7.0,4.0
44,6,0,8,3232236004,1244.0,1.0,7.0,4.0
44,0,0,8,3232236004,3615.0,7.0,7.0,4.0
44,8,0,8,3232236004,1275.0,1.0,7.0,4.0
60,7,0,1,3232235819,1895.0,1.0,10.0,4.0
60,6,0,1,3232235819,1696.0,1.0,10.0,4.0
60,0,0,1,3232235819,4834.0,4.0,10.0,4.0
60,8,0,1,3232235819,1493.0,1.0,10.0,4.0
56,7,0,1,3232235949,1685.0,1.0,11.0,4.0
56,6,0,1,3232235949,2366.0,10.0,11.0,4.0
56,0,0,1,3232235949,5445.0,5.0,11.0,4.0
56,8,0,1,3232235949,1459.0,1.0,11.0,4.0
64,7,0,4,3232235993,1669.0,1.0,11.0,4.0
64,6,0,4,3232235993,2748.0,6.0,11.0,4.0
64,0,0,4,3232235993,2058.0,10.0,11.0,4.0
64,8,0,4,3232235993,329.0,1.0,11.0,4.0
57,7,0,4,3232235957,791.0,1.0,11.0,4.0
57,6,0,4,3232235957,3536.0,10.0,11.0,4.0
57,0,0,4,3232235957,4368.0,5.0,11.0,4.0
57,8,0,4,3232235957,1004.0,1.0,11.0,4.0
25,7,0,8,3232235828,1418.0,1.0,12.0,4.0
25,6,0,8,3232235828,970.0,8.0,12.0,4.0
25,0,0,8,3232235828,5654.0,10.0,12.0,4.0
25,8,0,8,3232235828,555.0,1.0,12.0,4.0
24,7,0,8,3232235784,682.0,1.0,15.0,4.0
24,6,0,8,3232235784,1071.0,7.0,15.0,4.0
24,0,0,8,3232235784,1834.0,10.0,15.0,4.0
24,8,0,8,3232235784,230.0,1.0,15.0,4.0
74,7,0,4,3232235813,1620.0,1.0,7.0,5.0
74,6,0,4,3232235813,1068.0,8.0,7.0,5.0
74,0,0,4,3232235813,1279.0,7.0,7.0,5.0
74,8,0,4,3232235813,816.0,1.0,7.0,5.0
68,7,0,4,3232235794,1235.0,1.0,8.0,5.0
68,6,0,4,3232235794,659.0,4.0,8.0,5.0
68,0,0,4,3232235794,2208.0,5.0,8.0,5.0
68,8,0,4,3232235794,803.0,1.0,8.0,5.0
68,7,0,4,3232235794,979.0,1.0,8.0,5.0
68,6,0,4,3232235794,3455.0,5.0,8.0,5.0
68,0,0,4,3232235794,2289.0,10.0,8.0,5.0
68,8,0,4,3232235794,1286.0,1.0,8.0,5.0
34,7,0,4,3232235804,1300.0,1.0,11.0,5.0
34,6,0,4,3232235804,5383.0,3.0,11.0,5.0
34,0,0,4,3232235804,5847.0,7.0,11.0,5.0
34,8,0,4,3232235804,383.0,1.0,11.0,5.0
23,7,0,1,3232235907,1272.0,1.0,13.0,5.0
23,6,0,1,3232235907,4771.0,7.0,13.0,5.0
23,0,0,1,3232235907,2238.0,3.0,13.0,5.0
23,8,0,1,3232235907,1337.0,1.0,13.0,5.0
18,7,0,7,3232235951,1226.0,1.0,14.0,5.0
18,6,0,7,3232235951,3062.0,4.0,14.0,5.0
18,0,0,7,3232235951,3728.0,5.0,14.0,5.0
18,8,0,7,3232235951,750.0,1.0,14.0,5.0
78,7,0,8,3232235887,1987.0,1.0,7.0,6.0
78,6,0,8,3232235887,5046.0,4.0,7.0,6.0
78,0,0,8,3232235887,2293.0,4.0,8.0,6.0
78,8,0,8,3232235887,1150.0,1.0,8.0,6.0
1,7,0,7,3232235784,1830.0,1.0,11.0,6.0
1,1,0,7,3232235784,848.0,5.0,11.0,6.0
1,4,0,7,3232235784,2234.0,10.0,12.0,6.0
1,3,0,7,3232235784,9184.0,2.0,12.0,6.0
1,8,0,7,3232235784,725.0,1.0,12.0,6.0
62,7,0,4,3232236014,989.0,1.0,13.0,6.0
62,6,0,4,3232236014,943.0,2.0,13.0,6.0
62,0,0,4,3232236014,3748.0,6.0,14.0,6.0
62,8,0,4,3232236014,1436.0,1.0,14.0,6.0
28,7,0,8,3232235849,1004.0,1.0,16.0,6.0
28,6,0,8,3232235849,1229.0,2.0,16.0,6.0
28,0,0,8,3232235849,1654.0,1.0,16.0,6.0
28,8,0,8,3232235849,644.0,1.0,17.0,6.0
60,7,0,1,3232235819,350.0,1.0,9.0,0.0
60,6,0,1,3232235819,3221.0,7.0,9.0,0.0
60,0,0,1,3232235819,5987.0,4.0,9.0,0.0
60,8,0,1,3232235819,746.0,1.0,9.0,0.0
41,7,0,7,3232236027,772.0,1.0,10.0,0.0
41,6,0,7,3232236027,2612.0,3.0,10.0,0.0
41,0,0,7,3232236027,1724.0,9.0,10.0,0.0
41,8,0,7,3232236027,926.0,1.0,10.0,0.0
22,7,0,7,3232235833,1761.0,1.0,13.0,0.0
22,6,0,7,3232235833,5517.0,8.0,13.0,0.0
22,0,0,7,3232235833,3070.0,10.0,13.0,0.0
22,8,0,7,3232235833,1309.0,1.0,13.0,0.0
43,7,0,8,3232235853,1192.0,1.0,13.0,0.0
43,6,0,8,3232235853,1414.0,10.0,13.0,0.0
43,0,0,8,3232235853,3803.0,8.0,13.0,0.0
43,8,0,8,3232235853,1284.0,1.0,13.0,0.0
20,7,0,8,3232235886,664.0,1.0,13.0,0.0
20,6,0,8,3232235886,5416.0,6.0,13.0,0.0
20,0,0,8,3232235886,4402.0,7.0,13.0,0.0
20,8,0,8,3232235886,308.0,1.0,13.0,0.0
28,7,0,8,3232235849,663.0,1.0,10.0,1.0
28,6,0,8,3232235849,3774.0,8.0,10.0,1.0
28,0,0,8,3232235849,4003.0,9.0,10.0,1.0
28,8,0,8,3232235849,1208.0,1.0,10.0,1.0
71,7,0,4,3232235832,1288.0,1.0,12.0,1.0
71,6,0,4,3232235832,1331.0,9.0,12.0,1.0
71,0,0,4,3232235832,5124.0,2.0,13.0,1.0
71,8,0,4,3232235832,929.0,1.0,13.0,1.0
26,7,0,8,3232235885,1143.0,1.0,13.0,1.0
26,6,0,8,3232235885,2861.0,7.0,13.0,1.0
26,0,0,8,3232235885,5006.0,1.0,13.0,1.0
26,8,0,8,3232235885,1131.0,1.0,13.0,1.0
44,7,0,8,3232236004,1659.0,1.0,7.0,2.0
44,6,0,8,3232236004,4557.0,1.0,7.0,2.0
44,0,0,8,3232236004,1534.0,9.0,7.0,2.0
44,8,0,8,3232236004,1408.0,1.0,7.0,2.0
32,7,1,4,3232235817,811.0,1.0,8.0,2.0
32,6,0,4,3232235817,3138.0,4.0,8.0,2.0
32,0,0,4,3232235817,3717.0,8.0,8.0,2.0
32,8,0,4,3232235817,491.0,1.0,8.0,2.0
23,7,0,1,3232235907,1313.0,1.0,10.0,2.0
23,6,0,1,3232235907,3068.0,2.0,10.0,2.0
23,0,0,1,3232235907,4716.0,6.0,10.0,2.0
23,8,0,1,3232235907,421.0,1.0,10.0,2.0
49,7,0,4,3232236030,729.0,1.0,8.0,3.0
80,7,0,4,3232235834,1285.0,1.0,8.0,3.0
49,6,0,4,3232236030,3094.0,9.0,8.0,3.0
80,6,0,4,3232235834,3730.0,7.0,8.0,3.0
49,0,0,4,3232236030,1763.0,7.0,8.0,3.0
49,8,0,4,3232236030,1285.0,1.0,8.0,3.0
80,0,0,4,3232235834,3877.0,10.0,8.0,3.0
80,8,0,4,3232235834,1218.0,1.0,8.0,3.0
56,7,1,1,3232235949,402.0,1.0,8.0,3.0
56,6,0,1,3232235949,3447.0,9.0,8.0,3.0
56,0,0,1,3232235949,2362.0,9.0,9.0,3.0
56,8,0,1,3232235949,1102.0,1.0,9.0,3.0
79,7,0,8,3232235880,709.0,1.0,9.0,3.0
79,6,0,8,3232235880,1343.0,2.0,9.0,3.0
79,0,0,8,3232235880,5872.0,3.0,9.0,3.0
79,8,0,8,3232235880,1229.0,1.0,9.0,3.0
71,7,0,4,3232235832,1054.0,1.0,13.0,3.0
71,6,0,4,3232235832,4664.0,9.0,13.0,3.0
71,0,0,4,3232235832,1137.0,1.0,13.0,3.0
71,8,0,4,3232235832,1239.0,1.0,13.0,3.0
62,7,0,4,3232236014,1618.0,1.0,16.0,3.0
62,6,0,4,3232236014,2505.0,9.0,16.0,3.0
62,0,0,4,3232236014,565.0,3.0,16.0,3.0
62,8,0,4,3232236014,415.0,1.0,16.0,3.0
25,7,0,8,3232235828,312.0,1.0,7.0,4.0
25,6,0,8,3232235828,3931.0,10.0,7.0,4.0
25,0,0,8,3232235828,644.0,2.0,7.0,4.0
25,8,0,8,3232235828,1105.0,1.0,7.0,4.0
84,7,0,7,3232235817,495.0,1.0,15.0,4.0
84,1,0,7,3232235817,1211.0,3.0,15.0,4.0
84,4,0,7,3232235817,8792.0,6.0,15.0,4.0
84,3,0,7,3232235817,7933.0,3.0,15.0,4.0
84,8,0,7,3232235817,1071.0,1.0,15.0,4.0
58,7,0,7,3232235933,1158.0,1.0,12.0,5.0
58,6,0,7,3232235933,3632.0,7.0,12.0,5.0
58,0,0,7,3232235933,5545.0,2.0,12.0,5.0
58,8,0,7,3232235933,235.0,1.0,12.0,5.0
73,7,0,0,3232235814,1789.0,1.0,12.0,0.0
73,6,0,0,3232235814,4870.0,4.0,12.0,0.0
73,0,0,0,3232235814,907.0,7.0,12.0,0.0
73,8,0,0,3232235814,1436.0,1.0,12.0,0.0
41,7,0,7,3232236027,1249.0,1.0,14.0,0.0
41,6,0,7,3232236027,3267.0,6.0,14.0,0.0
41,0,0,7,3232236027,5950.0,7.0,14.0,0.0
41,8,0,7,3232236027,472.0,1.0,14.0,0.0
44,7,0,8,3232236004,1600.0,1.0,15.0,0.0
44,6,0,8,3232236004,3409.0,4.0,15.0,0.0
44,0,0,8,3232236004,4257.0,9.0,15.0,0.0
44,8,0,8,3232236004,771.0,1.0,15.0,0.0
64,7,0,4,3232235993,1040.0,1.0,16.0,0.0
64,6,0,4,3232235993,2165.0,1.0,16.0,0.0
64,0,0,4,3232235993,3468.0,9.0,16.0,0.0
64,8,0,4,3232235993,1170.0,1.0,16.0,0.0
45,7,0,4,3232235925,1540.0,1.0,12.0,1.0
45,6,0,4,3232235925,3356.0,5.0,12.0,1.0
45,0,0,4,3232235925,4197.0,3.0,12.0,1.0
45,8,0,4,3232235925,1271.0,1.0,12.0,1.0
80,7,0,4,3232235834,1093.0,1.0,12.0,1.0
80,6,0,4,3232235834,3273.0,1.0,13.0,1.0
80,0,0,4,3232235834,2909.0,9.0,13.0,1.0
80,8,0,4,3232235834,1335.0,1.0,13.0,1.0
27,7,0,1,3232235892,1346.0,1.0,7.0,2.0
27,6,0,1,3232235892,3713.0,3.0,7.0,2.0
27,0,0,1,3232235892,615.0,10.0,7.0,2.0
27,8,0,1,3232235892,1472.0,1.0,7.0,2.0
64,7,0,4,3232235993,1490.0,1.0,8.0,2.0
64,6,0,4,3232235993,1338.0,2.0,8.0,2.0
64,0,0,4,3232235993,1849.0,6.0,8.0,2.0
64,8,0,4,3232235993,204.0,1.0,8.0,2.0
59,7,0,1,3232235914,580.0,1.0,10.0,2.0
59,6,0,1,3232235914,4282.0,7.0,10.0,2.0
59,0,0,1,3232235914,522.0,2.0,10.0,2.0
59,8,0,1,3232235914,290.0,1.0,10.0,2.0
25,7,0,8,3232235828,1043.0,1.0,11.0,2.0
25,6,0,8,3232235828,5148.0,7.0,11.0,2.0
25,0,0,8,3232235828,2607.0,3.0,11.0,2.0
25,8,0,8,3232235828,1408.0,1.0,11.0,2.0
76,7,0,8,3232235915,468.0,1.0,12.0,2.0
76,6,0,8,3232235915,501.0,10.0,12.0,2.0
76,0,0,8,3232235915,5549.0,3.0,12.0,2.0
76,8,0,8,3232235915,1325.0,1.0,12.0,2.0
55,7,1,4,3232235868,1997.0,1.0,14.0,2.0
55,6,0,4,3232235868,4633.0,9.0,14.0,2.0
55,5,0,4,3232235868,6651.0,1.0,14.0,2.0
55,2,0,4,3232235868,9113.0,1.0,14.0,2.0
55,9,1,4,3232235868,6216.0,4.0,14.0,2.0
55,8,0,4,3232235868,459.0,1.0,14.0,2.0
35,7,0,7,3232235875,360.0,1.0,15.0,2.0
35,6,0,7,3232235875,1602.0,10.0,15.0,2.0
35,0,0,7,3232235875,2121.0,10.0,15.0,2.0
35,8,0,7,3232235875,1296.0,1.0,15.0,2.0
29,7,0,7,3232235972,586.0,1.0,16.0,2.0
29,6,0,7,3232235972,3771.0,1.0,16.0,2.0
29,0,0,7,3232235972,2930.0,2.0,16.0,2.0
29,8,0,7,3232235972,1091.0,1.0,16.0,2.0
8,7,0,1,3232235813,1432.0,1.0,8.0,3.0
8,6,0,1,3232235813,2607.0,7.0,8.0,3.0
8,0,0,1,3232235813,4298.0,5.0,8.0,3.0
8,8,0,1,3232235813,1128.0,1.0,8.0,3.0
63,7,0,8,3232235834,667.0,1.0,10.0,3.0
63,6,0,8,3232235834,1461.0,9.0,10.0,3.0
63,0,0,8,3232235834,5825.0,6.0,10.0,3.0
63,8,0,8,3232235834,1415.0,1.0,10.0,3.0
23,7,0,1,3232235907,1783.0,1.0,11.0,3.0
23,6,0,1,3232235907,596.0,10.0,11.0,3.0
23,0,0,1,3232235907,1316.0,7.0,11.0,3.0
23,8,0,1,3232235907,986.0,1.0,11.0,3.0
45,7,0,4,3232235925,1168.0,1.0,15.0,3.0
45,6,0,4,3232235925,5463.0,4.0,15.0,3.0
45,0,0,4,3232235925,2983.0,5.0,15.0,3.0
45,8,0,4,3232235925,1380.0,1.0,15.0,3.0
44,7,0,8,3232236004,405.0,1.0,15.0,3.0
44,6,0,8,3232236004,1401.0,5.0,15.0,3.0
44,0,0,8,3232236004,3478.0,5.0,15.0,3.0
44,8,0,8,3232236004,918.0,1.0,15.0,3.0
25,7,0,8,3232235828,1227.0,1.0,7.0,4.0
25,6,0,8,3232235828,4465.0,4.0,7.0,4.0
25,0,0,8,3232235828,3633.0,8.0,7.0,4.0
25,8,0,8,3232235828,360.0,1.0,7.0,4.0
50,7,0,7,3232235996,669.0,1.0,7.0,4.0
50,6,0,7,3232235996,3031.0,6.0,7.0,4.0
50,0,0,7,3232235996,3375.0,1.0,7.0,4.0
50,8,0,7,3232235996,571.0,1.0,7.0,4.0
43,7,1,8,3232235853,780.0,1.0,7.0,4.0
43,6,0,8,3232235853,2016.0,2.0,7.0,4.0
43,0,0,8,3232235853,1285.0,6.0,7.0,4.0
43,8,0,8,3232235853,773.0,1.0,7.0,4.0
77,7,0,4,3232235969,1915.0,1.0,10.0,4.0
52,7,0,7,3232235875,326.0,1.0,10.0,4.0
52,6,0,7,3232235875,1361.0,7.0,10.0,4.0
77,6,0,4,3232235969,807.0,8.0,10.0,4.0
77,0,0,4,3232235969,2971.0,10.0,10.0,4.0
52,0,0,7,3232235875,4088.0,9.0,10.0,4.0
77,8,0,4,3232235969,427.0,1.0,10.0,4.0
52,8,0,7,3232235875,374.0,1.0,10.0,4.0
65,7,0,7,3232235836,1624.0,1.0,11.0,4.0
65,6,0,7,3232235836,2331.0,5.0,11.0,4.0
65,0,0,7,3232235836,2549.0,9.0,11.0,4.0
65,8,0,7,3232235836,658.0,1.0,11.0,4.0
73,7,0,0,3232235814,611.0,1.0,11.0,4.0
73,6,0,0,3232235814,4464.0,4.0,11.0,4.0
73,0,0,0,3232235814,5853.0,8.0,11.0,4.0
73,8,0,0,3232235814,434.0,1.0,11.0,4.0
71,7,0,4,3232235832,507.0,1.0,7.0,5.0
71,6,0,4,3232235832,2375.0,6.0,7.0,5.0
71,0,0,4,3232235832,4288.0,10.0,7.0,5.0
71,8,0,4,3232235832,456.0,1.0,7.0,5.0
71,7,0,4,3232235832,681.0,1.0,9.0,5.0
71,6,0,4,3232235832,1448.0,6.0,9.0,5.0
38,7,0,4,3232235984,1316.0,1.0,9.0,5.0
71,0,0,4,3232235832,862.0,4.0,9.0,5.0
71,8,0,4,3232235832,1376.0,1.0,9.0,5.0
38,6,0,4,3232235984,2532.0,9.0,9.0,5.0
38,0,0,4,3232235984,2824.0,8.0,9.0,5.0
38,8,0,4,3232235984,882.0,1.0,9.0,5.0
24,7,0,8,3232235784,1954.0,1.0,10.0,5.0
24,6,0,8,3232235784,4750.0,8.0,10.0,5.0
24,0,0,8,3232235784,2886.0,1.0,10.0,5.0
24,8,0,8,3232235784,1229.0,1.0,10.0,5.0
47,7,0,7,3232235789,1862.0,1.0,13.0,5.0
47,6,0,7,3232235789,3114.0,1.0,13.0,5.0
47,0,0,7,3232235789,3458.0,1.0,13.0,5.0
47,8,0,7,3232235789,1420.0,1.0,13.0,5.0
60,7,0,1,3232235819,522.0,1.0,16.0,5.0
60,6,0,1,3232235819,5631.0,8.0,16.0,5.0
60,0,0,1,3232235819,3977.0,9.0,16.0,5.0
60,8,0,1,3232235819,492.0,1.0,16.0,5.0
86,7,0,0,3232235930,898.0,1.0,13.0,6.0
86,6,0,0,3232235930,5702.0,1.0,13.0,6.0
86,0,0,0,3232235930,4193.0,5.0,13.0,6.0
86,8,0,0,3232235930,899.0,1.0,13.0,6.0
45,7,1,4,3232235925,1209.0,1.0,15.0,6.0
45,6,0,4,3232235925,2553.0,3.0,15.0,6.0
45,0,0,4,3232235925,3678.0,6.0,15.0,6.0
45,8,0,4,3232235925,1289.0,1.0,15.0,6.0
54,7,0,4,3232235819,1939.0,1.0,16.0,6.0
54,6,0,4,3232235819,1653.0,1.0,16.0,6.0
54,5,0,4,3232235819,5269.0,5.0,16.0,6.0
54,2,0,4,3232235819,11535.0,1.0,16.0,6.0
54,9,1,4,3232235819,8976.0,7.0,16.0,6.0
54,8,0,4,3232235819,693.0,1.0,16.0,6.0
48,7,1,1,3232235975,499.0,1.0,7.0,0.0
48,6,0,1,3232235975,4037.0,10.0,7.0,0.0
48,5,0,1,3232235975,5841.0,5.0,7.0,0.0
48,2,1,1,3232235975,6988.0,5.0,7.0,0.0
48,9,0,1,3232235975,5375.0,2.0,7.0,0.0
48,8,0,1,3232235975,722.0,1.0,7.0,0.0
54,7,0,4,3232235819,345.0,1.0,10.0,0.0
54,6,0,4,3232235819,2515.0,4.0,10.0,0.0
54,5,0,4,3232235819,2658.0,7.0,10.0,0.0
54,2,0,4,3232235819,2748.0,2.0,10.0,0.0
54,9,0,4,3232235819,9637.0,10.0,10.0,0.0
66,7,0,7,3232235984,494.0,1.0,10.0,0.0
54,8,0,4,3232235819,1220.0,1.0,10.0,0.0
66,6,0,7,3232235984,3705.0,8.0,10.0,0.0
66,0,0,7,3232235984,1727.0,5.0,10.0,0.0
66,8,0,7,3232235984,890.0,1.0,10.0,0.0
49,7,0,4,3232236030,1285.0,1.0,13.0,0.0
49,6,0,4,3232236030,3462.0,6.0,13.0,0.0
49,0,0,4,3232236030,2982.0,10.0,13.0,0.0
49,8,0,4,3232236030,739.0,1.0,13.0,0.0
59,7,1,1,3232235914,323.0,1.0,14.0,0.0
59,6,0,1,3232235914,943.0,5.0,14.0,0.0
59,0,0,1,3232235914,4795.0,1.0,14.0,0.0
59,8,0,1,3232235914,853.0,1.0,14.0,0.0
80,7,0,4,3232235834,803.0,1.0,15.0,0.0
80,6,0,4,3232235834,5691.0,6.0,15.0,0.0
80,0,0,4,3232235834,3552.0,7.0,15.0,0.0
80,8,0,4,3232235834,1214.0,1.0,15.0,0.0
30,7,0,1,3232235956,1017.0,1.0,7.0,1.0
30,6,0,1,3232235956,4929.0,3.0,7.0,1.0
30,0,0,1,3232235956,5719.0,3.0,7.0,1.0
30,8,0,1,3232235956,724.0,1.0,7.0,1.0
76,7,0,8,3232235915,1168.0,1.0,8.0,1.0
76,6,0,8,3232235915,1424.0,2.0,8.0,1.0
76,0,0,8,3232235915,5159.0,10.0,8.0,1.0
76,8,0,8,3232235915,1162.0,1.0,8.0,1.0
48,7,0,1,3232235975,1934.0,1.0,10.0,1.0
70,7,0,8,3232236002,756.0,1.0,10.0,1.0
48,6,0,1,3232235975,935.0,4.0,10.0,1.0
70,6,0,8,3232236002,655.0,1.0,10.0,1.0
70,0,0,8,3232236002,3943.0,5.0,10.0,1.0
48,5,0,1,3232235975,1717.0,1.0,10.0,1.0
48,2,0,1,3232235975,5266.0,3.0,10.0,1.0
70,8,0,8,3232236002,867.0,1.0,10.0,1.0
48,9,0,1,3232235975,1587.0,8.0,10.0,1.0
48,8,0,1,3232235975,732.0,1.0,10.0,1.0
37,7,0,4,3232235932,813.0,1.0,11.0,1.0
37,6,0,4,3232235932,1942.0,2.0,11.0,1.0
37,0,0,4,3232235932,5019.0,1.0,11.0,1.0
37,8,0,4,3232235932,940.0,1.0,11.0,1.0
84,7,0,7,3232235817,1028.0,1.0,16.0,1.0
84,1,0,7,3232235817,4870.0,5.0,16.0,1.0
84,4,0,7,3232235817,5620.0,1.0,16.0,1.0
84,3,0,7,3232235817,6015.0,4.0,16.0,1.0
84,8,0,7,3232235817,1389.0,1.0,16.0,1.0
85,7,0,1,3232235980,418.0,1.0,9.0,2.0
85,6,0,1,3232235980,2400.0,2.0,9.0,2.0
85,5,0,1,3232235980,5321.0,1.0,9.0,2.0
85,2,0,1,3232235980,5221.0,7.0,9.0,2.0
85,9,0,1,3232235980,9785.0,10.0,9.0,2.0
85,8,0,1,3232235980,293.0,1.0,9.0,2.0
71,7,1,4,3232235832,1466.0,1.0,13.0,2.0
38,7,0,4,3232235984,392.0,1.0,13.0,2.0
71,6,0,4,3232235832,1682.0,7.0,13.0,2.0
38,6,0,4,3232235984,2272.0,9.0,13.0,2.0
71,0,0,4,3232235832,2325.0,8.0,13.0,2.0
38,0,0,4,3232235984,3149.0,1.0,13.0,2.0
38,8,0,4,3232235984,566.0,1.0,13.0,2.0
71,8,0,4,3232235832,1159.0,1.0,13.0,2.0
24,7,0,8,3232235784,1325.0,1.0,15.0,2.0
24,6,0,8,3232235784,1526.0,4.0,15.0,2.0
24,0,0,8,3232235784,5924.0,4.0,15.0,2.0
24,8,0,8,3232235784,1367.0,1.0,15.0,2.0
20,7,0,8,3232235886,904.0,1.0,7.0,3.0
20,6,0,8,3232235886,3903.0,3.0,7.0,3.0
20,0,0,8,3232235886,2144.0,3.0,7.0,3.0
20,8,0,8,3232235886,1304.0,1.0,7.0,3.0
18,7,0,7,3232235951,1525.0,1.0,7.0,3.0
18,6,0,7,3232235951,991.0,6.0,7.0,3.0
18,0,0,7,3232235951,4975.0,2.0,7.0,3.0
18,8,0,7,3232235951,872.0,1.0,7.0,3.0
27,7,0,1,3232235892,1139.0,1.0,8.0,3.0
27,6,0,1,3232235892,1112.0,8.0,8.0,3.0
27,0,0,1,3232235892,2671.0,6.0,8.0,3.0
27,8,0,1,3232235892,1476.0,1.0,8.0,3.0
43,7,0,8,3232235853,1831.0,1.0,9.0,3.0
43,6,0,8,3232235853,5590.0,6.0,9.0,3.0
43,0,0,8,3232235853,4405.0,9.0,9.0,3.0
43,8,0,8,3232235853,1439.0,1.0,9.0,3.0
61,7,0,0,3232235875,490.0,1.0,9.0,3.0
61,6,0,0,3232235875,4384.0,4.0,9.0,3.0
61,0,0,0,3232235875,5739.0,1.0,9.0,3.0
61,8,0,0,3232235875,1355.0,1.0,9.0,3.0
25,7,0,8,3232235828,1014.0,1.0,11.0,3.0
25,6,0,8,3232235828,2006.0,1.0,11.0,3.0
25,0,0,8,3232235828,4366.0,3.0,11.0,3.0
25,8,0,8,3232235828,213.0,1.0,11.0,3.0
63,7,1,8,3232235834,1563.0,1.0,11.0,3.0
63,6,0,8,3232235834,2759.0,7.0,11.0,3.0
63,0,0,8,3232235834,2304.0,1.0,11.0,3.0
63,8,0,8,3232235834,290.0,1.0,11.0,3.0
63,7,1,8,3232235834,1312.0,1.0,16.0,3.0
63,6,0,8,3232235834,4258.0,2.0,16.0,3.0
63,0,0,8,3232235834,2102.0,9.0,16.0,3.0
63,8,0,8,3232235834,1274.0,1.0,16.0,3.0
33,7,0,1,3232236023,1688.0,1.0,13.0,4.0
33,6,0,1,3232236023,3023.0,1.0,13.0,4.0
33,0,0,1,3232236023,3790.0,10.0,13.0,4.0
33,8,0,1,3232236023,651.0,1.0,13.0,4.0
32,7,0,4,3232235817,1482.0,1.0,15.0,4.0
32,6,0,4,3232235817,1855.0,7.0,15.0,4.0
32,0,0,4,3232235817,4646.0,3.0,15.0,4.0
32,8,0,4,3232235817,680.0,1.0,15.0,4.0
61,7,0,0,3232235875,1824.0,1.0,16.0,4.0
61,6,0,0,3232235875,2321.0,3.0,16.0,4.0
61,0,0,0,3232235875,1666.0,4.0,16.0,4.0
61,8,0,0,3232235875,829.0,1.0,16.0,4.0
40,7,0,0,3232235915,1244.0,1.0,9.0,5.0
40,6,0,0,3232235915,1876.0,10.0,9.0,5.0
40,0,0,0,3232235915,4048.0,7.0,9.0,5.0
40,8,0,0,3232235915,1216.0,1.0,9.0,5.0
56,7,0,1,3232235949,522.0,1.0,10.0,5.0
56,6,0,1,3232235949,3182.0,8.0,10.0,5.0
56,0,0,1,3232235949,5783.0,1.0,10.0,5.0
56,8,0,1,3232235949,385.0,1.0,10.0,5.0
49,7,0,4,3232236030,721.0,1.0,14.0,5.0
49,6,0,4,3232236030,3861.0,2.0,14.0,5.0
49,0,0,4,3232236030,601.0,10.0,14.0,5.0
49,8,0,4,3232236030,730.0,1.0,14.0,5.0
86,7,0,0,3232235930,1526.0,1.0,16.0,5.0
86,6,0,0,3232235930,2357.0,8.0,16.0,5.0
86,0,0,0,3232235930,1417.0,7.0,16.0,5.0
86,8,0,0,3232235930,416.0,1.0,16.0,5.0
73,7,0,0,3232235814,1287.0,1.0,16.0,5.0
73,6,0,0,3232235814,4864.0,2.0,16.0,5.0
73,0,0,0,3232235814,5487.0,1.0,16.0,5.0
73,8,0,0,3232235814,934.0,1.0,16.0,5.0
1,7,1,7,3232235784,1465.0,1.0,8.0,6.0
1,1,0,7,3232235784,4269.0,4.0,8.0,6.0
1,4,0,7,3232235784,1640.0,2.0,8.0,6.0
1,3,0,7,3232235784,5717.0,8.0,8.0,6.0
1,8,0,7,3232235784,910.0,1.0,8.0,6.0
59,7,0,1,3232235914,891.0,1.0,8.0,6.0
59,6,0,1,3232235914,3972.0,7.0,8.0,6.0
59,0,0,1,3232235914,1643.0,10.0,8.0,6.0
59,8,0,1,3232235914,1424.0,1.0,8.0,6.0
60,7,0,1,3232235819,1097.0,1.0,15.0,6.0
60,6,0,1,3232235819,3939.0,9.0,15.0,6.0
60,0,0,1,3232235819,4393.0,5.0,15.0,6.0
60,8,0,1,3232235819,251.0,1.0,15.0,6.0
43,7,0,8,3232235853,1360.0,1.0,15.0,6.0
43,6,0,8,3232235853,3571.0,3.0,15.0,6.0
43,0,0,8,3232235853,4291.0,4.0,15.0,6.0
43,8,0,8,3232235853,696.0,1.0,15.0,6.0
77,7,0,4,3232235969,1862.0,1.0,16.0,6.0
77,6,0,4,3232235969,4230.0,6.0,16.0,6.0
77,0,0,4,3232235969,2045.0,4.0,16.0,6.0
77,8,0,4,3232235969,1371.0,1.0,16.0,6.0
28,7,0,8,3232235849,1838.0,1.0,8.0,0.0
28,6,0,8,3232235849,1466.0,8.0,8.0,0.0
28,0,0,8,3232235849,1263.0,4.0,8.0,0.0
28,8,0,8,3232235849,717.0,1.0,8.0,0.0
20,7,0,8,3232235886,534.0,1.0,9.0,0.0
20,6,0,8,3232235886,1801.0,8.0,9.0,0.0
20,0,0,8,3232235886,1044.0,3.0,9.0,0.0
20,8,0,8,3232235886,1299.0,1.0,9.0,0.0
31,7,0,0,3232235865,1520.0,1.0,9.0,0.0
31,6,0,0,3232235865,5543.0,1.0,9.0,0.0
31,0,0,0,3232235865,639.0,8.0,9.0,0.0
31,8,0,0,3232235865,327.0,1.0,9.0,0.0
30,7,0,1,3232235956,387.0,1.0,10.0,0.0
30,6,0,1,3232235956,1141.0,7.0,10.0,0.0
30,0,0,1,3232235956,2154.0,3.0,10.0,0.0
30,8,0,1,3232235956,1418.0,1.0,10.0,0.0
64,7,0,4,3232235993,517.0,1.0,11.0,0.0
64,6,0,4,3232235993,1985.0,7.0,11.0,0.0
64,0,0,4,3232235993,1575.0,1.0,11.0,0.0
64,8,0,4,3232235993,670.0,1.0,11.0,0.0
40,7,0,0,3232235915,1842.0,1.0,13.0,0.0
40,6,0,0,3232235915,1489.0,6.0,13.0,0.0
40,0,0,0,3232235915,1027.0,1.0,13.0,0.0
40,8,0,0,3232235915,1436.0,1.0,13.0,0.0
41,7,0,7,3232236027,1646.0,1.0,15.0,0.0
41,6,0,7,3232236027,3792.0,2.0,15.0,0.0
41,0,0,7,3232236027,5992.0,7.0,15.0,0.0
41,8,0,7,3232236027,1402.0,1.0,15.0,0.0
77,7,1,4,3232235969,404.0,1.0,11.0,1.0
77,6,0,4,3232235969,564.0,2.0,11.0,1.0
77,0,0,4,3232235969,5664.0,7.0,11.0,1.0
77,8,0,4,3232235969,1051.0,1.0,11.0,1.0
55,7,0,4,3232235868,672.0,1.0,15.0,1.0
55,6,0,4,3232235868,4044.0,9.0,15.0,1.0
55,5,0,4,3232235868,953.0,2.0,15.0,1.0
55,2,0,4,3232235868,9988.0,3.0,15.0,1.0
55,9,0,4,3232235868,5982.0,3.0,15.0,1.0
55,8,0,4,3232235868,531.0,1.0,15.0,1.0
38,7,0,4,3232235984,1039.0,1.0,7.0,2.0
38,6,0,4,3232235984,2282.0,7.0,7.0,2.0
38,0,0,4,3232235984,659.0,9.0,7.0,2.0
38,8,0,4,3232235984,323.0,1.0,7.0,2.0
79,7,0,8,3232235880,483.0,1.0,9.0,2.0
79,6,0,8,3232235880,4563.0,2.0,9.0,2.0
79,0,0,8,3232235880,3975.0,1.0,9.0,2.0
79,8,0,8,3232235880,768.0,1.0,9.0,2.0
71,7,0,4,3232235832,1671.0,1.0,9.0,2.0
71,6,0,4,3232235832,3183.0,2.0,9.0,2.0
71,0,0,4,3232235832,1250.0,1.0,9.0,2.0
71,8,0,4,3232235832,1368.0,1.0,9.0,2.0
28,7,0,8,3232235849,744.0,1.0,12.0,2.0
28,6,0,8,3232235849,5019.0,3.0,12.0,2.0
28,0,0,8,3232235849,5903.0,7.0,12.0,2.0
28,8,0,8,3232235849,1259.0,1.0,12.0,2.0
25,7,0,8,3232235828,1203.0,1.0,16.0,2.0
25,6,0,8,3232235828,3424.0,3.0,16.0,2.0
25,0,0,8,3232235828,2427.0,9.0,17.0,2.0
25,8,0,8,3232235828,1022.0,1.0,17.0,2.0
53,7,0,4,3232235894,1305.0,1.0,7.0,3.0
53,6,0,4,3232235894,4270.0,9.0,7.0,3.0
53,0,0,4,3232235894,5531.0,7.0,7.0,3.0
53,8,0,4,3232235894,1262.0,1.0,7.0,3.0
59,7,0,1,3232235914,788.0,1.0,10.0,3.0
59,6,0,1,3232235914,2400.0,2.0,11.0,3.0
59,0,0,1,3232235914,3085.0,9.0,11.0,3.0
59,8,0,1,3232235914,758.0,1.0,11.0,3.0
75,7,1,1,3232235968,596.0,1.0,11.0,3.0
75,6,0,1,3232235968,2970.0,5.0,11.0,3.0
75,0,0,1,3232235968,1579.0,3.0,11.0,3.0
75,8,0,1,3232235968,938.0,1.0,11.0,3.0
85,7,0,1,3232235980,1324.0,1.0,15.0,3.0
85,6,0,1,3232235980,4306.0,2.0,15.0,3.0
85,5,0,1,3232235980,1555.0,4.0,16.0,3.0
85,2,0,1,3232235980,11436.0,9.0,16.0,3.0
85,9,0,1,3232235980,2376.0,9.0,16.0,3.0
85,8,0,1,3232235980,1375.0,1.0,16.0,3.0
83,7,0,7,3232235998,1506.0,1.0,7.0,4.0
83,6,0,7,3232235998,4387.0,7.0,7.0,4.0
83,0,0,7,3232235998,4297.0,10.0,7.0,4.0
83,8,0,7,3232235998,1371.0,1.0,7.0,4.0
66,7,0,7,3232235984,878.0,1.0,12.0,4.0
66,6,0,7,3232235984,2459.0,3.0,12.0,4.0
66,0,0,7,3232235984,858.0,5.0,12.0,4.0
66,8,0,7,3232235984,703.0,1.0,12.0,4.0
35,7,0,7,3232235875,566.0,1.0,13.0,4.0
35,6,0,7,3232235875,2217.0,9.0,13.0,4.0
35,0,0,7,3232235875,617.0,8.0,13.0,4.0
35,8,0,7,3232235875,1315.0,1.0,13.0,4.0
78,7,1,8,3232235887,1172.0,1.0,14.0,4.0
78,6,0,8,3232235887,1428.0,3.0,14.0,4.0
78,0,0,8,3232235887,4258.0,7.0,14.0,4.0
78,8,0,8,3232235887,964.0,1.0,14.0,4.0
27,7,0,1,3232235892,1728.0,1.0,15.0,4.0
27,6,0,1,3232235892,563.0,1.0,15.0,4.0
27,0,0,1,3232235892,1361.0,10.0,15.0,4.0
27,8,0,1,3232235892,362.0,1.0,15.0,4.0
28,7,0,8,3232235849,1899.0,1.0,7.0,5.0
28,6,0,8,3232235849,5597.0,5.0,7.0,5.0
28,0,0,8,3232235849,5764.0,5.0,7.0,5.0
28,8,0,8,3232235849,940.0,1.0,7.0,5.0
24,7,0,8,3232235784,1626.0,1.0,10.0,5.0
24,6,0,8,3232235784,2652.0,3.0,10.0,5.0
24,0,0,8,3232235784,768.0,5.0,10.0,5.0
24,8,0,8,3232235784,1480.0,1.0,10.0,5.0
38,7,0,4,3232235984,758.0,1.0,10.0,5.0
38,6,0,4,3232235984,4109.0,3.0,10.0,5.0
38,0,0,4,3232235984,5113.0,5.0,10.0,5.0
38,8,0,4,3232235984,1108.0,1.0,10.0,5.0
21,7,0,7,3232235785,1605.0,1.0,9.0,6.0
21,6,0,7,3232235785,4061.0,5.0,9.0,6.0
21,0,0,7,3232235785,3814.0,10.0,9.0,6.0
21,8,0,7,3232235785,639.0,1.0,9.0,6.0
84,7,0,7,3232235817,1513.0,1.0,15.0,6.0
84,1,0,7,3232235817,4384.0,1.0,15.0,6.0
84,4,0,7,3232235817,3984.0,10.0,15.0,6.0
84,3,0,7,3232235817,7294.0,10.0,15.0,6.0
84,8,0,7,3232235817,1431.0,1.0,15.0,6.0
33,7,1,1,3232236023,1977.0,1.0,7.0,0.0
33,6,0,1,3232236023,3293.0,10.0,7.0,0.0
33,0,0,1,3232236023,1889.0,9.0,7.0,0.0
33,8,0,1,3232236023,658.0,1.0,7.0,0.0
58,7,0,7,3232235933,1261.0,1.0,10.0,0.0
58,6,0,7,3232235933,4984.0,9.0,10.0,0.0
58,0,0,7,3232235933,2637.0,1.0,11.0,0.0
58,8,0,7,3232235933,1104.0,1.0,11.0,0.0
61,7,0,0,3232235875,1735.0,1.0,11.0,0.0
61,6,0,0,3232235875,2036.0,10.0,11.0,0.0
61,0,0,0,3232235875,1670.0,6.0,11.0,0.0
61,8,0,0,3232235875,1408.0,1.0,11.0,0.0
31,7,0,0,3232235865,1752.0,1.0,12.0,0.0
31,6,0,0,3232235865,2310.0,2.0,12.0,0.0
31,0,0,0,3232235865,5508.0,5.0,12.0,0.0
31,8,0,0,3232235865,1447.0,1.0,12.0,0.0
51,7,0,1,3232235999,1668.0,1.0,8.0,1.0
51,6,0,1,3232235999,2879.0,5.0,8.0,1.0
51,0,0,1,3232235999,1837.0,9.0,8.0,1.0
51,8,0,1,3232235999,1047.0,1.0,8.0,1.0
22,7,0,7,3232235833,1284.0,1.0,9.0,1.0
22,6,0,7,3232235833,4441.0,1.0,9.0,1.0
22,0,0,7,3232235833,2273.0,2.0,9.0,1.0
22,8,0,7,3232235833,1196.0,1.0,9.0,1.0
83,7,0,7,3232235998,874.0,1.0,10.0,1.0
83,6,0,7,3232235998,5443.0,4.0,10.0,1.0
83,0,0,7,3232235998,5146.0,1.0,10.0,1.0
83,8,0,7,3232235998,1157.0,1.0,10.0,1.0
55,7,0,4,3232235868,1473.0,1.0,10.0,1.0
55,6,0,4,3232235868,4581.0,4.0,10.0,1.0
55,5,0,4,3232235868,5194.0,5.0,10.0,1.0
55,2,0,4,3232235868,1808.0,6.0,10.0,1.0
55,9,1,4,3232235868,9986.0,1.0,10.0,1.0
55,8,0,4,3232235868,487.0,1.0,10.0,1.0
28,7,0,8,3232235849,547.0,1.0,13.0,1.0
28,6,0,8,3232235849,1373.0,7.0,13.0,1.0
28,0,0,8,3232235849,1846.0,1.0,13.0,1.0
28,8,0,8,3232235849,803.0,1.0,13.0,1.0
81,7,0,1,3232235908,1945.0,1.0,8.0,2.0
81,6,0,1,3232235908,1817.0,6.0,8.0,2.0
81,0,0,1,3232235908,1554.0,10.0,8.0,2.0
81,8,0,1,3232235908,1238.0,1.0,8.0,2.0
47,7,0,7,3232235789,1151.0,1.0,15.0,2.0
47,6,0,7,3232235789,2510.0,3.0,15.0,2.0
47,0,0,7,3232235789,5743.0,2.0,15.0,2.0
47,8,0,7,3232235789,805.0,1.0,15.0,2.0
40,7,0,0,3232235915,1367.0,1.0,16.0,2.0
40,6,0,0,3232235915,2261.0,3.0,16.0,2.0
40,0,0,0,3232235915,1921.0,8.0,16.0,2.0
40,8,0,0,3232235915,973.0,1.0,16.0,2.0
50,7,0,7,3232235996,743.0,1.0,7.0,3.0
50,6,0,7,3232235996,2460.0,10.0,7.0,3.0
50,0,0,7,3232235996,3193.0,10.0,7.0,3.0
50,8,0,7,3232235996,798.0,1.0,7.0,3.0
23,7,1,1,3232235907,1777.0,1.0,7.0,3.0
23,6,0,1,3232235907,4494.0,10.0,7.0,3.0
23,0,0,1,3232235907,1489.0,2.0,7.0,3.0
23,8,0,1,3232235907,1053.0,1.0,7.0,3.0
18,7,0,7,3232235951,859.0,1.0,11.0,3.0
18,6,0,7,3232235951,2851.0,6.0,11.0,3.0
18,0,0,7,3232235951,2423.0,7.0,11.0,3.0
18,8,0,7,3232235951,801.0,1.0,11.0,3.0
42,7,0,0,3232235798,1459.0,1.0,11.0,3.0
42,6,0,0,3232235798,4778.0,4.0,11.0,3.0
42,0,0,0,3232235798,3484.0,8.0,11.0,3.0
42,8,0,0,3232235798,502.0,1.0,12.0,3.0
49,7,0,4,3232236030,960.0,1.0,7.0,4.0
49,6,0,4,3232236030,4500.0,2.0,7.0,4.0
49,0,0,4,3232236030,2186.0,6.0,7.0,4.0
49,8,0,4,3232236030,1217.0,1.0,7.0,4.0
41,7,0,7,3232236027,1838.0,1.0,8.0,4.0
41,6,0,7,3232236027,4584.0,9.0,8.0,4.0
41,0,0,7,3232236027,4303.0,3.0,8.0,4.0
41,8,0,7,3232236027,859.0,1.0,8.0,4.0
73,7,0,0,3232235814,653.0,1.0,9.0,4.0
73,6,0,0,3232235814,1276.0,3.0,9.0,4.0
73,0,0,0,3232235814,1208.0,9.0,9.0,4.0
73,8,0,0,3232235814,263.0,1.0,9.0,4.0
47,7,0,7,3232235789,404.0,1.0,10.0,4.0
47,6,0,7,3232235789,2903.0,2.0,10.0,4.0
47,0,0,7,3232235789,4570.0,6.0,10.0,4.0
47,8,0,7,3232235789,1079.0,1.0,10.0,4.0
76,7,0,8,3232235915,587.0,1.0,15.0,4.0
76,6,0,8,3232235915,1550.0,8.0,15.0,4.0
76,0,0,8,3232235915,5845.0,9.0,15.0,4.0
76,8,0,8,3232235915,998.0,1.0,15.0,4.0
44,7,0,8,3232236004,591.0,1.0,7.0,5.0
44,6,0,8,3232236004,2556.0,1.0,7.0,5.0
44,0,0,8,3232236004,2174.0,8.0,8.0,5.0
44,8,0,8,3232236004,222.0,1.0,8.0,5.0
81,7,0,1,3232235908,338.0,1.0,10.0,5.0
81,6,0,1,3232235908,5824.0,10.0,10.0,5.0
81,0,0,1,3232235908,3450.0,2.0,10.0,5.0
81,8,0,1,3232235908,1265.0,1.0,10.0,5.0
64,7,0,4,3232235993,820.0,1.0,12.0,5.0
64,6,0,4,3232235993,2781.0,5.0,12.0,5.0
64,0,0,4,3232235993,1026.0,1.0,12.0,5.0
64,8,0,4,3232235993,997.0,1.0,12.0,5.0
42,7,1,0,3232235798,592.0,1.0,15.0,5.0
42,6,0,0,3232235798,5605.0,9.0,15.0,5.0
42,0,0,0,3232235798,2666.0,3.0,15.0,5.0
42,8,0,0,3232235798,901.0,1.0,15.0,5.0
22,7,0,7,3232235833,505.0,1.0,16.0,5.0
22,6,0,7,3232235833,5881.0,4.0,16.0,5.0
22,0,0,7,3232235833,2683.0,9.0,16.0,5.0
22,8,0,7,3232235833,314.0,1.0,16.0,5.0
68,7,0,4,3232235794,474.0,1.0,8.0,6.0
68,6,0,4,3232235794,5379.0,7.0,8.0,6.0
68,0,0,4,3232235794,1249.0,2.0,8.0,6.0
68,8,0,4,3232235794,523.0,1.0,8.0,6.0
33,7,1,1,3232236023,1719.0,1.0,12.0,6.0
33,6,0,1,3232236023,1038.0,9.0,12.0,6.0
33,0,0,1,3232236023,1235.0,8.0,12.0,6.0
33,8,0,1,3232236023,818.0,1.0,12.0,6.0
84,7,0,7,3232235817,687.0,1.0,13.0,6.0
84,1,0,7,3232235817,680.0,2.0,13.0,6.0
84,4,0,7,3232235817,9513.0,6.0,13.0,6.0
84,3,0,7,3232235817,7745.0,10.0,13.0,6.0
84,8,0,7,3232235817,902.0,1.0,13.0,6.0
30,7,0,1,3232235956,727.0,1.0,15.0,6.0
30,6,0,1,3232235956,3337.0,8.0,15.0,6.0
30,0,0,1,3232235956,5578.0,9.0,15.0,6.0
30,8,0,1,3232235956,978.0,1.0,15.0,6.0
57,7,0,4,3232235957,736.0,1.0,15.0,6.0
57,6,0,4,3232235957,4614.0,9.0,15.0,6.0
57,0,0,4,3232235957,4867.0,3.0,15.0,6.0
57,8,0,4,3232235957,600.0,1.0,15.0,6.0
49,7,0,4,3232236030,1955.0,1.0,16.0,6.0
49,6,0,4,3232236030,5977.0,3.0,16.0,6.0
49,0,0,4,3232236030,3857.0,1.0,16.0,6.0
49,8,0,4,3232236030,580.0,1.0,16.0,6.0
32,7,1,4,3232235817,1149.0,1.0,7.0,0.0
32,6,0,4,3232235817,1320.0,5.0,7.0,0.0
32,0,0,4,3232235817,3206.0,10.0,7.0,0.0
32,8,0,4,3232235817,251.0,1.0,7.0,0.0
67,7,0,4,3232235880,1204.0,1.0,12.0,0.0
67,6,0,4,3232235880,3998.0,8.0,12.0,0.0
67,0,0,4,3232235880,3737.0,6.0,12.0,0.0
67,8,0,4,3232235880,765.0,1.0,12.0,0.0
66,7,0,7,3232235984,1769.0,1.0,15.0,0.0
66,6,0,7,3232235984,5456.0,1.0,15.0,0.0
66,0,0,7,3232235984,5601.0,2.0,15.0,0.0
66,8,0,7,3232235984,914.0,1.0,15.0,0.0
38,7,0,4,3232235984,782.0,1.0,12.0,1.0
38,6,0,4,3232235984,2687.0,6.0,12.0,1.0
38,0,0,4,3232235984,2973.0,10.0,12.0,1.0
38,8,0,4,3232235984,1373.0,1.0,12.0,1.0
64,7,0,4,3232235993,1537.0,1.0,14.0,1.0
64,6,0,4,3232235993,1975.0,10.0,14.0,1.0
64,0,0,4,3232235993,868.0,5.0,14.0,1.0
64,8,0,4,3232235993,1077.0,1.0,14.0,1.0
25,7,0,8,3232235828,1317.0,1.0,9.0,2.0
25,6,0,8,3232235828,5827.0,6.0,9.0,2.0
25,0,0,8,3232235828,4034.0,8.0,9.0,2.0
25,8,0,8,3232235828,821.0,1.0,9.0,2.0
29,7,0,7,3232235972,789.0,1.0,12.0,2.0
29,6,0,7,3232235972,1801.0,1.0,12.0,2.0
29,0,0,7,3232235972,2539.0,5.0,12.0,2.0
29,8,0,7,3232235972,739.0,1.0,12.0,2.0
49,7,0,4,3232236030,709.0,1.0,13.0,2.0
49,6,0,4,3232236030,5684.0,10.0,13.0,2.0
49,0,0,4,3232236030,5362.0,1.0,13.0,2.0
49,8,0,4,3232236030,326.0,1.0,13.0,2.0
34,7,0,4,3232235804,1522.0,1.0,14.0,2.0
34,6,0,4,3232235804,3373.0,4.0,14.0,2.0
34,0,0,4,3232235804,2941.0,2.0,14.0,2.0
34,8,0,4,3232235804,355.0,1.0,14.0,2.0
49,7,0,4,3232236030,591.0,1.0,15.0,2.0
49,6,0,4,3232236030,1754.0,9.0,15.0,2.0
49,0,0,4,3232236030,3009.0,3.0,15.0,2.0
49,8,0,4,3232236030,1016.0,1.0,15.0,2.0
29,7,0,7,3232235972,1141.0,1.0,15.0,2.0
29,6,0,7,3232235972,2496.0,1.0,15.0,2.0
29,0,0,7,3232235972,1547.0,10.0,15.0,2.0
29,8,0,7,3232235972,1413.0,1.0,15.0,2.0
63,7,0,8,3232235834,616.0,1.0,8.0,3.0
63,6,0,8,3232235834,534.0,1.0,8.0,3.0
63,0,0,8,3232235834,4601.0,6.0,8.0,3.0
63,8,0,8,3232235834,1206.0,1.0,8.0,3.0
22,7,0,7,3232235833,915.0,1.0,16.0,3.0
22,6,0,7,3232235833,1107.0,3.0,16.0,3.0
22,0,0,7,3232235833,5983.0,5.0,16.0,3.0
22,8,0,7,3232235833,633.0,1.0,16.0,3.0
78,7,0,8,3232235887,1947.0,1.0,7.0,4.0
78,6,0,8,3232235887,1926.0,2.0,7.0,4.0
78,0,0,8,3232235887,4214.0,9.0,7.0,4.0
78,8,0,8,3232235887,1418.0,1.0,7.0,4.0
73,7,0,0,3232235814,1803.0,1.0,8.0,4.0
73,6,0,0,3232235814,5824.0,7.0,8.0,4.0
73,0,0,0,3232235814,3699.0,1.0,8.0,4.0
73,8,0,0,3232235814,807.0,1.0,8.0,4.0
50,7,0,7,3232235996,1315.0,1.0,8.0,4.0
50,6,0,7,3232235996,4250.0,2.0,8.0,4.0
50,0,0,7,3232235996,1609.0,5.0,8.0,4.0
50,8,0,7,3232235996,213.0,1.0,8.0,4.0
24,7,0,8,3232235784,1615.0,1.0,10.0,4.0
24,6,0,8,3232235784,806.0,10.0,10.0,4.0
24,0,0,8,3232235784,3625.0,2.0,10.0,4.0
24,8,0,8,3232235784,314.0,1.0,10.0,4.0
50,7,0,7,3232235996,1714.0,1.0,14.0,4.0
50,6,0,7,3232235996,1780.0,4.0,14.0,4.0
50,0,0,7,3232235996,1496.0,10.0,14.0,4.0
50,8,0,7,3232235996,1139.0,1.0,14.0,4.0
59,7,0,1,3232235914,546.0,1.0,15.0,4.0
59,6,0,1,3232235914,1387.0,7.0,15.0,4.0
59,0,0,1,3232235914,3488.0,10.0,15.0,4.0
59,8,0,1,3232235914,1089.0,1.0,15.0,4.0
79,7,1,8,3232235880,1800.0,1.0,16.0,4.0
79,6,0,8,3232235880,3181.0,3.0,16.0,4.0
79,0,0,8,3232235880,1304.0,9.0,16.0,4.0
79,8,0,8,3232235880,471.0,1.0,16.0,4.0
79,7,0,8,3232235880,771.0,1.0,7.0,5.0
79,6,0,8,3232235880,776.0,5.0,7.0,5.0
79,0,0,8,3232235880,1512.0,7.0,7.0,5.0
79,8,0,8,3232235880,1020.0,1.0,7.0,5.0
60,7,0,1,3232235819,1637.0,1.0,9.0,5.0
60,6,0,1,3232235819,3851.0,8.0,9.0,5.0
60,0,0,1,3232235819,3904.0,8.0,9.0,5.0
60,8,0,1,3232235819,1200.0,1.0,9.0,5.0
18,7,0,7,3232235951,959.0,1.0,7.0,6.0
18,6,0,7,3232235951,2174.0,5.0,7.0,6.0
18,0,0,7,3232235951,5020.0,2.0,7.0,6.0
18,8,0,7,3232235951,454.0,1.0,7.0,6.0
35,7,0,7,3232235875,1747.0,1.0,8.0,6.0
35,6,0,7,3232235875,3909.0,8.0,8.0,6.0
35,0,0,7,3232235875,1539.0,4.0,8.0,6.0
35,8,0,7,3232235875,493.0,1.0,8.0,6.0
31,7,0,0,3232235865,835.0,1.0,9.0,6.0
31,6,0,0,3232235865,601.0,9.0,9.0,6.0
31,0,0,0,3232235865,5223.0,10.0,9.0,6.0
31,8,0,0,3232235865,658.0,1.0,9.0,6.0
86,7,0,0,3232235930,1486.0,1.0,9.0,6.0
86,6,0,0,3232235930,3069.0,1.0,9.0,6.0
86,0,0,0,3232235930,910.0,10.0,9.0,6.0
86,8,0,0,3232235930,1176.0,1.0,9.0,6.0
69,7,0,1,3232236011,578.0,1.0,11.0,6.0
69,6,0,1,3232236011,1299.0,2.0,11.0,6.0
69,0,0,1,3232236011,5922.0,1.0,11.0,6.0
69,8,0,1,3232236011,804.0,1.0,11.0,6.0
38,7,1,4,3232235984,1863.0,1.0,16.0,6.0
38,6,0,4,3232235984,1017.0,6.0,17.0,6.0
38,0,0,4,3232235984,3994.0,1.0,17.0,6.0
38,8,0,4,3232235984,1312.0,1.0,17.0,6.0
68,7,0,4,3232235794,752.0,1.0,9.0,0.0
68,6,0,4,3232235794,744.0,3.0,9.0,0.0
68,0,0,4,3232235794,4189.0,7.0,9.0,0.0
68,8,0,4,3232235794,1114.0,1.0,9.0,0.0
53,7,0,4,3232235894,1754.0,1.0,10.0,0.0
53,6,0,4,3232235894,2475.0,8.0,10.0,0.0
53,0,0,4,3232235894,5981.0,8.0,10.0,0.0
53,8,0,4,3232235894,798.0,1.0,11.0,0.0
75,7,0,1,3232235968,1461.0,1.0,11.0,0.0
75,6,0,1,3232235968,2370.0,9.0,11.0,0.0
75,0,0,1,3232235968,4621.0,3.0,11.0,0.0
75,8,0,1,3232235968,500.0,1.0,11.0,0.0
55,7,0,4,3232235868,1457.0,1.0,12.0,0.0
55,6,0,4,3232235868,4147.0,2.0,12.0,0.0
55,5,0,4,3232235868,5681.0,1.0,12.0,0.0
55,2,0,4,3232235868,9876.0,1.0,12.0,0.0
55,9,0,4,3232235868,1025.0,5.0,12.0,0.0
55,8,0,4,3232235868,1492.0,1.0,13.0,0.0
52,7,1,7,3232235875,905.0,1.0,14.0,0.0
52,6,0,7,3232235875,2293.0,2.0,14.0,0.0
52,0,0,7,3232235875,2853.0,7.0,14.0,0.0
52,8,0,7,3232235875,1115.0,1.0,14.0,0.0
18,7,0,7,3232235951,332.0,1.0,16.0,0.0
18,6,0,7,3232235951,4495.0,5.0,16.0,0.0
18,0,0,7,3232235951,2643.0,4.0,16.0,0.0
18,8,0,7,3232235951,215.0,1.0,16.0,0.0
83,7,0,7,3232235998,432.0,1.0,8.0,1.0
83,6,0,7,3232235998,3588.0,7.0,8.0,1.0
83,0,0,7,3232235998,5856.0,9.0,8.0,1.0
83,8,0,7,3232235998,1094.0,1.0,8.0,1.0
58,7,0,7,3232235933,694.0,1.0,12.0,1.0
58,6,0,7,3232235933,2493.0,8.0,12.0,1.0
58,0,0,7,3232235933,3244.0,10.0,12.0,1.0
58,8,0,7,3232235933,210.0,1.0,12.0,1.0
82,7,0,0,3232235801,1741.0,1.0,12.0,1.0
82,6,0,0,3232235801,703.0,1.0,12.0,1.0
82,0,0,0,3232235801,5129.0,7.0,12.0,1.0
82,8,0,0,3232235801,572.0,1.0,12.0,1.0
25,7,0,8,3232235828,1988.0,1.0,15.0,1.0
65,7,0,7,3232235836,1503.0,1.0,15.0,1.0
25,6,0,8,3232235828,2637.0,9.0,15.0,1.0
65,6,0,7,3232235836,603.0,5.0,15.0,1.0
65,0,0,7,3232235836,3112.0,5.0,15.0,1.0
38,7,0,4,3232235984,366.0,1.0,15.0,1.0
25,0,0,8,3232235828,1043.0,6.0,15.0,1.0
38,6,0,4,3232235984,622.0,5.0,15.0,1.0
65,8,0,7,3232235836,440.0,1.0,15.0,1.0
38,0,0,4,3232235984,3883.0,4.0,15.0,1.0
25,8,0,8,3232235828,1061.0,1.0,15.0,1.0
38,8,0,4,3232235984,615.0,1.0,15.0,1.0
26,7,0,8,3232235885,1279.0,1.0,14.0,2.0
26,6,0,8,3232235885,3156.0,8.0,14.0,2.0
26,0,0,8,3232235885,2651.0,3.0,14.0,2.0
26,8,0,8,3232235885,497.0,1.0,14.0,2.0
53,7,0,4,3232235894,1735.0,1.0,7.0,3.0
53,6,0,4,3232235894,3143.0,6.0,7.0,3.0
53,0,0,4,3232235894,1296.0,7.0,7.0,3.0
53,8,0,4,3232235894,1367.0,1.0,7.0,3.0
79,7,0,8,3232235880,977.0,1.0,10.0,3.0
79,6,0,8,3232235880,912.0,9.0,10.0,3.0
79,0,0,8,3232235880,2324.0,9.0,10.0,3.0
79,8,0,8,3232235880,975.0,1.0,10.0,3.0
24,7,0,8,3232235784,392.0,1.0,10.0,3.0
24,6,0,8,3232235784,2187.0,2.0,10.0,3.0
24,0,0,8,3232235784,2879.0,1.0,10.0,3.0
24,8,0,8,3232235784,692.0,1.0,10.0,3.0
37,7,0,4,3232235932,842.0,1.0,12.0,3.0
37,6,0,4,3232235932,1912.0,7.0,12.0,3.0
37,0,0,4,3232235932,1316.0,2.0,12.0,3.0
37,8,0,4,3232235932,1292.0,1.0,12.0,3.0
18,7,0,7,3232235951,1414.0,1.0,13.0,3.0
18,6,0,7,3232235951,2822.0,3.0,13.0,3.0
18,0,0,7,3232235951,3630.0,4.0,13.0,3.0
18,8,0,7,3232235951,600.0,1.0,13.0,3.0
1,7,0,7,3232235784,320.0,1.0,13.0,3.0
1,1,0,7,3232235784,1907.0,5.0,13.0,3.0
1,4,0,7,3232235784,1761.0,3.0,13.0,3.0
1,3,0,7,3232235784,4050.0,2.0,13.0,3.0
1,8,0,7,3232235784,960.0,1.0,13.0,3.0
82,7,0,0,3232235801,1919.0,1.0,15.0,3.0
72,7,0,0,3232235879,833.0,1.0,15.0,3.0
82,6,0,0,3232235801,2197.0,4.0,15.0,3.0
72,6,0,0,3232235879,741.0,2.0,15.0,3.0
72,0,0,0,3232235879,4535.0,5.0,15.0,3.0
72,8,0,0,3232235879,376.0,1.0,15.0,3.0
82,0,0,0,3232235801,2162.0,8.0,15.0,3.0
82,8,0,0,3232235801,680.0,1.0,15.0,3.0
78,7,1,8,3232235887,793.0,1.0,7.0,4.0
78,6,0,8,3232235887,5278.0,6.0,7.0,4.0
78,0,0,8,3232235887,898.0,1.0,7.0,4.0
78,8,0,8,3232235887,776.0,1.0,7.0,4.0
79,7,0,8,3232235880,1806.0,1.0,8.0,4.0
79,6,0,8,3232235880,3802.0,1.0,8.0,4.0
79,0,0,8,3232235880,2423.0,7.0,8.0,4.0
79,8,0,8,3232235880,1067.0,1.0,8.0,4.0
78,7,0,8,3232235887,1716.0,1.0,10.0,4.0
78,6,0,8,3232235887,3297.0,3.0,10.0,4.0
78,0,0,8,3232235887,2323.0,8.0,10.0,4.0
78,8,0,8,3232235887,1147.0,1.0,10.0,4.0
70,7,0,8,3232236002,670.0,1.0,15.0,4.0
70,6,0,8,3232236002,1309.0,3.0,15.0,4.0
70,0,0,8,3232236002,2970.0,3.0,15.0,4.0
70,8,0,8,3232236002,420.0,1.0,15.0,4.0
51,7,0,1,3232235999,852.0,1.0,8.0,5.0
51,6,0,1,3232235999,3227.0,2.0,8.0,5.0
51,0,0,1,3232235999,2818.0,10.0,8.0,5.0
51,8,0,1,3232235999,457.0,1.0,8.0,5.0
86,7,0,0,3232235930,1398.0,1.0,10.0,5.0
86,6,0,0,3232235930,5461.0,2.0,10.0,5.0
86,0,0,0,3232235930,5530.0,9.0,10.0,5.0
86,8,0,0,3232235930,1037.0,1.0,10.0,5.0
22,7,0,7,3232235833,1614.0,1.0,12.0,5.0
22,6,0,7,3232235833,2450.0,10.0,12.0,5.0
22,0,0,7,3232235833,4135.0,6.0,12.0,5.0
22,8,0,7,3232235833,474.0,1.0,12.0,5.0
82,7,0,0,3232235801,883.0,1.0,12.0,5.0
82,6,0,0,3232235801,2013.0,2.0,12.0,5.0
82,0,0,0,3232235801,1625.0,9.0,12.0,5.0
82,8,0,0,3232235801,1434.0,1.0,12.0,5.0
74,7,0,4,3232235813,1670.0,1.0,7.0,6.0
74,6,0,4,3232235813,2090.0,3.0,7.0,6.0
74,0,0,4,3232235813,2247.0,7.0,7.0,6.0
74,8,0,4,3232235813,581.0,1.0,7.0,6.0
52,7,0,7,3232235875,1373.0,1.0,13.0,0.0
52,6,0,7,3232235875,4389.0,1.0,13.0,0.0
52,0,0,7,3232235875,2271.0,7.0,13.0,0.0
52,8,0,7,3232235875,870.0,1.0,13.0,0.0
64,7,0,4,3232235993,800.0,1.0,16.0,0.0
64,6,0,4,3232235993,4766.0,6.0,16.0,0.0
64,0,0,4,3232235993,3676.0,7.0,16.0,0.0
64,8,0,4,3232235993,777.0,1.0,16.0,0.0
54,7,0,4,3232235819,1413.0,1.0,16.0,0.0
54,6,0,4,3232235819,4943.0,3.0,16.0,0.0
54,5,0,4,3232235819,4295.0,3.0,16.0,0.0
54,2,0,4,3232235819,11328.0,2.0,16.0,0.0
54,9,0,4,3232235819,5051.0,7.0,16.0,0.0
54,8,0,4,3232235819,1136.0,1.0,16.0,0.0
73,7,0,0,3232235814,1765.0,1.0,16.0,0.0
73,6,0,0,3232235814,1367.0,1.0,16.0,0.0
73,0,0,0,3232235814,817.0,8.0,16.0,0.0
73,8,0,0,3232235814,486.0,1.0,16.0,0.0
42,7,0,0,3232235798,414.0,1.0,7.0,1.0
42,6,0,0,3232235798,5742.0,10.0,7.0,1.0
42,0,0,0,3232235798,5234.0,8.0,7.0,1.0
42,8,0,0,3232235798,821.0,1.0,7.0,1.0
22,7,0,7,3232235833,971.0,1.0,10.0,1.0
22,6,0,7,3232235833,1452.0,4.0,10.0,1.0
22,0,0,7,3232235833,5277.0,8.0,10.0,1.0
22,8,0,7,3232235833,386.0,1.0,10.0,1.0
65,7,0,7,3232235836,1844.0,1.0,12.0,1.0
65,6,0,7,3232235836,4422.0,5.0,12.0,1.0
65,0,0,7,3232235836,2778.0,10.0,12.0,1.0
65,8,0,7,3232235836,974.0,1.0,12.0,1.0
24,7,0,8,3232235784,1656.0,1.0,14.0,1.0
24,6,0,8,3232235784,2636.0,10.0,14.0,1.0
24,0,0,8,3232235784,1980.0,4.0,14.0,1.0
24,8,0,8,3232235784,781.0,1.0,14.0,1.0
86,7,0,0,3232235930,1073.0,1.0,8.0,2.0
86,6,0,0,3232235930,2830.0,6.0,8.0,2.0
86,0,0,0,3232235930,1003.0,1.0,8.0,2.0
86,8,0,0,3232235930,1409.0,1.0,8.0,2.0
62,7,0,4,3232236014,800.0,1.0,9.0,2.0
62,6,0,4,3232236014,5863.0,7.0,9.0,2.0
62,0,0,4,3232236014,3493.0,4.0,9.0,2.0
62,8,0,4,3232236014,900.0,1.0,9.0,2.0
18,7,0,7,3232235951,835.0,1.0,10.0,2.0
18,6,0,7,3232235951,3868.0,7.0,10.0,2.0
18,0,0,7,3232235951,4120.0,7.0,10.0,2.0
18,8,0,7,3232235951,1016.0,1.0,10.0,2.0
82,7,0,0,3232235801,759.0,1.0,14.0,2.0
82,6,0,0,3232235801,3346.0,3.0,14.0,2.0
82,0,0,0,3232235801,4552.0,1.0,14.0,2.0
82,8,0,0,3232235801,732.0,1.0,14.0,2.0
42,7,0,0,3232235798,425.0,1.0,7.0,3.0
42,6,0,0,3232235798,1003.0,5.0,7.0,3.0
42,0,0,0,3232235798,2482.0,2.0,7.0,3.0
42,8,0,0,3232235798,913.0,1.0,7.0,3.0
74,7,1,4,3232235813,410.0,1.0,7.0,3.0
74,6,0,4,3232235813,2377.0,6.0,7.0,3.0
74,0,0,4,3232235813,1152.0,1.0,7.0,3.0
74,8,0,4,3232235813,789.0,1.0,7.0,3.0
33,7,0,1,3232236023,580.0,1.0,14.0,3.0
33,6,0,1,3232236023,4380.0,9.0,14.0,3.0
33,0,0,1,3232236023,4243.0,3.0,14.0,3.0
33,8,0,1,3232236023,1441.0,1.0,14.0,3.0
24,7,0,8,3232235784,1131.0,1.0,14.0,3.0
24,6,0,8,3232235784,4541.0,2.0,14.0,3.0
24,0,0,8,3232235784,5357.0,3.0,14.0,3.0
24,8,0,8,3232235784,1344.0,1.0,14.0,3.0
79,7,1,8,3232235880,532.0,1.0,8.0,4.0
79,6,0,8,3232235880,4584.0,10.0,8.0,4.0
79,0,0,8,3232235880,5884.0,7.0,8.0,4.0
79,8,0,8,3232235880,838.0,1.0,8.0,4.0
65,7,0,7,3232235836,1802.0,1.0,10.0,4.0
65,6,0,7,3232235836,4805.0,10.0,10.0,4.0
65,0,0,7,3232235836,1743.0,10.0,10.0,4.0
65,8,0,7,3232235836,1286.0,1.0,10.0,4.0
65,7,0,7,3232235836,656.0,1.0,10.0,4.0
65,6,0,7,3232235836,5554.0,6.0,10.0,4.0
65,0,0,7,3232235836,5511.0,9.0,10.0,4.0
65,8,0,7,3232235836,414.0,1.0,10.0,4.0
34,7,1,4,3232235804,638.0,1.0,14.0,4.0
34,6,0,4,3232235804,2321.0,5.0,14.0,4.0
34,0,0,4,3232235804,2402.0,6.0,14.0,4.0
34,8,0,4,3232235804,714.0,1.0,14.0,4.0
18,7,0,7,3232235951,715.0,1.0,9.0,5.0
18,6,0,7,3232235951,2558.0,8.0,9.0,5.0
18,0,0,7,3232235951,4517.0,2.0,9.0,5.0
18,8,0,7,3232235951,1296.0,1.0,9.0,5.0
82,7,0,0,3232235801,1874.0,1.0,10.0,5.0
82,6,0,0,3232235801,4288.0,4.0,10.0,5.0
82,0,0,0,3232235801,4045.0,6.0,10.0,5.0
82,8,0,0,3232235801,783.0,1.0,10.0,5.0
49,7,0,4,3232236030,1903.0,1.0,12.0,5.0
49,6,0,4,3232236030,4316.0,9.0,12.0,5.0
49,0,0,4,3232236030,1414.0,7.0,12.0,5.0
49,8,0,4,3232236030,1165.0,1.0,12.0,5.0
86,7,1,0,3232235930,1883.0,1.0,14.0,5.0
86,6,0,0,3232235930,2423.0,10.0,14.0,5.0
86,0,0,0,3232235930,4329.0,7.0,14.0,5.0
86,8,0,0,3232235930,697.0,1.0,14.0,5.0
22,7,0,7,3232235833,1246.0,1.0,14.0,5.0
22,6,0,7,3232235833,678.0,7.0,14.0,5.0
22,0,0,7,3232235833,2584.0,1.0,14.0,5.0
22,8,0,7,3232235833,646.0,1.0,14.0,5.0
37,7,0,4,3232235932,1826.0,1.0,14.0,5.0
37,6,0,4,3232235932,5278.0,6.0,14.0,5.0
37,0,0,4,3232235932,2527.0,7.0,14.0,5.0
37,8,0,4,3232235932,1129.0,1.0,14.0,5.0
20,7,0,8,3232235886,1964.0,1.0,15.0,5.0
20,6,0,8,3232235886,3851.0,9.0,15.0,5.0
20,0,0,8,3232235886,5411.0,1.0,15.0,5.0
20,8,0,8,3232235886,756.0,1.0,15.0,5.0
44,7,0,8,3232236004,1905.0,1.0,9.0,6.0
44,6,0,8,3232236004,1485.0,7.0,9.0,6.0
44,0,0,8,3232236004,1598.0,2.0,9.0,6.0
44,8,0,8,3232236004,1298.0,1.0,9.0,6.0
19,7,1,8,3232235800,616.0,1.0,11.0,6.0
19,6,0,8,3232235800,4528.0,5.0,11.0,6.0
19,0,0,8,3232235800,4930.0,8.0,11.0,6.0
19,8,0,8,3232235800,1038.0,1.0,11.0,6.0
71,7,0,4,3232235832,1578.0,1.0,13.0,6.0
71,6,0,4,3232235832,1814.0,6.0,13.0,6.0
71,0,0,4,3232235832,1573.0,6.0,13.0,6.0
71,8,0,4,3232235832,493.0,1.0,13.0,6.0
30,7,0,1,3232235956,1419.0,1.0,10.0,0.0
30,6,0,1,3232235956,3760.0,2.0,10.0,0.0
30,0,0,1,3232235956,527.0,4.0,10.0,0.0
30,8,0,1,3232235956,1097.0,1.0,10.0,0.0
76,7,1,8,3232235915,1086.0,1.0,10.0,0.0
76,6,0,8,3232235915,1989.0,10.0,10.0,0.0
76,0,0,8,3232235915,2250.0,2.0,10.0,0.0
76,8,0,8,3232235915,960.0,1.0,10.0,0.0
49,7,0,4,3232236030,519.0,1.0,12.0,0.0
49,6,0,4,3232236030,2816.0,5.0,12.0,0.0
49,0,0,4,3232236030,2501.0,9.0,12.0,0.0
49,8,0,4,3232236030,1456.0,1.0,12.0,0.0
64,7,0,4,3232235993,466.0,1.0,16.0,0.0
64,6,0,4,3232235993,5676.0,2.0,16.0,0.0
64,0,0,4,3232235993,4812.0,8.0,16.0,0.0
64,8,0,4,3232235993,1140.0,1.0,16.0,0.0
73,7,0,0,3232235814,621.0,1.0,7.0,1.0
73,6,0,0,3232235814,1557.0,9.0,7.0,1.0
73,0,0,0,3232235814,3927.0,8.0,7.0,1.0
73,8,0,0,3232235814,340.0,1.0,7.0,1.0
59,7,0,1,3232235914,1992.0,1.0,10.0,1.0
59,6,0,1,3232235914,1190.0,8.0,10.0,1.0
59,0,0,1,3232235914,1254.0,10.0,10.0,1.0
59,8,0,1,3232235914,203.0,1.0,10.0,1.0
43,7,0,8,3232235853,1881.0,1.0,11.0,1.0
43,6,0,8,3232235853,3325.0,1.0,11.0,1.0
43,0,0,8,3232235853,4454.0,2.0,11.0,1.0
43,8,0,8,3232235853,805.0,1.0,11.0,1.0
26,7,0,8,3232235885,1234.0,1.0,13.0,1.0
26,6,0,8,3232235885,1913.0,4.0,13.0,1.0
26,0,0,8,3232235885,3084.0,3.0,13.0,1.0
26,8,0,8,3232235885,1423.0,1.0,13.0,1.0
73,7,1,0,3232235814,604.0,1.0,8.0,2.0
73,6,0,0,3232235814,2460.0,6.0,8.0,2.0
73,0,0,0,3232235814,1349.0,2.0,8.0,2.0
73,8,0,0,3232235814,350.0,1.0,8.0,2.0
39,7,0,7,3232235964,2000.0,1.0,10.0,2.0
39,6,0,7,3232235964,5898.0,4.0,10.0,2.0
39,0,0,7,3232235964,4658.0,1.0,10.0,2.0
39,8,0,7,3232235964,787.0,1.0,10.0,2.0
55,7,0,4,3232235868,801.0,1.0,14.0,2.0
55,6,0,4,3232235868,1878.0,7.0,14.0,2.0
55,5,0,4,3232235868,755.0,6.0,14.0,2.0
55,2,0,4,3232235868,10488.0,7.0,14.0,2.0
55,9,0,4,3232235868,5586.0,3.0,14.0,2.0
55,8,0,4,3232235868,1140.0,1.0,14.0,2.0
32,7,0,4,3232235817,583.0,1.0,14.0,2.0
32,6,0,4,3232235817,721.0,1.0,14.0,2.0
32,0,0,4,3232235817,4743.0,5.0,14.0,2.0
32,8,0,4,3232235817,1230.0,1.0,14.0,2.0
21,7,0,7,3232235785,1608.0,1.0,8.0,3.0
21,6,0,7,3232235785,3684.0,2.0,8.0,3.0
21,0,0,7,3232235785,1342.0,8.0,8.0,3.0
21,8,0,7,3232235785,1155.0,1.0,8.0,3.0
19,7,1,8,3232235800,478.0,1.0,9.0,3.0
19,6,0,8,3232235800,4324.0,1.0,9.0,3.0
19,0,0,8,3232235800,1344.0,9.0,9.0,3.0
19,8,0,8,3232235800,839.0,1.0,9.0,3.0
77,7,0,4,3232235969,1708.0,1.0,13.0,3.0
77,6,0,4,3232235969,5928.0,1.0,13.0,3.0
77,0,0,4,3232235969,2442.0,1.0,13.0,3.0
77,8,0,4,3232235969,585.0,1.0,13.0,3.0
53,7,1,4,3232235894,1239.0,1.0,7.0,4.0
53,6,0,4,3232235894,953.0,5.0,7.0,4.0
53,0,0,4,3232235894,1215.0,6.0,7.0,4.0
53,8,0,4,3232235894,202.0,1.0,7.0,4.0
18,7,0,7,3232235951,472.0,1.0,8.0,4.0
18,6,0,7,3232235951,3034.0,4.0,8.0,4.0
18,0,0,7,3232235951,2526.0,5.0,8.0,4.0
18,8,0,7,3232235951,1107.0,1.0,8.0,4.0
68,7,0,4,3232235794,393.0,1.0,8.0,4.0
68,6,0,4,3232235794,5585.0,5.0,8.0,4.0
68,0,0,4,3232235794,1726.0,2.0,8.0,4.0
68,8,0,4,3232235794,780.0,1.0,8.0,4.0
30,7,0,1,3232235956,1652.0,1.0,8.0,4.0
35,7,0,7,3232235875,610.0,1.0,8.0,4.0
30,6,0,1,3232235956,2947.0,2.0,8.0,4.0
35,6,0,7,3232235875,1127.0,10.0,8.0,4.0
35,0,0,7,3232235875,5970.0,10.0,8.0,4.0
30,0,0,1,3232235956,4933.0,10.0,8.0,4.0
35,8,0,7,3232235875,1142.0,1.0,8.0,4.0
30,8,0,1,3232235956,1130.0,1.0,8.0,4.0
20,7,0,8,3232235886,913.0,1.0,16.0,4.0
20,6,0,8,3232235886,4604.0,7.0,16.0,4.0
20,0,0,8,3232235886,5204.0,4.0,16.0,4.0
20,8,0,8,3232235886,291.0,1.0,16.0,4.0
52,7,0,7,3232235875,601.0,1.0,12.0,5.0
52,6,0,7,3232235875,5128.0,3.0,12.0,5.0
52,0,0,7,3232235875,5755.0,8.0,12.0,5.0
52,8,0,7,3232235875,1492.0,1.0,12.0,5.0
36,7,0,7,3232235869,356.0,1.0,7.0,6.0
36,6,0,7,3232235869,1068.0,3.0,7.0,6.0
36,0,0,7,3232235869,2044.0,10.0,7.0,6.0
36,8,0,7,3232235869,1220.0,1.0,7.0,6.0
1,7,0,7,3232235784,1255.0,1.0,15.0,6.0
1,1,0,7,3232235784,3819.0,3.0,15.0,6.0
1,4,0,7,3232235784,9576.0,7.0,15.0,6.0
1,3,0,7,3232235784,3734.0,9.0,16.0,6.0
1,8,0,7,3232235784,1223.0,1.0,16.0,6.0
82,7,0,0,3232235801,1786.0,1.0,7.0,0.0
54,7,0,4,3232235819,964.0,1.0,7.0,0.0
54,6,0,4,3232235819,1983.0,7.0,7.0,0.0
82,6,0,0,3232235801,5447.0,8.0,7.0,0.0
54,5,0,4,3232235819,908.0,3.0,7.0,0.0
82,0,0,0,3232235801,4746.0,4.0,7.0,0.0
54,2,1,4,3232235819,10718.0,3.0,7.0,0.0
54,9,0,4,3232235819,6444.0,5.0,7.0,0.0
82,8,0,0,3232235801,224.0,1.0,7.0,0.0
54,8,0,4,3232235819,1007.0,1.0,7.0,0.0
81,7,1,1,3232235908,767.0,1.0,10.0,0.0
81,6,0,1,3232235908,3204.0,3.0,10.0,0.0
81,0,0,1,3232235908,1750.0,10.0,10.0,0.0
81,8,0,1,3232235908,624.0,1.0,10.0,0.0
1,7,0,7,3232235784,1908.0,1.0,10.0,0.0
1,1,0,7,3232235784,3900.0,2.0,10.0,0.0
1,4,0,7,3232235784,3606.0,2.0,10.0,0.0
1,3,0,7,3232235784,9641.0,10.0,10.0,0.0
1,8,0,7,3232235784,775.0,1.0,10.0,0.0
41,7,0,7,3232236027,1489.0,1.0,11.0,0.0
41,6,0,7,3232236027,5668.0,8.0,11.0,0.0
41,0,0,7,3232236027,675.0,10.0,11.0,0.0
41,8,0,7,3232236027,596.0,1.0,11.0,0.0
34,7,0,4,3232235804,1140.0,1.0,11.0,0.0
34,6,0,4,3232235804,2452.0,4.0,11.0,0.0
34,0,0,4,3232235804,5867.0,5.0,11.0,0.0
34,8,0,4,3232235804,1109.0,1.0,11.0,0.0
23,7,0,1,3232235907,1528.0,1.0,9.0,2.0
23,6,0,1,3232235907,4040.0,3.0,9.0,2.0
23,0,0,1,3232235907,2660.0,7.0,9.0,2.0
23,8,0,1,3232235907,1434.0,1.0,9.0,2.0
49,7,0,4,3232236030,1404.0,1.0,11.0,2.0
49,6,0,4,3232236030,4250.0,3.0,11.0,2.0
49,0,0,4,3232236030,3669.0,1.0,11.0,2.0
49,8,0,4,3232236030,574.0,1.0,11.0,2.0
84,7,0,7,3232235817,1238.0,1.0,12.0,2.0
84,1,0,7,3232235817,1778.0,1.0,12.0,2.0
84,4,0,7,3232235817,9948.0,9.0,12.0,2.0
84,3,0,7,3232235817,6427.0,5.0,12.0,2.0
84,8,0,7,3232235817,1170.0,1.0,12.0,2.0
71,7,0,4,3232235832,347.0,1.0,12.0,2.0
71,6,0,4,3232235832,4080.0,3.0,12.0,2.0
71,0,0,4,3232235832,3899.0,1.0,12.0,2.0
71,8,0,4,3232235832,1281.0,1.0,12.0,2.0
68,7,1,4,3232235794,1699.0,1.0,16.0,2.0
68,6,0,4,3232235794,4352.0,6.0,16.0,2.0
68,0,0,4,3232235794,5610.0,1.0,16.0,2.0
68,8,0,4,3232235794,782.0,1.0,16.0,2.0
54,7,0,4,3232235819,785.0,1.0,10.0,3.0
54,6,0,4,3232235819,1267.0,8.0,10.0,3.0
54,5,0,4,3232235819,4124.0,5.0,10.0,3.0
54,2,1,4,3232235819,10732.0,2.0,10.0,3.0
54,9,0,4,3232235819,2948.0,8.0,10.0,3.0
54,8,0,4,3232235819,1091.0,1.0,11.0,3.0
47,7,0,7,3232235789,642.0,1.0,11.0,3.0
47,6,0,7,3232235789,4510.0,4.0,11.0,3.0
47,0,0,7,3232235789,3873.0,6.0,11.0,3.0
47,8,0,7,3232235789,404.0,1.0,11.0,3.0
27,7,0,1,3232235892,1492.0,1.0,15.0,3.0
27,6,0,1,3232235892,3158.0,2.0,15.0,3.0
27,0,0,1,3232235892,1031.0,5.0,15.0,3.0
27,8,0,1,3232235892,668.0,1.0,15.0,3.0
21,7,0,7,3232235785,1542.0,1.0,11.0,4.0
21,6,0,7,3232235785,2478.0,9.0,11.0,4.0
21,0,0,7,3232235785,5024.0,2.0,11.0,4.0
21,8,0,7,3232235785,894.0,1.0,11.0,4.0
56,7,0,1,3232235949,1494.0,1.0,11.0,4.0
56,6,0,1,3232235949,2244.0,7.0,11.0,4.0
56,0,0,1,3232235949,4560.0,5.0,11.0,4.0
56,8,0,1,3232235949,1337.0,1.0,11.0,4.0
18,7,1,7,3232235951,583.0,1.0,12.0,4.0
18,6,0,7,3232235951,5316.0,8.0,12.0,4.0
18,0,0,7,3232235951,3806.0,10.0,12.0,4.0
18,8,0,7,3232235951,771.0,1.0,12.0,4.0
76,7,0,8,3232235915,336.0,1.0,13.0,4.0
76,6,0,8,3232235915,3608.0,3.0,14.0,4.0
76,0,0,8,3232235915,5389.0,7.0,14.0,4.0
76,8,0,8,3232235915,1470.0,1.0,14.0,4.0
26,7,0,8,3232235885,1088.0,1.0,7.0,5.0
26,6,0,8,3232235885,1904.0,8.0,7.0,5.0
26,0,0,8,3232235885,3827.0,7.0,7.0,5.0
26,8,0,8,3232235885,471.0,1.0,7.0,5.0
18,7,0,7,3232235951,626.0,1.0,7.0,5.0
18,6,0,7,3232235951,1730.0,9.0,7.0,5.0
18,0,0,7,3232235951,1856.0,10.0,7.0,5.0
18,8,0,7,3232235951,1049.0,1.0,7.0,5.0
33,7,0,1,3232236023,998.0,1.0,9.0,5.0
33,6,0,1,3232236023,1923.0,9.0,9.0,5.0
33,0,0,1,3232236023,2987.0,6.0,9.0,5.0
33,8,0,1,3232236023,1143.0,1.0,9.0,5.0
74,7,0,4,3232235813,597.0,1.0,9.0,5.0
74,6,0,4,3232235813,4925.0,3.0,9.0,5.0
74,0,0,4,3232235813,5199.0,3.0,10.0,5.0
74,8,0,4,3232235813,621.0,1.0,10.0,5.0
64,7,0,4,3232235993,1079.0,1.0,10.0,5.0
64,6,0,4,3232235993,5530.0,2.0,10.0,5.0
64,0,0,4,3232235993,5643.0,8.0,10.0,5.0
64,8,0,4,3232235993,1213.0,1.0,10.0,5.0
60,7,0,1,3232235819,1309.0,1.0,10.0,5.0
60,6,0,1,3232235819,1374.0,7.0,10.0,5.0
60,0,0,1,3232235819,3823.0,6.0,10.0,5.0
60,8,0,1,3232235819,315.0,1.0,10.0,5.0
56,7,0,1,3232235949,728.0,1.0,11.0,5.0
56,6,0,1,3232235949,1778.0,9.0,11.0,5.0
56,0,0,1,3232235949,1839.0,2.0,11.0,5.0
56,8,0,1,3232235949,406.0,1.0,11.0,5.0
70,7,0,8,3232236002,773.0,1.0,12.0,5.0
70,6,0,8,3232236002,547.0,5.0,12.0,5.0
70,0,0,8,3232236002,4027.0,1.0,12.0,5.0
70,8,0,8,3232236002,661.0,1.0,12.0,5.0
76,7,0,8,3232235915,1401.0,1.0,14.0,5.0
76,6,0,8,3232235915,2867.0,6.0,14.0,5.0
76,0,0,8,3232235915,2253.0,4.0,14.0,5.0
76,8,0,8,3232235915,741.0,1.0,14.0,5.0
82,7,0,0,3232235801,1301.0,1.0,16.0,5.0
82,6,0,0,3232235801,2415.0,2.0,16.0,5.0
82,0,0,0,3232235801,2553.0,2.0,16.0,5.0
82,8,0,0,3232235801,1437.0,1.0,16.0,5.0
34,7,0,4,3232235804,1681.0,1.0,10.0,6.0
34,6,0,4,3232235804,3442.0,7.0,10.0,6.0
34,0,0,4,3232235804,5893.0,8.0,10.0,6.0
34,8,0,4,3232235804,1375.0,1.0,10.0,6.0
39,7,0,7,3232235964,1329.0,1.0,12.0,6.0
39,6,0,7,3232235964,659.0,2.0,12.0,6.0
39,0,0,7,3232235964,4848.0,8.0,12.0,6.0
39,8,0,7,3232235964,531.0,1.0,12.0,6.0
20,7,0,8,3232235886,1170.0,1.0,13.0,6.0
20,6,0,8,3232235886,2613.0,7.0,13.0,6.0
20,0,0,8,3232235886,2506.0,1.0,13.0,6.0
20,8,0,8,3232235886,303.0,1.0,13.0,6.0
68,7,0,4,3232235794,1910.0,1.0,13.0,6.0
68,6,0,4,3232235794,5107.0,1.0,13.0,6.0
68,0,0,4,3232235794,1249.0,2.0,13.0,6.0
68,8,0,4,3232235794,1376.0,1.0,13.0,6.0
45,7,0,4,3232235925,2000.0,1.0,16.0,6.0
45,6,0,4,3232235925,4156.0,3.0,16.0,6.0
45,0,0,4,3232235925,1087.0,1.0,16.0,6.0
45,8,0,4,3232235925,842.0,1.0,16.0,6.0
39,7,0,7,3232235964,963.0,1.0,16.0,6.0
39,6,0,7,3232235964,838.0,3.0,16.0,6.0
39,0,0,7,3232235964,4817.0,8.0,16.0,6.0
39,8,0,7,3232235964,839.0,1.0,16.0,6.0
73,7,1,0,3232235814,1407.0,1.0,9.0,0.0
73,6,0,0,3232235814,3127.0,6.0,10.0,0.0
73,0,0,0,3232235814,3834.0,3.0,10.0,0.0
73,8,0,0,3232235814,1388.0,1.0,10.0,0.0
18,7,0,7,3232235951,348.0,1.0,10.0,0.0
18,6,0,7,3232235951,3716.0,8.0,10.0,0.0
18,0,0,7,3232235951,3363.0,6.0,10.0,0.0
18,8,0,7,3232235951,736.0,1.0,10.0,0.0
43,7,0,8,3232235853,1068.0,1.0,13.0,0.0
43,6,0,8,3232235853,3233.0,3.0,13.0,0.0
43,0,0,8,3232235853,5538.0,5.0,13.0,0.0
43,8,0,8,3232235853,1054.0,1.0,13.0,0.0
29,7,0,7,3232235972,747.0,1.0,13.0,0.0
29,6,0,7,3232235972,1338.0,4.0,13.0,0.0
29,0,0,7,3232235972,2938.0,1.0,13.0,0.0
29,8,0,7,3232235972,1121.0,1.0,13.0,0.0
83,7,0,7,3232235998,1245.0,1.0,7.0,1.0
83,6,0,7,3232235998,1293.0,5.0,7.0,1.0
83,0,0,7,3232235998,1152.0,8.0,7.0,1.0
83,8,0,7,3232235998,754.0,1.0,7.0,1.0
78,7,0,8,3232235887,1948.0,1.0,12.0,1.0
78,6,0,8,3232235887,2936.0,8.0,12.0,1.0
78,0,0,8,3232235887,1097.0,1.0,12.0,1.0
78,8,0,8,3232235887,523.0,1.0,12.0,1.0
32,7,1,4,3232235817,1593.0,1.0,13.0,1.0
32,6,0,4,3232235817,1604.0,2.0,13.0,1.0
32,0,0,4,3232235817,4249.0,1.0,13.0,1.0
32,8,0,4,3232235817,800.0,1.0,13.0,1.0
64,7,0,4,3232235993,1025.0,1.0,8.0,2.0
64,6,0,4,3232235993,5276.0,2.0,8.0,2.0
64,0,0,4,3232235993,4356.0,1.0,8.0,2.0
64,8,0,4,3232235993,527.0,1.0,8.0,2.0
56,7,0,1,3232235949,922.0,1.0,10.0,2.0
56,6,0,1,3232235949,3365.0,5.0,10.0,2.0
56,0,0,1,3232235949,969.0,5.0,10.0,2.0
56,8,0,1,3232235949,1217.0,1.0,10.0,2.0
79,7,0,8,3232235880,776.0,1.0,12.0,2.0
79,6,0,8,3232235880,4630.0,5.0,12.0,2.0
79,0,0,8,3232235880,4073.0,8.0,12.0,2.0
79,8,0,8,3232235880,1449.0,1.0,12.0,2.0
45,7,0,4,3232235925,838.0,1.0,12.0,2.0
45,6,0,4,3232235925,2020.0,3.0,12.0,2.0
45,0,0,4,3232235925,5109.0,9.0,12.0,2.0
45,8,0,4,3232235925,1174.0,1.0,12.0,2.0
22,7,0,7,3232235833,791.0,1.0,13.0,2.0
22,6,0,7,3232235833,1230.0,1.0,13.0,2.0
22,0,0,7,3232235833,2205.0,3.0,13.0,2.0
22,8,0,7,3232235833,995.0,1.0,14.0,2.0
84,7,0,7,3232235817,1977.0,1.0,7.0,3.0
84,1,0,7,3232235817,4590.0,2.0,7.0,3.0
84,4,0,7,3232235817,5961.0,4.0,7.0,3.0
84,3,0,7,3232235817,5139.0,3.0,7.0,3.0
84,8,0,7,3232235817,1066.0,1.0,7.0,3.0
84,7,0,7,3232235817,1552.0,1.0,8.0,3.0
84,1,0,7,3232235817,3204.0,4.0,8.0,3.0
84,4,0,7,3232235817,6959.0,4.0,8.0,3.0
84,3,0,7,3232235817,8974.0,7.0,8.0,3.0
84,8,0,7,3232235817,752.0,1.0,8.0,3.0
48,7,0,1,3232235975,1944.0,1.0,9.0,3.0
48,6,0,1,3232235975,5712.0,2.0,9.0,3.0
48,5,0,1,3232235975,4743.0,3.0,9.0,3.0
48,2,1,1,3232235975,11737.0,8.0,9.0,3.0
48,9,0,1,3232235975,2170.0,7.0,9.0,3.0
48,8,0,1,3232235975,1498.0,1.0,9.0,3.0
56,7,1,1,3232235949,560.0,1.0,10.0,3.0
56,6,0,1,3232235949,2276.0,2.0,10.0,3.0
56,0,0,1,3232235949,2237.0,3.0,10.0,3.0
56,8,0,1,3232235949,1000.0,1.0,10.0,3.0
45,7,0,4,3232235925,1782.0,1.0,10.0,3.0
45,6,0,4,3232235925,2320.0,7.0,10.0,3.0
45,0,0,4,3232235925,574.0,4.0,10.0,3.0
45,8,0,4,3232235925,1300.0,1.0,10.0,3.0
23,7,0,1,3232235907,1970.0,1.0,12.0,3.0
23,6,0,1,3232235907,2353.0,10.0,12.0,3.0
23,0,0,1,3232235907,2093.0,8.0,12.0,3.0
23,8,0,1,3232235907,1027.0,1.0,12.0,3.0
41,7,1,7,3232236027,801.0,1.0,12.0,3.0
41,6,0,7,3232236027,1083.0,5.0,12.0,3.0
41,0,0,7,3232236027,5523.0,6.0,12.0,3.0
41,8,0,7,3232236027,1307.0,1.0,12.0,3.0
54,7,0,4,3232235819,625.0,1.0,13.0,3.0
54,6,0,4,3232235819,5715.0,8.0,13.0,3.0
54,5,0,4,3232235819,6973.0,1.0,13.0,3.0
54,2,0,4,3232235819,4794.0,6.0,13.0,3.0
54,9,1,4,3232235819,5120.0,8.0,13.0,3.0
54,8,0,4,3232235819,1082.0,1.0,13.0,3.0
29,7,0,7,3232235972,999.0,1.0,15.0,3.0
29,6,0,7,3232235972,1504.0,7.0,15.0,3.0
29,0,0,7,3232235972,1784.0,2.0,15.0,3.0
29,8,0,7,3232235972,1201.0,1.0,15.0,3.0
62,7,0,4,3232236014,1693.0,1.0,15.0,3.0
62,6,0,4,3232236014,4804.0,8.0,15.0,3.0
62,0,0,4,3232236014,4826.0,6.0,15.0,3.0
62,8,0,4,3232236014,359.0,1.0,15.0,3.0
78,7,0,8,3232235887,581.0,1.0,15.0,3.0
78,6,0,8,3232235887,2133.0,9.0,15.0,3.0
78,0,0,8,3232235887,2541.0,9.0,15.0,3.0
78,8,0,8,3232235887,239.0,1.0,15.0,3.0
58,7,0,7,3232235933,1884.0,1.0,16.0,3.0
58,6,0,7,3232235933,1793.0,2.0,16.0,3.0
58,7,0,7,3232235933,1814.0,1.0,16.0,3.0
58,0,0,7,3232235933,3872.0,7.0,16.0,3.0
58,8,0,7,3232235933,964.0,1.0,16.0,3.0
58,6,0,7,3232235933,5963.0,7.0,16.0,3.0
58,0,0,7,3232235933,4729.0,7.0,16.0,3.0
58,8,0,7,3232235933,1080.0,1.0,16.0,3.0
74,7,1,4,3232235813,1115.0,1.0,9.0,4.0
74,6,0,4,3232235813,4806.0,7.0,9.0,4.0
74,0,0,4,3232235813,3854.0,10.0,9.0,4.0
74,8,0,4,3232235813,351.0,1.0,9.0,4.0
79,7,0,8,3232235880,806.0,1.0,9.0,4.0
79,6,0,8,3232235880,5316.0,8.0,9.0,4.0
79,0,0,8,3232235880,4232.0,4.0,9.0,4.0
79,8,0,8,3232235880,1389.0,1.0,9.0,4.0
66,7,0,7,3232235984,966.0,1.0,10.0,4.0
66,6,0,7,3232235984,3242.0,3.0,11.0,4.0
66,0,0,7,3232235984,1150.0,4.0,11.0,4.0
66,8,0,7,3232235984,931.0,1.0,11.0,4.0
46,7,0,1,3232235958,1014.0,1.0,13.0,4.0
46,6,0,1,3232235958,3509.0,4.0,13.0,4.0
46,0,0,1,3232235958,1662.0,5.0,13.0,4.0
46,8,0,1,3232235958,571.0,1.0,13.0,4.0
63,7,0,8,3232235834,1306.0,1.0,15.0,4.0
63,6,0,8,3232235834,616.0,2.0,15.0,4.0
63,0,0,8,3232235834,5476.0,3.0,15.0,4.0
63,8,0,8,3232235834,944.0,1.0,15.0,4.0
19,7,0,8,3232235800,1131.0,1.0,9.0,5.0
19,6,0,8,3232235800,5831.0,7.0,9.0,5.0
19,0,0,8,3232235800,3040.0,10.0,9.0,5.0
19,8,0,8,3232235800,830.0,1.0,9.0,5.0
43,7,0,8,3232235853,666.0,1.0,7.0,6.0
43,6,0,8,3232235853,4525.0,3.0,7.0,6.0
43,0,0,8,3232235853,2072.0,4.0,7.0,6.0
43,8,0,8,3232235853,1444.0,1.0,7.0,6.0
80,7,1,4,3232235834,729.0,1.0,8.0,6.0
80,6,0,4,3232235834,2933.0,9.0,8.0,6.0
80,0,0,4,3232235834,3691.0,10.0,8.0,6.0
80,8,0,4,3232235834,1347.0,1.0,8.0,6.0
27,7,1,1,3232235892,1097.0,1.0,11.0,6.0
27,6,0,1,3232235892,931.0,10.0,11.0,6.0
27,0,0,1,3232235892,2485.0,1.0,11.0,6.0
27,8,0,1,3232235892,1163.0,1.0,11.0,6.0
28,7,0,8,3232235849,1931.0,1.0,12.0,6.0
28,6,0,8,3232235849,4948.0,1.0,12.0,6.0
28,0,0,8,3232235849,3461.0,7.0,12.0,6.0
28,8,0,8,3232235849,710.0,1.0,12.0,6.0
56,7,0,1,3232235949,606.0,1.0,15.0,6.0
56,6,0,1,3232235949,1206.0,5.0,15.0,6.0
56,0,0,1,3232235949,5293.0,10.0,15.0,6.0
56,8,0,1,3232235949,316.0,1.0,15.0,6.0
72,7,0,0,3232235879,935.0,1.0,9.0,0.0
72,6,0,0,3232235879,2324.0,8.0,9.0,0.0
72,0,0,0,3232235879,1347.0,8.0,9.0,0.0
72,8,0,0,3232235879,694.0,1.0,9.0,0.0
72,7,0,0,3232235879,1557.0,1.0,10.0,0.0
72,6,0,0,3232235879,5661.0,5.0,10.0,0.0
72,0,0,0,3232235879,1248.0,8.0,10.0,0.0
72,8,0,0,3232235879,1082.0,1.0,10.0,0.0
27,7,0,1,3232235892,1356.0,1.0,16.0,0.0
27,6,0,1,3232235892,4823.0,2.0,16.0,0.0
27,0,0,1,3232235892,1316.0,10.0,16.0,0.0
27,8,0,1,3232235892,1470.0,1.0,16.0,0.0
32,7,0,4,3232235817,1233.0,1.0,10.0,1.0
32,6,0,4,3232235817,2307.0,6.0,10.0,1.0
32,0,0,4,3232235817,2867.0,9.0,10.0,1.0
32,8,0,4,3232235817,1224.0,1.0,10.0,1.0
31,7,0,0,3232235865,314.0,1.0,15.0,1.0
31,6,0,0,3232235865,1354.0,10.0,15.0,1.0
31,0,0,0,3232235865,4123.0,5.0,15.0,1.0
31,8,0,0,3232235865,735.0,1.0,15.0,1.0
39,7,0,7,3232235964,717.0,1.0,15.0,1.0
39,6,0,7,3232235964,840.0,10.0,15.0,1.0
39,0,0,7,3232235964,2512.0,7.0,15.0,1.0
39,8,0,7,3232235964,356.0,1.0,15.0,1.0
35,7,0,7,3232235875,1282.0,1.0,16.0,1.0
35,6,0,7,3232235875,2537.0,10.0,16.0,1.0
35,0,0,7,3232235875,3997.0,10.0,16.0,1.0
35,8,0,7,3232235875,1064.0,1.0,16.0,1.0
85,7,0,1,3232235980,1492.0,1.0,7.0,2.0
85,6,0,1,3232235980,4020.0,3.0,7.0,2.0
85,5,0,1,3232235980,842.0,5.0,7.0,2.0
85,2,0,1,3232235980,7474.0,1.0,7.0,2.0
85,9,0,1,3232235980,6862.0,4.0,7.0,2.0
85,8,0,1,3232235980,711.0,1.0,7.0,2.0
82,7,0,0,3232235801,331.0,1.0,11.0,2.0
82,6,0,0,3232235801,1914.0,8.0,11.0,2.0
82,0,0,0,3232235801,5172.0,6.0,12.0,2.0
82,8,0,0,3232235801,1380.0,1.0,12.0,2.0
75,7,0,1,3232235968,1601.0,1.0,12.0,2.0
75,6,0,1,3232235968,2975.0,7.0,13.0,2.0
75,0,0,1,3232235968,1455.0,3.0,13.0,2.0
75,8,0,1,3232235968,292.0,1.0,13.0,2.0
71,7,0,4,3232235832,1028.0,1.0,13.0,2.0
71,6,0,4,3232235832,5663.0,7.0,13.0,2.0
71,0,0,4,3232235832,2754.0,9.0,13.0,2.0
71,8,0,4,3232235832,1319.0,1.0,13.0,2.0
74,7,0,4,3232235813,1510.0,1.0,13.0,2.0
74,6,0,4,3232235813,4667.0,5.0,13.0,2.0
74,0,0,4,3232235813,4733.0,2.0,13.0,2.0
74,8,0,4,3232235813,1157.0,1.0,14.0,2.0
41,7,0,7,3232236027,916.0,1.0,16.0,2.0
41,6,0,7,3232236027,552.0,8.0,16.0,2.0
41,0,0,7,3232236027,5609.0,4.0,16.0,2.0
41,8,0,7,3232236027,434.0,1.0,16.0,2.0
74,7,0,4,3232235813,1747.0,1.0,9.0,3.0
74,6,0,4,3232235813,2930.0,4.0,9.0,3.0
74,0,0,4,3232235813,1518.0,7.0,9.0,3.0
74,8,0,4,3232235813,316.0,1.0,9.0,3.0
34,7,0,4,3232235804,1865.0,1.0,12.0,3.0
34,6,0,4,3232235804,5466.0,10.0,12.0,3.0
34,0,0,4,3232235804,5566.0,4.0,12.0,3.0
34,8,0,4,3232235804,1270.0,1.0,12.0,3.0
21,7,0,7,3232235785,1226.0,1.0,14.0,3.0
21,6,0,7,3232235785,5791.0,6.0,14.0,3.0
21,0,0,7,3232235785,1906.0,8.0,14.0,3.0
21,8,0,7,3232235785,540.0,1.0,14.0,3.0
57,7,0,4,3232235957,479.0,1.0,16.0,3.0
57,6,0,4,3232235957,5361.0,10.0,16.0,3.0
57,0,0,4,3232235957,3969.0,5.0,16.0,3.0
57,8,0,4,3232235957,543.0,1.0,16.0,3.0
43,7,0,8,3232235853,816.0,1.0,9.0,4.0
43,6,0,8,3232235853,771.0,10.0,9.0,4.0
43,0,0,8,3232235853,3788.0,8.0,9.0,4.0
43,8,0,8,3232235853,997.0,1.0,9.0,4.0
46,7,0,1,3232235958,1083.0,1.0,10.0,4.0
46,6,0,1,3232235958,4576.0,10.0,10.0,4.0
46,0,0,1,3232235958,1672.0,4.0,10.0,4.0
46,8,0,1,3232235958,1144.0,1.0,10.0,4.0
86,7,0,0,3232235930,1793.0,1.0,11.0,4.0
86,6,0,0,3232235930,4531.0,8.0,11.0,4.0
86,0,0,0,3232235930,5346.0,9.0,11.0,4.0
86,8,0,0,3232235930,539.0,1.0,11.0,4.0
23,7,0,1,3232235907,386.0,1.0,12.0,4.0
23,6,0,1,3232235907,4302.0,10.0,13.0,4.0
23,0,0,1,3232235907,4661.0,10.0,13.0,4.0
23,8,0,1,3232235907,396.0,1.0,13.0,4.0
86,7,0,0,3232235930,386.0,1.0,13.0,4.0
86,6,0,0,3232235930,5336.0,2.0,13.0,4.0
86,0,0,0,3232235930,5215.0,2.0,13.0,4.0
86,8,0,0,3232235930,440.0,1.0,13.0,4.0
46,7,0,1,3232235958,621.0,1.0,14.0,4.0
46,6,0,1,3232235958,4614.0,5.0,14.0,4.0
46,0,0,1,3232235958,5603.0,3.0,14.0,4.0
46,8,0,1,3232235958,317.0,1.0,14.0,4.0
71,7,0,4,3232235832,612.0,1.0,14.0,4.0
71,6,0,4,3232235832,2094.0,6.0,14.0,4.0
71,0,0,4,3232235832,1317.0,9.0,14.0,4.0
71,8,0,4,3232235832,1440.0,1.0,14.0,4.0
65,7,0,7,3232235836,897.0,1.0,8.0,5.0
65,6,0,7,3232235836,3080.0,7.0,8.0,5.0
65,0,0,7,3232235836,3172.0,6.0,8.0,5.0
65,8,0,7,3232235836,1127.0,1.0,8.0,5.0
26,7,0,8,3232235885,498.0,1.0,8.0,5.0
26,6,0,8,3232235885,652.0,2.0,8.0,5.0
26,0,0,8,3232235885,4265.0,10.0,8.0,5.0
26,8,0,8,3232235885,570.0,1.0,8.0,5.0
69,7,0,1,3232236011,490.0,1.0,10.0,5.0
69,6,0,1,3232236011,3240.0,3.0,10.0,5.0
69,0,0,1,3232236011,844.0,3.0,10.0,5.0
69,8,0,1,3232236011,691.0,1.0,10.0,5.0
34,7,0,4,3232235804,1119.0,1.0,11.0,5.0
34,6,0,4,3232235804,596.0,7.0,11.0,5.0
34,0,0,4,3232235804,2114.0,7.0,11.0,5.0
34,8,0,4,3232235804,1490.0,1.0,11.0,5.0
38,7,0,4,3232235984,1635.0,1.0,10.0,6.0
38,6,0,4,3232235984,4104.0,1.0,10.0,6.0
38,0,0,4,3232235984,4234.0,2.0,10.0,6.0
38,8,0,4,3232235984,1003.0,1.0,10.0,6.0
21,7,0,7,3232235785,851.0,1.0,10.0,0.0
21,6,0,7,3232235785,4704.0,1.0,10.0,0.0
21,0,0,7,3232235785,572.0,8.0,10.0,0.0
21,8,0,7,3232235785,470.0,1.0,10.0,0.0
29,7,0,7,3232235972,1060.0,1.0,12.0,0.0
29,6,0,7,3232235972,3567.0,5.0,12.0,0.0
29,0,0,7,3232235972,2908.0,8.0,12.0,0.0
29,8,0,7,3232235972,257.0,1.0,12.0,0.0
81,7,0,1,3232235908,1011.0,1.0,12.0,0.0
81,6,0,1,3232235908,1103.0,2.0,12.0,0.0
81,0,0,1,3232235908,797.0,6.0,12.0,0.0
81,8,0,1,3232235908,1323.0,1.0,12.0,0.0
40,7,0,0,3232235915,600.0,1.0,15.0,0.0
40,6,0,0,3232235915,5215.0,5.0,15.0,0.0
40,0,0,0,3232235915,1071.0,1.0,15.0,0.0
40,8,0,0,3232235915,381.0,1.0,15.0,0.0
45,7,0,4,3232235925,506.0,1.0,8.0,1.0
45,6,0,4,3232235925,3627.0,4.0,8.0,1.0
45,0,0,4,3232235925,3284.0,10.0,8.0,1.0
39,7,0,7,3232235964,615.0,1.0,8.0,1.0
45,8,0,4,3232235925,360.0,1.0,8.0,1.0
39,6,0,7,3232235964,5994.0,4.0,9.0,1.0
39,0,0,7,3232235964,2074.0,6.0,9.0,1.0
39,8,0,7,3232235964,1003.0,1.0,9.0,1.0
48,7,0,1,3232235975,515.0,1.0,9.0,1.0
48,6,0,1,3232235975,984.0,2.0,9.0,1.0
48,5,0,1,3232235975,4691.0,7.0,9.0,1.0
48,2,0,1,3232235975,6225.0,4.0,9.0,1.0
48,9,0,1,3232235975,3226.0,4.0,10.0,1.0
48,8,0,1,3232235975,371.0,1.0,10.0,1.0
6,7,0,4,3232235840,1614.0,1.0,11.0,1.0
6,6,0,4,3232235840,3639.0,5.0,11.0,1.0
6,5,0,4,3232235840,5146.0,8.0,11.0,1.0
6,2,0,4,3232235840,2948.0,10.0,11.0,1.0
6,9,0,4,3232235840,7717.0,8.0,11.0,1.0
6,8,0,4,3232235840,252.0,1.0,11.0,1.0
56,7,0,1,3232235949,844.0,1.0,11.0,1.0
56,6,0,1,3232235949,995.0,2.0,11.0,1.0
56,0,0,1,3232235949,628.0,5.0,12.0,1.0
56,8,0,1,3232235949,498.0,1.0,12.0,1.0
74,7,0,4,3232235813,1216.0,1.0,13.0,1.0
74,6,0,4,3232235813,5971.0,9.0,13.0,1.0
74,0,0,4,3232235813,2930.0,5.0,13.0,1.0
74,8,0,4,3232235813,741.0,1.0,13.0,1.0
32,7,0,4,3232235817,890.0,1.0,15.0,1.0
32,6,0,4,3232235817,3175.0,8.0,15.0,1.0
32,0,0,4,3232235817,1253.0,5.0,15.0,1.0
32,8,0,4,3232235817,824.0,1.0,15.0,1.0
44,7,0,8,3232236004,1263.0,1.0,7.0,2.0
44,6,0,8,3232236004,2778.0,3.0,7.0,2.0
44,0,0,8,3232236004,5295.0,7.0,7.0,2.0
44,8,0,8,3232236004,1500.0,1.0,7.0,2.0
55,7,0,4,3232235868,1836.0,1.0,12.0,2.0
55,6,0,4,3232235868,943.0,9.0,12.0,2.0
55,5,0,4,3232235868,3966.0,8.0,12.0,2.0
55,2,0,4,3232235868,10359.0,1.0,12.0,2.0
55,9,0,4,3232235868,9232.0,6.0,12.0,2.0
55,8,0,4,3232235868,1006.0,1.0,12.0,2.0
68,7,0,4,3232235794,1405.0,1.0,12.0,2.0
68,6,0,4,3232235794,4998.0,1.0,12.0,2.0
68,0,0,4,3232235794,3167.0,3.0,12.0,2.0
68,8,0,4,3232235794,1226.0,1.0,12.0,2.0
76,7,0,8,3232235915,903.0,1.0,11.0,3.0
76,6,0,8,3232235915,3110.0,5.0,11.0,3.0
76,0,0,8,3232235915,1357.0,2.0,11.0,3.0
76,8,0,8,3232235915,900.0,1.0,11.0,3.0
84,7,0,7,3232235817,415.0,1.0,11.0,3.0
84,1,0,7,3232235817,1683.0,1.0,11.0,3.0
84,4,0,7,3232235817,9232.0,6.0,11.0,3.0
84,3,0,7,3232235817,1775.0,6.0,11.0,3.0
84,8,0,7,3232235817,985.0,1.0,11.0,3.0
36,7,1,7,3232235869,674.0,1.0,14.0,3.0
36,6,0,7,3232235869,4643.0,5.0,14.0,3.0
36,0,0,7,3232235869,2105.0,1.0,14.0,3.0
36,8,0,7,3232235869,221.0,1.0,14.0,3.0
66,7,0,7,3232235984,1114.0,1.0,7.0,4.0
66,6,0,7,3232235984,2358.0,4.0,7.0,4.0
66,0,0,7,3232235984,4386.0,4.0,7.0,4.0
66,8,0,7,3232235984,1256.0,1.0,7.0,4.0
45,7,0,4,3232235925,1707.0,1.0,8.0,4.0
45,6,0,4,3232235925,5615.0,6.0,8.0,4.0
45,0,0,4,3232235925,1771.0,2.0,8.0,4.0
45,8,0,4,3232235925,1239.0,1.0,8.0,4.0
52,7,0,7,3232235875,1675.0,1.0,10.0,4.0
52,6,0,7,3232235875,3420.0,3.0,10.0,4.0
52,0,0,7,3232235875,889.0,9.0,10.0,4.0
52,8,0,7,3232235875,1401.0,1.0,10.0,4.0
57,7,0,4,3232235957,1619.0,1.0,11.0,4.0
57,6,0,4,3232235957,2218.0,8.0,11.0,4.0
57,0,0,4,3232235957,5875.0,1.0,11.0,4.0
57,8,0,4,3232235957,945.0,1.0,11.0,4.0
33,7,0,1,3232236023,1730.0,1.0,11.0,4.0
33,6,0,1,3232236023,2802.0,1.0,11.0,4.0
33,0,0,1,3232236023,4909.0,8.0,11.0,4.0
33,8,0,1,3232236023,1248.0,1.0,11.0,4.0
22,7,0,7,3232235833,1559.0,1.0,8.0,5.0
22,6,0,7,3232235833,5566.0,4.0,8.0,5.0
22,0,0,7,3232235833,645.0,8.0,8.0,5.0
22,8,0,7,3232235833,769.0,1.0,8.0,5.0
39,7,0,7,3232235964,1971.0,1.0,10.0,5.0
39,6,0,7,3232235964,4518.0,2.0,10.0,5.0
39,0,0,7,3232235964,5102.0,3.0,10.0,5.0
39,8,0,7,3232235964,1057.0,1.0,10.0,5.0
22,7,0,7,3232235833,765.0,1.0,12.0,5.0
22,6,0,7,3232235833,1711.0,5.0,12.0,5.0
22,0,0,7,3232235833,1947.0,7.0,12.0,5.0
22,8,0,7,3232235833,742.0,1.0,12.0,5.0
25,7,0,8,3232235828,1267.0,1.0,12.0,5.0
25,6,0,8,3232235828,2666.0,8.0,12.0,5.0
25,0,0,8,3232235828,3801.0,4.0,12.0,5.0
25,8,0,8,3232235828,1427.0,1.0,12.0,5.0
67,7,0,4,3232235880,565.0,1.0,14.0,5.0
67,6,0,4,3232235880,1285.0,2.0,14.0,5.0
67,0,0,4,3232235880,3438.0,1.0,14.0,5.0
67,8,0,4,3232235880,850.0,1.0,14.0,5.0
70,7,0,8,3232236002,894.0,1.0,15.0,5.0
70,6,0,8,3232236002,5024.0,1.0,15.0,5.0
70,0,0,8,3232236002,1317.0,6.0,15.0,5.0
70,8,0,8,3232236002,394.0,1.0,15.0,5.0
41,7,1,7,3232236027,576.0,1.0,16.0,5.0
41,6,0,7,3232236027,1689.0,10.0,16.0,5.0
41,0,0,7,3232236027,1794.0,6.0,16.0,5.0
41,8,0,7,3232236027,338.0,1.0,16.0,5.0
64,7,0,4,3232235993,1907.0,1.0,10.0,6.0
64,6,0,4,3232235993,3436.0,9.0,10.0,6.0
64,0,0,4,3232235993,2959.0,3.0,10.0,6.0
64,8,0,4,3232235993,1343.0,1.0,10.0,6.0
48,7,0,1,3232235975,1940.0,1.0,12.0,6.0
48,6,0,1,3232235975,5838.0,5.0,12.0,6.0
48,5,0,1,3232235975,3233.0,10.0,12.0,6.0
48,2,0,1,3232235975,9007.0,10.0,12.0,6.0
48,9,0,1,3232235975,9899.0,3.0,12.0,6.0
48,8,0,1,3232235975,583.0,1.0,12.0,6.0
47,7,1,7,3232235789,914.0,1.0,14.0,6.0
47,6,0,7,3232235789,3648.0,8.0,14.0,6.0
47,0,0,7,3232235789,2585.0,7.0,14.0,6.0
47,8,0,7,3232235789,561.0,1.0,14.0,6.0
24,7,1,8,3232235784,1592.0,1.0,15.0,6.0
24,6,0,8,3232235784,1627.0,5.0,15.0,6.0
24,0,0,8,3232235784,4832.0,9.0,15.0,6.0
24,8,0,8,3232235784,584.0,1.0,15.0,6.0
31,7,0,0,3232235865,542.0,1.0,16.0,6.0
31,6,0,0,3232235865,2756.0,4.0,16.0,6.0
31,0,0,0,3232235865,3972.0,6.0,16.0,6.0
31,8,0,0,3232235865,1325.0,1.0,16.0,6.0
81,7,0,1,3232235908,881.0,1.0,13.0,0.0
81,6,0,1,3232235908,3872.0,8.0,13.0,0.0
81,0,0,1,3232235908,1150.0,5.0,13.0,0.0
81,8,0,1,3232235908,993.0,1.0,13.0,0.0
78,7,0,8,3232235887,389.0,1.0,9.0,1.0
78,6,0,8,3232235887,3751.0,3.0,9.0,1.0
78,0,0,8,3232235887,3932.0,1.0,9.0,1.0
78,8,0,8,3232235887,262.0,1.0,9.0,1.0
32,7,1,4,3232235817,1606.0,1.0,11.0,1.0
32,6,0,4,3232235817,930.0,2.0,11.0,1.0
32,0,0,4,3232235817,3885.0,6.0,11.0,1.0
32,8,0,4,3232235817,1167.0,1.0,11.0,1.0
50,7,0,7,3232235996,1560.0,1.0,12.0,2.0
71,7,0,4,3232235832,998.0,1.0,12.0,2.0
71,6,0,4,3232235832,5121.0,9.0,12.0,2.0
50,6,0,7,3232235996,2255.0,9.0,12.0,2.0
71,0,0,4,3232235832,4802.0,10.0,12.0,2.0
50,0,0,7,3232235996,636.0,4.0,12.0,2.0
71,8,0,4,3232235832,1240.0,1.0,12.0,2.0
50,8,0,7,3232235996,874.0,1.0,12.0,2.0
41,7,0,7,3232236027,922.0,1.0,12.0,2.0
41,6,0,7,3232236027,4521.0,5.0,12.0,2.0
41,0,0,7,3232236027,1237.0,3.0,12.0,2.0
41,8,0,7,3232236027,1095.0,1.0,12.0,2.0
60,7,0,1,3232235819,1065.0,1.0,15.0,2.0
60,6,0,1,3232235819,4208.0,1.0,15.0,2.0
60,0,0,1,3232235819,4642.0,9.0,15.0,2.0
60,8,0,1,3232235819,1090.0,1.0,16.0,2.0
82,7,0,0,3232235801,1770.0,1.0,11.0,3.0
82,6,0,0,3232235801,607.0,4.0,11.0,3.0
82,0,0,0,3232235801,5871.0,8.0,11.0,3.0
82,8,0,0,3232235801,363.0,1.0,11.0,3.0
76,7,0,8,3232235915,856.0,1.0,12.0,3.0
76,6,0,8,3232235915,918.0,3.0,12.0,3.0
76,0,0,8,3232235915,3634.0,4.0,12.0,3.0
76,8,0,8,3232235915,507.0,1.0,12.0,3.0
28,7,0,8,3232235849,801.0,1.0,13.0,3.0
28,6,0,8,3232235849,2183.0,2.0,13.0,3.0
28,0,0,8,3232235849,2059.0,5.0,13.0,3.0
28,8,0,8,3232235849,316.0,1.0,13.0,3.0
61,7,1,0,3232235875,1466.0,1.0,14.0,3.0
61,6,0,0,3232235875,3588.0,1.0,14.0,3.0
61,0,0,0,3232235875,5371.0,4.0,14.0,3.0
61,8,0,0,3232235875,459.0,1.0,14.0,3.0
26,7,0,8,3232235885,660.0,1.0,7.0,4.0
26,6,0,8,3232235885,3811.0,8.0,7.0,4.0
26,0,0,8,3232235885,5457.0,2.0,7.0,4.0
26,8,0,8,3232235885,436.0,1.0,7.0,4.0
45,7,0,4,3232235925,647.0,1.0,8.0,4.0
45,6,0,4,3232235925,4910.0,6.0,8.0,4.0
45,0,0,4,3232235925,806.0,8.0,8.0,4.0
45,8,0,4,3232235925,1065.0,1.0,8.0,4.0
80,7,1,4,3232235834,1805.0,1.0,11.0,4.0
80,6,0,4,3232235834,1653.0,6.0,11.0,4.0
80,0,0,4,3232235834,2914.0,8.0,11.0,4.0
80,8,0,4,3232235834,500.0,1.0,11.0,4.0
41,7,0,7,3232236027,339.0,1.0,11.0,4.0
41,6,0,7,3232236027,2341.0,1.0,11.0,4.0
41,0,0,7,3232236027,4782.0,7.0,11.0,4.0
41,8,0,7,3232236027,721.0,1.0,11.0,4.0
53,7,0,4,3232235894,1089.0,1.0,15.0,4.0
53,6,0,4,3232235894,3994.0,1.0,15.0,4.0
53,0,0,4,3232235894,2604.0,6.0,15.0,4.0
53,8,0,4,3232235894,267.0,1.0,15.0,4.0
53,7,0,4,3232235894,1027.0,1.0,7.0,5.0
53,6,0,4,3232235894,1798.0,4.0,7.0,5.0
53,0,0,4,3232235894,4112.0,3.0,8.0,5.0
53,8,0,4,3232235894,723.0,1.0,8.0,5.0
57,7,1,4,3232235957,454.0,1.0,9.0,5.0
57,6,0,4,3232235957,5936.0,9.0,9.0,5.0
57,0,0,4,3232235957,3303.0,9.0,9.0,5.0
57,8,0,4,3232235957,404.0,1.0,9.0,5.0
58,7,0,7,3232235933,1470.0,1.0,11.0,5.0
58,6,0,7,3232235933,4490.0,5.0,11.0,5.0
58,0,0,7,3232235933,1660.0,10.0,11.0,5.0
58,8,0,7,3232235933,761.0,1.0,11.0,5.0
22,7,1,7,3232235833,1748.0,1.0,16.0,5.0
22,6,0,7,3232235833,5310.0,3.0,16.0,5.0
22,0,0,7,3232235833,5921.0,3.0,16.0,5.0
22,8,0,7,3232235833,1257.0,1.0,16.0,5.0
79,7,1,8,3232235880,1898.0,1.0,7.0,6.0
79,6,0,8,3232235880,5592.0,6.0,7.0,6.0
79,0,0,8,3232235880,2941.0,8.0,7.0,6.0
79,8,0,8,3232235880,1072.0,1.0,7.0,6.0
36,7,1,7,3232235869,1648.0,1.0,8.0,6.0
36,6,0,7,3232235869,1248.0,2.0,8.0,6.0
36,0,0,7,3232235869,4369.0,4.0,8.0,6.0
36,8,0,7,3232235869,493.0,1.0,8.0,6.0
54,7,0,4,3232235819,1677.0,1.0,11.0,6.0
54,6,0,4,3232235819,1001.0,10.0,11.0,6.0
54,5,0,4,3232235819,1850.0,4.0,11.0,6.0
54,2,0,4,3232235819,3260.0,10.0,11.0,6.0
54,9,0,4,3232235819,6815.0,1.0,11.0,6.0
54,8,0,4,3232235819,1167.0,1.0,11.0,6.0
33,7,0,1,3232236023,855.0,1.0,13.0,6.0
33,6,0,1,3232236023,2249.0,2.0,13.0,6.0
33,0,0,1,3232236023,5375.0,10.0,14.0,6.0
33,8,0,1,3232236023,1180.0,1.0,14.0,6.0
57,7,1,4,3232235957,1132.0,1.0,14.0,6.0
57,6,0,4,3232235957,3321.0,6.0,14.0,6.0
57,0,0,4,3232235957,1869.0,6.0,14.0,6.0
57,8,0,4,3232235957,559.0,1.0,14.0,6.0
58,7,0,7,3232235933,1546.0,1.0,12.0,0.0
58,6,0,7,3232235933,535.0,1.0,12.0,0.0
58,0,0,7,3232235933,1921.0,7.0,12.0,0.0
58,8,0,7,3232235933,1338.0,1.0,13.0,0.0
86,7,0,0,3232235930,1406.0,1.0,15.0,0.0
86,6,0,0,3232235930,1096.0,1.0,15.0,0.0
86,0,0,0,3232235930,2958.0,2.0,15.0,0.0
86,8,0,0,3232235930,1473.0,1.0,15.0,0.0
24,7,0,8,3232235784,1716.0,1.0,15.0,0.0
24,6,0,8,3232235784,4953.0,1.0,15.0,0.0
24,0,0,8,3232235784,3445.0,9.0,15.0,0.0
24,8,0,8,3232235784,1416.0,1.0,15.0,0.0
37,7,0,4,3232235932,747.0,1.0,12.0,1.0
37,6,0,4,3232235932,5685.0,4.0,12.0,1.0
37,0,0,4,3232235932,5958.0,2.0,12.0,1.0
37,8,0,4,3232235932,611.0,1.0,12.0,1.0
19,7,0,8,3232235800,1083.0,1.0,13.0,1.0
19,6,0,8,3232235800,2953.0,6.0,13.0,1.0
19,0,0,8,3232235800,695.0,6.0,13.0,1.0
19,8,0,8,3232235800,1197.0,1.0,13.0,1.0
49,7,0,4,3232236030,1787.0,1.0,14.0,1.0
49,6,0,4,3232236030,5239.0,8.0,14.0,1.0
49,0,0,4,3232236030,5944.0,1.0,14.0,1.0
49,8,0,4,3232236030,747.0,1.0,14.0,1.0
86,7,0,0,3232235930,499.0,1.0,15.0,1.0
86,6,0,0,3232235930,517.0,6.0,15.0,1.0
86,0,0,0,3232235930,3409.0,5.0,15.0,1.0
86,8,0,0,3232235930,1321.0,1.0,15.0,1.0
25,7,0,8,3232235828,1006.0,1.0,12.0,2.0
25,6,0,8,3232235828,5286.0,9.0,12.0,2.0
25,0,0,8,3232235828,3373.0,2.0,12.0,2.0
25,8,0,8,3232235828,982.0,1.0,12.0,2.0
81,7,0,1,3232235908,1163.0,1.0,13.0,2.0
81,6,0,1,3232235908,5726.0,2.0,13.0,2.0
81,0,0,1,3232235908,2795.0,5.0,13.0,2.0
81,8,0,1,3232235908,715.0,1.0,13.0,2.0
31,7,0,0,3232235865,524.0,1.0,7.0,3.0
31,6,0,0,3232235865,4117.0,6.0,7.0,3.0
31,0,0,0,3232235865,5410.0,4.0,7.0,3.0
31,8,0,0,3232235865,1361.0,1.0,7.0,3.0
83,7,0,7,3232235998,1252.0,1.0,11.0,3.0
83,6,0,7,3232235998,5204.0,1.0,11.0,3.0
61,7,0,0,3232235875,1995.0,1.0,11.0,3.0
83,0,0,7,3232235998,4270.0,10.0,11.0,3.0
61,6,0,0,3232235875,4904.0,4.0,11.0,3.0
61,0,0,0,3232235875,3839.0,10.0,11.0,3.0
83,8,0,7,3232235998,1096.0,1.0,11.0,3.0
61,8,0,0,3232235875,482.0,1.0,11.0,3.0
57,7,0,4,3232235957,1121.0,1.0,7.0,4.0
57,6,0,4,3232235957,5063.0,8.0,7.0,4.0
57,0,0,4,3232235957,1574.0,4.0,7.0,4.0
57,8,0,4,3232235957,317.0,1.0,7.0,4.0
8,7,0,1,3232235813,1431.0,1.0,7.0,4.0
8,6,0,1,3232235813,3033.0,6.0,7.0,4.0
8,0,0,1,3232235813,1499.0,9.0,7.0,4.0
8,8,0,1,3232235813,684.0,1.0,7.0,4.0
79,7,1,8,3232235880,1371.0,1.0,7.0,4.0
79,6,0,8,3232235880,5344.0,4.0,7.0,4.0
79,0,0,8,3232235880,1944.0,1.0,7.0,4.0
79,8,0,8,3232235880,885.0,1.0,8.0,4.0
24,7,0,8,3232235784,1331.0,1.0,10.0,4.0
24,6,0,8,3232235784,1826.0,4.0,10.0,4.0
24,0,0,8,3232235784,941.0,7.0,10.0,4.0
24,8,0,8,3232235784,884.0,1.0,10.0,4.0
32,7,0,4,3232235817,358.0,1.0,11.0,4.0
32,6,0,4,3232235817,3822.0,8.0,11.0,4.0
32,0,0,4,3232235817,3999.0,8.0,11.0,4.0
32,8,0,4,3232235817,401.0,1.0,11.0,4.0
59,7,1,1,3232235914,1463.0,1.0,11.0,4.0
59,6,0,1,3232235914,4616.0,3.0,11.0,4.0
59,0,0,1,3232235914,5471.0,5.0,11.0,4.0
59,8,0,1,3232235914,1302.0,1.0,11.0,4.0
66,7,1,7,3232235984,470.0,1.0,13.0,4.0
66,6,0,7,3232235984,4068.0,7.0,13.0,4.0
66,0,0,7,3232235984,2626.0,4.0,13.0,4.0
66,8,0,7,3232235984,272.0,1.0,13.0,4.0
69,7,0,1,3232236011,885.0,1.0,16.0,4.0
69,6,0,1,3232236011,1608.0,8.0,16.0,4.0
69,0,0,1,3232236011,2535.0,10.0,16.0,4.0
69,8,0,1,3232236011,1341.0,1.0,16.0,4.0
52,7,0,7,3232235875,845.0,1.0,9.0,6.0
52,6,0,7,3232235875,2651.0,4.0,9.0,6.0
52,0,0,7,3232235875,5761.0,6.0,9.0,6.0
52,8,0,7,3232235875,302.0,1.0,9.0,6.0
78,7,0,8,3232235887,349.0,1.0,11.0,6.0
78,6,0,8,3232235887,5623.0,2.0,11.0,6.0
78,0,0,8,3232235887,2198.0,10.0,11.0,6.0
78,8,0,8,3232235887,1049.0,1.0,11.0,6.0
56,7,0,1,3232235949,1078.0,1.0,7.0,0.0
56,6,0,1,3232235949,4129.0,2.0,7.0,0.0
56,0,0,1,3232235949,3994.0,9.0,7.0,0.0
56,8,0,1,3232235949,1396.0,1.0,7.0,0.0
43,7,0,8,3232235853,765.0,1.0,7.0,0.0
43,6,0,8,3232235853,1208.0,7.0,7.0,0.0
43,0,0,8,3232235853,4718.0,6.0,7.0,0.0
43,8,0,8,3232235853,500.0,1.0,7.0,0.0
73,7,0,0,3232235814,1522.0,1.0,7.0,0.0
73,6,0,0,3232235814,5203.0,2.0,8.0,0.0
73,0,0,0,3232235814,713.0,4.0,8.0,0.0
73,8,0,0,3232235814,560.0,1.0,8.0,0.0
49,7,0,4,3232236030,1035.0,1.0,11.0,0.0
49,6,0,4,3232236030,4404.0,3.0,11.0,0.0
49,0,0,4,3232236030,4615.0,10.0,11.0,0.0
49,8,0,4,3232236030,1160.0,1.0,11.0,0.0
52,7,0,7,3232235875,942.0,1.0,13.0,0.0
52,6,0,7,3232235875,3323.0,8.0,13.0,0.0
52,0,0,7,3232235875,843.0,3.0,13.0,0.0
52,8,0,7,3232235875,275.0,1.0,13.0,0.0
58,7,0,7,3232235933,1628.0,1.0,13.0,0.0
58,6,0,7,3232235933,5654.0,7.0,13.0,0.0
58,0,0,7,3232235933,1597.0,10.0,13.0,0.0
58,8,0,7,3232235933,1493.0,1.0,13.0,0.0
84,7,0,7,3232235817,1602.0,1.0,14.0,0.0
84,1,0,7,3232235817,2013.0,2.0,15.0,0.0
84,4,0,7,3232235817,4943.0,3.0,15.0,0.0
84,3,0,7,3232235817,9380.0,9.0,15.0,0.0
84,8,0,7,3232235817,610.0,1.0,15.0,0.0
50,7,0,7,3232235996,1152.0,1.0,7.0,1.0
50,6,0,7,3232235996,3173.0,3.0,7.0,1.0
50,0,0,7,3232235996,4380.0,7.0,7.0,1.0
50,8,0,7,3232235996,1452.0,1.0,7.0,1.0
65,7,0,7,3232235836,1265.0,1.0,7.0,1.0
65,6,0,7,3232235836,1988.0,8.0,7.0,1.0
65,0,0,7,3232235836,730.0,3.0,7.0,1.0
65,8,0,7,3232235836,1315.0,1.0,7.0,1.0
69,7,0,1,3232236011,1979.0,1.0,8.0,1.0
69,6,0,1,3232236011,1783.0,2.0,8.0,1.0
69,0,0,1,3232236011,5363.0,9.0,8.0,1.0
69,8,0,1,3232236011,704.0,1.0,8.0,1.0
78,7,0,8,3232235887,1282.0,1.0,11.0,1.0
78,6,0,8,3232235887,4117.0,2.0,11.0,1.0
78,0,0,8,3232235887,2695.0,9.0,11.0,1.0
78,8,0,8,3232235887,245.0,1.0,11.0,1.0
49,7,0,4,3232236030,894.0,1.0,13.0,1.0
49,6,0,4,3232236030,5529.0,6.0,13.0,1.0
49,0,0,4,3232236030,4754.0,10.0,13.0,1.0
49,8,0,4,3232236030,714.0,1.0,13.0,1.0
86,7,1,0,3232235930,679.0,1.0,8.0,2.0
86,6,0,0,3232235930,1701.0,8.0,8.0,2.0
86,0,0,0,3232235930,3622.0,3.0,8.0,2.0
86,8,0,0,3232235930,512.0,1.0,8.0,2.0
51,7,0,1,3232235999,1319.0,1.0,9.0,2.0
51,6,0,1,3232235999,1438.0,7.0,9.0,2.0
51,0,0,1,3232235999,5339.0,4.0,9.0,2.0
51,8,0,1,3232235999,718.0,1.0,9.0,2.0
41,7,0,7,3232236027,515.0,1.0,10.0,2.0
41,6,0,7,3232236027,3167.0,1.0,10.0,2.0
41,0,0,7,3232236027,5675.0,5.0,10.0,2.0
41,8,0,7,3232236027,1221.0,1.0,10.0,2.0
81,7,0,1,3232235908,1609.0,1.0,11.0,2.0
81,6,0,1,3232235908,701.0,7.0,11.0,2.0
81,0,0,1,3232235908,4438.0,4.0,11.0,2.0
81,8,0,1,3232235908,650.0,1.0,11.0,2.0
37,7,0,4,3232235932,318.0,1.0,11.0,2.0
37,6,0,4,3232235932,5326.0,3.0,11.0,2.0
37,0,0,4,3232235932,653.0,6.0,11.0,2.0
37,8,0,4,3232235932,704.0,1.0,11.0,2.0
22,7,1,7,3232235833,1224.0,1.0,13.0,2.0
22,6,0,7,3232235833,3966.0,5.0,13.0,2.0
22,0,0,7,3232235833,5602.0,2.0,13.0,2.0
22,8,0,7,3232235833,959.0,1.0,13.0,2.0
27,7,0,1,3232235892,1208.0,1.0,14.0,2.0
27,6,0,1,3232235892,2434.0,6.0,14.0,2.0
27,0,0,1,3232235892,1313.0,6.0,14.0,2.0
27,8,0,1,3232235892,1315.0,1.0,14.0,2.0
64,7,0,4,3232235993,1591.0,1.0,14.0,2.0
64,6,0,4,3232235993,1667.0,2.0,14.0,2.0
64,0,0,4,3232235993,667.0,1.0,14.0,2.0
64,8,0,4,3232235993,288.0,1.0,14.0,2.0
54,7,0,4,3232235819,1182.0,1.0,7.0,3.0
54,6,0,4,3232235819,3090.0,4.0,7.0,3.0
54,5,0,4,3232235819,6025.0,9.0,7.0,3.0
54,2,0,4,3232235819,6212.0,8.0,7.0,3.0
54,9,0,4,3232235819,7655.0,7.0,7.0,3.0
54,8,0,4,3232235819,1438.0,1.0,7.0,3.0
19,7,0,8,3232235800,1434.0,1.0,8.0,3.0
19,6,0,8,3232235800,1337.0,7.0,8.0,3.0
19,0,0,8,3232235800,934.0,9.0,8.0,3.0
19,8,0,8,3232235800,572.0,1.0,8.0,3.0
81,7,0,1,3232235908,512.0,1.0,10.0,3.0
81,6,0,1,3232235908,548.0,7.0,10.0,3.0
81,0,0,1,3232235908,528.0,10.0,10.0,3.0
81,8,0,1,3232235908,319.0,1.0,10.0,3.0
50,7,0,7,3232235996,904.0,1.0,12.0,3.0
50,6,0,7,3232235996,1365.0,8.0,12.0,3.0
50,0,0,7,3232235996,3506.0,8.0,12.0,3.0
50,8,0,7,3232235996,1300.0,1.0,12.0,3.0
63,7,0,8,3232235834,321.0,1.0,14.0,3.0
63,6,0,8,3232235834,3645.0,8.0,14.0,3.0
63,0,0,8,3232235834,4007.0,10.0,14.0,3.0
63,8,0,8,3232235834,1468.0,1.0,14.0,3.0
70,7,0,8,3232236002,1560.0,1.0,16.0,3.0
70,6,0,8,3232236002,4495.0,8.0,16.0,3.0
70,0,0,8,3232236002,4462.0,3.0,16.0,3.0
70,8,0,8,3232236002,1103.0,1.0,16.0,3.0
44,7,0,8,3232236004,1422.0,1.0,7.0,4.0
44,6,0,8,3232236004,3967.0,3.0,7.0,4.0
44,0,0,8,3232236004,2435.0,1.0,8.0,4.0
44,8,0,8,3232236004,600.0,1.0,8.0,4.0
52,7,0,7,3232235875,1558.0,1.0,9.0,4.0
52,6,0,7,3232235875,2049.0,2.0,9.0,4.0
52,0,0,7,3232235875,4200.0,9.0,9.0,4.0
52,8,0,7,3232235875,1236.0,1.0,9.0,4.0
56,7,0,1,3232235949,900.0,1.0,14.0,4.0
56,6,0,1,3232235949,4530.0,2.0,14.0,4.0
56,0,0,1,3232235949,2371.0,5.0,14.0,4.0
56,8,0,1,3232235949,377.0,1.0,14.0,4.0
42,7,0,0,3232235798,1899.0,1.0,15.0,4.0
42,6,0,0,3232235798,5066.0,8.0,15.0,4.0
42,0,0,0,3232235798,3672.0,6.0,15.0,4.0
42,8,0,0,3232235798,955.0,1.0,15.0,4.0
26,7,0,8,3232235885,1789.0,1.0,15.0,4.0
26,6,0,8,3232235885,2152.0,8.0,15.0,4.0
26,0,0,8,3232235885,4294.0,1.0,15.0,4.0
26,8,0,8,3232235885,764.0,1.0,15.0,4.0
61,7,0,0,3232235875,1350.0,1.0,9.0,5.0
61,6,0,0,3232235875,3439.0,2.0,9.0,5.0
61,0,0,0,3232235875,2871.0,2.0,9.0,5.0
61,8,0,0,3232235875,460.0,1.0,9.0,5.0
22,7,0,7,3232235833,1665.0,1.0,10.0,5.0
22,6,0,7,3232235833,1410.0,1.0,10.0,5.0
22,0,0,7,3232235833,1181.0,6.0,10.0,5.0
22,8,0,7,3232235833,1068.0,1.0,10.0,5.0
64,7,0,4,3232235993,1549.0,1.0,14.0,5.0
64,6,0,4,3232235993,3712.0,3.0,14.0,5.0
64,0,0,4,3232235993,4443.0,2.0,14.0,5.0
64,8,0,4,3232235993,765.0,1.0,14.0,5.0
18,7,1,7,3232235951,1094.0,1.0,14.0,5.0
18,6,0,7,3232235951,4880.0,8.0,14.0,5.0
18,0,0,7,3232235951,3972.0,10.0,14.0,5.0
18,8,0,7,3232235951,1363.0,1.0,14.0,5.0
66,7,1,7,3232235984,1296.0,1.0,15.0,5.0
66,6,0,7,3232235984,4495.0,2.0,15.0,5.0
66,0,0,7,3232235984,1417.0,10.0,15.0,5.0
66,8,0,7,3232235984,1279.0,1.0,15.0,5.0
26,7,0,8,3232235885,1666.0,1.0,8.0,6.0
26,6,0,8,3232235885,722.0,4.0,8.0,6.0
26,0,0,8,3232235885,3107.0,7.0,8.0,6.0
26,8,0,8,3232235885,854.0,1.0,8.0,6.0
61,7,0,0,3232235875,1614.0,1.0,9.0,6.0
61,6,0,0,3232235875,2561.0,7.0,9.0,6.0
61,0,0,0,3232235875,2861.0,3.0,9.0,6.0
61,8,0,0,3232235875,1401.0,1.0,9.0,6.0
35,7,0,7,3232235875,1562.0,1.0,14.0,6.0
35,6,0,7,3232235875,1664.0,1.0,14.0,6.0
35,0,0,7,3232235875,2335.0,9.0,14.0,6.0
35,8,0,7,3232235875,895.0,1.0,14.0,6.0
64,7,0,4,3232235993,955.0,1.0,14.0,6.0
64,6,0,4,3232235993,4546.0,1.0,14.0,6.0
64,0,0,4,3232235993,5769.0,9.0,15.0,6.0
64,8,0,4,3232235993,851.0,1.0,15.0,6.0
39,7,0,7,3232235964,1478.0,1.0,13.0,0.0
39,6,0,7,3232235964,5358.0,4.0,13.0,0.0
39,0,0,7,3232235964,5221.0,7.0,13.0,0.0
39,8,0,7,3232235964,1290.0,1.0,13.0,0.0
62,7,0,4,3232236014,810.0,1.0,14.0,0.0
62,6,0,4,3232236014,746.0,2.0,14.0,0.0
62,0,0,4,3232236014,2671.0,1.0,14.0,0.0
62,8,0,4,3232236014,1459.0,1.0,14.0,0.0
40,7,0,0,3232235915,1304.0,1.0,14.0,0.0
40,6,0,0,3232235915,4524.0,2.0,14.0,0.0
40,0,0,0,3232235915,3133.0,9.0,14.0,0.0
40,8,0,0,3232235915,1191.0,1.0,14.0,0.0
61,7,0,0,3232235875,757.0,1.0,9.0,1.0
61,6,0,0,3232235875,4842.0,3.0,9.0,1.0
61,0,0,0,3232235875,1477.0,1.0,9.0,1.0
61,8,0,0,3232235875,1167.0,1.0,9.0,1.0
82,7,0,0,3232235801,1776.0,1.0,13.0,1.0
82,6,0,0,3232235801,2995.0,2.0,13.0,1.0
82,0,0,0,3232235801,5844.0,2.0,13.0,1.0
82,8,0,0,3232235801,861.0,1.0,13.0,1.0
51,7,0,1,3232235999,485.0,1.0,14.0,1.0
51,6,0,1,3232235999,5998.0,3.0,14.0,1.0
51,0,0,1,3232235999,3303.0,7.0,14.0,1.0
51,8,0,1,3232235999,464.0,1.0,14.0,1.0
23,7,1,1,3232235907,1997.0,1.0,10.0,2.0
23,6,0,1,3232235907,5796.0,2.0,10.0,2.0
23,0,0,1,3232235907,1759.0,1.0,10.0,2.0
23,8,0,1,3232235907,1140.0,1.0,10.0,2.0
51,7,0,1,3232235999,1748.0,1.0,8.0,3.0
51,6,0,1,3232235999,783.0,4.0,8.0,3.0
51,0,0,1,3232235999,1278.0,1.0,8.0,3.0
51,8,0,1,3232235999,400.0,1.0,8.0,3.0
6,7,0,4,3232235840,1321.0,1.0,10.0,3.0
6,6,0,4,3232235840,1519.0,9.0,10.0,3.0
6,5,0,4,3232235840,6899.0,4.0,10.0,3.0
6,2,0,4,3232235840,11769.0,2.0,10.0,3.0
6,9,0,4,3232235840,4908.0,8.0,10.0,3.0
6,8,0,4,3232235840,1208.0,1.0,10.0,3.0
19,7,0,8,3232235800,772.0,1.0,10.0,3.0
19,6,0,8,3232235800,2921.0,5.0,10.0,3.0
19,0,0,8,3232235800,2564.0,3.0,10.0,3.0
19,8,0,8,3232235800,1431.0,1.0,10.0,3.0
31,7,1,0,3232235865,1300.0,1.0,11.0,3.0
31,6,0,0,3232235865,658.0,6.0,11.0,3.0
31,0,0,0,3232235865,4685.0,2.0,11.0,3.0
31,8,0,0,3232235865,986.0,1.0,11.0,3.0
71,7,0,4,3232235832,875.0,1.0,13.0,3.0
71,6,0,4,3232235832,2251.0,8.0,13.0,3.0
71,0,0,4,3232235832,4492.0,10.0,13.0,3.0
71,8,0,4,3232235832,1065.0,1.0,13.0,3.0
52,7,0,7,3232235875,881.0,1.0,13.0,3.0
52,6,0,7,3232235875,2293.0,5.0,13.0,3.0
52,0,0,7,3232235875,1927.0,6.0,13.0,3.0
52,8,0,7,3232235875,1335.0,1.0,13.0,3.0
52,7,0,7,3232235875,354.0,1.0,7.0,4.0
52,6,0,7,3232235875,5755.0,10.0,7.0,4.0
52,0,0,7,3232235875,3998.0,3.0,7.0,4.0
52,8,0,7,3232235875,1418.0,1.0,7.0,4.0
57,7,0,4,3232235957,448.0,1.0,8.0,4.0
57,6,0,4,3232235957,3911.0,7.0,8.0,4.0
57,0,0,4,3232235957,5632.0,8.0,8.0,4.0
57,8,0,4,3232235957,1317.0,1.0,8.0,4.0
34,7,0,4,3232235804,1087.0,1.0,13.0,4.0
34,6,0,4,3232235804,1454.0,9.0,13.0,4.0
34,0,0,4,3232235804,2045.0,7.0,13.0,4.0
34,8,0,4,3232235804,972.0,1.0,13.0,4.0
46,7,0,1,3232235958,1468.0,1.0,16.0,4.0
46,6,0,1,3232235958,2197.0,5.0,16.0,4.0
46,0,0,1,3232235958,5099.0,4.0,16.0,4.0
46,8,0,1,3232235958,308.0,1.0,16.0,4.0
32,7,1,4,3232235817,1388.0,1.0,7.0,5.0
32,6,0,4,3232235817,3694.0,10.0,7.0,5.0
32,0,0,4,3232235817,5234.0,8.0,7.0,5.0
32,8,0,4,3232235817,600.0,1.0,7.0,5.0
44,7,0,8,3232236004,731.0,1.0,7.0,5.0
44,6,0,8,3232236004,5205.0,9.0,7.0,5.0
44,0,0,8,3232236004,3104.0,10.0,7.0,5.0
44,8,0,8,3232236004,974.0,1.0,7.0,5.0
67,7,1,4,3232235880,1157.0,1.0,13.0,5.0
67,6,0,4,3232235880,4913.0,9.0,13.0,5.0
67,0,0,4,3232235880,4535.0,9.0,13.0,5.0
67,8,0,4,3232235880,1298.0,1.0,13.0,5.0
40,7,0,0,3232235915,1998.0,1.0,15.0,5.0
40,6,0,0,3232235915,4135.0,8.0,15.0,5.0
40,0,0,0,3232235915,3264.0,7.0,15.0,5.0
40,8,0,0,3232235915,1315.0,1.0,15.0,5.0
69,7,0,1,3232236011,1302.0,1.0,16.0,5.0
69,6,0,1,3232236011,1649.0,3.0,16.0,5.0
69,0,0,1,3232236011,3077.0,8.0,16.0,5.0
69,8,0,1,3232236011,1468.0,1.0,16.0,5.0
78,7,0,8,3232235887,1660.0,1.0,7.0,6.0
78,6,0,8,3232235887,3764.0,2.0,7.0,6.0
78,0,0,8,3232235887,3199.0,9.0,7.0,6.0
78,8,0,8,3232235887,337.0,1.0,7.0,6.0
84,7,0,7,3232235817,929.0,1.0,7.0,6.0
84,1,0,7,3232235817,4927.0,4.0,7.0,6.0
84,4,0,7,3232235817,9893.0,5.0,7.0,6.0
84,3,0,7,3232235817,9375.0,8.0,7.0,6.0
84,8,0,7,3232235817,756.0,1.0,7.0,6.0
23,7,0,1,3232235907,336.0,1.0,10.0,6.0
23,6,0,1,3232235907,2263.0,8.0,10.0,6.0
23,0,0,1,3232235907,762.0,3.0,10.0,6.0
23,8,0,1,3232235907,261.0,1.0,10.0,6.0
28,7,0,8,3232235849,1725.0,1.0,15.0,6.0
28,6,0,8,3232235849,5265.0,2.0,15.0,6.0
28,0,0,8,3232235849,642.0,6.0,15.0,6.0
28,8,0,8,3232235849,226.0,1.0,15.0,6.0
30,7,1,1,3232235956,773.0,1.0,12.0,0.0
30,6,0,1,3232235956,4840.0,8.0,12.0,0.0
30,0,0,1,3232235956,3309.0,1.0,12.0,0.0
30,8,0,1,3232235956,1401.0,1.0,12.0,0.0
21,7,0,7,3232235785,552.0,1.0,7.0,1.0
21,6,0,7,3232235785,1728.0,6.0,7.0,1.0
21,0,0,7,3232235785,5690.0,1.0,7.0,1.0
21,8,0,7,3232235785,330.0,1.0,7.0,1.0
62,7,0,4,3232236014,1634.0,1.0,7.0,1.0
62,6,0,4,3232236014,3001.0,10.0,7.0,1.0
62,0,0,4,3232236014,1818.0,7.0,8.0,1.0
62,8,0,4,3232236014,498.0,1.0,8.0,1.0
64,7,0,4,3232235993,1621.0,1.0,11.0,1.0
64,6,0,4,3232235993,1343.0,7.0,11.0,1.0
64,0,0,4,3232235993,5828.0,5.0,12.0,1.0
64,8,0,4,3232235993,1389.0,1.0,12.0,1.0
58,7,0,7,3232235933,352.0,1.0,16.0,1.0
58,6,0,7,3232235933,3519.0,8.0,16.0,1.0
58,0,0,7,3232235933,1608.0,10.0,16.0,1.0
58,8,0,7,3232235933,1471.0,1.0,16.0,1.0
75,7,1,1,3232235968,1229.0,1.0,16.0,1.0
75,6,0,1,3232235968,5457.0,8.0,16.0,1.0
75,0,0,1,3232235968,3571.0,1.0,16.0,1.0
75,8,0,1,3232235968,926.0,1.0,16.0,1.0
29,7,0,7,3232235972,592.0,1.0,7.0,2.0
29,6,0,7,3232235972,576.0,2.0,7.0,2.0
29,0,0,7,3232235972,4943.0,6.0,7.0,2.0
29,8,0,7,3232235972,374.0,1.0,7.0,2.0
54,7,0,4,3232235819,312.0,1.0,16.0,2.0
54,6,0,4,3232235819,3191.0,5.0,16.0,2.0
54,5,0,4,3232235819,3399.0,2.0,16.0,2.0
54,2,0,4,3232235819,1584.0,6.0,16.0,2.0
54,9,0,4,3232235819,4050.0,7.0,16.0,2.0
54,8,0,4,3232235819,926.0,1.0,16.0,2.0
79,7,0,8,3232235880,494.0,1.0,7.0,3.0
79,6,0,8,3232235880,3351.0,2.0,7.0,3.0
79,0,0,8,3232235880,5415.0,9.0,7.0,3.0
79,8,0,8,3232235880,1321.0,1.0,7.0,3.0
73,7,0,0,3232235814,1185.0,1.0,11.0,3.0
73,6,0,0,3232235814,4833.0,6.0,11.0,3.0
73,0,0,0,3232235814,3070.0,2.0,11.0,3.0
73,8,0,0,3232235814,1014.0,1.0,11.0,3.0
36,7,0,7,3232235869,797.0,1.0,12.0,3.0
36,6,0,7,3232235869,1569.0,6.0,12.0,3.0
36,0,0,7,3232235869,4828.0,7.0,12.0,3.0
36,8,0,7,3232235869,638.0,1.0,12.0,3.0
23,7,0,1,3232235907,1301.0,1.0,12.0,3.0
23,6,0,1,3232235907,3161.0,6.0,12.0,3.0
23,0,0,1,3232235907,2628.0,1.0,12.0,3.0
23,8,0,1,3232235907,781.0,1.0,12.0,3.0
29,7,0,7,3232235972,889.0,1.0,13.0,3.0
29,6,0,7,3232235972,4344.0,6.0,13.0,3.0
29,0,0,7,3232235972,4089.0,4.0,13.0,3.0
29,8,0,7,3232235972,1239.0,1.0,13.0,3.0
68,7,1,4,3232235794,1667.0,1.0,14.0,3.0
68,6,0,4,3232235794,4421.0,6.0,14.0,3.0
68,0,0,4,3232235794,3682.0,3.0,14.0,3.0
68,8,0,4,3232235794,1130.0,1.0,14.0,3.0
23,7,0,1,3232235907,669.0,1.0,15.0,3.0
23,6,0,1,3232235907,1560.0,6.0,15.0,3.0
23,0,0,1,3232235907,5323.0,10.0,15.0,3.0
23,8,0,1,3232235907,912.0,1.0,15.0,3.0
38,7,0,4,3232235984,1013.0,1.0,16.0,3.0
38,6,0,4,3232235984,5362.0,6.0,16.0,3.0
38,0,0,4,3232235984,2507.0,7.0,16.0,3.0
38,8,0,4,3232235984,1408.0,1.0,16.0,3.0
48,7,0,1,3232235975,384.0,1.0,16.0,3.0
48,6,0,1,3232235975,2122.0,7.0,16.0,3.0
48,5,0,1,3232235975,549.0,8.0,16.0,3.0
48,2,0,1,3232235975,6343.0,2.0,16.0,3.0
48,9,0,1,3232235975,9060.0,1.0,16.0,3.0
48,8,0,1,3232235975,1076.0,1.0,16.0,3.0
38,7,0,4,3232235984,1331.0,1.0,16.0,3.0
38,6,0,4,3232235984,4900.0,3.0,16.0,3.0
38,0,0,4,3232235984,4438.0,9.0,16.0,3.0
38,8,0,4,3232235984,735.0,1.0,16.0,3.0
31,7,0,0,3232235865,1256.0,1.0,10.0,4.0
31,6,0,0,3232235865,5732.0,8.0,10.0,4.0
31,0,0,0,3232235865,2764.0,7.0,10.0,4.0
31,8,0,0,3232235865,862.0,1.0,10.0,4.0
38,7,1,4,3232235984,900.0,1.0,10.0,4.0
38,6,0,4,3232235984,3017.0,5.0,10.0,4.0
38,0,0,4,3232235984,3720.0,3.0,10.0,4.0
38,8,0,4,3232235984,558.0,1.0,10.0,4.0
32,7,0,4,3232235817,682.0,1.0,11.0,4.0
32,6,0,4,3232235817,4028.0,2.0,11.0,4.0
32,0,0,4,3232235817,994.0,4.0,11.0,4.0
32,8,0,4,3232235817,938.0,1.0,11.0,4.0
86,7,0,0,3232235930,1615.0,1.0,7.0,5.0
86,6,0,0,3232235930,826.0,6.0,7.0,5.0
86,0,0,0,3232235930,3624.0,2.0,7.0,5.0
86,8,0,0,3232235930,990.0,1.0,7.0,5.0
61,7,0,0,3232235875,1574.0,1.0,7.0,5.0
61,6,0,0,3232235875,3621.0,4.0,7.0,5.0
61,0,0,0,3232235875,2293.0,1.0,7.0,5.0
61,8,0,0,3232235875,1429.0,1.0,7.0,5.0
72,7,0,0,3232235879,1921.0,1.0,7.0,5.0
72,6,0,0,3232235879,887.0,5.0,7.0,5.0
72,0,0,0,3232235879,3482.0,2.0,7.0,5.0
72,8,0,0,3232235879,1424.0,1.0,7.0,5.0
69,7,0,1,3232236011,549.0,1.0,7.0,5.0
69,6,0,1,3232236011,4559.0,6.0,7.0,5.0
69,0,0,1,3232236011,4737.0,1.0,8.0,5.0
69,8,0,1,3232236011,659.0,1.0,8.0,5.0
65,7,0,7,3232235836,1022.0,1.0,8.0,5.0
65,6,0,7,3232235836,5425.0,6.0,8.0,5.0
65,0,0,7,3232235836,3668.0,3.0,8.0,5.0
65,8,0,7,3232235836,217.0,1.0,8.0,5.0
49,7,0,4,3232236030,1458.0,1.0,8.0,5.0
49,6,0,4,3232236030,3214.0,1.0,8.0,5.0
49,0,0,4,3232236030,1494.0,10.0,9.0,5.0
49,8,0,4,3232236030,1246.0,1.0,9.0,5.0
47,7,0,7,3232235789,1598.0,1.0,9.0,5.0
47,6,0,7,3232235789,1198.0,9.0,9.0,5.0
47,0,0,7,3232235789,3646.0,9.0,10.0,5.0
47,8,0,7,3232235789,1453.0,1.0,10.0,5.0
8,7,0,1,3232235813,1103.0,1.0,10.0,5.0
8,6,0,1,3232235813,4940.0,10.0,10.0,5.0
8,0,0,1,3232235813,5180.0,9.0,10.0,5.0
8,8,0,1,3232235813,817.0,1.0,10.0,5.0
31,7,0,0,3232235865,1523.0,1.0,11.0,5.0
31,6,0,0,3232235865,2690.0,3.0,11.0,5.0
31,0,0,0,3232235865,4267.0,9.0,11.0,5.0
31,8,0,0,3232235865,1373.0,1.0,11.0,5.0
37,7,0,4,3232235932,1355.0,1.0,11.0,5.0
37,6,0,4,3232235932,3254.0,1.0,11.0,5.0
37,0,0,4,3232235932,2076.0,4.0,11.0,5.0
37,8,0,4,3232235932,1206.0,1.0,11.0,5.0
65,7,1,7,3232235836,931.0,1.0,13.0,5.0
65,6,0,7,3232235836,4689.0,8.0,13.0,5.0
65,0,0,7,3232235836,3662.0,10.0,13.0,5.0
65,8,0,7,3232235836,1347.0,1.0,13.0,5.0
28,7,0,8,3232235849,946.0,1.0,14.0,5.0
28,6,0,8,3232235849,5391.0,9.0,14.0,5.0
28,0,0,8,3232235849,1221.0,3.0,14.0,5.0
28,8,0,8,3232235849,607.0,1.0,14.0,5.0
70,7,1,8,3232236002,1196.0,1.0,14.0,5.0
70,6,0,8,3232236002,1765.0,9.0,14.0,5.0
70,0,0,8,3232236002,1607.0,3.0,14.0,5.0
70,8,0,8,3232236002,248.0,1.0,14.0,5.0
50,7,0,7,3232235996,985.0,1.0,9.0,6.0
50,6,0,7,3232235996,1865.0,9.0,9.0,6.0
50,0,0,7,3232235996,4058.0,2.0,9.0,6.0
50,8,0,7,3232235996,1155.0,1.0,9.0,6.0
56,7,0,1,3232235949,1373.0,1.0,9.0,6.0
56,6,0,1,3232235949,4935.0,4.0,9.0,6.0
56,0,0,1,3232235949,3001.0,10.0,9.0,6.0
56,8,0,1,3232235949,542.0,1.0,9.0,6.0
86,7,0,0,3232235930,506.0,1.0,12.0,6.0
86,6,0,0,3232235930,1493.0,1.0,12.0,6.0
86,0,0,0,3232235930,2582.0,1.0,12.0,6.0
86,8,0,0,3232235930,1158.0,1.0,12.0,6.0
28,7,0,8,3232235849,859.0,1.0,9.0,0.0
28,6,0,8,3232235849,2903.0,10.0,9.0,0.0
28,0,0,8,3232235849,5788.0,5.0,9.0,0.0
28,8,0,8,3232235849,1190.0,1.0,9.0,0.0
28,7,0,8,3232235849,1106.0,1.0,10.0,0.0
28,6,0,8,3232235849,5513.0,8.0,10.0,0.0
28,0,0,8,3232235849,2994.0,7.0,11.0,0.0
28,8,0,8,3232235849,701.0,1.0,11.0,0.0
59,7,0,1,3232235914,365.0,1.0,11.0,1.0
59,6,0,1,3232235914,2814.0,1.0,11.0,1.0
59,0,0,1,3232235914,4533.0,2.0,11.0,1.0
59,8,0,1,3232235914,1107.0,1.0,11.0,1.0
38,7,0,4,3232235984,690.0,1.0,8.0,2.0
38,6,0,4,3232235984,5809.0,4.0,8.0,2.0
38,0,0,4,3232235984,5993.0,3.0,8.0,2.0
38,8,0,4,3232235984,1140.0,1.0,8.0,2.0
36,7,0,7,3232235869,468.0,1.0,12.0,2.0
36,6,0,7,3232235869,4641.0,2.0,12.0,2.0
36,0,0,7,3232235869,2776.0,5.0,12.0,2.0
36,8,0,7,3232235869,471.0,1.0,12.0,2.0
63,7,0,8,3232235834,1827.0,1.0,12.0,2.0
63,6,0,8,3232235834,1234.0,9.0,12.0,2.0
63,0,0,8,3232235834,2921.0,3.0,12.0,2.0
63,8,0,8,3232235834,1296.0,1.0,12.0,2.0
49,7,0,4,3232236030,991.0,1.0,13.0,2.0
49,6,0,4,3232236030,3685.0,3.0,13.0,2.0
49,0,0,4,3232236030,5210.0,3.0,13.0,2.0
49,8,0,4,3232236030,438.0,1.0,13.0,2.0
65,7,0,7,3232235836,1806.0,1.0,14.0,2.0
65,6,0,7,3232235836,4745.0,8.0,14.0,2.0
65,0,0,7,3232235836,5872.0,7.0,14.0,2.0
65,8,0,7,3232235836,988.0,1.0,14.0,2.0
49,7,0,4,3232236030,364.0,1.0,15.0,2.0
49,6,0,4,3232236030,5613.0,1.0,15.0,2.0
49,0,0,4,3232236030,5199.0,1.0,15.0,2.0
49,8,0,4,3232236030,819.0,1.0,15.0,2.0
58,7,0,7,3232235933,1678.0,1.0,15.0,2.0
58,6,0,7,3232235933,4369.0,3.0,15.0,2.0
58,0,0,7,3232235933,5594.0,4.0,15.0,2.0
58,8,0,7,3232235933,778.0,1.0,15.0,2.0
19,7,0,8,3232235800,1798.0,1.0,7.0,3.0
19,6,0,8,3232235800,800.0,2.0,7.0,3.0
19,0,0,8,3232235800,1607.0,5.0,7.0,3.0
19,8,0,8,3232235800,793.0,1.0,7.0,3.0
24,7,0,8,3232235784,1511.0,1.0,7.0,3.0
24,6,0,8,3232235784,1222.0,2.0,7.0,3.0
24,0,0,8,3232235784,2085.0,9.0,8.0,3.0
24,8,0,8,3232235784,982.0,1.0,8.0,3.0
37,7,0,4,3232235932,447.0,1.0,8.0,3.0
37,6,0,4,3232235932,5138.0,6.0,8.0,3.0
37,0,0,4,3232235932,3202.0,7.0,8.0,3.0
37,8,0,4,3232235932,756.0,1.0,8.0,3.0
46,7,0,1,3232235958,968.0,1.0,8.0,3.0
46,6,0,1,3232235958,2796.0,4.0,8.0,3.0
46,0,0,1,3232235958,2610.0,8.0,8.0,3.0
46,8,0,1,3232235958,452.0,1.0,8.0,3.0
79,7,0,8,3232235880,1634.0,1.0,10.0,3.0
79,6,0,8,3232235880,1945.0,1.0,10.0,3.0
79,0,0,8,3232235880,4109.0,7.0,10.0,3.0
79,8,0,8,3232235880,1368.0,1.0,10.0,3.0
40,7,0,0,3232235915,1230.0,1.0,10.0,3.0
40,6,0,0,3232235915,5973.0,4.0,10.0,3.0
40,0,0,0,3232235915,1364.0,3.0,10.0,3.0
40,8,0,0,3232235915,934.0,1.0,10.0,3.0
72,7,0,0,3232235879,1046.0,1.0,12.0,3.0
72,6,0,0,3232235879,4008.0,3.0,12.0,3.0
72,0,0,0,3232235879,539.0,6.0,12.0,3.0
72,8,0,0,3232235879,704.0,1.0,12.0,3.0
76,7,0,8,3232235915,332.0,1.0,16.0,3.0
76,6,0,8,3232235915,3054.0,2.0,16.0,3.0
76,0,0,8,3232235915,830.0,6.0,16.0,3.0
76,8,0,8,3232235915,1401.0,1.0,16.0,3.0
31,7,0,0,3232235865,1431.0,1.0,9.0,4.0
31,6,0,0,3232235865,3561.0,9.0,9.0,4.0
31,0,0,0,3232235865,5201.0,2.0,9.0,4.0
31,8,0,0,3232235865,584.0,1.0,9.0,4.0
35,7,0,7,3232235875,1199.0,1.0,9.0,4.0
35,6,0,7,3232235875,2621.0,9.0,9.0,4.0
35,0,0,7,3232235875,4289.0,2.0,9.0,4.0
35,8,0,7,3232235875,1175.0,1.0,9.0,4.0
59,7,0,1,3232235914,325.0,1.0,13.0,4.0
59,6,0,1,3232235914,4515.0,2.0,13.0,4.0
59,0,0,1,3232235914,4051.0,6.0,13.0,4.0
59,8,0,1,3232235914,1141.0,1.0,13.0,4.0
38,7,0,4,3232235984,1760.0,1.0,13.0,4.0
38,6,0,4,3232235984,1172.0,5.0,13.0,4.0
38,0,0,4,3232235984,1763.0,7.0,13.0,4.0
38,8,0,4,3232235984,1498.0,1.0,13.0,4.0
25,7,0,8,3232235828,323.0,1.0,15.0,4.0
25,6,0,8,3232235828,5499.0,3.0,15.0,4.0
25,0,0,8,3232235828,5394.0,4.0,16.0,4.0
25,8,0,8,3232235828,533.0,1.0,16.0,4.0
34,7,0,4,3232235804,1481.0,1.0,16.0,4.0
34,6,0,4,3232235804,2884.0,5.0,16.0,4.0
34,0,0,4,3232235804,3907.0,7.0,16.0,4.0
34,8,0,4,3232235804,948.0,1.0,16.0,4.0
31,7,0,0,3232235865,512.0,1.0,9.0,5.0
31,6,0,0,3232235865,1570.0,5.0,9.0,5.0
31,0,0,0,3232235865,3328.0,10.0,9.0,5.0
31,8,0,0,3232235865,800.0,1.0,9.0,5.0
45,7,0,4,3232235925,309.0,1.0,15.0,5.0
45,6,0,4,3232235925,2496.0,3.0,15.0,5.0
45,0,0,4,3232235925,5828.0,7.0,15.0,5.0
45,8,0,4,3232235925,1449.0,1.0,15.0,5.0
57,7,0,4,3232235957,342.0,1.0,15.0,5.0
57,6,0,4,3232235957,3861.0,4.0,15.0,5.0
57,0,0,4,3232235957,5901.0,3.0,15.0,5.0
57,8,0,4,3232235957,931.0,1.0,15.0,5.0
36,7,0,7,3232235869,637.0,1.0,16.0,5.0
36,6,0,7,3232235869,1407.0,9.0,16.0,5.0
36,0,0,7,3232235869,2288.0,3.0,16.0,5.0
36,8,0,7,3232235869,702.0,1.0,16.0,5.0
45,7,1,4,3232235925,976.0,1.0,14.0,6.0
45,6,0,4,3232235925,525.0,8.0,14.0,6.0
45,0,0,4,3232235925,3791.0,3.0,14.0,6.0
45,8,0,4,3232235925,252.0,1.0,14.0,6.0
66,7,0,7,3232235984,1686.0,1.0,13.0,0.0
66,6,0,7,3232235984,943.0,6.0,13.0,0.0
66,0,0,7,3232235984,3263.0,2.0,13.0,0.0
66,8,0,7,3232235984,469.0,1.0,13.0,0.0
68,7,1,4,3232235794,1000.0,1.0,11.0,1.0
68,6,0,4,3232235794,1847.0,4.0,11.0,1.0
68,0,0,4,3232235794,3361.0,7.0,11.0,1.0
68,8,0,4,3232235794,1186.0,1.0,11.0,1.0
80,7,0,4,3232235834,661.0,1.0,12.0,1.0
80,6,0,4,3232235834,2050.0,9.0,12.0,1.0
80,0,0,4,3232235834,2550.0,1.0,12.0,1.0
80,8,0,4,3232235834,1470.0,1.0,12.0,1.0
74,7,0,4,3232235813,672.0,1.0,13.0,1.0
74,6,0,4,3232235813,2237.0,6.0,13.0,1.0
74,0,0,4,3232235813,2616.0,6.0,13.0,1.0
74,8,0,4,3232235813,772.0,1.0,13.0,1.0
59,7,0,1,3232235914,1907.0,1.0,16.0,1.0
59,6,0,1,3232235914,1193.0,5.0,16.0,1.0
59,0,0,1,3232235914,5997.0,10.0,16.0,1.0
59,8,0,1,3232235914,1150.0,1.0,16.0,1.0
32,7,0,4,3232235817,907.0,1.0,10.0,2.0
32,6,0,4,3232235817,5011.0,5.0,10.0,2.0
32,0,0,4,3232235817,4508.0,6.0,10.0,2.0
32,8,0,4,3232235817,797.0,1.0,10.0,2.0
69,7,0,1,3232236011,1539.0,1.0,12.0,3.0
69,6,0,1,3232236011,3618.0,4.0,12.0,3.0
69,0,0,1,3232236011,2102.0,6.0,12.0,3.0
69,8,0,1,3232236011,734.0,1.0,12.0,3.0
83,7,0,7,3232235998,1299.0,1.0,12.0,3.0
83,6,0,7,3232235998,2070.0,10.0,12.0,3.0
83,0,0,7,3232235998,5420.0,1.0,12.0,3.0
83,8,0,7,3232235998,738.0,1.0,12.0,3.0
50,7,0,7,3232235996,1862.0,1.0,13.0,3.0
50,6,0,7,3232235996,3518.0,4.0,13.0,3.0
50,0,0,7,3232235996,1786.0,4.0,13.0,3.0
50,8,0,7,3232235996,1163.0,1.0,13.0,3.0
24,7,0,8,3232235784,482.0,1.0,15.0,3.0
24,6,0,8,3232235784,1147.0,6.0,15.0,3.0
24,0,0,8,3232235784,4828.0,2.0,15.0,3.0
24,8,0,8,3232235784,979.0,1.0,15.0,3.0
58,7,0,7,3232235933,694.0,1.0,7.0,4.0
58,6,0,7,3232235933,1341.0,1.0,7.0,4.0
58,0,0,7,3232235933,5375.0,2.0,7.0,4.0
58,8,0,7,3232235933,1414.0,1.0,7.0,4.0
70,7,0,8,3232236002,654.0,1.0,7.0,4.0
70,6,0,8,3232236002,2958.0,4.0,7.0,4.0
70,0,0,8,3232236002,3235.0,4.0,7.0,4.0
27,7,0,1,3232235892,1612.0,1.0,8.0,4.0
70,8,0,8,3232236002,895.0,1.0,8.0,4.0
27,6,0,1,3232235892,3018.0,2.0,8.0,4.0
27,0,0,1,3232235892,4636.0,1.0,8.0,4.0
27,8,0,1,3232235892,740.0,1.0,8.0,4.0
28,7,0,8,3232235849,1691.0,1.0,9.0,4.0
28,6,0,8,3232235849,1227.0,8.0,9.0,4.0
28,0,0,8,3232235849,891.0,8.0,9.0,4.0
28,8,0,8,3232235849,650.0,1.0,9.0,4.0
56,7,0,1,3232235949,1010.0,1.0,14.0,4.0
56,6,0,1,3232235949,5987.0,10.0,14.0,4.0
56,0,0,1,3232235949,720.0,4.0,14.0,4.0
56,8,0,1,3232235949,1446.0,1.0,14.0,4.0
71,7,0,4,3232235832,1750.0,1.0,15.0,4.0
71,6,0,4,3232235832,3532.0,6.0,15.0,4.0
71,0,0,4,3232235832,1536.0,4.0,15.0,4.0
71,8,0,4,3232235832,1186.0,1.0,15.0,4.0
72,7,0,0,3232235879,573.0,1.0,16.0,4.0
72,6,0,0,3232235879,917.0,7.0,16.0,4.0
72,0,0,0,3232235879,4559.0,7.0,16.0,4.0
72,8,0,0,3232235879,549.0,1.0,16.0,4.0
25,7,0,8,3232235828,1408.0,1.0,16.0,4.0
25,6,0,8,3232235828,5558.0,2.0,16.0,4.0
25,0,0,8,3232235828,2423.0,5.0,16.0,4.0
25,8,0,8,3232235828,665.0,1.0,16.0,4.0
60,7,0,1,3232235819,469.0,1.0,9.0,5.0
60,6,0,1,3232235819,4269.0,6.0,9.0,5.0
60,0,0,1,3232235819,664.0,2.0,9.0,5.0
60,8,0,1,3232235819,372.0,1.0,9.0,5.0
37,7,0,4,3232235932,478.0,1.0,10.0,5.0
26,7,0,8,3232235885,1190.0,1.0,10.0,5.0
26,6,0,8,3232235885,1926.0,7.0,10.0,5.0
37,6,0,4,3232235932,3200.0,3.0,10.0,5.0
26,0,0,8,3232235885,946.0,10.0,10.0,5.0
37,0,0,4,3232235932,3159.0,6.0,10.0,5.0
37,8,0,4,3232235932,1237.0,1.0,10.0,5.0
26,8,0,8,3232235885,624.0,1.0,10.0,5.0
81,7,0,1,3232235908,622.0,1.0,16.0,5.0
81,6,0,1,3232235908,4178.0,7.0,16.0,5.0
81,0,0,1,3232235908,1910.0,10.0,16.0,5.0
81,8,0,1,3232235908,1111.0,1.0,16.0,5.0
84,7,0,7,3232235817,550.0,1.0,10.0,6.0
84,1,0,7,3232235817,1115.0,4.0,10.0,6.0
84,4,0,7,3232235817,1560.0,2.0,10.0,6.0
84,3,0,7,3232235817,6341.0,9.0,10.0,6.0
84,8,0,7,3232235817,1021.0,1.0,10.0,6.0
55,7,0,4,3232235868,1345.0,1.0,12.0,6.0
55,6,0,4,3232235868,1544.0,5.0,12.0,6.0
55,5,0,4,3232235868,1011.0,6.0,12.0,6.0
55,2,0,4,3232235868,10492.0,1.0,12.0,6.0
55,9,0,4,3232235868,1013.0,9.0,12.0,6.0
55,8,0,4,3232235868,935.0,1.0,12.0,6.0
62,7,0,4,3232236014,1309.0,1.0,16.0,6.0
62,6,0,4,3232236014,3464.0,5.0,16.0,6.0
62,0,0,4,3232236014,2573.0,6.0,16.0,6.0
62,8,0,4,3232236014,648.0,1.0,16.0,6.0
86,7,0,0,3232235930,1614.0,1.0,16.0,6.0
86,6,0,0,3232235930,3226.0,1.0,16.0,6.0
86,0,0,0,3232235930,2441.0,8.0,16.0,6.0
86,8,0,0,3232235930,915.0,1.0,16.0,6.0
81,7,0,1,3232235908,375.0,1.0,16.0,6.0
81,6,0,1,3232235908,4505.0,1.0,16.0,6.0
81,0,0,1,3232235908,4360.0,10.0,16.0,6.0
81,8,0,1,3232235908,293.0,1.0,16.0,6.0
28,7,1,8,3232235849,1315.0,1.0,7.0,0.0
28,6,0,8,3232235849,1868.0,3.0,7.0,0.0
28,0,0,8,3232235849,1485.0,2.0,7.0,0.0
28,8,0,8,3232235849,954.0,1.0,7.0,0.0
79,7,0,8,3232235880,1339.0,1.0,7.0,0.0
79,6,0,8,3232235880,3614.0,9.0,7.0,0.0
79,0,0,8,3232235880,3357.0,7.0,7.0,0.0
79,8,0,8,3232235880,223.0,1.0,7.0,0.0
60,7,1,1,3232235819,1488.0,1.0,8.0,0.0
60,6,0,1,3232235819,3417.0,8.0,8.0,0.0
60,0,0,1,3232235819,627.0,10.0,8.0,0.0
60,8,0,1,3232235819,1385.0,1.0,8.0,0.0
29,7,0,7,3232235972,1944.0,1.0,14.0,0.0
29,6,0,7,3232235972,3310.0,10.0,14.0,0.0
29,0,0,7,3232235972,1941.0,6.0,14.0,0.0
29,8,0,7,3232235972,273.0,1.0,14.0,0.0
65,7,0,7,3232235836,478.0,1.0,7.0,1.0
65,6,0,7,3232235836,3847.0,7.0,7.0,1.0
65,0,0,7,3232235836,938.0,4.0,7.0,1.0
65,8,0,7,3232235836,254.0,1.0,7.0,1.0
26,7,0,8,3232235885,1252.0,1.0,7.0,1.0
26,6,0,8,3232235885,1527.0,10.0,7.0,1.0
26,0,0,8,3232235885,2825.0,6.0,7.0,1.0
26,8,0,8,3232235885,1118.0,1.0,7.0,1.0
47,7,0,7,3232235789,1467.0,1.0,8.0,1.0
47,6,0,7,3232235789,4846.0,10.0,8.0,1.0
47,0,0,7,3232235789,4307.0,1.0,8.0,1.0
47,8,0,7,3232235789,423.0,1.0,8.0,1.0
77,7,0,4,3232235969,569.0,1.0,9.0,1.0
77,6,0,4,3232235969,1383.0,1.0,9.0,1.0
77,0,0,4,3232235969,1533.0,3.0,9.0,1.0
77,8,0,4,3232235969,904.0,1.0,9.0,1.0
78,7,0,8,3232235887,1163.0,1.0,10.0,1.0
78,6,0,8,3232235887,2483.0,2.0,10.0,1.0
78,0,0,8,3232235887,4351.0,10.0,10.0,1.0
78,8,0,8,3232235887,1279.0,1.0,10.0,1.0
31,7,0,0,3232235865,727.0,1.0,12.0,1.0
31,6,0,0,3232235865,5953.0,3.0,12.0,1.0
31,0,0,0,3232235865,4397.0,7.0,12.0,1.0
31,8,0,0,3232235865,409.0,1.0,12.0,1.0
21,7,0,7,3232235785,1438.0,1.0,9.0,2.0
45,7,0,4,3232235925,1171.0,1.0,9.0,2.0
21,6,0,7,3232235785,2862.0,2.0,9.0,2.0
45,6,0,4,3232235925,5289.0,6.0,9.0,2.0
21,0,0,7,3232235785,2868.0,1.0,9.0,2.0
45,0,0,4,3232235925,3783.0,2.0,9.0,2.0
21,8,0,7,3232235785,595.0,1.0,9.0,2.0
45,8,0,4,3232235925,475.0,1.0,9.0,2.0
56,7,1,1,3232235949,1930.0,1.0,11.0,2.0
56,6,0,1,3232235949,5124.0,8.0,11.0,2.0
56,0,0,1,3232235949,5785.0,1.0,11.0,2.0
56,8,0,1,3232235949,669.0,1.0,11.0,2.0
34,7,0,4,3232235804,1464.0,1.0,12.0,2.0
34,6,0,4,3232235804,5013.0,2.0,12.0,2.0
34,0,0,4,3232235804,869.0,9.0,12.0,2.0
34,8,0,4,3232235804,420.0,1.0,12.0,2.0
43,7,0,8,3232235853,759.0,1.0,14.0,2.0
43,6,0,8,3232235853,2808.0,6.0,14.0,2.0
43,0,0,8,3232235853,1124.0,10.0,14.0,2.0
43,8,0,8,3232235853,883.0,1.0,14.0,2.0
19,7,0,8,3232235800,449.0,1.0,14.0,2.0
19,6,0,8,3232235800,3900.0,2.0,14.0,2.0
19,0,0,8,3232235800,4060.0,4.0,14.0,2.0
19,8,0,8,3232235800,540.0,1.0,14.0,2.0
58,7,0,7,3232235933,1384.0,1.0,14.0,2.0
58,6,0,7,3232235933,3294.0,6.0,14.0,2.0
58,0,0,7,3232235933,1549.0,6.0,14.0,2.0
58,8,0,7,3232235933,1357.0,1.0,14.0,2.0
76,7,0,8,3232235915,689.0,1.0,16.0,2.0
76,6,0,8,3232235915,3981.0,9.0,16.0,2.0
76,0,0,8,3232235915,3326.0,4.0,16.0,2.0
76,8,0,8,3232235915,1281.0,1.0,16.0,2.0
86,7,0,0,3232235930,474.0,1.0,8.0,3.0
86,6,0,0,3232235930,1941.0,6.0,8.0,3.0
86,0,0,0,3232235930,2903.0,10.0,8.0,3.0
86,8,0,0,3232235930,1439.0,1.0,8.0,3.0
31,7,0,0,3232235865,422.0,1.0,14.0,3.0
31,6,0,0,3232235865,1412.0,6.0,14.0,3.0
31,0,0,0,3232235865,5614.0,5.0,14.0,3.0
31,8,0,0,3232235865,782.0,1.0,14.0,3.0
80,7,0,4,3232235834,569.0,1.0,15.0,3.0
80,6,0,4,3232235834,1981.0,5.0,15.0,3.0
80,0,0,4,3232235834,4377.0,8.0,15.0,3.0
80,8,0,4,3232235834,1200.0,1.0,15.0,3.0
26,7,0,8,3232235885,519.0,1.0,16.0,3.0
26,6,0,8,3232235885,4075.0,6.0,16.0,3.0
26,0,0,8,3232235885,1158.0,8.0,16.0,3.0
26,8,0,8,3232235885,1201.0,1.0,16.0,3.0
37,7,0,4,3232235932,780.0,1.0,11.0,4.0
37,6,0,4,3232235932,4466.0,9.0,11.0,4.0
37,0,0,4,3232235932,5881.0,3.0,11.0,4.0
37,8,0,4,3232235932,814.0,1.0,11.0,4.0
67,7,0,4,3232235880,1141.0,1.0,13.0,4.0
67,6,0,4,3232235880,3028.0,6.0,13.0,4.0
67,0,0,4,3232235880,1378.0,4.0,13.0,4.0
67,8,0,4,3232235880,1078.0,1.0,13.0,4.0
34,7,0,4,3232235804,1927.0,1.0,14.0,4.0
34,6,0,4,3232235804,4969.0,8.0,14.0,4.0
34,0,0,4,3232235804,3064.0,4.0,14.0,4.0
34,8,0,4,3232235804,859.0,1.0,14.0,4.0
67,7,0,4,3232235880,371.0,1.0,16.0,4.0
67,6,0,4,3232235880,5455.0,8.0,16.0,4.0
67,0,0,4,3232235880,2142.0,6.0,16.0,4.0
67,8,0,4,3232235880,1225.0,1.0,16.0,4.0
28,7,0,8,3232235849,492.0,1.0,11.0,5.0
28,6,0,8,3232235849,2219.0,3.0,11.0,5.0
28,0,0,8,3232235849,1322.0,10.0,11.0,5.0
28,8,0,8,3232235849,415.0,1.0,11.0,5.0
61,7,0,0,3232235875,328.0,1.0,14.0,5.0
61,6,0,0,3232235875,1416.0,1.0,14.0,5.0
61,0,0,0,3232235875,2041.0,1.0,14.0,5.0
61,8,0,0,3232235875,628.0,1.0,14.0,5.0
48,7,0,1,3232235975,1581.0,1.0,14.0,5.0
48,6,0,1,3232235975,3890.0,8.0,14.0,5.0
48,5,0,1,3232235975,4059.0,5.0,15.0,5.0
48,2,1,1,3232235975,1744.0,4.0,15.0,5.0
48,9,0,1,3232235975,3414.0,4.0,15.0,5.0
48,8,0,1,3232235975,1382.0,1.0,15.0,5.0
57,7,0,4,3232235957,1614.0,1.0,7.0,6.0
57,6,0,4,3232235957,1361.0,6.0,7.0,6.0
57,0,0,4,3232235957,4151.0,6.0,7.0,6.0
57,8,0,4,3232235957,470.0,1.0,7.0,6.0
34,7,0,4,3232235804,1685.0,1.0,10.0,6.0
34,6,0,4,3232235804,4138.0,10.0,10.0,6.0
34,0,0,4,3232235804,2834.0,8.0,10.0,6.0
34,8,0,4,3232235804,679.0,1.0,10.0,6.0
48,7,0,1,3232235975,1130.0,1.0,11.0,6.0
48,6,0,1,3232235975,1461.0,5.0,11.0,6.0
48,5,0,1,3232235975,3510.0,10.0,11.0,6.0
48,2,0,1,3232235975,5118.0,4.0,11.0,6.0
48,9,0,1,3232235975,3188.0,8.0,11.0,6.0
48,8,0,1,3232235975,513.0,1.0,11.0,6.0
84,7,0,7,3232235817,1960.0,1.0,12.0,6.0
84,1,0,7,3232235817,3601.0,1.0,12.0,6.0
84,4,0,7,3232235817,2576.0,6.0,12.0,6.0
84,3,0,7,3232235817,9800.0,5.0,12.0,6.0
84,8,0,7,3232235817,1333.0,1.0,12.0,6.0
75,7,0,1,3232235968,1593.0,1.0,15.0,6.0
75,6,0,1,3232235968,2561.0,5.0,15.0,6.0
75,0,0,1,3232235968,2722.0,5.0,15.0,6.0
75,8,0,1,3232235968,1417.0,1.0,16.0,6.0
19,7,0,8,3232235800,917.0,1.0,8.0,0.0
19,6,0,8,3232235800,1038.0,2.0,8.0,0.0
19,0,0,8,3232235800,957.0,9.0,8.0,0.0
19,8,0,8,3232235800,306.0,1.0,8.0,0.0
33,7,0,1,3232236023,993.0,1.0,8.0,0.0
33,6,0,1,3232236023,5373.0,7.0,8.0,0.0
33,0,0,1,3232236023,1505.0,4.0,8.0,0.0
33,8,0,1,3232236023,1069.0,1.0,8.0,0.0
38,7,0,4,3232235984,800.0,1.0,15.0,0.0
38,6,0,4,3232235984,5762.0,2.0,15.0,0.0
38,0,0,4,3232235984,5117.0,3.0,15.0,0.0
38,8,0,4,3232235984,535.0,1.0,15.0,0.0
23,7,0,1,3232235907,305.0,1.0,8.0,1.0
23,6,0,1,3232235907,4221.0,3.0,8.0,1.0
23,0,0,1,3232235907,5576.0,3.0,8.0,1.0
23,8,0,1,3232235907,1417.0,1.0,8.0,1.0
50,7,0,7,3232235996,1885.0,1.0,8.0,1.0
50,6,0,7,3232235996,2707.0,7.0,8.0,1.0
50,0,0,7,3232235996,5455.0,2.0,8.0,1.0
50,8,0,7,3232235996,584.0,1.0,8.0,1.0
53,7,0,4,3232235894,1756.0,1.0,10.0,1.0
53,6,0,4,3232235894,2057.0,2.0,10.0,1.0
53,0,0,4,3232235894,852.0,10.0,10.0,1.0
53,8,0,4,3232235894,333.0,1.0,10.0,1.0
60,7,0,1,3232235819,1511.0,1.0,11.0,1.0
60,6,0,1,3232235819,870.0,2.0,11.0,1.0
60,0,0,1,3232235819,3407.0,8.0,11.0,1.0
60,8,0,1,3232235819,1037.0,1.0,11.0,1.0
18,7,0,7,3232235951,1507.0,1.0,14.0,1.0
18,6,0,7,3232235951,2210.0,4.0,14.0,1.0
18,0,0,7,3232235951,5273.0,8.0,14.0,1.0
18,8,0,7,3232235951,214.0,1.0,14.0,1.0
35,7,0,7,3232235875,969.0,1.0,16.0,1.0
35,6,0,7,3232235875,5740.0,10.0,16.0,1.0
72,7,0,0,3232235879,679.0,1.0,16.0,1.0
72,6,0,0,3232235879,3077.0,5.0,16.0,1.0
35,0,0,7,3232235875,657.0,2.0,16.0,1.0
35,8,0,7,3232235875,778.0,1.0,16.0,1.0
72,0,0,0,3232235879,954.0,6.0,16.0,1.0
72,8,0,0,3232235879,373.0,1.0,16.0,1.0
78,7,0,8,3232235887,366.0,1.0,9.0,2.0
78,6,0,8,3232235887,2887.0,6.0,9.0,2.0
78,0,0,8,3232235887,3426.0,10.0,9.0,2.0
78,8,0,8,3232235887,379.0,1.0,9.0,2.0
21,7,0,7,3232235785,386.0,1.0,10.0,2.0
21,6,0,7,3232235785,3768.0,2.0,10.0,2.0
21,0,0,7,3232235785,5261.0,2.0,10.0,2.0
21,8,0,7,3232235785,1490.0,1.0,10.0,2.0
79,7,0,8,3232235880,1451.0,1.0,10.0,2.0
79,6,0,8,3232235880,3654.0,10.0,10.0,2.0
79,0,0,8,3232235880,1846.0,8.0,10.0,2.0
79,8,0,8,3232235880,327.0,1.0,10.0,2.0
44,7,0,8,3232236004,1721.0,1.0,13.0,2.0
44,6,0,8,3232236004,2110.0,8.0,13.0,2.0
44,0,0,8,3232236004,2780.0,2.0,13.0,2.0
44,8,0,8,3232236004,921.0,1.0,13.0,2.0
60,7,0,1,3232235819,1969.0,1.0,14.0,2.0
60,6,0,1,3232235819,3508.0,5.0,14.0,2.0
60,0,0,1,3232235819,633.0,4.0,14.0,2.0
60,8,0,1,3232235819,1019.0,1.0,14.0,2.0
51,7,0,1,3232235999,1936.0,1.0,15.0,2.0
51,6,0,1,3232235999,1797.0,5.0,15.0,2.0
51,0,0,1,3232235999,5012.0,1.0,15.0,2.0
51,8,0,1,3232235999,1331.0,1.0,15.0,2.0
73,7,0,0,3232235814,1680.0,1.0,16.0,2.0
73,6,0,0,3232235814,3608.0,10.0,16.0,2.0
73,0,0,0,3232235814,1325.0,6.0,16.0,2.0
73,8,0,0,3232235814,940.0,1.0,16.0,2.0
57,7,0,4,3232235957,1314.0,1.0,7.0,3.0
57,6,0,4,3232235957,2647.0,2.0,7.0,3.0
57,0,0,4,3232235957,5548.0,2.0,7.0,3.0
57,8,0,4,3232235957,1078.0,1.0,7.0,3.0
77,7,1,4,3232235969,1698.0,1.0,9.0,3.0
77,6,0,4,3232235969,2775.0,3.0,9.0,3.0
44,7,0,8,3232236004,1816.0,1.0,9.0,3.0
77,0,0,4,3232235969,3473.0,8.0,9.0,3.0
44,6,0,8,3232236004,4088.0,8.0,9.0,3.0
44,0,0,8,3232236004,3503.0,7.0,9.0,3.0
44,8,0,8,3232236004,242.0,1.0,9.0,3.0
77,8,0,4,3232235969,953.0,1.0,9.0,3.0
36,7,0,7,3232235869,1524.0,1.0,12.0,4.0
36,6,0,7,3232235869,4268.0,3.0,12.0,4.0
36,0,0,7,3232235869,5292.0,10.0,12.0,4.0
36,8,0,7,3232235869,1491.0,1.0,12.0,4.0
44,7,1,8,3232236004,1537.0,1.0,12.0,4.0
44,6,0,8,3232236004,4920.0,5.0,12.0,4.0
44,0,0,8,3232236004,2774.0,6.0,12.0,4.0
44,8,0,8,3232236004,1091.0,1.0,12.0,4.0
26,7,0,8,3232235885,1444.0,1.0,13.0,4.0
26,6,0,8,3232235885,3614.0,1.0,13.0,4.0
26,0,0,8,3232235885,2979.0,2.0,13.0,4.0
26,8,0,8,3232235885,1333.0,1.0,13.0,4.0
8,7,0,1,3232235813,1228.0,1.0,16.0,4.0
8,6,0,1,3232235813,1000.0,7.0,16.0,4.0
8,0,0,1,3232235813,4567.0,4.0,16.0,4.0
8,8,0,1,3232235813,1029.0,1.0,17.0,4.0
83,7,0,7,3232235998,1722.0,1.0,15.0,5.0
83,6,0,7,3232235998,4443.0,6.0,15.0,5.0
83,0,0,7,3232235998,1342.0,6.0,15.0,5.0
83,8,0,7,3232235998,655.0,1.0,15.0,5.0
78,7,0,8,3232235887,778.0,1.0,9.0,6.0
78,6,0,8,3232235887,4670.0,7.0,9.0,6.0
78,0,0,8,3232235887,5083.0,4.0,9.0,6.0
78,8,0,8,3232235887,277.0,1.0,10.0,6.0
76,7,0,8,3232235915,1274.0,1.0,10.0,6.0
76,6,0,8,3232235915,1633.0,6.0,10.0,6.0
76,0,0,8,3232235915,5445.0,3.0,10.0,6.0
76,8,0,8,3232235915,646.0,1.0,10.0,6.0
64,7,0,4,3232235993,1052.0,1.0,13.0,6.0
64,6,0,4,3232235993,5953.0,9.0,13.0,6.0
64,0,0,4,3232235993,2322.0,8.0,13.0,6.0
64,8,0,4,3232235993,1471.0,1.0,13.0,6.0
47,7,0,7,3232235789,945.0,1.0,16.0,6.0
47,6,0,7,3232235789,616.0,5.0,16.0,6.0
47,0,0,7,3232235789,5392.0,4.0,16.0,6.0
47,8,0,7,3232235789,492.0,1.0,16.0,6.0
77,7,0,4,3232235969,405.0,1.0,16.0,6.0
77,6,0,4,3232235969,3200.0,6.0,16.0,6.0
77,0,0,4,3232235969,5285.0,7.0,16.0,6.0
77,8,0,4,3232235969,866.0,1.0,16.0,6.0
82,7,0,0,3232235801,494.0,1.0,7.0,0.0
82,6,0,0,3232235801,3961.0,6.0,7.0,0.0
82,0,0,0,3232235801,5267.0,3.0,7.0,0.0
82,8,0,0,3232235801,212.0,1.0,7.0,0.0
78,7,1,8,3232235887,771.0,1.0,8.0,0.0
78,6,0,8,3232235887,5923.0,6.0,8.0,0.0
78,0,0,8,3232235887,4532.0,3.0,8.0,0.0
78,8,0,8,3232235887,471.0,1.0,8.0,0.0
32,7,1,4,3232235817,913.0,1.0,10.0,0.0
32,6,0,4,3232235817,5774.0,10.0,10.0,0.0
32,0,0,4,3232235817,4029.0,10.0,10.0,0.0
32,8,0,4,3232235817,540.0,1.0,11.0,0.0
61,7,0,0,3232235875,720.0,1.0,13.0,0.0
61,6,0,0,3232235875,5422.0,5.0,14.0,0.0
61,0,0,0,3232235875,2094.0,9.0,14.0,0.0
61,8,0,0,3232235875,908.0,1.0,14.0,0.0
59,7,1,1,3232235914,1383.0,1.0,14.0,0.0
59,6,0,1,3232235914,3297.0,2.0,14.0,0.0
59,0,0,1,3232235914,1352.0,8.0,14.0,0.0
59,8,0,1,3232235914,488.0,1.0,14.0,0.0
47,7,0,7,3232235789,314.0,1.0,7.0,1.0
47,6,0,7,3232235789,5862.0,4.0,7.0,1.0
47,0,0,7,3232235789,3087.0,7.0,7.0,1.0
47,8,0,7,3232235789,941.0,1.0,7.0,1.0
53,7,0,4,3232235894,337.0,1.0,7.0,1.0
53,6,0,4,3232235894,1544.0,5.0,7.0,1.0
53,0,0,4,3232235894,4790.0,3.0,7.0,1.0
53,8,0,4,3232235894,1110.0,1.0,7.0,1.0
45,7,0,4,3232235925,936.0,1.0,9.0,1.0
23,7,0,1,3232235907,1686.0,1.0,9.0,1.0
23,6,0,1,3232235907,2498.0,9.0,9.0,1.0
45,6,0,4,3232235925,2618.0,8.0,9.0,1.0
45,0,0,4,3232235925,3189.0,7.0,9.0,1.0
23,0,0,1,3232235907,1929.0,9.0,9.0,1.0
45,8,0,4,3232235925,1370.0,1.0,9.0,1.0
23,8,0,1,3232235907,527.0,1.0,9.0,1.0
83,7,0,7,3232235998,1713.0,1.0,9.0,1.0
83,6,0,7,3232235998,605.0,4.0,9.0,1.0
83,0,0,7,3232235998,3927.0,1.0,9.0,1.0
83,8,0,7,3232235998,1125.0,1.0,9.0,1.0
51,7,0,1,3232235999,1250.0,1.0,7.0,2.0
51,6,0,1,3232235999,3008.0,5.0,7.0,2.0
51,0,0,1,3232235999,4962.0,7.0,7.0,2.0
51,8,0,1,3232235999,1216.0,1.0,7.0,2.0
53,7,0,4,3232235894,711.0,1.0,10.0,2.0
53,6,0,4,3232235894,2439.0,8.0,10.0,2.0
53,0,0,4,3232235894,715.0,6.0,10.0,2.0
53,8,0,4,3232235894,1334.0,1.0,10.0,2.0
