user_id,activity,status,device,ip_address,duration_ms,object_count,hour,day_of_week
61,7,0,0,3232235875,1726.0,1.0,3.0,2.0
76,7,0,8,3232235915,1100.0,1.0,5.0,2.0
1,7,1,7,3232235784,1418.0,1.0,7.0,2.0
1,1,0,7,3232235784,4791.0,4.0,7.0,2.0
1,4,0,7,3232235784,3625.0,3.0,7.0,2.0
1,3,0,7,3232235784,1837.0,4.0,7.0,2.0
1,8,0,7,3232235784,220.0,1.0,7.0,2.0
76,6,0,8,3232235915,1012.0,1.0,7.0,2.0
76,0,0,8,3232235915,1456.0,7.0,7.0,2.0
76,8,0,8,3232235915,1231.0,1.0,7.0,2.0
21,7,0,7,3232235785,524.0,1.0,8.0,2.0
21,6,0,7,3232235785,3326.0,9.0,8.0,2.0
21,0,0,7,3232235785,5761.0,1.0,8.0,2.0
21,8,0,7,3232235785,1307.0,1.0,8.0,2.0
80,7,0,4,3232235834,411.0,1.0,10.0,2.0
80,6,0,4,3232235834,3877.0,5.0,10.0,2.0
80,0,0,4,1120361040,848.0,8.0,10.0,2.0
80,8,0,4,3232235834,298.0,1.0,10.0,2.0
26,7,1,8,3232235885,763.0,1.0,10.0,2.0
26,6,0,8,3232235885,576.0,1.0,10.0,2.0
26,0,0,8,3232235885,3314.0,2.0,10.0,2.0
26,8,0,8,3232235885,1064.0,100.0,10.0,2.0
86,7,0,0,3232235930,376.0,1.0,11.0,2.0
86,6,0,0,3232235930,3939.0,3.0,11.0,2.0
86,0,0,0,3232235930,2834.0,9.0,11.0,2.0
86,8,0,0,3232235930,1114.0,1.0,11.0,2.0
80,7,0,4,2638570110,1674.0,1.0,12.0,2.0
80,6,0,4,3232235834,4985.0,3.0,12.0,2.0
80,0,0,4,3232235834,5530.0,1.0,12.0,2.0
80,8,0,4,3232235834,963.0,1.0,12.0,2.0
6,7,1,4,3232235840,1053.0,1.0,12.0,2.0
6,6,0,4,3232235840,7.0,4.0,12.0,2.0
6,5,0,4,3232235840,3966.0,6.0,12.0,2.0
6,2,0,4,3232235840,2746.0,5.0,12.0,2.0
6,9,0,4,3232235840,7840.0,1.0,12.0,2.0
6,8,0,4,3232235840,809.0,1.0,12.0,2.0
33,7,0,1,3232236023,1747.0,1.0,14.0,2.0
33,6,0,1,3232236023,1340.0,8.0,14.0,2.0
33,0,0,1,3232236023,4022.0,4.0,14.0,2.0
33,8,0,1,3232236023,867.0,1.0,15.0,2.0
43,7,0,8,3232235853,1557.0,1.0,15.0,2.0
43,6,0,8,3232235853,5567.0,8.0,15.0,2.0
43,0,0,8,3232235853,843.0,9.0,15.0,2.0
43,8,0,8,3232235853,1459.0,1.0,15.0,2.0
61,6,0,0,3232235875,3346.0,7.0,15.0,2.0
61,0,0,0,3232235875,5901.0,6.0,15.0,2.0
61,8,0,0,3232235875,1204.0,1.0,15.0,2.0
6,7,1,4,3232235840,1583.0,1.0,15.0,2.0
6,6,0,4,3232235840,4775.0,7.0,15.0,2.0
6,5,0,4,3232235840,5163.0,7.0,15.0,2.0
6,2,0,4,3232235840,7124.0,4.0,15.0,2.0
6,9,0,4,3232235840,9138.0,2.0,15.0,2.0
6,8,0,4,3232235840,939.0,1.0,16.0,2.0
49,7,0,4,3232236030,1056.0,1.0,7.0,3.0
49,6,0,4,3232236030,869.0,3.0,7.0,3.0
49,0,0,4,3232236030,2453.0,2.0,7.0,3.0
49,8,0,4,3232236030,304.0,1.0,7.0,3.0
38,7,0,4,3232235984,1188.0,1.0,7.0,3.0
38,6,0,4,3232235984,1438.0,1.0,7.0,3.0
38,0,0,4,3232235984,744.0,9.0,7.0,3.0
38,8,0,4,3232235984,1493.0,1.0,7.0,3.0
25,7,0,8,3232235828,357.0,1.0,7.0,3.0
25,6,0,8,3232235828,1798.0,9.0,7.0,3.0
25,0,0,8,3232235828,1734.0,7.0,7.0,3.0
25,8,0,8,3232235828,1172.0,1.0,8.0,3.0
50,7,1,7,3232235996,702.0,1.0,8.0,3.0
50,6,0,7,3232235996,4592.0,7.0,8.0,3.0
50,0,0,7,3232235996,5962.0,3.0,8.0,3.0
50,8,0,7,3232235996,1280.0,1.0,8.0,3.0
54,7,0,4,3232235819,1495.0,1.0,9.0,3.0
54,6,0,4,3232235819,4764.0,9.0,9.0,3.0
54,5,0,4,3232235819,3440.0,7.0,9.0,3.0
54,2,0,4,3232235819,7896.0,10.0,9.0,3.0
54,9,0,4,3232235819,5625.0,9.0,9.0,3.0
54,8,0,4,3232235819,1367.0,1.0,9.0,3.0
78,7,0,8,3232235887,1463.0,1.0,9.0,3.0
78,6,0,8,3232235887,511.0,8.0,9.0,3.0
78,0,0,8,3232235887,2084.0,3.0,9.0,3.0
78,8,0,8,1922901949,422.0,1.0,9.0,3.0
36,7,0,7,3232235869,1996.0,1.0,11.0,3.0
36,6,0,7,3232235869,3641.0,6.0,11.0,3.0
36,0,0,7,3232235869,2363.0,5.0,11.0,3.0
36,8,0,7,3232235869,1199.0,46.0,11.0,3.0
70,7,0,8,3232236002,1580.0,1.0,11.0,3.0
70,6,0,8,3232236002,5734.0,9.0,11.0,3.0
70,0,0,8,3232236002,5488.0,4.0,11.0,3.0
70,8,0,8,3232236002,513.0,1.0,11.0,3.0
6,7,0,4,3232235840,1819.0,1.0,13.0,3.0
6,6,0,4,3232235840,1928.0,2.0,13.0,3.0
6,5,0,4,3232235840,3701.0,5.0,13.0,3.0
6,2,0,2,3232235840,5341.0,6.0,13.0,3.0
6,9,0,4,3232235840,1262.0,95.0,13.0,3.0
6,8,0,4,3232235840,1391.0,1.0,13.0,3.0
6,7,0,4,3232235840,758.0,1.0,13.0,3.0
6,6,0,4,3232235840,3186.0,3.0,13.0,3.0
6,5,0,4,3232235840,1206.0,7.0,13.0,3.0
6,2,0,4,3232235840,7497.0,1.0,13.0,3.0
6,9,1,4,3232235840,6489.0,9.0,13.0,3.0
6,8,0,4,3232235840,1116.0,1.0,13.0,3.0
50,7,0,7,3232235996,1001.0,1.0,14.0,3.0
50,6,0,7,3232235996,5041.0,3.0,14.0,3.0
50,0,0,7,3232235996,2794.0,1.0,14.0,3.0
50,8,0,7,3232235996,722.0,1.0,14.0,3.0
34,7,0,4,3232235804,1529.0,1.0,14.0,3.0
34,6,0,4,3232235804,2135.0,2.0,14.0,3.0
34,0,0,4,3232235804,710.0,4.0,14.0,3.0
62,7,0,4,3232236014,1747.0,1.0,14.0,3.0
62,6,0,4,3232236014,2063.0,9.0,14.0,3.0
62,0,0,4,3232236014,5926.0,6.0,14.0,3.0
62,8,0,4,3232236014,1499.0,1.0,14.0,3.0
34,8,0,4,3232235804,549.0,1.0,14.0,3.0
79,7,0,8,3232235880,676.0,1.0,15.0,3.0
79,6,0,8,3232235880,3534.0,3.0,15.0,3.0
79,0,0,8,3232235880,4892.0,6.0,15.0,3.0
79,8,0,8,3232235880,349.0,1.0,15.0,3.0
77,7,0,4,3232235969,1020.0,1.0,15.0,3.0
77,6,0,4,1739448461,3822.0,5.0,15.0,3.0
26,7,0,8,3232235885,718.0,1.0,15.0,3.0
77,0,0,4,3232235969,1116.0,9.0,15.0,3.0
26,6,0,8,3232235885,710.0,4.0,15.0,3.0
77,8,0,4,3232235969,596.0,1.0,15.0,3.0
26,0,0,8,3232235885,3891.0,9.0,15.0,3.0
26,8,0,8,3232235885,260.0,1.0,15.0,3.0
71,7,0,4,3232235832,788.0,1.0,2.0,4.0
71,6,0,4,3232235832,1248.0,1.0,7.0,4.0
71,0,0,4,3232235832,3954.0,1.0,7.0,4.0
71,8,0,4,3232235832,229.0,1.0,7.0,4.0
20,7,0,8,3232235886,1147.0,1.0,8.0,4.0
20,6,0,8,3232235886,1128.0,9.0,8.0,4.0
20,0,0,8,3232235886,5551.0,3.0,8.0,4.0
20,8,0,8,3232235886,526.0,1.0,8.0,4.0
26,7,0,8,3232235885,1975.0,1.0,8.0,4.0
26,6,0,8,3232235885,3604.0,1.0,8.0,4.0
26,0,0,8,3232235885,2662.0,9.0,9.0,4.0
26,8,0,8,3232235885,1477.0,1.0,9.0,4.0
61,7,0,0,3232235875,1329.0,1.0,12.0,4.0
61,6,0,0,3232235875,5470.0,5.0,12.0,4.0
61,0,0,0,3232235875,6966.0,5.0,12.0,4.0
61,8,0,0,3232235875,1180.0,1.0,12.0,4.0
84,7,1,7,3232235817,907.0,1.0,13.0,4.0
84,1,0,7,3232235817,1941.0,2.0,13.0,4.0
84,4,0,7,3232235817,7403.0,7.0,13.0,4.0
84,3,0,7,3232235817,5772.0,7.0,13.0,4.0
84,8,0,7,3232235817,462.0,1.0,13.0,4.0
44,7,0,8,3232236004,1983.0,1.0,14.0,4.0
44,6,0,8,3232236004,3879.0,5.0,14.0,4.0
44,0,0,8,3232236004,3697.0,1.0,14.0,4.0
44,8,0,8,3232236004,1399.0,1.0,14.0,4.0
50,7,0,7,3232235996,1148.0,1.0,14.0,4.0
50,6,0,7,3232235996,5373.0,9.0,14.0,4.0
50,0,0,7,3232235996,4329.0,4.0,14.0,4.0
50,8,0,7,3232235996,1277.0,1.0,14.0,4.0
77,7,0,4,3232235969,1935.0,1.0,15.0,4.0
77,6,0,4,3232235969,614.0,4.0,15.0,4.0
77,0,0,4,3232235969,1603.0,3.0,15.0,4.0
77,8,0,4,3232235969,410.0,1.0,15.0,4.0
45,7,0,4,3232235925,1848.0,1.0,16.0,4.0
45,6,0,4,3232235925,2630.0,1.0,16.0,4.0
45,0,0,4,3232235925,1780.0,6.0,16.0,4.0
45,8,0,4,3232235925,1461.0,1.0,16.0,4.0
27,7,0,1,3232235892,1269.0,1.0,5.0,5.0
78,7,0,8,3232235887,1548.0,1.0,12.0,5.0
78,6,0,8,3232235887,2120.0,6.0,12.0,5.0
78,0,0,8,3232235887,4236.0,7.0,12.0,5.0
78,8,0,8,3232235887,1233.0,1.0,12.0,5.0
27,6,0,2,3232235892,5451.0,7.0,13.0,5.0
27,0,0,1,3232235892,3257.0,6.0,13.0,5.0
27,8,0,1,3232235892,902.0,1.0,13.0,5.0
6,7,0,4,3232235840,1158.0,1.0,14.0,5.0
6,6,0,4,3232235840,1326.0,5.0,14.0,5.0
6,5,0,4,3232235840,82.0,4.0,14.0,5.0
6,2,0,4,3232235840,7233.0,10.0,14.0,5.0
6,9,0,4,3232235840,6093.0,7.0,14.0,5.0
6,8,0,4,3232235840,1324.0,1.0,14.0,5.0
71,7,0,4,1730952840,1987.0,1.0,14.0,5.0
71,6,0,4,3232235832,2678.0,6.0,14.0,5.0
71,0,0,4,3232235832,5715.0,6.0,14.0,5.0
71,8,0,4,3232235832,1183.0,1.0,14.0,5.0
20,7,0,8,3232235886,382.0,1.0,15.0,5.0
20,6,0,8,3232235886,1129.0,1.0,15.0,5.0
20,0,0,8,3232235886,5377.0,3.0,15.0,5.0
20,8,0,8,3232235886,486.0,1.0,15.0,5.0
64,7,0,4,3232235993,735.0,1.0,16.0,5.0
64,6,0,4,3232235993,5852.0,10.0,16.0,5.0
64,0,0,4,3232235993,878.0,4.0,16.0,5.0
64,8,0,4,3232235993,263.0,1.0,16.0,5.0
24,7,0,8,3232235784,1370.0,1.0,3.0,6.0
66,7,0,7,3232235984,836.0,1.0,4.0,6.0
38,7,0,4,3232235984,387.0,1.0,7.0,6.0
38,6,0,4,3232235984,5652.0,5.0,7.0,6.0
38,0,0,4,3232235984,725.0,10.0,7.0,6.0
38,8,0,4,3232235984,408.0,1.0,7.0,6.0
45,7,0,4,3232235925,1975.0,1.0,7.0,6.0
45,6,0,4,3232235925,999.0,2.0,7.0,6.0
45,0,0,4,3232235925,3744.0,4.0,7.0,6.0
45,8,0,4,3232235925,277.0,1.0,7.0,6.0
73,7,0,0,3232235814,1759.0,1.0,8.0,6.0
73,6,0,0,3232235814,3116.0,3.0,8.0,6.0
73,0,0,0,3232235814,1533.0,7.0,8.0,6.0
66,6,0,7,3232235984,3690.0,5.0,8.0,6.0
66,0,0,7,3232235984,3003.0,3.0,8.0,6.0
73,8,0,0,3232235814,468.0,1.0,8.0,6.0
75,7,0,1,3232235968,1864.0,1.0,8.0,6.0
66,8,0,7,3232235984,201.0,1.0,8.0,6.0
75,6,0,1,3232235968,3497.0,1.0,8.0,6.0
75,0,0,1,3232235968,3781.0,1.0,9.0,6.0
75,8,0,1,3232235968,1367.0,1.0,9.0,6.0
80,7,0,4,3232235834,1866.0,1.0,9.0,6.0
80,6,0,4,3232235834,2555.0,4.0,9.0,6.0
80,0,0,4,3232235834,4831.0,3.0,9.0,6.0
80,8,0,4,3232235834,860.0,1.0,9.0,6.0
24,6,0,8,2648148104,1782.0,5.0,10.0,6.0
23,7,0,1,3232235907,1565.0,1.0,10.0,6.0
24,0,0,8,3232235784,2235.0,2.0,11.0,6.0
24,8,0,8,3232235784,1469.0,1.0,11.0,6.0
23,6,0,1,3232235907,5900.0,8.0,11.0,6.0
23,0,0,1,3232235907,628.0,1.0,11.0,6.0
23,8,0,1,3232235907,1289.0,1.0,11.0,6.0
59,7,0,1,3232235914,1882.0,1.0,13.0,6.0
59,6,0,1,3232235914,4442.0,6.0,13.0,6.0
59,0,0,1,3232235914,554.0,6.0,13.0,6.0
59,8,0,1,3232235914,1023.0,1.0,13.0,6.0
70,7,0,8,3232236002,1643.0,1.0,14.0,6.0
70,6,0,8,3232236002,5702.0,4.0,14.0,6.0
70,0,0,8,3232236002,1155.0,8.0,14.0,6.0
70,8,0,8,3232236002,684.0,1.0,14.0,6.0
44,7,0,8,3232236004,611.0,1.0,14.0,6.0
44,6,0,8,3232236004,17847.0,8.0,14.0,6.0
44,0,0,8,3232236004,4007.0,8.0,14.0,6.0
44,8,0,8,3232236004,1170.0,1.0,14.0,6.0
73,7,0,0,3232235814,1204.0,1.0,15.0,6.0
73,6,0,0,3232235814,5313.0,5.0,15.0,6.0
73,0,0,0,3232235814,5734.0,7.0,15.0,6.0
73,8,0,0,3232235814,712.0,1.0,15.0,6.0
51,7,0,1,3232235999,893.0,1.0,16.0,6.0
51,6,0,1,3232235999,2987.0,8.0,16.0,6.0
54,7,0,4,3232235819,1704.0,1.0,16.0,6.0
51,0,0,1,3232235999,17166.0,2.0,16.0,6.0
51,8,0,1,3232235999,803.0,1.0,16.0,6.0
54,6,0,4,3232235819,4904.0,5.0,16.0,6.0
54,5,0,4,3232235819,3171.0,10.0,16.0,6.0
54,2,0,4,3232235819,1880.0,10.0,16.0,6.0
54,9,0,4,3232235819,1527.0,3.0,16.0,6.0
54,8,0,4,3232235819,514.0,1.0,16.0,6.0
28,7,0,8,3232235849,1136.0,1.0,5.0,0.0
66,7,0,7,3232235984,1842.0,1.0,9.0,0.0
66,6,0,7,3232235984,5174.0,9.0,9.0,0.0
66,0,0,7,3232235984,3983.0,4.0,9.0,0.0
66,8,0,7,3232235984,1155.0,1.0,9.0,0.0
28,6,0,8,3020920173,4112.0,2.0,11.0,0.0
28,0,0,8,3232235849,1506.0,7.0,11.0,0.0
28,8,0,8,3232235849,1134.0,1.0,11.0,0.0
84,7,0,7,3232235817,422.0,1.0,13.0,0.0
84,1,0,7,3232235817,4554.0,2.0,13.0,0.0
84,4,0,7,3232235817,3237.0,6.0,13.0,0.0
84,3,0,7,3232235817,1201.0,1.0,13.0,0.0
84,8,0,7,3232235817,1144.0,1.0,13.0,0.0
55,7,0,4,3232235868,1217.0,1.0,13.0,0.0
55,6,0,4,3232235868,1102.0,8.0,13.0,0.0
55,5,0,4,3232235868,613.0,10.0,13.0,0.0
55,2,0,4,3232235868,9709.0,2.0,13.0,0.0
55,9,0,4,3232235868,7520.0,7.0,13.0,0.0
55,8,0,4,3232235868,1292.0,1.0,13.0,0.0
66,7,0,7,3232235984,1132.0,1.0,9.0,1.0
66,6,0,7,3232235984,1637.0,2.0,9.0,1.0
66,0,0,7,3232235984,5414.0,10.0,9.0,1.0
66,8,0,7,3232235984,1194.0,1.0,9.0,1.0
61,7,0,0,3232235875,333.0,1.0,9.0,1.0
61,6,0,0,3232235875,3563.0,8.0,9.0,1.0
61,0,0,0,3232235875,5050.0,8.0,9.0,1.0
61,8,0,0,3232235875,212.0,1.0,9.0,1.0
77,7,0,4,3232235969,1263.0,1.0,10.0,1.0
42,7,0,0,3232235798,1013.0,1.0,10.0,1.0
77,6,0,4,3232235969,5569.0,3.0,10.0,1.0
42,6,0,0,3232235798,757.0,4.0,10.0,1.0
77,0,0,4,3232235969,5090.0,1.0,10.0,1.0
42,0,0,0,3232235798,4009.0,1.0,10.0,1.0
77,8,0,4,3232235969,680.0,1.0,10.0,1.0
42,8,0,0,3232235798,1237.0,1.0,10.0,1.0
60,7,0,1,3232235819,636.0,1.0,11.0,1.0
60,6,0,1,3232235819,1123.0,3.0,12.0,1.0
60,0,0,1,3232235819,1408.0,3.0,12.0,1.0
60,8,0,1,3232235819,309.0,1.0,12.0,1.0
84,7,0,7,3232235817,1614.0,1.0,12.0,1.0
84,1,0,7,3232235817,4485.0,5.0,12.0,1.0
84,4,0,7,3232235817,9058.0,5.0,12.0,1.0
84,3,0,7,3232235817,5155.0,8.0,12.0,1.0
84,8,0,7,3232235817,1091.0,1.0,12.0,1.0
79,7,0,8,608937689,388.0,1.0,13.0,1.0
79,6,0,8,3232235880,1972.0,4.0,13.0,1.0
79,0,0,8,3232235880,5244.0,3.0,13.0,1.0
79,8,0,8,3232235880,1199.0,1.0,13.0,1.0
37,7,0,4,3232235932,575.0,1.0,14.0,1.0
37,6,0,4,3232235932,3764.0,1.0,14.0,1.0
37,0,0,4,3232235932,2648.0,6.0,14.0,1.0
37,8,0,4,3232235932,307.0,1.0,14.0,1.0
37,7,0,4,3232235932,1782.0,1.0,15.0,1.0
37,6,0,4,3232235932,5978.0,5.0,15.0,1.0
37,0,0,4,3232235932,4165.0,3.0,15.0,1.0
37,8,0,4,3232235932,1494.0,1.0,15.0,1.0
78,7,0,8,3232235887,1477.0,1.0,0.0,2.0
50,7,0,7,3232235996,1649.0,1.0,1.0,2.0
26,7,0,8,3232235885,852.0,1.0,1.0,2.0
23,7,0,1,3232235907,1168.0,1.0,6.0,2.0
55,7,0,4,3232235868,644.0,1.0,6.0,2.0
79,7,0,8,3232235880,633.0,1.0,7.0,2.0
79,6,0,8,3232235880,3316.0,8.0,7.0,2.0
79,0,0,8,3232235880,4754.0,10.0,7.0,2.0
79,8,0,8,3232235880,1091.0,1.0,7.0,2.0
81,7,0,2,3232235908,1545.0,1.0,8.0,2.0
81,6,0,1,3232235908,4242.0,1.0,8.0,2.0
81,0,0,1,3232235908,709.0,2.0,8.0,2.0
81,8,0,1,3232235908,1387.0,1.0,8.0,2.0
55,6,0,4,3232235868,5028.0,5.0,8.0,2.0
55,5,0,4,3232235868,1772.0,1.0,8.0,2.0
55,2,0,4,3232235868,4077.0,5.0,8.0,2.0
55,9,1,4,3232235868,5008.0,6.0,8.0,2.0
55,8,0,4,3232235868,214.0,1.0,8.0,2.0
50,6,0,7,3232235996,3529.0,3.0,9.0,2.0
50,0,0,7,3232235996,2640.0,4.0,9.0,2.0
23,6,0,1,3232235907,3018.0,3.0,9.0,2.0
23,0,0,1,3232235907,1185.0,5.0,9.0,2.0
50,8,0,7,3232235996,1193.0,1.0,9.0,2.0
23,8,0,1,3232235907,708.0,1.0,9.0,2.0
26,6,0,8,3232235885,1662.0,1.0,9.0,2.0
26,0,0,8,758736519,5278.0,5.0,9.0,2.0
26,8,0,8,3232235885,8240.0,1.0,9.0,2.0
26,7,0,8,3232235885,1677.0,1.0,11.0,2.0
26,6,0,8,3232235885,5288.0,98.0,11.0,2.0
26,0,0,8,3232235885,5730.0,6.0,11.0,2.0
26,8,0,8,3232235885,421.0,1.0,11.0,2.0
30,7,1,1,3232235956,1054.0,1.0,16.0,2.0
30,6,0,1,3232235956,3721.0,8.0,16.0,2.0
30,0,0,1,3232235956,832.0,7.0,16.0,2.0
30,8,0,1,3232235956,678.0,1.0,16.0,2.0
40,7,0,0,3232235915,1539.0,1.0,16.0,2.0
40,6,0,0,3232235915,1049.0,8.0,16.0,2.0
40,0,0,0,3232235915,3254.0,84.0,16.0,2.0
40,8,0,0,3232235915,546.0,1.0,16.0,2.0
78,6,0,8,3232235887,714.0,6.0,16.0,2.0
61,7,0,0,3232235875,1433.0,1.0,16.0,2.0
78,0,0,8,3232235887,5846.0,7.0,16.0,2.0
61,6,0,0,3232235875,1534.0,8.0,16.0,2.0
61,0,0,0,3232235875,1340.0,1.0,16.0,2.0
78,8,0,8,3232235887,635.0,1.0,16.0,2.0
61,8,0,0,3232235875,1375.0,1.0,16.0,2.0
53,7,0,4,3232235894,1274.0,1.0,1.0,3.0
71,7,0,4,3232235832,1429.0,1.0,4.0,3.0
77,7,0,4,3232235969,970.0,1.0,8.0,3.0
77,6,0,4,3232235969,5707.0,5.0,8.0,3.0
77,0,0,4,3232235969,2761.0,7.0,8.0,3.0
77,8,0,4,3232235969,446.0,1.0,8.0,3.0
49,7,0,4,3232236030,582.0,1.0,9.0,3.0
49,6,0,4,3232236030,4705.0,8.0,9.0,3.0
49,0,0,4,3232236030,5386.0,5.0,9.0,3.0
49,8,0,4,3232236030,202.0,1.0,9.0,3.0
70,7,0,8,3232236002,912.0,1.0,10.0,3.0
70,6,0,8,3232236002,4459.0,6.0,10.0,3.0
70,0,0,8,3232236002,2209.0,1.0,10.0,3.0
70,8,0,8,3232236002,779.0,1.0,10.0,3.0
42,7,0,0,3232235798,611.0,1.0,10.0,3.0
42,6,0,0,3232235798,1584.0,1.0,10.0,3.0
41,7,0,7,3232236027,900.0,1.0,10.0,3.0
42,0,0,0,3232235798,5345.0,10.0,10.0,3.0
41,6,0,7,3232236027,4125.0,8.0,10.0,3.0
42,8,0,0,3232235798,1306.0,1.0,10.0,3.0
41,0,0,7,3232236027,4965.0,7.0,10.0,3.0
41,8,0,7,3232236027,478.0,1.0,10.0,3.0
53,6,0,4,3232235894,1771.0,2.0,11.0,3.0
53,0,0,4,3232235894,2446.0,10.0,11.0,3.0
53,8,0,4,3232235894,400.0,1.0,11.0,3.0
71,6,0,4,3232235832,1399.0,5.0,11.0,3.0
71,0,0,4,3232235832,3537.0,9.0,11.0,3.0
71,8,0,4,3232235832,721.0,1.0,11.0,3.0
62,7,0,4,3232236014,1659.0,1.0,12.0,3.0
62,6,0,4,3232236014,2484.0,3.0,13.0,3.0
62,0,0,4,3232236014,1539.0,2.0,13.0,3.0
62,8,0,4,3232236014,213.0,1.0,13.0,3.0
30,7,0,1,3232235956,1608.0,1.0,13.0,3.0
48,7,0,1,3232235975,1063.0,1.0,13.0,3.0
30,6,0,1,3232235956,662.0,3.0,14.0,3.0
30,0,0,1,3232235956,2643.0,3.0,14.0,3.0
30,8,0,1,3232235956,988.0,1.0,14.0,3.0
48,6,0,1,3232235975,2428.0,9.0,14.0,3.0
48,5,0,1,3232235975,4977.0,3.0,14.0,3.0
48,2,0,1,3232235975,11816.0,5.0,14.0,3.0
48,9,0,1,3232235975,8130.0,10.0,14.0,3.0
48,8,0,6,3232235975,1019.0,1.0,14.0,3.0
83,7,0,7,3232235998,1795.0,1.0,16.0,3.0
83,6,0,7,3232235998,4207.0,1.0,16.0,3.0
83,0,0,7,3232235998,100.0,7.0,16.0,3.0
83,8,0,7,3232235998,597.0,1.0,16.0,3.0
60,7,0,1,3232235819,848.0,1.0,16.0,3.0
60,6,0,1,3232235819,1502.0,7.0,16.0,3.0
60,0,0,1,3232235819,2571.0,9.0,16.0,3.0
60,8,0,1,3232235819,454.0,1.0,16.0,3.0
61,7,0,0,3232235875,847.0,1.0,5.0,4.0
28,7,0,8,3232235849,1643.0,1.0,7.0,4.0
28,6,0,8,3232235849,4269.0,7.0,7.0,4.0
28,0,0,8,3232235849,5888.0,10.0,7.0,4.0
28,8,0,8,3232235849,1196.0,1.0,7.0,4.0
55,7,0,4,3232235868,1696.0,1.0,7.0,4.0
55,6,0,4,3232235868,4498.0,6.0,7.0,4.0
55,5,0,4,3232235868,858.0,2.0,7.0,4.0
55,2,0,4,3232235868,6580.0,7.0,7.0,4.0
55,9,0,4,3232235868,9511.0,40.0,7.0,4.0
55,8,0,4,3232235868,448.0,1.0,7.0,4.0
80,7,0,4,3232235834,1424.0,1.0,8.0,4.0
80,6,0,4,3232235834,5424.0,6.0,8.0,4.0
80,0,0,4,3232235834,1188.0,10.0,8.0,4.0
80,8,0,4,3232235834,626.0,1.0,8.0,4.0
61,6,0,0,3232235875,2328.0,6.0,9.0,4.0
61,7,0,0,3232235875,1203.0,1.0,9.0,4.0
61,0,0,0,3232235875,5963.0,4.0,9.0,4.0
61,6,0,0,3232235875,1584.0,7.0,9.0,4.0
61,8,0,0,3232235875,768.0,1.0,9.0,4.0
61,0,0,0,3232235875,3930.0,9.0,9.0,4.0
61,8,0,0,3232235875,793.0,1.0,9.0,4.0
65,7,0,7,3232235836,1038.0,1.0,11.0,4.0
65,6,0,7,3232235836,3682.0,5.0,11.0,4.0
65,0,0,7,3232235836,5766.0,3.0,11.0,4.0
65,8,0,7,3232235836,320.0,1.0,11.0,4.0
56,7,0,1,3232235949,424.0,1.0,12.0,4.0
56,6,0,1,3232235949,5428.0,3.0,12.0,4.0
56,0,0,1,3232235949,2294.0,1.0,12.0,4.0
56,8,0,1,3232235949,741.0,1.0,12.0,4.0
52,7,0,7,3232235875,1527.0,1.0,12.0,4.0
52,6,0,7,3232235875,596.0,5.0,12.0,4.0
52,0,0,7,3232235875,4306.0,1.0,12.0,4.0
52,8,0,7,3232235875,540.0,1.0,12.0,4.0
51,7,1,1,3232235999,1921.0,1.0,15.0,4.0
51,6,0,1,3232235999,2003.0,5.0,15.0,4.0
51,0,0,1,3232235999,5098.0,8.0,15.0,4.0
51,8,0,1,3232235999,687.0,1.0,15.0,4.0
47,7,0,7,3232235789,377.0,1.0,16.0,4.0
47,6,0,7,3232235789,2682.0,3.0,16.0,4.0
47,0,0,7,3232235789,3201.0,7.0,16.0,4.0
47,8,0,7,3232235789,1376.0,1.0,16.0,4.0
43,7,0,8,3232235853,1713.0,1.0,9.0,5.0
43,6,0,8,3232235853,4125.0,3.0,9.0,5.0
43,0,0,8,3232235853,1312.0,8.0,9.0,5.0
43,8,0,8,3232235853,805.0,1.0,9.0,5.0
25,7,0,8,3232235828,1781.0,1.0,9.0,5.0
25,6,0,8,3232235828,3456.0,5.0,9.0,5.0
25,0,0,8,3232235828,3502.0,5.0,9.0,5.0
25,8,0,8,3232235828,336.0,1.0,9.0,5.0
61,7,0,0,3232235875,1019.0,1.0,13.0,5.0
61,6,0,0,3232235875,1283.0,2.0,13.0,5.0
61,0,0,0,3232235875,2875.0,4.0,13.0,5.0
61,8,0,0,3232235875,848.0,1.0,13.0,5.0
32,7,0,4,3232235817,586.0,1.0,13.0,5.0
32,6,0,4,3232235817,3252.0,10.0,13.0,5.0
32,0,0,4,3232235817,3509.0,9.0,13.0,5.0
32,8,0,4,3232235817,1104.0,1.0,13.0,5.0
38,7,0,4,757809937,1057.0,1.0,15.0,5.0
38,6,0,4,3232235984,1951.0,3.0,15.0,5.0
38,0,0,4,3232235984,5612.0,5.0,16.0,5.0
38,8,0,4,3232235984,1006.0,1.0,16.0,5.0
74,7,0,4,3232235813,387.0,1.0,16.0,5.0
74,6,0,4,3232235813,848.0,10.0,16.0,5.0
74,0,0,4,3232235813,1877.0,1.0,16.0,5.0
74,8,0,4,3232235813,440.0,1.0,16.0,5.0
20,7,0,8,3232235886,376.0,1.0,16.0,5.0
20,6,0,8,3232235886,3776.0,5.0,16.0,5.0
20,0,0,8,3232235886,3778.0,2.0,16.0,5.0
20,8,0,8,3232235886,1056.0,1.0,16.0,5.0
18,7,0,7,3232235951,438.0,1.0,4.0,6.0
50,7,0,7,3232235996,467.0,1.0,4.0,6.0
52,7,0,7,3232235875,1922.0,1.0,5.0,6.0
86,7,0,0,3232235930,1303.0,1.0,7.0,6.0
86,6,0,0,3232235930,14.0,1.0,7.0,6.0
86,0,0,0,3232235930,3340.0,6.0,7.0,6.0
86,8,0,0,3232235930,927.0,1.0,7.0,6.0
69,7,0,1,3232236011,953.0,1.0,8.0,6.0
69,6,0,1,3232236011,96.0,8.0,8.0,6.0
69,0,0,1,3232236011,4645.0,4.0,8.0,6.0
69,8,0,1,3232236011,443.0,1.0,8.0,6.0
52,6,0,7,3232235875,2880.0,9.0,8.0,6.0
52,0,0,7,3232235875,5216.0,9.0,8.0,6.0
52,8,0,7,3232235875,1234.0,1.0,8.0,6.0
67,7,0,4,3232235880,731.0,1.0,9.0,6.0
67,6,0,4,3232235880,3752.0,2.0,9.0,6.0
67,0,0,4,3232235880,1282.0,2.0,9.0,6.0
67,8,0,4,3232235880,1169.0,1.0,9.0,6.0
80,7,1,4,3232235834,306.0,1.0,10.0,6.0
80,6,0,4,3232235834,2779.0,9.0,10.0,6.0
80,0,0,4,3232235834,2301.0,8.0,11.0,6.0
80,8,0,4,3232235834,1435.0,1.0,11.0,6.0
25,7,0,8,3232235828,1066.0,1.0,11.0,6.0
25,6,0,8,3232235828,3329.0,6.0,11.0,6.0
25,0,0,8,3232235828,1161.0,1.0,11.0,6.0
25,8,0,8,3232235828,461.0,1.0,11.0,6.0
43,7,0,8,3232235853,1076.0,1.0,12.0,6.0
43,6,0,8,3232235853,2527.0,8.0,12.0,6.0
56,7,0,1,3232235949,841.0,1.0,12.0,6.0
43,0,0,8,3232235853,3335.0,3.0,12.0,6.0
56,6,0,1,3232235949,25088.0,5.0,12.0,6.0
43,8,0,8,3232235853,764.0,1.0,12.0,6.0
56,0,0,1,3232235949,81.0,2.0,12.0,6.0
56,8,0,1,3232235949,655.0,1.0,12.0,6.0
50,6,0,7,3232235996,2606.0,5.0,12.0,6.0
50,0,0,7,3232235996,1720.0,7.0,12.0,6.0
50,8,0,7,3232235996,458.0,1.0,12.0,6.0
18,6,0,7,3232235951,4830.0,5.0,13.0,6.0
18,0,0,7,3232235951,5678.0,5.0,13.0,6.0
18,8,0,7,3232235951,771.0,1.0,13.0,6.0
33,7,0,1,3232236023,1161.0,1.0,14.0,6.0
33,6,0,1,3232236023,2508.0,5.0,14.0,6.0
33,0,0,1,3232236023,5212.0,5.0,14.0,6.0
33,8,0,1,3232236023,1047.0,1.0,14.0,6.0
85,7,1,1,3232235980,1638.0,1.0,14.0,6.0
85,6,0,1,3232235980,1475.0,8.0,14.0,6.0
85,5,0,1,3232235980,5617.0,9.0,14.0,6.0
85,2,0,1,3232235980,10990.0,1.0,14.0,6.0
42,7,0,0,3232235798,471.0,1.0,14.0,6.0
42,6,0,0,3232235798,1067.0,5.0,14.0,6.0
85,9,0,1,3232235980,3482.0,3.0,14.0,6.0
42,0,0,0,3232235798,3818.0,2.0,14.0,6.0
85,8,0,1,3232235980,666.0,1.0,14.0,6.0
42,8,0,0,3232235798,810.0,1.0,14.0,6.0
30,7,0,1,3232235956,1655.0,1.0,7.0,0.0
30,6,0,1,3232235956,2871.0,5.0,7.0,0.0
30,0,0,1,1117838566,4689.0,5.0,7.0,0.0
30,8,0,1,3232235956,919.0,1.0,7.0,0.0
41,7,0,7,3232236027,1054.0,1.0,7.0,0.0
41,6,0,7,3232236027,1709.0,8.0,7.0,0.0
41,0,0,7,3232236027,5627.0,7.0,7.0,0.0
41,8,0,7,3232236027,1337.0,1.0,7.0,0.0
30,7,0,1,3232235956,1166.0,1.0,7.0,0.0
30,6,0,1,3232235956,5821.0,6.0,7.0,0.0
30,0,0,1,3232235956,4724.0,8.0,7.0,0.0
30,8,0,1,3232235956,864.0,1.0,7.0,0.0
19,7,0,8,3232235800,920.0,1.0,8.0,0.0
19,6,0,8,3232235800,3359.0,9.0,8.0,0.0
19,0,0,8,3020382940,927.0,7.0,8.0,0.0
19,8,0,8,3232235800,1490.0,1.0,8.0,0.0
38,7,0,4,3232235984,859.0,1.0,10.0,0.0
38,6,0,4,3232235984,5753.0,7.0,10.0,0.0
42,7,0,0,3232235798,1261.0,1.0,10.0,0.0
38,0,0,4,3232235984,5210.0,4.0,10.0,0.0
42,6,0,0,3232235798,2018.0,7.0,10.0,0.0
42,0,0,0,3232235798,4813.0,2.0,10.0,0.0
38,8,0,4,3232235984,508.0,1.0,10.0,0.0
42,8,0,0,3232235798,1368.0,1.0,10.0,0.0
55,7,0,4,3232235868,1634.0,1.0,13.0,0.0
55,6,0,4,3232235868,967.0,4.0,13.0,0.0
55,5,0,4,3232235868,2420.0,6.0,13.0,0.0
55,2,0,4,3232235868,8394.0,4.0,13.0,0.0
55,9,0,4,3232235868,7248.0,10.0,13.0,0.0
55,8,0,4,3232235868,611.0,1.0,13.0,0.0
37,7,0,4,3232235932,1974.0,1.0,14.0,0.0
37,6,0,4,3232235932,1181.0,3.0,14.0,0.0
37,0,0,4,3232235932,505.0,2.0,14.0,0.0
37,8,0,4,3232235932,476.0,1.0,14.0,0.0
33,7,0,1,3232236023,393.0,1.0,15.0,0.0
33,6,0,1,3232236023,5372.0,6.0,15.0,0.0
33,0,0,1,3232236023,987.0,1.0,15.0,0.0
33,8,0,1,3232236023,1107.0,1.0,15.0,0.0
84,7,0,7,3232235817,389.0,1.0,16.0,0.0
84,1,0,7,3232235817,2077.0,3.0,16.0,0.0
84,4,0,7,3232235817,9419.0,2.0,16.0,0.0
84,3,0,7,3232235817,2572.0,3.0,16.0,0.0
84,8,0,7,3232235817,1301.0,1.0,16.0,0.0
63,7,0,8,3232235834,1154.0,1.0,16.0,0.0
63,6,0,8,3232235834,2454.0,1.0,16.0,0.0
63,0,0,8,3232235834,706.0,1.0,16.0,0.0
63,8,0,8,3232235834,581.0,1.0,16.0,0.0
37,7,0,4,3232235932,963.0,1.0,9.0,1.0
37,6,0,4,3232235932,1927.0,5.0,9.0,1.0
37,0,0,4,3232235932,929.0,3.0,9.0,1.0
37,8,0,4,3232235932,1062.0,1.0,9.0,1.0
68,7,0,4,3232235794,986.0,1.0,9.0,1.0
68,6,0,4,3232235794,5187.0,7.0,9.0,1.0
68,0,0,4,3232235794,2481.0,9.0,9.0,1.0
68,8,0,5,3232235794,1001.0,1.0,9.0,1.0
8,7,0,1,3232235813,1431.0,1.0,10.0,1.0
8,6,0,1,3232235813,927.0,7.0,10.0,1.0
8,0,0,1,3232235813,72.0,3.0,10.0,1.0
8,8,0,1,3232235813,1080.0,1.0,10.0,1.0
32,7,0,4,3232235817,1875.0,1.0,12.0,1.0
32,6,0,4,3232235817,1476.0,6.0,12.0,1.0
32,0,0,4,3232235817,2472.0,10.0,12.0,1.0
32,8,0,4,3232235817,560.0,1.0,12.0,1.0
75,7,0,1,3232235968,1445.0,1.0,13.0,1.0
75,6,0,1,3232235968,1036.0,9.0,13.0,1.0
75,0,0,1,3232235968,4212.0,40.0,13.0,1.0
75,8,0,1,3232235968,262.0,1.0,13.0,1.0
33,7,0,1,3232236023,1491.0,1.0,14.0,1.0
33,6,0,1,3232236023,4406.0,10.0,14.0,1.0
33,0,0,1,3232236023,1795.0,1.0,14.0,1.0
33,8,0,1,3232236023,500.0,1.0,14.0,1.0
32,7,0,4,3232235817,1958.0,1.0,15.0,1.0
32,6,0,4,3232235817,2123.0,10.0,15.0,1.0
32,0,0,4,3232235817,945.0,9.0,15.0,1.0
32,8,0,4,3232235817,1158.0,1.0,15.0,1.0
24,7,0,8,3232235784,1782.0,1.0,16.0,1.0
24,6,0,8,3232235784,2652.0,1.0,16.0,1.0
24,0,0,5,3232235784,5619.0,4.0,16.0,1.0
24,8,0,8,3232235784,673.0,1.0,16.0,1.0
46,7,0,1,3232235958,1854.0,1.0,9.0,2.0
46,6,0,1,3232235958,1677.0,9.0,9.0,2.0
46,0,0,1,3232235958,2333.0,4.0,9.0,2.0
46,8,0,1,3232235958,928.0,1.0,9.0,2.0
45,7,1,4,3232235925,500.0,1.0,9.0,2.0
45,6,0,4,3232235925,3751.0,7.0,9.0,2.0
45,0,0,4,3232235925,3174.0,7.0,9.0,2.0
45,8,0,4,3232235925,244.0,1.0,9.0,2.0
77,7,0,4,3232235969,1406.0,1.0,10.0,2.0
77,6,0,4,3232235969,4255.0,2.0,10.0,2.0
77,0,0,4,3232235969,5263.0,1.0,10.0,2.0
77,8,0,4,3232235969,386.0,1.0,10.0,2.0
39,7,1,7,1728072662,1840.0,1.0,11.0,2.0
39,6,0,7,3232235964,2493.0,2.0,11.0,2.0
39,0,0,7,3232235964,2197.0,3.0,11.0,2.0
39,8,0,7,3232235964,731.0,1.0,11.0,2.0
82,7,1,0,3232235801,1569.0,1.0,11.0,2.0
82,6,0,0,3232235801,3710.0,3.0,11.0,2.0
82,0,0,0,3232235801,1735.0,10.0,11.0,2.0
82,8,0,0,3232235801,366.0,1.0,11.0,2.0
67,7,1,4,3232235880,808.0,1.0,12.0,2.0
67,6,0,4,3232235880,5275.0,8.0,12.0,2.0
67,0,0,4,3232235880,1202.0,1.0,12.0,2.0
67,8,0,4,3232235880,1160.0,1.0,12.0,2.0
28,7,0,8,3232235849,1255.0,1.0,12.0,2.0
28,6,0,8,3232235849,1895.0,2.0,12.0,2.0
28,0,0,8,3232235849,986.0,10.0,12.0,2.0
28,8,0,8,3232235849,306.0,1.0,12.0,2.0
75,7,0,1,3232235968,1496.0,1.0,15.0,2.0
75,6,0,1,3232235968,3344.0,3.0,15.0,2.0
75,0,0,1,3232235968,2509.0,10.0,15.0,2.0
75,8,0,1,3232235968,862.0,1.0,15.0,2.0
73,7,0,0,3232235814,1597.0,1.0,15.0,2.0
73,6,0,0,3232235814,2383.0,6.0,15.0,2.0
73,0,0,0,3232235814,3878.0,6.0,15.0,2.0
73,8,0,0,3232235814,1257.0,1.0,15.0,2.0
47,7,0,7,3232235789,1655.0,1.0,15.0,2.0
47,6,0,7,3232235789,3038.0,9.0,15.0,2.0
47,0,0,7,3232235789,2995.0,6.0,15.0,2.0
47,8,0,7,3232235789,676.0,1.0,16.0,2.0
71,7,0,4,3232235832,1321.0,1.0,16.0,2.0
71,6,0,3,3232235832,3591.0,2.0,16.0,2.0
72,7,0,0,142539503,1745.0,1.0,16.0,2.0
71,0,0,4,3232235832,2777.0,4.0,16.0,2.0
72,6,0,0,3232235879,2245.0,8.0,16.0,2.0
71,8,0,4,3232235832,706.0,1.0,16.0,2.0
72,0,0,0,3232235879,2245.0,4.0,16.0,2.0
72,8,0,0,3232235879,1419.0,1.0,16.0,2.0
83,7,0,7,3232235998,1898.0,1.0,8.0,3.0
83,6,0,7,3030385083,3200.0,8.0,8.0,3.0
83,0,0,7,3232235998,5017.0,10.0,8.0,3.0
83,8,0,7,3232235998,585.0,1.0,8.0,3.0
20,7,0,8,3232235886,740.0,1.0,10.0,3.0
20,6,0,8,3232235886,2560.0,3.0,10.0,3.0
20,0,0,8,3232235886,2495.0,8.0,10.0,3.0
20,8,0,8,3232235886,708.0,1.0,10.0,3.0
71,7,0,4,3232235832,423.0,1.0,10.0,3.0
71,6,0,4,3232235832,3768.0,8.0,10.0,3.0
36,7,0,7,3232235869,1978.0,1.0,10.0,3.0
71,0,0,4,3232235832,686.0,1.0,10.0,3.0
36,6,0,7,3232235869,4389.0,6.0,10.0,3.0
71,8,0,4,3232235832,907.0,1.0,10.0,3.0
36,0,0,7,3232235869,603.0,9.0,10.0,3.0
36,8,0,7,3232235869,324.0,1.0,10.0,3.0
52,7,0,7,3232235875,921.0,1.0,11.0,3.0
52,6,0,7,3232235875,3167.0,6.0,11.0,3.0
52,0,0,7,3232235875,37744.0,4.0,11.0,3.0
52,8,0,7,3232235875,1430.0,1.0,11.0,3.0
34,7,0,4,3232235804,1674.0,1.0,14.0,3.0
34,6,0,4,3232235804,3856.0,1.0,14.0,3.0
34,0,0,4,3232235804,4850.0,8.0,14.0,3.0
34,8,0,4,3232235804,1295.0,1.0,14.0,3.0
73,7,0,0,3232235814,1614.0,1.0,15.0,3.0
73,6,0,0,3232235814,3029.0,6.0,15.0,3.0
73,0,0,0,3232235814,3263.0,4.0,15.0,3.0
73,8,0,0,3232235814,254.0,1.0,15.0,3.0
41,7,0,7,3232236027,664.0,1.0,15.0,3.0
41,6,0,7,3232236027,3817.0,10.0,15.0,3.0
41,0,0,7,3232236027,2784.0,9.0,15.0,3.0
41,8,0,7,3232236027,790.0,1.0,15.0,3.0
58,7,0,7,3232235933,1574.0,1.0,15.0,3.0
58,6,0,7,3232235933,5076.0,10.0,15.0,3.0
58,0,0,7,3232235933,3782.0,3.0,15.0,3.0
58,8,0,7,3232235933,1364.0,1.0,15.0,3.0
22,7,0,7,3232235833,1316.0,1.0,4.0,4.0
71,7,0,4,3232235832,1429.0,1.0,6.0,4.0
35,7,0,7,3232235875,1517.0,1.0,6.0,4.0
22,6,0,7,3232235833,3733.0,3.0,8.0,4.0
22,0,0,7,3232235833,5539.0,9.0,8.0,4.0
22,8,0,7,3232235833,331.0,1.0,8.0,4.0
75,7,0,1,3232235968,1230.0,1.0,9.0,4.0
75,6,0,1,3232235968,1160.0,1.0,9.0,4.0
75,0,0,1,3232235968,3944.0,3.0,9.0,4.0
75,8,0,1,3232235968,77.0,1.0,9.0,4.0
83,7,0,7,3232235998,1645.0,1.0,11.0,4.0
83,6,0,7,3232235998,4967.0,83.0,11.0,4.0
83,0,0,7,3232235998,2818.0,10.0,11.0,4.0
83,8,0,7,3232235998,433.0,1.0,11.0,4.0
71,6,0,4,3232235832,1437.0,4.0,12.0,4.0
71,0,0,4,3232235832,4346.0,2.0,12.0,4.0
71,8,0,4,3232235832,918.0,1.0,12.0,4.0
56,7,0,1,3232235949,1046.0,1.0,12.0,4.0
56,6,0,1,3232235949,4096.0,7.0,12.0,4.0
56,0,0,1,3232235949,2105.0,8.0,12.0,4.0
56,8,0,1,3232235949,1337.0,1.0,12.0,4.0
85,7,0,6,3232235980,678.0,1.0,12.0,4.0
85,6,0,1,3232235980,3848.0,3.0,12.0,4.0
85,5,0,1,3232235980,5887.0,8.0,12.0,4.0
85,2,0,1,3232235980,3189.0,3.0,12.0,4.0
85,9,0,1,3232235980,21.0,10.0,12.0,4.0
85,8,0,1,3232235980,679.0,1.0,13.0,4.0
44,7,0,8,3232236004,1670.0,1.0,13.0,4.0
44,6,0,8,3232236004,2255.0,9.0,13.0,4.0
44,0,0,8,3232236004,1583.0,10.0,13.0,4.0
35,7,0,7,3232235875,464.0,1.0,13.0,4.0
44,8,0,8,3232236004,1380.0,1.0,13.0,4.0
35,6,0,7,3232235875,3527.0,4.0,13.0,4.0
35,0,0,7,3232235875,5143.0,2.0,13.0,4.0
48,7,0,1,3232235975,718.0,1.0,13.0,4.0
35,8,0,7,3232235875,1483.0,1.0,13.0,4.0
48,6,0,1,3232235975,5934.0,1.0,13.0,4.0
48,5,0,1,3232235975,2430.0,8.0,13.0,4.0
48,2,0,1,3232235975,2694.0,10.0,13.0,4.0
48,9,0,1,3232235975,1579.0,6.0,13.0,4.0
48,8,0,1,3232235975,344.0,1.0,13.0,4.0
23,7,0,1,3232235907,1384.0,1.0,13.0,4.0
23,6,0,1,3232235907,20892.0,3.0,13.0,4.0
23,0,0,1,3232235907,1711.0,4.0,13.0,4.0
23,8,0,1,3232235907,1153.0,1.0,13.0,4.0
85,7,0,1,3232235980,706.0,1.0,15.0,4.0
85,6,0,1,3232235980,3800.0,10.0,15.0,4.0
85,5,0,1,3232235980,2044.0,3.0,15.0,4.0
85,2,0,1,3232235980,11447.0,2.0,15.0,4.0
85,9,0,1,3232235980,5057.0,7.0,15.0,4.0
85,8,0,1,3232235980,1430.0,62.0,15.0,4.0
35,6,0,7,3232235875,2190.0,1.0,15.0,4.0
35,0,0,7,3232235875,1197.0,3.0,15.0,4.0
35,8,0,7,3020394242,296.0,1.0,15.0,4.0
26,7,0,8,3232235885,1240.0,1.0,3.0,5.0
78,7,0,8,3232235887,1008.0,1.0,10.0,5.0
78,6,0,8,3232235887,1762.0,9.0,10.0,5.0
78,0,0,8,3232235887,3701.0,3.0,10.0,5.0
78,8,0,8,3232235887,254.0,1.0,10.0,5.0
56,7,0,1,3232235949,1347.0,1.0,12.0,5.0
56,6,0,1,3232235949,1580.0,8.0,12.0,5.0
56,0,0,1,3232235949,1023.0,2.0,12.0,5.0
56,8,0,1,3232235949,486.0,1.0,12.0,5.0
63,7,0,8,3232235834,625.0,1.0,12.0,5.0
63,6,0,8,3232235834,4395.0,6.0,12.0,5.0
63,0,0,8,3232235834,3258.0,2.0,12.0,5.0
63,8,0,8,3232235834,583.0,1.0,12.0,5.0
81,7,0,1,3232235908,321.0,1.0,13.0,5.0
21,7,0,7,3232235785,1331.0,1.0,13.0,5.0
81,6,0,1,3232235908,1108.0,7.0,13.0,5.0
21,6,0,7,3232235785,1608.0,5.0,13.0,5.0
81,0,0,1,3232235908,3596.0,5.0,13.0,5.0
21,0,0,5,3232235785,1194.0,1.0,13.0,5.0
21,8,0,7,3232235785,1168.0,1.0,13.0,5.0
81,8,0,1,3232235908,1.0,1.0,13.0,5.0
27,7,0,1,3232235892,1747.0,1.0,13.0,5.0
27,6,0,1,3232235892,700.0,7.0,13.0,5.0
27,0,0,1,3232235892,5342.0,2.0,13.0,5.0
27,8,0,1,3232235892,833.0,1.0,13.0,5.0
85,7,0,1,3232235980,379.0,1.0,14.0,5.0
85,6,0,1,3232235980,622.0,10.0,14.0,5.0
85,5,0,1,3232235980,6524.0,10.0,14.0,5.0
85,2,0,1,3232235980,10922.0,4.0,14.0,5.0
85,9,0,1,3232235980,2218.0,10.0,14.0,5.0
85,8,0,1,3232235980,401.0,1.0,14.0,5.0
74,7,0,4,3232235813,718.0,1.0,15.0,5.0
74,6,0,4,3232235813,5139.0,1.0,15.0,5.0
74,0,0,4,3232235813,4672.0,8.0,15.0,5.0
74,8,0,4,3232235813,354.0,1.0,15.0,5.0
26,6,0,8,3232235885,4689.0,3.0,15.0,5.0
26,0,0,8,3232235885,29496.0,10.0,15.0,5.0
26,8,0,8,3232235885,1219.0,1.0,15.0,5.0
24,7,1,8,3232235784,1180.0,1.0,8.0,6.0
24,6,0,8,3232235784,3413.0,10.0,8.0,6.0
24,0,0,8,3232235784,3146.0,5.0,8.0,6.0
24,8,0,8,3232235784,895.0,1.0,8.0,6.0
78,7,0,8,3232235887,701.0,1.0,12.0,6.0
78,6,0,8,3232235887,1408.0,5.0,12.0,6.0
78,0,0,8,3232235887,5162.0,9.0,12.0,6.0
78,8,0,8,3232235887,1211.0,1.0,12.0,6.0
26,7,0,8,3232235885,1830.0,1.0,12.0,6.0
26,6,0,8,3232235885,3505.0,1.0,12.0,6.0
26,0,0,6,3232235885,3264.0,4.0,12.0,6.0
26,8,0,8,143625282,1208.0,1.0,12.0,6.0
41,7,0,7,3232236027,1458.0,1.0,14.0,6.0
41,6,0,7,3232236027,2968.0,3.0,14.0,6.0
41,0,0,7,3232236027,1528.0,4.0,14.0,6.0
41,8,0,7,3232236027,841.0,1.0,14.0,6.0
40,7,0,0,3232235915,1205.0,1.0,15.0,6.0
40,6,0,0,3232235915,5200.0,7.0,15.0,6.0
40,0,0,0,3232235915,926.0,1.0,15.0,6.0
40,8,0,0,3232235915,769.0,1.0,15.0,6.0
56,7,0,1,3232235949,973.0,1.0,15.0,6.0
56,6,0,1,3232235949,3557.0,5.0,15.0,6.0
40,7,0,0,3232235915,377.0,1.0,15.0,6.0
56,0,0,1,3232235949,1478.0,6.0,15.0,6.0
56,8,0,1,3232235949,447.0,1.0,15.0,6.0
40,6,0,0,3232235915,2011.0,2.0,15.0,6.0
40,0,0,0,3232235915,1052.0,4.0,15.0,6.0
40,8,0,0,3232235915,1092.0,1.0,15.0,6.0
85,7,0,1,3232235980,774.0,1.0,15.0,6.0
85,6,0,1,3232235980,4827.0,1.0,15.0,6.0
85,5,0,1,3232235980,3957.0,10.0,15.0,6.0
85,2,0,1,3232235980,6674.0,9.0,15.0,6.0
85,9,0,1,3232235980,2040.0,5.0,16.0,6.0
85,8,0,1,3232235980,1054.0,1.0,16.0,6.0
54,7,1,4,3232235819,1952.0,1.0,0.0,0.0
84,7,0,7,3232235817,411.0,1.0,7.0,0.0
84,1,0,7,3232235817,1446.0,4.0,7.0,0.0
84,4,0,7,3232235817,3372.0,2.0,7.0,0.0
84,3,0,7,3232235817,2274.0,4.0,7.0,0.0
84,8,0,7,3232235817,942.0,1.0,7.0,0.0
85,7,0,1,3232235980,1331.0,1.0,7.0,0.0
85,6,0,1,3232235980,3361.0,4.0,7.0,0.0
85,5,0,1,3232235980,6179.0,6.0,7.0,0.0
85,2,0,1,3232235980,9926.0,6.0,7.0,0.0
85,9,0,1,3232235980,4025.0,4.0,7.0,0.0
85,8,0,1,3232235980,1295.0,1.0,7.0,0.0
54,7,0,4,3232235819,1516.0,1.0,8.0,0.0
54,6,0,4,3232235819,4290.0,10.0,8.0,0.0
54,5,0,4,3232235819,5040.0,1.0,8.0,0.0
54,2,0,4,3232235819,8868.0,10.0,8.0,0.0
54,9,0,4,3232235819,4084.0,6.0,8.0,0.0
54,8,0,4,3232235819,1439.0,1.0,8.0,0.0
24,7,0,8,3232235784,1349.0,1.0,9.0,0.0
24,6,0,8,3232235784,3267.0,5.0,9.0,0.0
24,0,0,8,3232235784,3961.0,7.0,9.0,0.0
24,8,0,8,3232235784,245.0,1.0,9.0,0.0
31,7,0,0,3232235865,1744.0,1.0,9.0,0.0
31,6,0,0,3232235865,5985.0,5.0,9.0,0.0
31,0,0,0,3232235865,1666.0,5.0,9.0,0.0
31,8,0,0,3232235865,604.0,1.0,9.0,0.0
83,7,0,7,3232235998,1913.0,1.0,10.0,0.0
83,6,0,7,3232235998,2026.0,5.0,10.0,0.0
83,0,0,7,3232235998,806.0,1.0,10.0,0.0
83,8,0,7,3232235998,811.0,1.0,10.0,0.0
43,7,0,8,3232235853,1105.0,1.0,12.0,0.0
43,6,0,8,3232235853,2283.0,1.0,12.0,0.0
43,0,0,8,3232235853,1005.0,132.0,12.0,0.0
43,8,0,8,3232235853,611.0,1.0,12.0,0.0
72,7,0,0,3232235879,1190.0,1.0,13.0,0.0
72,6,0,0,3232235879,762.0,9.0,13.0,0.0
72,0,0,0,3232235879,3030.0,1.0,13.0,0.0
72,8,0,0,3232235879,1102.0,1.0,13.0,0.0
30,7,0,6,3232235956,1233.0,1.0,13.0,0.0
30,6,0,1,3232235956,3763.0,8.0,14.0,0.0
30,0,0,1,3232235956,663.0,7.0,14.0,0.0
30,8,0,1,3232235956,1106.0,1.0,14.0,0.0
28,7,0,8,3232235849,925.0,1.0,15.0,0.0
28,6,0,8,3232235849,2326.0,1.0,15.0,0.0
28,0,0,8,3232235849,5906.0,4.0,15.0,0.0
28,8,0,8,3232235849,1016.0,1.0,15.0,0.0
54,6,0,4,3232235819,4212.0,2.0,16.0,0.0
54,5,0,4,3232235819,2924.0,9.0,16.0,0.0
54,2,0,4,3232235819,9016.0,9.0,16.0,0.0
54,9,0,4,3232235819,4484.0,2.0,16.0,0.0
54,8,0,4,3232235819,244.0,1.0,16.0,0.0
18,7,0,7,3232235951,1984.0,1.0,0.0,1.0
75,7,0,1,3232235968,435.0,1.0,1.0,1.0
30,7,0,1,3232235956,1331.0,1.0,6.0,1.0
38,7,0,4,3232235984,954.0,1.0,7.0,1.0
38,6,0,4,3232235984,3372.0,2.0,7.0,1.0
38,0,0,4,3232235984,4089.0,4.0,7.0,1.0
38,8,0,4,3232235984,977.0,1.0,7.0,1.0
30,6,0,1,3232235956,4357.0,10.0,8.0,1.0
30,0,0,1,3232235956,4866.0,1.0,8.0,1.0
30,8,0,3,3232235956,414.0,1.0,8.0,1.0
32,7,0,4,3232235817,1358.0,1.0,9.0,1.0
32,6,0,4,3232235817,5409.0,10.0,9.0,1.0
32,0,0,4,3232235817,5723.0,1.0,9.0,1.0
32,8,0,4,3232235817,780.0,1.0,9.0,1.0
22,7,1,7,3232235833,1094.0,1.0,10.0,1.0
22,6,0,7,3232235833,5191.0,10.0,10.0,1.0
22,0,0,7,3232235833,3127.0,2.0,10.0,1.0
22,8,0,7,3232235833,1142.0,1.0,10.0,1.0
76,7,1,8,3232235915,1056.0,1.0,10.0,1.0
76,6,0,8,3232235915,850.0,4.0,11.0,1.0
76,0,0,8,3232235915,4742.0,6.0,11.0,1.0
76,8,0,8,3232235915,994.0,1.0,11.0,1.0
81,7,0,1,3232235908,1235.0,1.0,11.0,1.0
81,6,0,1,3232235908,1147.0,9.0,12.0,1.0
81,0,0,1,3232235908,5531.0,10.0,12.0,1.0
81,8,0,1,3232235908,952.0,1.0,12.0,1.0
73,7,0,0,3232235814,1819.0,1.0,12.0,1.0
73,6,0,0,3232235814,5240.0,9.0,12.0,1.0
73,0,0,0,3232235814,5170.0,3.0,12.0,1.0
73,8,0,0,3232235814,971.0,1.0,12.0,1.0
75,6,0,1,3232235968,3042.0,7.0,13.0,1.0
75,0,0,1,3232235968,3559.0,1.0,13.0,1.0
75,8,0,1,3232235968,1317.0,1.0,13.0,1.0
80,7,0,4,3232235834,629.0,1.0,14.0,1.0
80,6,0,4,3232235834,546.0,6.0,14.0,1.0
80,0,0,4,3232235834,4320.0,3.0,14.0,1.0
80,8,0,4,3232235834,281.0,1.0,14.0,1.0
56,7,0,1,3232235949,1704.0,1.0,14.0,1.0
56,6,0,1,3232235949,3057.0,9.0,14.0,1.0
56,0,0,1,3232235949,2288.0,7.0,15.0,1.0
56,8,0,1,2346065120,1337.0,1.0,15.0,1.0
54,7,0,4,3232235819,1816.0,1.0,15.0,1.0
54,6,0,4,3232235819,1945.0,9.0,15.0,1.0
54,5,0,4,3232235819,4623.0,6.0,15.0,1.0
54,2,0,4,3232235819,6505.0,3.0,15.0,1.0
54,9,0,4,3232235819,8429.0,4.0,15.0,1.0
54,8,0,4,3232235819,747.0,1.0,15.0,1.0
68,7,0,4,3232235794,1107.0,1.0,15.0,1.0
68,6,0,4,3232235794,1302.0,8.0,15.0,1.0
68,0,0,4,3232235794,4557.0,4.0,15.0,1.0
68,8,0,4,3232235794,370.0,1.0,15.0,1.0
49,7,0,4,3232236030,1380.0,1.0,16.0,1.0
49,6,0,4,3232236030,3109.0,5.0,16.0,1.0
49,0,0,4,3232236030,4036.0,3.0,16.0,1.0
49,8,0,4,3232236030,503.0,1.0,16.0,1.0
55,7,0,4,3232235868,1001.0,1.0,16.0,1.0
55,6,0,4,3232235868,2186.0,9.0,16.0,1.0
55,5,0,4,3232235868,942.0,4.0,16.0,1.0
55,2,1,4,3232235868,5144.0,10.0,16.0,1.0
55,9,0,4,3232235868,33.0,9.0,16.0,1.0
55,8,0,4,3232235868,858.0,1.0,16.0,1.0
18,6,0,7,3232235951,3527.0,4.0,16.0,1.0
18,0,0,7,3232235951,2808.0,10.0,16.0,1.0
18,8,0,7,3232235951,1073.0,1.0,16.0,1.0
35,7,0,7,3232235875,1217.0,1.0,0.0,2.0
64,7,0,4,3232235993,1091.0,1.0,1.0,2.0
24,7,0,8,3232235784,1724.0,1.0,2.0,2.0
52,7,0,7,3232235875,1878.0,1.0,4.0,2.0
28,7,1,8,3232235849,841.0,1.0,4.0,2.0
24,7,0,8,3232235784,1479.0,1.0,6.0,2.0
49,7,0,4,3232236030,1431.0,1.0,7.0,2.0
49,6,0,4,3232236030,3339.0,9.0,7.0,2.0
49,0,0,4,3232236030,681.0,8.0,7.0,2.0
49,8,0,4,3232236030,579.0,1.0,7.0,2.0
75,7,1,1,338489212,755.0,1.0,8.0,2.0
75,6,0,1,3232235968,3597.0,9.0,8.0,2.0
75,0,0,1,3232235968,5810.0,7.0,8.0,2.0
75,8,0,1,3232235968,568.0,1.0,8.0,2.0
52,6,0,7,3232235875,5918.0,5.0,9.0,2.0
52,0,0,7,3232235875,5264.0,1.0,9.0,2.0
52,8,0,7,3232235875,612.0,1.0,9.0,2.0
79,7,0,8,3232235880,1644.0,1.0,10.0,2.0
79,6,0,8,3232235880,5063.0,4.0,10.0,2.0
79,0,0,8,3232235880,660.0,8.0,10.0,2.0
79,8,0,8,3232235880,1129.0,1.0,10.0,2.0
46,7,0,1,3232235958,1447.0,1.0,10.0,2.0
46,6,0,1,3232235958,4749.0,3.0,10.0,2.0
46,0,0,1,3232235958,5864.0,2.0,10.0,2.0
46,8,0,1,3232235958,1346.0,1.0,10.0,2.0
66,7,1,7,3022151713,1476.0,1.0,10.0,2.0
66,6,0,7,3232235984,5711.0,1.0,10.0,2.0
66,0,0,7,3232235984,4041.0,5.0,10.0,2.0
66,8,0,7,3232235984,1128.0,1.0,10.0,2.0
43,7,1,8,3232235853,954.0,1.0,10.0,2.0
43,6,0,8,3232235853,3674.0,7.0,11.0,2.0
43,0,0,8,3232235853,657.0,9.0,11.0,2.0
43,8,0,8,3232235853,793.0,1.0,11.0,2.0
24,6,0,8,3232235784,3615.0,7.0,11.0,2.0
24,0,0,8,3232235784,5671.0,10.0,11.0,2.0
24,8,0,8,3232235784,449.0,1.0,11.0,2.0
64,6,0,4,3232235993,3162.0,9.0,11.0,2.0
64,0,0,4,3232235993,4620.0,3.0,11.0,2.0
64,8,0,4,3232235993,746.0,1.0,11.0,2.0
35,7,0,7,3232235875,1278.0,1.0,11.0,2.0
35,6,0,7,3232235875,4359.0,8.0,11.0,2.0
35,0,0,7,3232235875,3475.0,9.0,11.0,2.0
35,8,0,7,3232235875,1338.0,1.0,11.0,2.0
20,7,0,8,3232235886,1269.0,1.0,12.0,2.0
20,6,0,8,3232235886,799.0,4.0,12.0,2.0
20,0,0,8,3232235886,2843.0,6.0,12.0,2.0
20,8,0,8,3232235886,297.0,1.0,12.0,2.0
41,7,0,7,3232236027,1806.0,1.0,14.0,2.0
41,6,0,7,3232236027,2255.0,10.0,14.0,2.0
41,0,0,7,3232236027,2985.0,6.0,14.0,2.0
41,8,0,7,3232236027,1149.0,1.0,14.0,2.0
84,7,0,7,3232235817,727.0,1.0,14.0,2.0
84,1,0,7,3232235817,1893.0,5.0,14.0,2.0
84,4,0,7,3232235817,8045.0,6.0,14.0,2.0
24,6,0,8,3232235784,5197.0,7.0,14.0,2.0
84,3,0,7,3232235817,2560.0,6.0,14.0,2.0
24,0,0,8,3232235784,5744.0,7.0,14.0,2.0
24,8,0,8,3232235784,792.0,1.0,14.0,2.0
84,8,0,7,3232235817,1464.0,1.0,15.0,2.0
28,6,0,8,3232235849,5340.0,9.0,15.0,2.0
28,0,0,5,3232235849,2528.0,2.0,15.0,2.0
28,8,0,8,3232235849,884.0,1.0,15.0,2.0
35,6,0,7,3232235875,1713.0,10.0,16.0,2.0
35,0,0,5,3232235875,749.0,2.0,16.0,2.0
35,8,0,7,3232235875,901.0,1.0,16.0,2.0
81,7,0,1,3232235908,1251.0,1.0,0.0,3.0
39,7,0,7,3232235964,638.0,1.0,1.0,3.0
44,7,0,8,3232236004,510.0,1.0,5.0,3.0
39,6,0,7,3032970007,4689.0,4.0,7.0,3.0
39,0,0,7,3232235964,5733.0,3.0,7.0,3.0
39,8,0,7,3232235964,431.0,1.0,7.0,3.0
1,7,0,7,3232235784,1670.0,1.0,8.0,3.0
1,1,0,7,3232235784,91.0,5.0,8.0,3.0
1,4,0,7,3232235784,3115.0,6.0,9.0,3.0
1,3,0,7,3232235784,2206.0,10.0,9.0,3.0
1,8,0,7,3232235784,467.0,1.0,9.0,3.0
63,7,0,8,3232235834,632.0,1.0,10.0,3.0
63,6,0,8,3232235834,1965.0,1.0,10.0,3.0
63,0,0,8,3232235834,3937.0,5.0,10.0,3.0
63,8,0,8,3232235834,833.0,1.0,10.0,3.0
44,6,0,8,3232236004,1611.0,4.0,10.0,3.0
44,0,0,8,3232236004,2257.0,131.0,10.0,3.0
44,8,0,8,3232236004,959.0,1.0,10.0,3.0
62,7,0,4,3232236014,850.0,1.0,11.0,3.0
43,7,0,8,3232235853,492.0,1.0,11.0,3.0
43,6,0,8,3232235853,4950.0,8.0,11.0,3.0
62,6,0,4,3232236014,1738.0,2.0,11.0,3.0
43,0,0,3,3232235853,1895.0,3.0,11.0,3.0
43,8,0,8,3232235853,1251.0,1.0,11.0,3.0
62,0,0,4,3232236014,1202.0,6.0,11.0,3.0
62,8,0,4,3232236014,1308.0,1.0,11.0,3.0
8,7,0,1,3232235813,836.0,1.0,12.0,3.0
8,6,0,1,3232235813,3928.0,6.0,12.0,3.0
8,0,0,1,3232235813,2961.0,8.0,12.0,3.0
8,8,0,1,3232235813,739.0,1.0,12.0,3.0
39,7,0,7,3232235964,1729.0,1.0,12.0,3.0
39,6,0,7,3232235964,3919.0,7.0,12.0,3.0
39,0,0,7,3232235964,4179.0,7.0,12.0,3.0
39,8,0,7,3232235964,43.0,1.0,12.0,3.0
81,6,0,1,3232235908,3218.0,2.0,13.0,3.0
81,0,0,1,3232235908,1974.0,4.0,13.0,3.0
81,8,0,1,3232235908,724.0,1.0,13.0,3.0
64,7,0,4,3232235993,1914.0,1.0,14.0,3.0
64,6,0,4,3232235993,3324.0,4.0,14.0,3.0
64,0,0,4,3232235993,5882.0,2.0,14.0,3.0
64,8,0,4,3232235993,1391.0,1.0,14.0,3.0
68,7,1,4,3232235794,1081.0,1.0,1.0,4.0
49,7,0,4,3232236030,1677.0,1.0,2.0,4.0
53,7,1,4,3232235894,1357.0,1.0,3.0,4.0
52,7,0,7,3232235875,1483.0,1.0,6.0,4.0
43,7,0,8,3232235853,1270.0,1.0,9.0,4.0
43,6,0,8,3232235853,3814.0,6.0,9.0,4.0
43,0,0,8,3232235853,4051.0,1.0,9.0,4.0
43,8,0,8,1114148853,1263.0,1.0,9.0,4.0
77,7,0,4,3232235969,447.0,1.0,9.0,4.0
77,6,0,4,3232235969,29394.0,10.0,9.0,4.0
77,0,0,4,3232235969,1874.0,6.0,9.0,4.0
77,8,0,4,3232235969,1112.0,1.0,9.0,4.0
51,7,0,1,3232235999,1666.0,1.0,10.0,4.0
51,6,0,1,3232235999,1063.0,5.0,10.0,4.0
51,0,0,1,3232235999,2934.0,7.0,10.0,4.0
51,8,0,1,3232235999,980.0,1.0,10.0,4.0
49,6,0,4,3232236030,5426.0,6.0,12.0,4.0
49,0,0,4,3232236030,2923.0,6.0,12.0,4.0
49,8,0,4,3232236030,1256.0,1.0,12.0,4.0
52,6,0,7,3232235875,1534.0,6.0,12.0,4.0
52,0,0,7,3232235875,4570.0,1.0,12.0,4.0
52,8,0,7,3232235875,1376.0,1.0,12.0,4.0
68,6,0,4,3232235794,3778.0,121.0,13.0,4.0
68,0,0,4,3232235794,4893.0,3.0,13.0,4.0
68,8,0,4,3232235794,978.0,1.0,13.0,4.0
53,6,0,4,3232235894,2753.0,5.0,13.0,4.0
53,0,0,4,3232235894,5318.0,10.0,13.0,4.0
53,8,0,4,3232235894,271.0,1.0,13.0,4.0
8,7,0,1,3232235813,488.0,1.0,14.0,4.0
8,6,0,1,3232235813,606.0,7.0,14.0,4.0
40,7,0,0,3232235915,716.0,1.0,14.0,4.0
8,0,0,1,3232235813,3538.0,5.0,14.0,4.0
40,6,0,0,3232235915,2180.0,10.0,14.0,4.0
40,0,0,0,3232235915,2933.0,10.0,15.0,4.0
8,8,0,1,3232235813,377.0,1.0,15.0,4.0
40,8,0,0,3232235915,377.0,1.0,15.0,4.0
69,7,0,1,3232236011,1898.0,1.0,16.0,4.0
69,6,0,1,3232236011,845.0,4.0,16.0,4.0
69,0,0,1,3232236011,953.0,9.0,16.0,4.0
69,8,0,1,3232236011,616.0,1.0,16.0,4.0
86,7,0,0,3232235930,1645.0,1.0,16.0,4.0
33,7,0,1,3232236023,623.0,1.0,16.0,4.0
33,6,0,1,3232236023,622.0,6.0,16.0,4.0
86,6,0,0,3232235930,4494.0,3.0,16.0,4.0
86,0,0,0,3232235930,3017.0,8.0,16.0,4.0
33,0,0,1,2342674074,2324.0,2.0,16.0,4.0
86,8,0,0,3232235930,1153.0,1.0,16.0,4.0
33,8,0,1,3232236023,1059.0,1.0,16.0,4.0
58,7,0,7,3232235933,554.0,1.0,2.0,5.0
63,7,1,8,3232235834,469.0,1.0,3.0,5.0
84,7,1,7,3232235817,1673.0,1.0,6.0,5.0
58,6,0,7,3232235933,4115.0,8.0,7.0,5.0
58,0,0,7,3232235933,505.0,7.0,7.0,5.0
58,8,0,5,3232235933,614.0,1.0,7.0,5.0
51,7,0,1,3232235999,1566.0,1.0,9.0,5.0
51,6,0,1,3232235999,4885.0,5.0,9.0,5.0
29,7,0,7,3232235972,541.0,1.0,9.0,5.0
51,0,0,1,341544228,1993.0,3.0,9.0,5.0
29,6,0,7,3232235972,3859.0,8.0,9.0,5.0
29,0,0,7,3232235972,5908.0,3.0,9.0,5.0
51,8,0,1,3232235999,514.0,1.0,9.0,5.0
29,8,0,7,3232235972,309.0,1.0,9.0,5.0
46,7,0,1,3232235958,1825.0,1.0,10.0,5.0
46,6,0,1,3232235958,2236.0,5.0,10.0,5.0
46,0,0,1,3232235958,4367.0,5.0,10.0,5.0
46,8,0,1,3232235958,1442.0,1.0,10.0,5.0
84,1,0,7,3232235817,774.0,2.0,10.0,5.0
84,4,0,7,3232235817,4193.0,5.0,10.0,5.0
84,3,0,7,3232235817,8495.0,5.0,10.0,5.0
84,8,0,7,3232235817,575.0,1.0,10.0,5.0
21,7,0,7,3232235785,1135.0,1.0,11.0,5.0
21,6,0,7,3232235785,3350.0,46.0,11.0,5.0
21,0,0,7,3232235785,5623.0,2.0,12.0,5.0
21,8,0,7,3232235785,1298.0,1.0,12.0,5.0
25,7,0,8,3232235828,1384.0,1.0,12.0,5.0
35,7,0,7,3232235875,11732.0,1.0,12.0,5.0
35,6,0,7,3232235875,3591.0,6.0,12.0,5.0
35,0,0,7,3232235875,4625.0,1.0,12.0,5.0
25,6,0,8,3232235828,3916.0,2.0,12.0,5.0
35,8,0,7,3232235875,1064.0,1.0,12.0,5.0
25,0,0,8,3232235828,3811.0,9.0,12.0,5.0
25,8,0,8,3232235828,267.0,1.0,12.0,5.0
50,7,0,7,3232235996,728.0,1.0,12.0,5.0
50,6,0,7,3232235996,3787.0,6.0,12.0,5.0
50,0,0,7,3232235996,1909.0,8.0,12.0,5.0
50,8,0,7,3232235996,382.0,1.0,13.0,5.0
64,7,0,4,3232235993,1111.0,1.0,13.0,5.0
64,6,0,4,3232235993,2455.0,7.0,13.0,5.0
64,0,0,4,1923287067,568.0,6.0,13.0,5.0
64,8,0,4,3232235993,290.0,1.0,13.0,5.0
38,7,0,4,3232235984,495.0,76.0,13.0,5.0
38,6,0,4,3232235984,1118.0,2.0,13.0,5.0
38,0,0,6,3232235984,2201.0,5.0,13.0,5.0
38,8,0,4,3232235984,1294.0,1.0,13.0,5.0
6,7,0,4,3232235840,1848.0,1.0,14.0,5.0
6,6,0,4,3232235840,3541.0,8.0,14.0,5.0
6,5,0,4,3232235840,854.0,2.0,14.0,5.0
6,2,0,4,3232235840,8038.0,6.0,14.0,5.0
6,9,0,4,3232235840,3357.0,8.0,14.0,5.0
6,8,0,4,3232235840,1048.0,1.0,14.0,5.0
69,7,0,1,3232236011,7056.0,1.0,14.0,5.0
69,6,0,1,3232236011,1613.0,7.0,14.0,5.0
69,0,0,1,3232236011,2586.0,8.0,14.0,5.0
69,8,0,1,3232236011,755.0,1.0,14.0,5.0
71,7,0,4,3232235832,1561.0,1.0,15.0,5.0
71,6,0,4,3232235832,5756.0,3.0,15.0,5.0
71,0,0,4,3232235832,4977.0,6.0,15.0,5.0
71,8,0,4,3232235832,1010.0,1.0,15.0,5.0
63,6,0,8,3232235834,2749.0,1.0,16.0,5.0
63,0,0,8,3232235834,2171.0,4.0,16.0,5.0
63,8,0,8,3232235834,814.0,1.0,16.0,5.0
64,7,0,4,3232235993,652.0,1.0,14.0,6.0
64,6,0,4,3232235993,1130.0,7.0,14.0,6.0
64,0,0,4,3232235993,5705.0,2.0,14.0,6.0
64,8,0,4,3232235993,385.0,1.0,14.0,6.0
55,7,0,4,3232235868,1227.0,1.0,15.0,6.0
55,6,0,4,3232235868,5426.0,6.0,16.0,6.0
55,5,0,4,3232235868,5342.0,7.0,16.0,6.0
55,2,0,4,3232235868,5373.0,10.0,16.0,6.0
55,9,0,4,3232235868,1348.0,5.0,16.0,6.0
55,8,0,4,3232235868,236.0,1.0,16.0,6.0
45,7,0,4,3232235925,1606.0,1.0,16.0,6.0
45,6,0,4,3232235925,86.0,8.0,16.0,6.0
45,0,0,4,3232235925,5459.0,3.0,16.0,6.0
45,8,0,4,3232235925,966.0,1.0,16.0,6.0
53,7,0,4,3232235894,1480.0,1.0,16.0,6.0
53,6,0,4,3232235894,3461.0,9.0,16.0,6.0
53,0,0,4,3232235894,4099.0,3.0,16.0,6.0
53,8,0,4,3232235894,1266.0,1.0,16.0,6.0
42,7,0,0,3232235798,524.0,1.0,2.0,0.0
50,7,0,7,3232235996,1860.0,1.0,4.0,0.0
71,7,0,4,3232235832,1351.0,1.0,7.0,0.0
71,6,0,4,3232235832,1583.0,6.0,7.0,0.0
71,0,0,4,3232235832,2.0,7.0,7.0,0.0
71,8,0,4,3232235832,980.0,1.0,7.0,0.0
42,6,0,0,3232235798,2678.0,6.0,8.0,0.0
42,0,0,0,3232235798,5988.0,10.0,8.0,0.0
42,8,0,0,3232235798,1268.0,1.0,8.0,0.0
45,7,0,4,3232235925,616.0,1.0,8.0,0.0
45,6,0,4,3232235925,2082.0,5.0,8.0,0.0
45,0,0,4,3232235925,1242.0,2.0,8.0,0.0
45,8,0,2,3232235925,805.0,1.0,8.0,0.0
21,7,0,7,3232235785,1787.0,1.0,8.0,0.0
21,6,0,7,3232235785,596.0,6.0,8.0,0.0
21,0,0,7,3232235785,893.0,3.0,9.0,0.0
21,8,0,7,3232235785,912.0,1.0,9.0,0.0
73,7,0,0,3232235814,306.0,1.0,10.0,0.0
73,6,0,0,3232235814,2139.0,5.0,10.0,0.0
73,0,0,0,757890434,3070.0,10.0,10.0,0.0
73,8,0,0,3232235814,368.0,1.0,10.0,0.0
50,6,0,7,3232235996,948.0,3.0,11.0,0.0
50,0,0,7,3232235996,5394.0,8.0,11.0,0.0
50,8,0,7,3232235996,552.0,1.0,11.0,0.0
78,7,0,8,3232235887,1572.0,1.0,11.0,0.0
78,6,0,8,3232235887,4112.0,10.0,11.0,0.0
78,0,0,8,3232235887,4736.0,8.0,11.0,0.0
78,8,0,8,3232235887,1213.0,1.0,11.0,0.0
74,7,0,4,3232235813,1262.0,1.0,12.0,0.0
74,6,0,4,3232235813,1536.0,8.0,12.0,0.0
74,0,0,4,3232235813,5864.0,9.0,12.0,0.0
74,8,0,4,3232235813,1381.0,1.0,12.0,0.0
50,7,0,7,3232235996,1634.0,1.0,14.0,0.0
50,6,0,7,3232235996,3904.0,5.0,14.0,0.0
50,0,0,7,3232235996,3892.0,8.0,14.0,0.0
50,8,0,7,3232235996,469.0,1.0,14.0,0.0
60,7,0,1,3232235819,1059.0,1.0,14.0,0.0
60,6,0,1,3232235819,2257.0,2.0,14.0,0.0
60,0,0,1,3232235819,4245.0,3.0,14.0,0.0
60,8,0,1,3232235819,653.0,1.0,14.0,0.0
36,7,0,7,3232235869,1451.0,1.0,16.0,0.0
36,6,0,7,3232235869,2293.0,6.0,16.0,0.0
36,0,0,7,3232235869,3498.0,6.0,16.0,0.0
36,8,0,7,3232235869,1022.0,1.0,16.0,0.0
56,7,0,1,3232235949,1187.0,1.0,16.0,0.0
56,6,0,1,3232235949,35748.0,9.0,16.0,0.0
56,0,0,1,3232235949,5139.0,9.0,16.0,0.0
56,8,0,1,3232235949,337.0,1.0,16.0,0.0
22,7,0,7,3232235833,1527.0,1.0,16.0,0.0
22,6,0,7,3232235833,2616.0,8.0,16.0,0.0
22,0,0,7,3232235833,4220.0,5.0,16.0,0.0
22,8,0,7,3232235833,751.0,1.0,16.0,0.0
19,7,0,8,3232235800,1982.0,1.0,1.0,1.0
72,7,0,0,3232235879,861.0,1.0,9.0,1.0
72,6,0,0,3232235879,3143.0,5.0,9.0,1.0
72,0,0,0,3232235879,5732.0,5.0,9.0,1.0
72,8,0,0,3232235879,1200.0,1.0,9.0,1.0
19,6,0,2,3232235800,2618.0,7.0,10.0,1.0
19,0,0,8,3232235800,3678.0,8.0,10.0,1.0
19,8,0,8,3232235800,1490.0,1.0,10.0,1.0
83,7,0,7,3232235998,611.0,1.0,11.0,1.0
83,6,0,7,1110022369,3292.0,7.0,11.0,1.0
83,0,0,7,3232235998,3003.0,2.0,11.0,1.0
83,8,0,7,3232235998,361.0,1.0,11.0,1.0
21,7,0,7,3232235785,1573.0,1.0,16.0,1.0
21,6,0,7,3232235785,3454.0,1.0,17.0,1.0
21,0,0,7,3232235785,5337.0,9.0,17.0,1.0
21,8,0,7,3232235785,273.0,1.0,17.0,1.0
56,7,0,1,3232235949,1516.0,1.0,2.0,2.0
21,7,0,7,3232235785,1483.0,1.0,3.0,2.0
28,7,0,8,3232235849,1770.0,1.0,9.0,2.0
28,6,0,8,3232235849,531.0,7.0,9.0,2.0
28,0,0,8,3232235849,2409.0,4.0,9.0,2.0
28,8,0,8,3232235849,302.0,1.0,9.0,2.0
60,7,0,1,3232235819,700.0,1.0,10.0,2.0
60,6,0,1,3232235819,1184.0,9.0,10.0,2.0
60,0,0,1,3232235819,37341.0,2.0,10.0,2.0
60,8,0,1,3232235819,1248.0,1.0,10.0,2.0
61,7,0,0,3232235875,1799.0,1.0,13.0,2.0
61,6,0,0,3232235875,3207.0,4.0,13.0,2.0
61,0,0,0,3232235875,1218.0,4.0,13.0,2.0
61,8,0,0,3232235875,443.0,1.0,13.0,2.0
21,6,0,7,3232235785,3212.0,2.0,13.0,2.0
21,0,0,7,3232235785,60.0,2.0,13.0,2.0
21,8,0,7,3232235785,1053.0,1.0,13.0,2.0
56,6,0,1,3232235949,1613.0,5.0,13.0,2.0
56,0,0,1,3232235949,4844.0,10.0,13.0,2.0
56,8,0,1,3232235949,712.0,1.0,13.0,2.0
85,7,0,1,3232235980,817.0,1.0,15.0,2.0
85,6,0,1,3232235980,559.0,4.0,15.0,2.0
85,5,0,1,3232235980,4176.0,9.0,15.0,2.0
85,2,1,1,3232235980,4258.0,9.0,15.0,2.0
85,9,1,1,3232235980,1507.0,4.0,15.0,2.0
85,8,0,1,3232235980,843.0,1.0,15.0,2.0
63,7,0,8,3232235834,549.0,1.0,15.0,2.0
63,6,0,8,3232235834,5447.0,41.0,15.0,2.0
63,0,0,8,3232235834,2304.0,7.0,15.0,2.0
63,8,0,8,3232235834,1141.0,1.0,15.0,2.0
86,7,0,0,3232235930,1519.0,1.0,16.0,2.0
86,6,0,0,3232235930,4278.0,7.0,16.0,2.0
86,0,0,0,3232235930,2695.0,84.0,16.0,2.0
86,8,0,0,3232235930,68.0,1.0,16.0,2.0
55,7,0,4,3232235868,983.0,1.0,0.0,3.0
52,7,0,7,3232235875,824.0,1.0,7.0,3.0
52,6,0,7,3232235875,4902.0,93.0,7.0,3.0
52,0,0,7,3232235875,1371.0,7.0,7.0,3.0
52,8,0,7,3232235875,727.0,1.0,7.0,3.0
26,7,1,8,3232235885,1505.0,1.0,7.0,3.0
26,6,0,8,3232235885,1040.0,9.0,7.0,3.0
26,0,0,8,3232235885,4132.0,9.0,7.0,3.0
26,8,0,8,3232235885,433.0,1.0,7.0,3.0
69,7,0,1,3232236011,1719.0,1.0,9.0,3.0
69,6,0,1,3232236011,2088.0,2.0,9.0,3.0
69,0,0,1,3232236011,1403.0,6.0,9.0,3.0
69,8,0,1,3232236011,765.0,1.0,9.0,3.0
30,7,0,1,3232235956,1694.0,1.0,10.0,3.0
30,6,0,1,3232235956,3734.0,10.0,10.0,3.0
30,0,0,1,3232235956,5662.0,5.0,10.0,3.0
30,8,0,1,3232235956,456.0,1.0,10.0,3.0
56,7,0,1,3232235949,1145.0,1.0,12.0,3.0
56,6,0,1,3232235949,2612.0,7.0,12.0,3.0
56,0,0,1,3232235949,1490.0,1.0,12.0,3.0
56,8,0,1,3232235949,614.0,1.0,12.0,3.0
79,7,0,8,3232235880,1756.0,1.0,12.0,3.0
79,6,0,8,3232235880,5703.0,8.0,12.0,3.0
79,0,0,8,3232235880,2476.0,5.0,12.0,3.0
79,8,0,8,3232235880,1067.0,1.0,12.0,3.0
55,6,0,4,3232235868,1468.0,5.0,14.0,3.0
55,5,0,4,3232235868,2430.0,8.0,14.0,3.0
55,2,0,4,3232235868,9558.0,7.0,15.0,3.0
55,9,0,4,3232235868,4506.0,7.0,15.0,3.0
55,8,0,4,3232235868,1080.0,1.0,15.0,3.0
30,7,0,1,3232235956,1792.0,1.0,15.0,3.0
30,6,0,1,3232235956,5171.0,10.0,15.0,3.0
30,0,0,1,3232235956,5842.0,4.0,15.0,3.0
30,8,0,1,3232235956,1439.0,1.0,15.0,3.0
19,7,0,8,3232235800,852.0,1.0,6.0,4.0
54,7,1,4,3232235819,1686.0,1.0,8.0,4.0
54,6,0,4,3232235819,64.0,7.0,8.0,4.0
54,5,0,4,3232235819,1535.0,8.0,8.0,4.0
54,2,1,4,3232235819,10024.0,4.0,8.0,4.0
54,9,0,4,2347458575,8763.0,8.0,8.0,4.0
54,8,0,4,3232235819,1180.0,1.0,8.0,4.0
46,7,1,1,3232235958,1409.0,1.0,8.0,4.0
46,6,0,1,3232235958,3688.0,1.0,8.0,4.0
46,0,0,1,3232235958,2102.0,1.0,8.0,4.0
46,8,0,1,3232235958,1240.0,1.0,8.0,4.0
19,6,0,8,3232235800,3428.0,9.0,9.0,4.0
19,0,0,8,3232235800,5613.0,3.0,9.0,4.0
19,8,0,8,3232235800,687.0,1.0,9.0,4.0
19,7,0,8,3232235800,563.0,1.0,11.0,4.0
19,6,0,8,3232235800,64.0,7.0,11.0,4.0
19,0,0,8,3232235800,5122.0,6.0,11.0,4.0
19,8,0,8,3232235800,1162.0,1.0,11.0,4.0
19,7,0,8,3232235800,1156.0,1.0,12.0,4.0
19,6,0,8,3232235800,3314.0,4.0,12.0,4.0
19,0,0,8,3232235800,2917.0,10.0,12.0,4.0
19,8,0,8,3232235800,521.0,1.0,12.0,4.0
53,7,1,4,3232235894,1558.0,1.0,13.0,4.0
53,6,0,4,3232235894,1744.0,4.0,13.0,4.0
53,0,0,4,3232235894,2496.0,1.0,13.0,4.0
53,8,0,4,3232235894,1453.0,1.0,13.0,4.0
34,7,0,4,3232235804,1826.0,1.0,14.0,4.0
34,6,0,4,3232235804,4168.0,4.0,14.0,4.0
34,0,0,4,3232235804,5319.0,9.0,14.0,4.0
34,8,0,4,3232235804,648.0,1.0,14.0,4.0
19,7,0,8,3232235800,1893.0,1.0,0.0,5.0
18,7,0,7,3232235951,1117.0,1.0,2.0,5.0
21,7,0,7,3232235785,1467.0,1.0,3.0,5.0
36,7,0,7,3232235869,989.0,1.0,6.0,5.0
36,6,0,7,3232235869,4956.0,7.0,7.0,5.0
36,0,0,7,3232235869,2044.0,2.0,7.0,5.0
36,8,0,7,1739408985,207.0,1.0,7.0,5.0
1,7,0,7,3232235784,1994.0,1.0,7.0,5.0
1,1,0,7,3232235784,2782.0,2.0,7.0,5.0
1,4,0,7,3232235784,4169.0,5.0,7.0,5.0
1,3,0,7,3232235784,5755.0,8.0,7.0,5.0
1,8,0,7,3232235784,51.0,1.0,7.0,5.0
39,7,0,7,3232235964,394.0,1.0,9.0,5.0
39,6,0,7,3232235964,3672.0,10.0,9.0,5.0
39,0,0,7,3232235964,2697.0,1.0,9.0,5.0
39,8,0,7,3232235964,1454.0,1.0,9.0,5.0
18,6,0,7,3232235951,551.0,3.0,9.0,5.0
18,0,0,7,3232235951,5989.0,6.0,9.0,5.0
18,8,0,7,3232235951,1121.0,1.0,9.0,5.0
69,7,1,1,3232236011,724.0,1.0,11.0,5.0
69,6,0,1,3232236011,3075.0,4.0,11.0,5.0
69,0,0,1,3232236011,3865.0,3.0,11.0,5.0
69,8,0,1,3232236011,404.0,1.0,11.0,5.0
68,7,0,4,3232235794,1863.0,1.0,11.0,5.0
68,6,0,4,3232235794,5468.0,1.0,11.0,5.0
68,0,0,4,3232235794,1925.0,61.0,11.0,5.0
68,8,0,4,3232235794,420.0,1.0,11.0,5.0
85,7,0,1,3232235980,780.0,1.0,11.0,5.0
85,6,0,1,3232235980,79.0,2.0,11.0,5.0
85,5,0,1,3232235980,4652.0,8.0,11.0,5.0
85,2,0,1,3232235980,3354.0,9.0,11.0,5.0
85,9,0,1,3232235980,2268.0,4.0,11.0,5.0
85,8,0,1,3232235980,617.0,1.0,11.0,5.0
47,7,0,7,3232235789,1967.0,1.0,12.0,5.0
47,6,0,7,3232235789,1339.0,10.0,12.0,5.0
47,0,0,7,3232235789,5102.0,4.0,12.0,5.0
47,8,0,7,3232235789,1349.0,1.0,12.0,5.0
71,7,0,4,3232235832,1641.0,1.0,12.0,5.0
71,6,0,4,3232235832,3225.0,6.0,12.0,5.0
71,0,0,4,3232235832,1886.0,10.0,12.0,5.0
71,8,0,4,3232235832,950.0,1.0,12.0,5.0
29,7,1,7,3232235972,921.0,113.0,13.0,5.0
29,6,0,7,3232235972,1670.0,7.0,13.0,5.0
29,0,0,7,3232235972,5904.0,7.0,13.0,5.0
29,8,0,7,3232235972,1112.0,1.0,13.0,5.0
70,7,0,8,3232236002,935.0,1.0,14.0,5.0
70,6,0,6,3232236002,550.0,6.0,14.0,5.0
70,0,0,8,3232236002,2712.0,7.0,14.0,5.0
70,8,0,8,3232236002,1266.0,1.0,14.0,5.0
77,7,0,4,3232235969,1151.0,1.0,14.0,5.0
77,6,0,4,3232235969,3568.0,7.0,14.0,5.0
77,0,0,4,3232235969,5114.0,5.0,14.0,5.0
77,8,0,4,3232235969,1424.0,1.0,14.0,5.0
21,6,0,7,3232235785,752.0,5.0,15.0,5.0
21,0,0,7,3232235785,5156.0,10.0,15.0,5.0
21,8,0,7,3232235785,625.0,1.0,15.0,5.0
79,7,0,8,3232235880,1623.0,1.0,15.0,5.0
79,6,0,8,2640086736,820.0,4.0,15.0,5.0
79,0,0,8,3232235880,4086.0,8.0,15.0,5.0
79,8,0,8,3232235880,1273.0,1.0,15.0,5.0
45,7,0,4,3232235925,1722.0,1.0,15.0,5.0
45,6,0,4,3232235925,1494.0,8.0,15.0,5.0
45,0,0,4,3232235925,5254.0,4.0,15.0,5.0
45,8,0,4,3232235925,1462.0,1.0,15.0,5.0
19,6,0,8,3232235800,5438.0,5.0,16.0,5.0
19,0,0,8,3232235800,4127.0,7.0,16.0,5.0
19,8,0,8,3232235800,642.0,1.0,16.0,5.0
39,7,0,7,3232235964,766.0,1.0,9.0,6.0
39,6,0,7,3232235964,5297.0,10.0,9.0,6.0
39,0,0,7,3232235964,4409.0,8.0,9.0,6.0
39,8,0,7,3232235964,401.0,1.0,9.0,6.0
39,7,0,7,3232235964,1950.0,1.0,11.0,6.0
39,6,0,3,3232235964,4698.0,2.0,11.0,6.0
39,0,0,7,3232235964,3179.0,6.0,11.0,6.0
39,8,0,7,2339842209,1351.0,1.0,11.0,6.0
70,7,0,8,3232236002,795.0,1.0,12.0,6.0
70,6,0,8,3232236002,2971.0,9.0,12.0,6.0
70,0,0,8,3232236002,3301.0,2.0,12.0,6.0
70,8,0,8,3232236002,1108.0,1.0,12.0,6.0
39,7,1,7,3232235964,322.0,1.0,12.0,6.0
39,6,0,7,3232235964,5945.0,3.0,12.0,6.0
39,0,0,7,3232235964,668.0,5.0,12.0,6.0
39,8,0,7,3232235964,584.0,1.0,12.0,6.0
40,7,0,0,3232235915,1066.0,1.0,13.0,6.0
40,6,0,0,3232235915,535.0,2.0,13.0,6.0
40,0,0,0,3232235915,4114.0,4.0,13.0,6.0
40,8,0,0,3232235915,1500.0,1.0,13.0,6.0
79,7,0,8,3232235880,662.0,1.0,14.0,6.0
79,6,0,8,3232235880,2839.0,6.0,14.0,6.0
79,0,0,8,3232235880,681.0,9.0,14.0,6.0
79,8,0,8,3232235880,216.0,1.0,14.0,6.0
57,7,0,4,3232235957,1912.0,1.0,2.0,0.0
42,7,0,0,3232235798,437.0,1.0,6.0,0.0
72,7,0,0,3232235879,479.0,1.0,7.0,0.0
72,6,0,0,3232235879,1165.0,1.0,7.0,0.0
65,7,0,7,3232235836,1964.0,1.0,7.0,0.0
72,0,0,0,3232235879,4873.0,10.0,7.0,0.0
65,6,0,7,3232235836,4297.0,7.0,7.0,0.0
65,0,0,7,3232235836,3150.0,8.0,7.0,0.0
72,8,0,0,3232235879,1031.0,1.0,7.0,0.0
65,8,0,7,3232235836,472.0,1.0,7.0,0.0
64,7,0,4,3232235993,1814.0,1.0,9.0,0.0
64,6,0,4,3232235993,716.0,10.0,9.0,0.0
64,0,0,4,3232235993,16128.0,7.0,9.0,0.0
64,8,0,4,3232235993,206.0,1.0,9.0,0.0
74,7,0,4,3232235813,1077.0,1.0,10.0,0.0
74,6,0,4,3232235813,508.0,8.0,10.0,0.0
74,0,0,4,3232235813,5717.0,1.0,10.0,0.0
74,8,0,4,3232235813,202.0,1.0,10.0,0.0
40,7,0,0,3232235915,1740.0,1.0,11.0,0.0
40,6,0,0,3232235915,3053.0,3.0,11.0,0.0
40,0,0,0,3232235915,1342.0,10.0,11.0,0.0
40,8,0,0,3232235915,957.0,1.0,11.0,0.0
57,6,0,4,3232235957,5739.0,9.0,11.0,0.0
57,0,0,4,3232235957,996.0,10.0,11.0,0.0
57,8,0,4,3232235957,1053.0,1.0,11.0,0.0
18,7,0,7,3232235951,705.0,1.0,11.0,0.0
18,6,0,7,3232235951,1995.0,4.0,12.0,0.0
18,0,0,7,3232235951,2943.0,4.0,12.0,0.0
18,8,0,7,3232235951,262.0,1.0,12.0,0.0
42,6,0,0,3232235798,3867.0,5.0,12.0,0.0
42,0,0,0,3232235798,5405.0,8.0,12.0,0.0
42,8,0,0,3232235798,408.0,1.0,12.0,0.0
71,7,0,4,3232235832,589.0,1.0,15.0,0.0
71,6,0,4,3232235832,1528.0,2.0,15.0,0.0
71,0,0,4,3232235832,1922.0,10.0,15.0,0.0
71,8,0,4,3232235832,1324.0,1.0,15.0,0.0
35,7,0,7,3232235875,1784.0,1.0,7.0,1.0
35,6,0,7,3232235875,4585.0,8.0,7.0,1.0
35,0,0,7,3232235875,4299.0,8.0,7.0,1.0
35,8,0,7,3232235875,691.0,1.0,7.0,1.0
27,7,0,1,3232235892,519.0,1.0,7.0,1.0
27,6,0,1,3232235892,2069.0,2.0,7.0,1.0
27,0,0,1,3232235892,760.0,10.0,7.0,1.0
27,8,0,1,3232235892,995.0,1.0,7.0,1.0
55,7,0,4,3232235868,1364.0,1.0,8.0,1.0
55,6,0,4,3232235868,601.0,10.0,8.0,1.0
55,5,0,4,3232235868,5313.0,9.0,8.0,1.0
55,2,0,4,3232235868,8374.0,2.0,8.0,1.0
55,9,0,4,3232235868,7790.0,3.0,8.0,1.0
55,8,0,4,3232235868,503.0,1.0,8.0,1.0
86,7,0,0,3232235930,1575.0,1.0,9.0,1.0
86,6,0,0,3232235930,4938.0,10.0,9.0,1.0
86,0,0,0,3232235930,1091.0,9.0,9.0,1.0
86,8,0,0,3232235930,928.0,1.0,9.0,1.0
35,7,0,7,3232235875,1852.0,1.0,9.0,1.0
35,6,0,7,3232235875,5812.0,3.0,9.0,1.0
35,0,0,7,3232235875,2615.0,10.0,9.0,1.0
35,8,0,7,3232235875,1392.0,1.0,9.0,1.0
21,7,0,7,3232235785,1617.0,1.0,11.0,1.0
21,6,0,7,3232235785,3096.0,10.0,11.0,1.0
21,0,0,7,3232235785,1555.0,1.0,11.0,1.0
21,8,0,7,3232235785,954.0,1.0,11.0,1.0
61,7,0,0,3232235875,759.0,1.0,11.0,1.0
61,6,0,0,3232235875,8688.0,4.0,11.0,1.0
61,0,0,0,3232235875,3597.0,8.0,11.0,1.0
61,8,0,0,3232235875,1342.0,1.0,11.0,1.0
68,7,0,4,3232235794,1281.0,1.0,12.0,1.0
68,6,0,4,3232235794,2408.0,10.0,12.0,1.0
68,0,0,4,3232235794,3653.0,2.0,12.0,1.0
68,8,0,4,3232235794,264.0,1.0,12.0,1.0
44,7,1,8,3232236004,1063.0,1.0,13.0,1.0
44,6,0,8,3232236004,989.0,3.0,13.0,1.0
44,0,0,8,3232236004,4209.0,8.0,13.0,1.0
44,8,0,8,3232236004,541.0,1.0,13.0,1.0
70,7,0,8,3232236002,1768.0,1.0,15.0,1.0
70,6,0,8,3232236002,5534.0,2.0,15.0,1.0
70,0,0,8,3232236002,908.0,2.0,15.0,1.0
70,8,0,8,3232236002,1377.0,1.0,15.0,1.0
76,7,0,8,3232235915,1797.0,1.0,16.0,1.0
76,6,0,8,3232235915,4821.0,7.0,16.0,1.0
76,0,0,8,3232235915,1073.0,7.0,16.0,1.0
76,8,0,8,3232235915,676.0,1.0,16.0,1.0
84,7,1,7,3232235817,611.0,1.0,9.0,2.0
84,1,0,7,3232235817,2106.0,3.0,9.0,2.0
84,4,0,7,3232235817,5915.0,6.0,9.0,2.0
84,3,0,7,1738141780,7619.0,2.0,9.0,2.0
84,8,0,7,605386900,774.0,1.0,9.0,2.0
25,7,0,8,3232235828,5384.0,1.0,10.0,2.0
25,6,0,8,3232235828,806.0,9.0,10.0,2.0
25,0,0,8,3232235828,4386.0,9.0,10.0,2.0
25,8,0,8,3232235828,1295.0,1.0,10.0,2.0
55,7,0,4,3232235868,909.0,1.0,11.0,2.0
55,6,0,4,3232235868,4002.0,6.0,11.0,2.0
55,5,0,4,3232235868,6054.0,4.0,11.0,2.0
55,2,0,4,3232235868,2876.0,5.0,11.0,2.0
55,9,0,4,3232235868,6162.0,10.0,11.0,2.0
55,8,0,4,3232235868,773.0,1.0,11.0,2.0
18,7,0,7,3232235951,629.0,1.0,11.0,2.0
18,6,0,7,3232235951,4982.0,6.0,11.0,2.0
18,0,0,7,3232235951,964.0,2.0,11.0,2.0
18,8,0,7,3232235951,333.0,1.0,11.0,2.0
22,7,0,7,3232235833,1862.0,1.0,13.0,2.0
22,6,0,7,3232235833,907.0,2.0,13.0,2.0
22,0,0,7,3232235833,3771.0,5.0,13.0,2.0
22,8,0,7,3232235833,673.0,1.0,13.0,2.0
35,7,0,7,3232235875,978.0,1.0,14.0,2.0
35,6,0,7,3232235875,4529.0,3.0,14.0,2.0
35,0,0,7,3232235875,1202.0,1.0,14.0,2.0
35,8,0,7,3232235875,1227.0,1.0,15.0,2.0
25,7,0,8,3232235828,1425.0,1.0,16.0,2.0
25,6,0,8,3232235828,2671.0,9.0,16.0,2.0
25,0,0,8,3232235828,5469.0,7.0,16.0,2.0
25,8,0,8,3232235828,633.0,1.0,16.0,2.0
83,7,1,7,3232235998,1151.0,1.0,7.0,3.0
83,6,0,7,3232235998,4347.0,5.0,7.0,3.0
83,0,0,7,3232235998,3597.0,10.0,7.0,3.0
83,8,0,7,3232235998,283.0,1.0,7.0,3.0
68,7,0,4,3232235794,637.0,1.0,7.0,3.0
68,6,0,4,3232235794,940.0,5.0,7.0,3.0
68,0,0,4,3232235794,3099.0,4.0,7.0,3.0
68,8,0,4,3232235794,1268.0,1.0,7.0,3.0
46,7,0,1,3232235958,1786.0,1.0,11.0,3.0
46,6,0,1,3232235958,2186.0,8.0,11.0,3.0
46,0,0,1,3232235958,1666.0,5.0,11.0,3.0
46,8,0,1,3232235958,870.0,1.0,11.0,3.0
68,7,0,4,3232235794,1034.0,1.0,11.0,3.0
68,6,0,4,3232235794,5504.0,5.0,11.0,3.0
68,0,0,4,3232235794,5025.0,5.0,11.0,3.0
68,8,0,4,3232235794,935.0,1.0,11.0,3.0
48,7,0,1,3232235975,1622.0,1.0,12.0,3.0
48,6,0,1,3232235975,1355.0,9.0,12.0,3.0
48,5,0,1,3232235975,2282.0,10.0,12.0,3.0
48,2,0,1,3232235975,10850.0,8.0,12.0,3.0
48,9,0,1,3232235975,9874.0,5.0,12.0,3.0
48,8,0,1,3232235975,1425.0,1.0,12.0,3.0
26,7,0,8,2340658797,451.0,1.0,14.0,3.0
26,6,0,8,3232235885,4959.0,2.0,14.0,3.0
26,0,0,8,3232235885,1349.0,7.0,14.0,3.0
26,8,0,8,3232235885,221.0,1.0,15.0,3.0
84,7,1,7,3232235817,697.0,1.0,15.0,3.0
84,1,0,7,3232235817,822.0,3.0,15.0,3.0
84,4,0,7,3232235817,1176.0,1.0,15.0,3.0
84,3,0,7,3232235817,5771.0,10.0,15.0,3.0
84,8,0,7,3232235817,606.0,1.0,15.0,3.0
42,7,0,0,3232235798,931.0,1.0,15.0,3.0
42,6,0,0,3232235798,2502.0,3.0,15.0,3.0
42,0,0,0,3232235798,4546.0,6.0,15.0,3.0
42,8,0,0,3232235798,1277.0,1.0,15.0,3.0
64,7,0,4,3232235993,1382.0,1.0,3.0,4.0
59,7,0,1,3232235914,968.0,1.0,5.0,4.0
1,7,0,7,3232235784,1314.0,1.0,5.0,4.0
31,7,0,0,3232235865,385.0,158.0,7.0,4.0
31,6,0,0,3232235865,1826.0,7.0,7.0,4.0
31,0,0,0,3232235865,3289.0,3.0,7.0,4.0
31,8,0,0,3232235865,326.0,1.0,7.0,4.0
71,7,0,4,3232235832,980.0,1.0,8.0,4.0
71,6,0,4,3232235832,4536.0,10.0,8.0,4.0
71,0,0,4,3232235832,5978.0,9.0,8.0,4.0
71,8,0,4,3232235832,652.0,1.0,8.0,4.0
64,6,0,4,3232235993,4992.0,9.0,9.0,4.0
64,0,0,4,3232235993,4751.0,7.0,9.0,4.0
64,8,0,4,3232235993,263.0,1.0,9.0,4.0
55,7,0,4,3232235868,504.0,1.0,10.0,4.0
55,6,0,4,3232235868,5401.0,8.0,10.0,4.0
55,5,0,4,3232235868,2957.0,10.0,10.0,4.0
55,2,0,4,3232235868,1657.0,10.0,10.0,4.0
55,9,0,3,3232235868,8041.0,2.0,10.0,4.0
55,8,0,4,3232235868,1106.0,1.0,10.0,4.0
59,7,0,1,3232235914,501.0,1.0,10.0,4.0
59,6,0,1,3232235914,2058.0,9.0,10.0,4.0
59,0,0,1,3232235914,3069.0,10.0,10.0,4.0
59,8,0,1,3232235914,889.0,1.0,11.0,4.0
1,1,0,7,3232235784,3205.0,3.0,13.0,4.0
1,4,0,7,3232235784,9088.0,1.0,13.0,4.0
1,3,0,7,3232235784,2132.0,9.0,13.0,4.0
1,8,0,7,3232235784,1404.0,1.0,13.0,4.0
61,7,0,0,3232235875,1990.0,1.0,14.0,4.0
61,6,0,0,3232235875,1554.0,2.0,14.0,4.0
61,0,0,0,3232235875,3726.0,6.0,14.0,4.0
61,8,0,0,3232235875,894.0,1.0,14.0,4.0
59,6,0,1,3232235914,732.0,8.0,14.0,4.0
59,0,0,1,3232235914,1235.0,6.0,14.0,4.0
59,8,0,1,3232235914,930.0,1.0,14.0,4.0
62,7,0,4,3232236014,541.0,1.0,15.0,4.0
62,6,0,4,3232236014,4486.0,8.0,15.0,4.0
62,0,0,4,3232236014,2882.0,2.0,15.0,4.0
62,8,0,4,3232236014,482.0,1.0,15.0,4.0
46,7,1,1,3232235958,1618.0,1.0,15.0,4.0
46,6,0,1,3232235958,728.0,9.0,15.0,4.0
46,0,0,1,3232235958,5432.0,5.0,15.0,4.0
46,8,0,1,3232235958,814.0,1.0,15.0,4.0
70,7,0,8,3232236002,1327.0,1.0,5.0,5.0
57,7,0,4,3232235957,1935.0,1.0,8.0,5.0
68,7,0,4,3232235794,1231.0,1.0,8.0,5.0
57,6,0,4,3232235957,5201.0,8.0,8.0,5.0
68,6,0,4,3232235794,3181.0,10.0,8.0,5.0
57,0,0,4,3232235957,5497.0,4.0,8.0,5.0
68,0,0,4,3232235794,520.0,2.0,8.0,5.0
57,8,0,4,3232235957,349.0,1.0,8.0,5.0
68,8,0,4,3232235794,1138.0,1.0,8.0,5.0
49,7,0,4,3232236030,539.0,1.0,9.0,5.0
49,6,0,4,3232236030,4621.0,2.0,9.0,5.0
49,0,0,4,3232236030,3386.0,10.0,9.0,5.0
49,8,0,4,3232236030,1058.0,1.0,9.0,5.0
21,7,1,7,3232235785,1730.0,1.0,11.0,5.0
21,6,0,7,3232235785,1628.0,10.0,11.0,5.0
21,0,0,7,3232235785,4274.0,2.0,11.0,5.0
21,8,0,7,3232235785,458.0,1.0,11.0,5.0
70,6,0,8,3232236002,5417.0,1.0,12.0,5.0
70,0,0,8,3232236002,4568.0,10.0,12.0,5.0
70,8,0,8,3232236002,637.0,1.0,12.0,5.0
75,7,0,1,3232235968,667.0,1.0,12.0,5.0
75,6,0,1,3232235968,628.0,4.0,12.0,5.0
75,0,0,1,3232235968,5308.0,3.0,12.0,5.0
75,8,0,1,3232235968,1015.0,1.0,12.0,5.0
44,7,0,8,3232236004,1419.0,1.0,13.0,5.0
44,6,0,8,2648724462,2764.0,4.0,13.0,5.0
44,0,0,8,3232236004,1306.0,2.0,13.0,5.0
44,8,0,8,3232236004,346.0,1.0,13.0,5.0
74,7,0,4,3232235813,911.0,1.0,14.0,5.0
74,6,0,4,3232235813,731.0,8.0,14.0,5.0
74,0,0,4,3232235813,528.0,4.0,14.0,5.0
74,8,0,4,3232235813,1343.0,1.0,14.0,5.0
63,7,0,8,3232235834,1288.0,1.0,16.0,5.0
63,6,0,8,3232235834,4033.0,3.0,16.0,5.0
63,0,0,8,3232235834,5475.0,7.0,16.0,5.0
63,8,0,8,3232235834,521.0,1.0,17.0,5.0
62,7,0,4,3232236014,488.0,1.0,3.0,6.0
33,7,0,1,3232236023,1262.0,1.0,7.0,6.0
33,6,0,1,3232236023,4820.0,5.0,7.0,6.0
33,0,0,1,3232236023,4351.0,7.0,7.0,6.0
33,8,0,1,3232236023,890.0,1.0,7.0,6.0
46,7,0,1,3232235958,389.0,1.0,8.0,6.0
46,6,0,1,3232235958,3364.0,10.0,8.0,6.0
46,0,0,1,3232235958,5867.0,4.0,8.0,6.0
46,8,0,1,3232235958,798.0,1.0,8.0,6.0
49,7,0,4,3232236030,1820.0,1.0,8.0,6.0
49,6,0,4,3232236030,1282.0,10.0,8.0,6.0
49,0,0,4,3232236030,3704.0,4.0,8.0,6.0
49,8,0,5,3232236030,1440.0,1.0,8.0,6.0
51,7,0,1,3232235999,22.0,1.0,8.0,6.0
51,6,0,1,3232235999,2173.0,9.0,9.0,6.0
51,0,0,1,3232235999,5638.0,1.0,9.0,6.0
51,8,0,2,3232235999,800.0,1.0,9.0,6.0
20,7,0,8,3232235886,845.0,1.0,9.0,6.0
20,6,0,8,3232235886,5874.0,9.0,9.0,6.0
20,0,0,8,3232235886,5450.0,3.0,9.0,6.0
20,8,0,8,3232235886,1169.0,1.0,9.0,6.0
81,7,0,1,3232235908,1914.0,1.0,9.0,6.0
81,6,0,1,3232235908,3073.0,7.0,9.0,6.0
81,0,0,1,3232235908,4341.0,1.0,9.0,6.0
81,8,0,1,3232235908,1238.0,1.0,9.0,6.0
78,7,0,8,3232235887,481.0,1.0,11.0,6.0
78,6,0,8,3232235887,4158.0,1.0,11.0,6.0
78,0,0,8,3232235887,2672.0,4.0,11.0,6.0
78,8,0,8,3232235887,711.0,1.0,11.0,6.0
19,7,0,8,3232235800,381.0,1.0,11.0,6.0
19,6,0,8,3232235800,5754.0,7.0,11.0,6.0
19,0,0,8,3232235800,4844.0,3.0,11.0,6.0
19,8,0,8,3232235800,1255.0,1.0,11.0,6.0
57,7,0,4,3232235957,837.0,1.0,13.0,6.0
57,6,0,4,3232235957,4346.0,9.0,13.0,6.0
57,0,0,4,3232235957,3858.0,8.0,13.0,6.0
57,8,0,4,3232235957,789.0,1.0,13.0,6.0
62,6,0,4,3232236014,947.0,5.0,14.0,6.0
62,0,0,4,3232236014,2421.0,5.0,14.0,6.0
62,8,0,4,3232236014,203.0,1.0,14.0,6.0
77,7,0,4,3232235969,1592.0,1.0,15.0,6.0
77,6,0,4,3232235969,725.0,7.0,15.0,6.0
77,0,0,4,3232235969,1298.0,9.0,15.0,6.0
77,8,0,4,3232235969,1389.0,1.0,15.0,6.0
79,7,0,8,3232235880,559.0,1.0,15.0,6.0
79,6,0,8,3232235880,4831.0,5.0,15.0,6.0
79,0,0,8,606082526,3363.0,8.0,15.0,6.0
79,8,0,8,3232235880,805.0,1.0,15.0,6.0
52,7,0,7,3232235875,1526.0,1.0,16.0,6.0
71,7,0,4,3232235832,682.0,1.0,16.0,6.0
52,6,0,7,3232235875,4954.0,6.0,16.0,6.0
61,7,0,0,3232235875,1131.0,1.0,16.0,6.0
71,6,0,4,3232235832,3467.0,10.0,16.0,6.0
52,0,0,7,3232235875,3090.0,5.0,16.0,6.0
61,6,0,0,3232235875,3326.0,8.0,16.0,6.0
52,8,0,7,3232235875,755.0,1.0,16.0,6.0
71,0,0,4,3232235832,1469.0,4.0,16.0,6.0
71,8,0,4,3232235832,1049.0,1.0,16.0,6.0
61,0,0,0,3232235875,4449.0,10.0,16.0,6.0
61,8,0,5,3232235875,213.0,1.0,16.0,6.0
61,7,0,0,3232235875,1001.0,1.0,16.0,6.0
61,6,0,0,3232235875,4164.0,6.0,16.0,6.0
61,0,0,0,3232235875,3119.0,1.0,16.0,6.0
61,8,0,0,3232235875,1280.0,1.0,16.0,6.0
47,7,1,7,3232235789,920.0,1.0,4.0,0.0
41,7,0,7,3232236027,1851.0,1.0,5.0,0.0
48,7,0,1,3232235975,1757.0,1.0,7.0,0.0
48,6,0,1,3232235975,1935.0,8.0,7.0,0.0
48,5,0,1,3232235975,4096.0,1.0,7.0,0.0
48,2,0,1,3232235975,4804.0,9.0,7.0,0.0
48,9,0,1,3232235975,5685.0,75.0,7.0,0.0
48,8,0,1,3232235975,268.0,1.0,7.0,0.0
75,7,0,1,3232235968,518.0,1.0,8.0,0.0
75,6,0,1,3232235968,3390.0,3.0,8.0,0.0
75,0,0,1,3232235968,5889.0,6.0,8.0,0.0
75,8,0,6,3232235968,322.0,1.0,8.0,0.0
42,7,0,0,3232235798,1897.0,1.0,11.0,0.0
42,6,0,0,3232235798,5298.0,3.0,11.0,0.0
42,0,0,0,3232235798,1029.0,2.0,11.0,0.0
42,8,0,0,3232235798,1347.0,1.0,11.0,0.0
70,7,0,8,3232236002,474.0,1.0,11.0,0.0
70,6,0,8,3232236002,4198.0,3.0,11.0,0.0
22,7,0,7,3232235833,1061.0,1.0,11.0,0.0
70,0,0,8,3232236002,1742.0,10.0,11.0,0.0
70,8,0,8,3232236002,612.0,1.0,11.0,0.0
22,6,0,7,1109686199,4285.0,10.0,11.0,0.0
22,0,0,7,3232235833,3736.0,7.0,11.0,0.0
22,8,0,7,3232235833,1465.0,1.0,11.0,0.0
77,7,0,4,3232235969,1811.0,1.0,12.0,0.0
77,6,0,4,3232235969,1363.0,8.0,12.0,0.0
77,0,0,4,3232235969,4333.0,10.0,12.0,0.0
77,8,0,4,3232235969,296.0,1.0,12.0,0.0
80,7,0,4,3232235834,930.0,1.0,12.0,0.0
80,6,0,4,3232235834,742.0,1.0,12.0,0.0
80,0,0,4,3232235834,4302.0,5.0,12.0,0.0
80,8,0,4,3232235834,890.0,1.0,12.0,0.0
44,7,0,8,3232236004,1496.0,1.0,12.0,0.0
44,6,0,8,3232236004,5605.0,5.0,12.0,0.0
44,0,0,8,3232236004,5496.0,1.0,12.0,0.0
44,8,0,8,3232236004,776.0,1.0,12.0,0.0
48,7,0,1,3232235975,954.0,1.0,13.0,0.0
48,6,0,1,3232235975,5730.0,3.0,13.0,0.0
48,5,0,1,336130878,2574.0,1.0,13.0,0.0
48,2,0,1,3232235975,7472.0,4.0,13.0,0.0
48,9,0,1,3232235975,8252.0,8.0,13.0,0.0
48,8,0,1,3232235975,547.0,1.0,13.0,0.0
70,7,0,8,3232236002,1813.0,1.0,13.0,0.0
70,6,0,8,3232236002,2588.0,6.0,13.0,0.0
70,0,0,8,3232236002,4609.0,7.0,13.0,0.0
70,8,0,8,3232236002,1078.0,1.0,13.0,0.0
49,7,0,4,3232236030,1747.0,1.0,13.0,0.0
49,6,0,4,3232236030,2254.0,7.0,13.0,0.0
49,0,0,4,3232236030,1060.0,2.0,13.0,0.0
49,8,0,4,3232236030,1048.0,1.0,13.0,0.0
41,6,0,7,3232236027,848.0,4.0,14.0,0.0
41,0,0,7,3232236027,1383.0,1.0,14.0,0.0
41,8,0,7,3232236027,1251.0,1.0,14.0,0.0
47,6,0,7,3232235789,900.0,6.0,14.0,0.0
47,0,0,7,3232235789,5196.0,8.0,14.0,0.0
47,8,0,7,3232235789,640.0,1.0,14.0,0.0
44,7,0,8,3232236004,940.0,1.0,15.0,0.0
44,6,0,8,3232236004,4217.0,1.0,15.0,0.0
44,0,0,8,3232236004,3923.0,3.0,15.0,0.0
44,8,0,8,3232236004,1170.0,1.0,15.0,0.0
23,7,0,1,3232235907,1813.0,1.0,1.0,1.0
22,7,0,7,3232235833,1126.0,1.0,2.0,1.0
51,7,0,1,3232235999,409.0,1.0,8.0,1.0
51,6,0,1,3232235999,1844.0,1.0,8.0,1.0
51,0,0,1,3232235999,4711.0,3.0,8.0,1.0
51,8,0,1,3232235999,416.0,1.0,8.0,1.0
76,7,0,8,3232235915,1850.0,1.0,8.0,1.0
76,6,0,8,3232235915,1827.0,9.0,8.0,1.0
76,0,0,8,3232235915,1495.0,3.0,8.0,1.0
76,8,0,8,3232235915,604.0,1.0,8.0,1.0
23,6,0,1,3232235907,5071.0,7.0,9.0,1.0
23,0,0,1,3232235907,5249.0,8.0,9.0,1.0
23,8,0,1,3232235907,1333.0,1.0,9.0,1.0
22,6,0,7,3232235833,5166.0,4.0,10.0,1.0
22,0,0,7,3232235833,5242.0,10.0,10.0,1.0
22,8,0,7,3232235833,281.0,1.0,10.0,1.0
8,7,0,1,3232235813,501.0,1.0,13.0,1.0
8,6,0,1,3232235813,5675.0,8.0,13.0,1.0
8,0,0,1,3232235813,2140.0,2.0,13.0,1.0
8,8,0,1,3232235813,781.0,1.0,13.0,1.0
78,7,0,8,3232235887,311.0,85.0,15.0,1.0
78,6,0,8,3232235887,4376.0,9.0,15.0,1.0
78,0,0,8,3232235887,2551.0,3.0,15.0,1.0
78,8,0,8,3232235887,1238.0,1.0,15.0,1.0
67,7,0,4,3232235880,1087.0,1.0,16.0,1.0
67,6,0,4,3232235880,5727.0,4.0,16.0,1.0
67,0,0,4,3232235880,738.0,3.0,16.0,1.0
67,8,0,4,3232235880,588.0,1.0,16.0,1.0
32,7,0,4,3232235817,987.0,1.0,4.0,2.0
50,7,0,7,3232235996,994.0,1.0,4.0,2.0
61,7,0,0,3232235875,367.0,1.0,7.0,2.0
61,6,0,0,3232235875,5562.0,7.0,7.0,2.0
61,0,0,0,3232235875,4255.0,1.0,7.0,2.0
61,8,0,0,3020824418,876.0,1.0,7.0,2.0
50,6,0,7,3232235996,1179.0,6.0,8.0,2.0
50,0,0,7,3232235996,2485.0,2.0,8.0,2.0
50,8,0,7,3232235996,430.0,1.0,8.0,2.0
76,7,0,8,3232235915,1289.0,1.0,8.0,2.0
76,6,0,8,3232235915,3533.0,2.0,8.0,2.0
76,0,0,8,3232235915,1754.0,10.0,8.0,2.0
76,8,0,8,3232235915,767.0,1.0,8.0,2.0
77,7,0,4,3232235969,1780.0,1.0,9.0,2.0
77,6,0,4,3232235969,982.0,8.0,9.0,2.0
77,0,0,4,3232235969,2564.0,7.0,9.0,2.0
77,8,0,4,3232235969,837.0,1.0,9.0,2.0
47,7,0,7,3232235789,1834.0,1.0,11.0,2.0
47,6,0,7,3232235789,2477.0,10.0,11.0,2.0
47,0,0,7,3232235789,4344.0,1.0,11.0,2.0
47,8,0,7,3232235789,861.0,1.0,11.0,2.0
63,7,0,8,3232235834,981.0,1.0,11.0,2.0
63,6,0,8,3232235834,2670.0,5.0,11.0,2.0
63,0,0,8,3232235834,1358.0,6.0,11.0,2.0
63,8,0,8,3232235834,579.0,1.0,11.0,2.0
26,7,0,8,3232235885,410.0,1.0,13.0,2.0
26,6,0,8,3232235885,3127.0,4.0,13.0,2.0
26,0,0,8,3232235885,819.0,4.0,13.0,2.0
26,8,0,8,3232235885,320.0,1.0,13.0,2.0
69,7,0,1,3232236011,1524.0,1.0,14.0,2.0
69,6,0,1,3232236011,1104.0,7.0,14.0,2.0
69,0,0,1,3232236011,4547.0,1.0,14.0,2.0
69,8,0,1,3232236011,836.0,1.0,14.0,2.0
32,6,0,4,3232235817,2501.0,10.0,15.0,2.0
33,7,0,1,3232236023,1503.0,1.0,15.0,2.0
33,6,0,1,3232236023,5918.0,9.0,15.0,2.0
1,7,0,7,3232235784,1088.0,1.0,15.0,2.0
32,0,0,4,3232235817,5833.0,5.0,15.0,2.0
1,1,0,7,3232235784,1008.0,5.0,15.0,2.0
33,0,0,1,3232236023,750.0,2.0,15.0,2.0
32,8,0,4,3232235817,1099.0,1.0,15.0,2.0
1,4,0,7,3232235784,6579.0,5.0,15.0,2.0
33,8,0,1,3232236023,1319.0,1.0,15.0,2.0
77,7,0,4,3232235969,532.0,1.0,15.0,2.0
1,3,0,7,3232235784,8737.0,1.0,15.0,2.0
77,6,0,4,3232235969,1552.0,2.0,15.0,2.0
1,8,0,7,3232235784,303.0,1.0,15.0,2.0
77,0,0,4,3232235969,2490.0,2.0,15.0,2.0
77,8,0,4,3232235969,562.0,1.0,15.0,2.0
71,7,0,4,3232235832,566.0,1.0,2.0,3.0
61,7,0,0,3232235875,1386.0,1.0,7.0,3.0
61,6,0,0,3232235875,5412.0,3.0,7.0,3.0
61,0,0,0,3232235875,3983.0,3.0,7.0,3.0
61,8,0,0,3232235875,817.0,1.0,7.0,3.0
71,6,0,4,3232235832,1912.0,60.0,8.0,3.0
71,0,0,4,2340839795,5912.0,1.0,8.0,3.0
71,8,0,4,3232235832,1033.0,1.0,8.0,3.0
67,7,0,4,3232235880,1238.0,1.0,9.0,3.0
67,6,0,4,3232235880,742.0,2.0,9.0,3.0
67,0,0,4,3232235880,1939.0,4.0,9.0,3.0
67,8,0,4,3232235880,460.0,1.0,9.0,3.0
48,7,0,1,3232235975,1298.0,1.0,10.0,3.0
48,6,0,1,3232235975,3771.0,2.0,10.0,3.0
48,5,0,1,3232235975,3637.0,9.0,10.0,3.0
48,2,0,1,3232235975,2181.0,10.0,10.0,3.0
48,9,0,1,3232235975,6528.0,7.0,10.0,3.0
48,8,0,1,3232235975,718.0,1.0,10.0,3.0
75,7,0,1,3232235968,1046.0,1.0,11.0,3.0
75,6,0,1,3232235968,4699.0,2.0,11.0,3.0
75,0,0,1,3232235968,2476.0,76.0,11.0,3.0
75,8,0,1,3232235968,1388.0,1.0,11.0,3.0
63,7,0,8,3232235834,897.0,1.0,11.0,3.0
63,6,0,8,3232235834,5741.0,4.0,11.0,3.0
63,0,0,8,3232235834,1117.0,10.0,11.0,3.0
63,8,0,8,3232235834,440.0,1.0,11.0,3.0
25,7,0,8,3232235828,305.0,1.0,11.0,3.0
25,6,0,8,3232235828,4360.0,1.0,11.0,3.0
25,0,0,8,3232235828,4714.0,7.0,11.0,3.0
25,8,0,8,3232235828,1195.0,1.0,11.0,3.0
74,7,0,4,3232235813,1198.0,1.0,12.0,3.0
74,6,0,4,3232235813,5074.0,1.0,12.0,3.0
74,0,0,4,3232235813,3569.0,3.0,12.0,3.0
74,8,0,6,3232235813,1382.0,1.0,12.0,3.0
46,7,0,1,3232235958,581.0,1.0,14.0,3.0
46,6,0,1,3030685686,1596.0,7.0,14.0,3.0
46,0,0,1,3232235958,1389.0,10.0,14.0,3.0
46,8,0,1,3232235958,871.0,1.0,14.0,3.0
1,7,0,7,3232235784,1252.0,1.0,15.0,3.0
1,1,0,7,3232235784,878.0,57.0,15.0,3.0
1,4,0,7,3232235784,2804.0,10.0,15.0,3.0
1,3,0,7,3232235784,6930.0,1.0,15.0,3.0
1,8,0,7,3232235784,1334.0,1.0,15.0,3.0
85,7,0,1,3232235980,1848.0,131.0,16.0,3.0
46,7,1,1,3232235958,1903.0,1.0,16.0,3.0
46,6,0,1,3232235958,2097.0,6.0,16.0,3.0
85,6,0,1,3232235980,4577.0,9.0,16.0,3.0
46,0,0,1,3232235958,3034.0,7.0,16.0,3.0
46,8,0,1,3232235958,1405.0,1.0,16.0,3.0
85,5,0,1,3232235980,5763.0,1.0,16.0,3.0
85,2,0,1,3232235980,5224.0,8.0,16.0,3.0
85,9,0,1,3232235980,2890.0,3.0,16.0,3.0
85,8,0,1,3232235980,399.0,1.0,16.0,3.0
48,7,0,1,3232235975,1062.0,1.0,16.0,3.0
48,6,0,1,3232235975,1192.0,1.0,16.0,3.0
48,5,0,1,3232235975,6117.0,3.0,16.0,3.0
48,2,0,1,3232235975,11088.0,8.0,16.0,3.0
48,9,1,1,3232235975,8924.0,2.0,16.0,3.0
48,8,0,1,3232235975,419.0,44.0,16.0,3.0
82,7,1,0,3232235801,1503.0,1.0,3.0,4.0
41,7,0,7,3232236027,1202.0,1.0,7.0,4.0
41,6,0,7,3232236027,3473.0,1.0,7.0,4.0
41,0,0,7,3232236027,3642.0,8.0,8.0,4.0
41,8,0,7,3232236027,803.0,1.0,8.0,4.0
62,7,0,4,3232236014,1295.0,1.0,9.0,4.0
62,6,0,4,3232236014,5303.0,2.0,9.0,4.0
62,0,0,4,3232236014,2543.0,6.0,9.0,4.0
62,8,0,4,3232236014,243.0,1.0,9.0,4.0
56,7,1,1,2340328624,1449.0,1.0,11.0,4.0
56,6,0,1,3232235949,5872.0,4.0,11.0,4.0
56,0,0,1,3232235949,1331.0,9.0,11.0,4.0
56,8,0,1,3232235949,707.0,119.0,11.0,4.0
55,7,0,4,3232235868,368.0,1.0,12.0,4.0
55,6,0,4,3232235868,5853.0,6.0,12.0,4.0
55,5,0,4,3232235868,5399.0,2.0,12.0,4.0
55,2,0,4,3232235868,2251.0,1.0,12.0,4.0
55,9,0,4,3232235868,5523.0,5.0,12.0,4.0
55,8,0,4,3232235868,588.0,1.0,12.0,4.0
37,7,0,4,3232235932,751.0,1.0,13.0,4.0
37,6,0,4,3232235932,4986.0,8.0,13.0,4.0
37,0,0,4,3232235932,1072.0,8.0,13.0,4.0
37,8,0,4,3232235932,340.0,1.0,13.0,4.0
85,7,0,1,3232235980,871.0,1.0,14.0,4.0
85,6,0,1,3232235980,4007.0,4.0,14.0,4.0
85,5,0,1,3232235980,2530.0,6.0,14.0,4.0
85,2,0,1,3232235980,8614.0,10.0,14.0,4.0
85,9,0,1,3232235980,72.0,10.0,14.0,4.0
85,8,0,1,3232235980,505.0,1.0,14.0,4.0
82,6,0,0,3232235801,589.0,4.0,14.0,4.0
82,0,0,0,3232235801,5305.0,1.0,14.0,4.0
82,8,0,0,3232235801,1413.0,1.0,14.0,4.0
59,7,0,1,3232235914,1711.0,1.0,14.0,4.0
59,6,0,1,3232235914,5499.0,57.0,15.0,4.0
59,0,0,1,3232235914,1859.0,10.0,15.0,4.0
59,8,0,1,3232235914,485.0,1.0,15.0,4.0
72,7,0,0,3232235879,1857.0,1.0,15.0,4.0
72,6,0,3,3232235879,3818.0,6.0,15.0,4.0
72,0,0,0,3232235879,712.0,5.0,15.0,4.0
72,8,0,0,3232235879,983.0,1.0,15.0,4.0
25,7,0,8,3232235828,1163.0,1.0,15.0,4.0
25,6,0,8,3232235828,1156.0,4.0,15.0,4.0
25,0,0,8,3232235828,1677.0,5.0,15.0,4.0
25,8,0,8,3232235828,323.0,1.0,15.0,4.0
85,7,0,1,3232235980,439.0,1.0,16.0,4.0
85,6,0,1,3232235980,5222.0,6.0,16.0,4.0
85,5,0,1,3232235980,3394.0,2.0,16.0,4.0
85,2,0,1,3232235980,2665.0,3.0,16.0,4.0
85,9,0,1,3232235980,97.0,5.0,16.0,4.0
85,8,0,1,3232235980,1169.0,1.0,16.0,4.0
63,7,0,8,3232235834,1202.0,1.0,2.0,5.0
41,7,0,7,3232236027,1994.0,1.0,4.0,5.0
81,7,0,1,3232235908,1700.0,1.0,5.0,5.0
78,7,0,8,3232235887,757.0,1.0,8.0,5.0
78,6,0,8,3232235887,3002.0,6.0,8.0,5.0
54,7,0,4,3232235819,1832.0,1.0,8.0,5.0
78,0,0,8,3232235887,4331.0,7.0,8.0,5.0
54,6,0,4,3232235819,3023.0,1.0,9.0,5.0
78,8,0,8,3232235887,492.0,1.0,9.0,5.0
54,5,0,4,3232235819,1879.0,8.0,9.0,5.0
54,2,0,4,3232235819,1525.0,2.0,9.0,5.0
54,9,0,4,3232235819,2144.0,7.0,9.0,5.0
54,8,0,4,3232235819,1275.0,1.0,9.0,5.0
55,7,0,4,3232235868,1059.0,1.0,9.0,5.0
55,6,0,4,3232235868,4413.0,9.0,9.0,5.0
55,5,0,4,3232235868,2687.0,5.0,9.0,5.0
55,2,0,4,614725554,7978.0,1.0,9.0,5.0
55,9,0,4,3232235868,8304.0,51.0,9.0,5.0
55,8,0,4,3232235868,1448.0,1.0,10.0,5.0
60,7,0,1,3232235819,1266.0,1.0,10.0,5.0
60,6,0,1,3232235819,2565.0,7.0,10.0,5.0
60,0,0,1,3232235819,2486.0,9.0,10.0,5.0
60,8,0,1,3232235819,1046.0,1.0,10.0,5.0
63,6,0,8,3232235834,868.0,1.0,11.0,5.0
63,0,0,8,3232235834,839.0,5.0,11.0,5.0
63,8,0,8,3232235834,887.0,1.0,11.0,5.0
42,7,0,0,3232235798,1267.0,1.0,11.0,5.0
42,6,0,0,3232235798,4800.0,1.0,11.0,5.0
42,0,0,0,3232235798,3226.0,4.0,11.0,5.0
71,7,1,4,3232235832,1616.0,1.0,11.0,5.0
42,8,0,0,3232235798,1236.0,1.0,11.0,5.0
71,6,0,4,3232235832,4693.0,2.0,11.0,5.0
71,0,0,4,3232235832,1649.0,3.0,11.0,5.0
71,8,0,4,3232235832,1500.0,1.0,11.0,5.0
81,6,0,1,3232235908,5522.0,1.0,11.0,5.0
81,0,0,1,3232235908,3314.0,9.0,11.0,5.0
81,8,0,1,3232235908,222.0,1.0,11.0,5.0
41,6,0,7,3232236027,2157.0,2.0,12.0,5.0
41,0,0,7,3232236027,2274.0,3.0,12.0,5.0
41,8,0,7,3232236027,949.0,1.0,12.0,5.0
23,7,0,1,3232235907,1292.0,1.0,16.0,5.0
23,6,0,1,3232235907,4195.0,4.0,16.0,5.0
23,0,0,1,3232235907,2246.0,9.0,16.0,5.0
23,8,0,1,3232235907,1409.0,1.0,16.0,5.0
32,7,0,4,3232235817,1765.0,1.0,9.0,6.0
32,6,0,4,3232235817,770.0,7.0,9.0,6.0
32,0,0,4,3232235817,2670.0,5.0,9.0,6.0
32,8,0,4,3232235817,1287.0,1.0,9.0,6.0
85,7,0,1,3232235980,1326.0,1.0,9.0,6.0
85,6,0,1,1108716911,1977.0,1.0,9.0,6.0
85,5,0,1,3232235980,548.0,3.0,9.0,6.0
85,2,0,1,3232235980,5439.0,10.0,9.0,6.0
85,9,0,1,3232235980,2628.0,6.0,9.0,6.0
85,8,0,1,3232235980,511.0,1.0,9.0,6.0
54,7,0,4,3232235819,1970.0,1.0,12.0,6.0
54,6,0,4,3232235819,3782.0,5.0,12.0,6.0
54,5,0,4,3232235819,3500.0,1.0,12.0,6.0
54,2,0,4,3232235819,3871.0,9.0,12.0,6.0
54,9,0,2,3232235819,3878.0,4.0,12.0,6.0
54,8,0,4,3232235819,419.0,1.0,12.0,6.0
86,7,0,0,3232235930,1675.0,1.0,12.0,6.0
86,6,0,0,3232235930,3292.0,6.0,12.0,6.0
86,0,0,0,3232235930,944.0,4.0,12.0,6.0
86,8,0,0,3232235930,1130.0,1.0,12.0,6.0
27,7,0,1,3232235892,1555.0,1.0,13.0,6.0
27,6,0,6,3232235892,1466.0,3.0,13.0,6.0
27,0,0,1,3232235892,5188.0,5.0,13.0,6.0
27,8,0,1,3232235892,1061.0,1.0,14.0,6.0
74,7,0,4,3232235813,789.0,1.0,14.0,6.0
74,6,0,4,3232235813,4711.0,3.0,14.0,6.0
74,0,0,4,3232235813,4155.0,3.0,14.0,6.0
74,8,0,4,3232235813,566.0,1.0,14.0,6.0
75,7,0,1,3232235968,1054.0,1.0,15.0,6.0
75,6,0,1,3232235968,3966.0,9.0,15.0,6.0
75,0,0,1,3232235968,5877.0,4.0,15.0,6.0
75,8,0,1,3232235968,303.0,1.0,15.0,6.0
82,7,0,0,3232235801,1895.0,1.0,15.0,6.0
82,6,0,0,3232235801,3625.0,6.0,15.0,6.0
82,0,0,0,3232235801,3284.0,10.0,15.0,6.0
82,8,0,0,3232235801,839.0,1.0,15.0,6.0
78,7,0,8,3232235887,773.0,1.0,16.0,6.0
78,6,0,8,3232235887,2925.0,5.0,16.0,6.0
78,0,0,8,3232235887,4303.0,1.0,16.0,6.0
78,8,0,8,3232235887,404.0,1.0,16.0,6.0
82,7,0,0,3232235801,536.0,1.0,1.0,0.0
54,7,0,4,3232235819,831.0,1.0,7.0,0.0
54,6,0,4,3232235819,4518.0,9.0,7.0,0.0
54,5,0,4,3232235819,5294.0,7.0,7.0,0.0
54,2,0,4,3232235819,3503.0,6.0,7.0,0.0
54,9,0,4,3232235819,8740.0,4.0,7.0,0.0
54,8,0,4,3232235819,1330.0,1.0,7.0,0.0
39,7,0,7,3232235964,512.0,1.0,7.0,0.0
39,6,0,7,1739241587,3176.0,2.0,7.0,0.0
39,0,0,7,3232235964,756.0,3.0,7.0,0.0
39,8,0,7,3232235964,8.0,1.0,7.0,0.0
43,7,0,8,3232235853,1460.0,1.0,8.0,0.0
43,6,0,8,3232235853,3998.0,4.0,8.0,0.0
43,0,0,8,3232235853,3345.0,2.0,8.0,0.0
43,8,0,8,3232235853,818.0,1.0,8.0,0.0
81,7,0,1,3232235908,1947.0,1.0,10.0,0.0
81,6,0,1,3232235908,2353.0,4.0,10.0,0.0
81,0,0,1,3232235908,3192.0,7.0,10.0,0.0
81,8,0,1,3232235908,1460.0,1.0,10.0,0.0
25,7,0,8,3232235828,1327.0,1.0,11.0,0.0
25,6,0,8,3232235828,4165.0,3.0,11.0,0.0
25,0,0,8,3232235828,3277.0,5.0,11.0,0.0
25,8,0,8,3232235828,937.0,1.0,11.0,0.0
8,7,0,1,3232235813,584.0,1.0,13.0,0.0
8,6,0,1,3232235813,2151.0,8.0,14.0,0.0
8,0,0,1,3232235813,5267.0,9.0,14.0,0.0
8,8,0,1,3232235813,1382.0,1.0,14.0,0.0
48,7,0,1,3232235975,1024.0,1.0,14.0,0.0
48,6,0,1,3232235975,5199.0,5.0,14.0,0.0
48,5,0,1,3232235975,1997.0,30.0,14.0,0.0
48,2,0,1,3232235975,9675.0,4.0,14.0,0.0
48,9,1,1,3232235975,4847.0,4.0,14.0,0.0
48,8,0,1,3232235975,743.0,1.0,14.0,0.0
82,6,0,0,3232235801,5191.0,10.0,15.0,0.0
82,0,0,0,3232235801,1757.0,8.0,15.0,0.0
82,8,0,0,3232235801,1443.0,1.0,15.0,0.0
59,7,0,1,3232235914,629.0,1.0,15.0,0.0
59,6,0,1,3232235914,2658.0,1.0,16.0,0.0
59,0,0,1,3232235914,3754.0,9.0,16.0,0.0
59,8,0,1,3232235914,1292.0,1.0,16.0,0.0
31,7,0,0,3232235865,1934.0,1.0,16.0,0.0
31,6,0,0,3232235865,4921.0,2.0,16.0,0.0
31,0,0,0,3232235865,5339.0,3.0,16.0,0.0
31,8,0,0,3232235865,215.0,1.0,16.0,0.0
23,7,0,1,3232235907,307.0,1.0,16.0,0.0
23,6,0,1,3232235907,1770.0,4.0,16.0,0.0
23,0,0,1,3232235907,5196.0,2.0,16.0,0.0
23,8,0,1,3232235907,1393.0,1.0,16.0,0.0
73,7,1,0,3232235814,652.0,1.0,1.0,1.0
84,7,0,7,3232235817,313.0,1.0,7.0,1.0
84,1,0,7,3232235817,1010.0,1.0,7.0,1.0
84,4,0,7,3232235817,2642.0,1.0,7.0,1.0
84,3,0,7,3232235817,3452.0,3.0,7.0,1.0
84,8,0,7,3232235817,471.0,1.0,7.0,1.0
35,7,0,7,3232235875,561.0,1.0,9.0,1.0
35,6,0,7,3232235875,2729.0,8.0,9.0,1.0
35,0,0,6,3232235875,4664.0,1.0,9.0,1.0
35,8,0,7,3232235875,266.0,1.0,9.0,1.0
52,7,0,7,3232235875,1095.0,1.0,10.0,1.0
52,6,0,7,3232235875,674.0,1.0,10.0,1.0
52,0,0,7,3232235875,2801.0,8.0,10.0,1.0
52,8,0,7,3232235875,795.0,1.0,10.0,1.0
56,7,0,1,3232235949,371.0,1.0,10.0,1.0
56,6,0,1,3232235949,4746.0,4.0,10.0,1.0
56,0,0,1,3232235949,4194.0,4.0,10.0,1.0
56,8,0,1,3232235949,423.0,1.0,10.0,1.0
50,7,0,7,3232235996,911.0,1.0,10.0,1.0
50,6,0,7,3232235996,1314.0,6.0,10.0,1.0
50,0,0,7,3232235996,1020.0,9.0,10.0,1.0
50,8,0,7,3232235996,4046.0,1.0,10.0,1.0
69,7,0,1,3232236011,1201.0,1.0,12.0,1.0
69,6,0,1,3232236011,3559.0,3.0,12.0,1.0
69,0,0,1,3232236011,1968.0,5.0,12.0,1.0
69,8,0,1,3232236011,818.0,1.0,12.0,1.0
73,6,0,0,3232235814,2099.0,5.0,13.0,1.0
73,0,0,0,3232235814,1495.0,4.0,13.0,1.0
73,8,0,0,3232235814,883.0,1.0,13.0,1.0
76,7,0,8,3232235915,950.0,1.0,13.0,1.0
76,6,0,8,3232235915,676.0,7.0,13.0,1.0
76,0,0,8,3232235915,3992.0,1.0,13.0,1.0
76,8,0,8,3232235915,1224.0,1.0,13.0,1.0
8,7,0,5,3232235813,1679.0,1.0,14.0,1.0
8,6,0,1,3232235813,2107.0,10.0,14.0,1.0
8,0,0,1,3232235813,4033.0,6.0,14.0,1.0
8,8,0,1,3232235813,1070.0,1.0,14.0,1.0
67,7,0,4,3232235880,1244.0,1.0,14.0,1.0
67,6,0,4,3232235880,3386.0,8.0,14.0,1.0
67,0,0,4,3232235880,1958.0,7.0,14.0,1.0
67,8,0,4,3232235880,411.0,1.0,14.0,1.0
56,7,0,1,3232235949,317.0,1.0,15.0,1.0
56,6,0,1,3232235949,2014.0,4.0,15.0,1.0
56,0,0,1,3232235949,717.0,1.0,15.0,1.0
56,8,0,1,3232235949,1400.0,1.0,15.0,1.0
44,7,0,8,3232236004,1339.0,1.0,15.0,1.0
44,6,0,8,3232236004,856.0,5.0,15.0,1.0
44,0,0,8,3232236004,5899.0,5.0,15.0,1.0
44,8,0,8,3232236004,1297.0,1.0,15.0,1.0
39,7,1,7,3232235964,1579.0,96.0,16.0,1.0
39,6,0,7,3232235964,5369.0,3.0,16.0,1.0
39,0,0,7,3232235964,1046.0,6.0,16.0,1.0
39,8,0,7,604713790,1345.0,1.0,16.0,1.0
83,7,1,7,3232235998,1032.0,1.0,7.0,2.0
83,6,0,7,3232235998,5891.0,1.0,7.0,2.0
83,0,0,7,3232235998,1072.0,7.0,7.0,2.0
83,8,0,7,3232235998,544.0,1.0,7.0,2.0
71,7,1,4,3232235832,1164.0,1.0,8.0,2.0
71,6,0,4,3232235832,4978.0,7.0,8.0,2.0
71,0,0,4,3232235832,1921.0,5.0,8.0,2.0
71,8,0,4,3232235832,1414.0,1.0,8.0,2.0
44,7,0,8,3232236004,1477.0,1.0,11.0,2.0
44,6,0,8,3232236004,3741.0,3.0,11.0,2.0
44,0,0,8,3232236004,3008.0,6.0,11.0,2.0
44,8,0,8,3232236004,841.0,1.0,11.0,2.0
76,7,0,6,3232235915,1841.0,1.0,13.0,2.0
76,6,0,8,3232235915,23661.0,6.0,13.0,2.0
76,0,0,8,3232235915,2919.0,8.0,13.0,2.0
76,8,0,8,3232235915,877.0,1.0,13.0,2.0
53,7,0,4,3232235894,454.0,1.0,13.0,2.0
53,6,0,4,3232235894,5998.0,6.0,13.0,2.0
53,0,0,4,3232235894,3400.0,8.0,14.0,2.0
53,8,0,4,3232235894,286.0,1.0,14.0,2.0
66,7,0,7,3232235984,616.0,1.0,14.0,2.0
66,6,0,7,3232235984,4305.0,7.0,14.0,2.0
59,7,0,1,3232235914,1590.0,1.0,14.0,2.0
59,6,0,1,3232235914,1511.0,8.0,14.0,2.0
66,0,0,7,3232235984,2562.0,6.0,14.0,2.0
59,0,0,1,3232235914,2904.0,7.0,14.0,2.0
66,8,0,7,3232235984,459.0,1.0,14.0,2.0
59,8,0,1,3232235914,1262.0,1.0,14.0,2.0
46,7,0,1,3232235958,1640.0,1.0,15.0,2.0
46,6,0,1,3232235958,2942.0,3.0,15.0,2.0
46,0,0,1,3232235958,534.0,6.0,15.0,2.0
46,8,0,1,3232235958,3990.0,1.0,15.0,2.0
64,7,0,4,3232235993,1454.0,1.0,4.0,3.0
72,7,0,0,3232235879,1739.0,1.0,5.0,3.0
72,6,0,0,3232235879,1318.0,8.0,9.0,3.0
72,0,0,0,3232235879,3550.0,4.0,9.0,3.0
72,8,0,0,3232235879,1020.0,1.0,9.0,3.0
46,7,0,1,3232235958,1503.0,1.0,11.0,3.0
46,6,0,1,3232235958,1219.0,7.0,11.0,3.0
46,0,0,1,3232235958,2697.0,6.0,11.0,3.0
46,8,0,1,3232235958,1185.0,137.0,11.0,3.0
64,6,0,4,3232235993,3141.0,10.0,11.0,3.0
64,0,0,4,3232235993,1640.0,4.0,11.0,3.0
64,8,0,4,3232235993,712.0,1.0,11.0,3.0
42,7,1,0,3232235798,442.0,1.0,14.0,3.0
42,6,0,0,3232235798,3081.0,3.0,14.0,3.0
42,0,0,0,3232235798,2643.0,9.0,14.0,3.0
42,8,0,0,3232235798,337.0,1.0,14.0,3.0
27,7,0,1,3232235892,1706.0,1.0,1.0,4.0
45,7,0,4,3232235925,1104.0,1.0,6.0,4.0
57,7,0,4,3232235957,1072.0,118.0,8.0,4.0
64,7,0,4,3232235993,1643.0,1.0,8.0,4.0
57,6,0,4,3232235957,721.0,10.0,8.0,4.0
57,0,0,4,3034587931,1586.0,10.0,8.0,4.0
64,6,0,4,3232235993,3006.0,7.0,8.0,4.0
57,8,0,4,3232235957,369.0,1.0,8.0,4.0
64,0,0,4,3232235993,730.0,8.0,8.0,4.0
64,8,0,4,3232235993,1120.0,1.0,9.0,4.0
35,7,0,7,3232235875,307.0,1.0,9.0,4.0
35,6,0,7,3021031559,3926.0,7.0,9.0,4.0
35,0,0,7,3232235875,3376.0,7.0,9.0,4.0
35,8,0,7,3232235875,512.0,1.0,9.0,4.0
44,7,0,8,3232236004,344.0,1.0,10.0,4.0
44,6,0,8,3232236004,2063.0,84.0,10.0,4.0
44,0,0,8,3232236004,1788.0,1.0,10.0,4.0
44,8,0,8,3232236004,695.0,1.0,10.0,4.0
41,7,0,7,3232236027,671.0,1.0,10.0,4.0
41,6,0,7,3232236027,1456.0,4.0,10.0,4.0
41,0,0,7,3232236027,1796.0,4.0,10.0,4.0
41,8,0,6,3232236027,1424.0,1.0,10.0,4.0
45,6,0,4,3232235925,2301.0,5.0,12.0,4.0
45,0,0,4,3232235925,4556.0,4.0,12.0,4.0
45,8,0,4,3232235925,550.0,1.0,12.0,4.0
28,7,0,2,3232235849,1084.0,1.0,12.0,4.0
28,6,0,8,3232235849,5186.0,10.0,12.0,4.0
28,0,0,8,3232235849,4375.0,1.0,12.0,4.0
28,8,0,8,3232235849,552.0,1.0,12.0,4.0
27,6,0,1,3232235892,1665.0,6.0,15.0,4.0
27,0,0,1,3232235892,2916.0,8.0,15.0,4.0
27,8,0,1,3232235892,996.0,1.0,15.0,4.0
45,7,0,4,3232235925,634.0,1.0,16.0,4.0
45,6,0,4,3232235925,2151.0,2.0,16.0,4.0
45,0,0,4,3232235925,5371.0,8.0,16.0,4.0
45,8,0,4,3232235925,1327.0,1.0,16.0,4.0
39,7,0,7,3232235964,1714.0,1.0,16.0,4.0
39,6,0,7,3232235964,5690.0,10.0,16.0,4.0
39,0,0,7,3232235964,4167.0,1.0,16.0,4.0
39,8,0,7,3232235964,569.0,1.0,16.0,4.0
49,7,0,4,3232236030,1805.0,1.0,16.0,4.0
49,6,0,4,3232236030,5367.0,10.0,16.0,4.0
49,0,0,4,3232236030,1303.0,10.0,16.0,4.0
49,8,0,4,3232236030,1034.0,1.0,16.0,4.0
41,7,0,7,3232236027,1248.0,1.0,1.0,5.0
53,7,0,4,3232235894,1767.0,1.0,11.0,5.0
53,6,0,4,3232235894,2584.0,8.0,11.0,5.0
53,0,0,4,3232235894,5984.0,10.0,11.0,5.0
53,8,0,4,3232235894,1201.0,1.0,11.0,5.0
79,7,0,8,3232235880,1960.0,1.0,13.0,5.0
79,6,0,8,3232235880,1133.0,7.0,13.0,5.0
79,0,0,8,3232235880,2228.0,10.0,13.0,5.0
79,8,0,8,3232235880,1108.0,1.0,13.0,5.0
41,6,0,7,3232236027,5966.0,9.0,14.0,5.0
41,0,0,7,3232236027,1895.0,3.0,14.0,5.0
41,8,0,6,3232236027,353.0,1.0,14.0,5.0
86,7,0,0,3232235930,1293.0,1.0,14.0,5.0
86,6,0,0,3232235930,902.0,8.0,14.0,5.0
86,0,0,0,3232235930,4431.0,10.0,14.0,5.0
86,8,0,0,3232235930,745.0,1.0,14.0,5.0
80,7,0,4,3232235834,1482.0,1.0,15.0,5.0
80,6,0,4,3232235834,528.0,1.0,15.0,5.0
80,0,0,4,3232235834,2087.0,5.0,15.0,5.0
80,8,0,4,3232235834,883.0,1.0,15.0,5.0
38,7,0,4,3232235984,1575.0,1.0,15.0,5.0
38,6,0,4,3232235984,1467.0,3.0,15.0,5.0
38,0,0,4,3232235984,4506.0,5.0,15.0,5.0
38,8,0,4,3232235984,1055.0,1.0,15.0,5.0
86,7,0,0,3232235930,1778.0,1.0,0.0,6.0
27,7,0,1,3232235892,1715.0,1.0,7.0,6.0
47,7,0,7,3232235789,951.0,1.0,7.0,6.0
27,6,0,1,3232235892,1443.0,8.0,7.0,6.0
47,6,0,7,3232235789,2539.0,10.0,7.0,6.0
47,0,0,7,3232235789,3655.0,3.0,7.0,6.0
27,0,0,1,3232235892,855.0,8.0,7.0,6.0
27,8,0,1,3232235892,869.0,1.0,7.0,6.0
47,8,0,7,3232235789,861.0,1.0,7.0,6.0
78,7,0,8,3232235887,1861.0,1.0,10.0,6.0
78,6,0,8,3232235887,2199.0,8.0,10.0,6.0
78,0,0,8,3232235887,4921.0,2.0,10.0,6.0
78,8,0,8,3232235887,204.0,1.0,10.0,6.0
81,7,0,1,3232235908,1583.0,1.0,11.0,6.0
81,6,0,1,3232235908,2671.0,9.0,11.0,6.0
81,0,0,2,3232235908,3958.0,10.0,11.0,6.0
81,8,0,1,3232235908,1302.0,1.0,11.0,6.0
62,7,0,4,3232236014,1433.0,1.0,11.0,6.0
41,7,0,3,3232236027,1450.0,1.0,11.0,6.0
62,6,0,4,3232236014,3184.0,5.0,11.0,6.0
41,6,0,7,3232236027,4753.0,4.0,11.0,6.0
41,0,0,7,3232236027,4429.0,10.0,11.0,6.0
62,0,0,4,3232236014,5762.0,32.0,11.0,6.0
62,8,0,4,3232236014,259.0,1.0,11.0,6.0
41,8,0,7,3232236027,89.0,1.0,11.0,6.0
24,7,0,8,3232235784,1019.0,1.0,11.0,6.0
24,6,0,8,3232235784,1388.0,3.0,11.0,6.0
24,0,0,8,3232235784,5207.0,9.0,11.0,6.0
24,8,0,8,3232235784,931.0,1.0,11.0,6.0
56,7,0,1,3232235949,597.0,1.0,13.0,6.0
56,6,0,1,3232235949,4720.0,3.0,13.0,6.0
56,0,0,1,3232235949,4076.0,5.0,13.0,6.0
56,8,0,1,3232235949,469.0,1.0,13.0,6.0
86,6,0,0,3232235930,1307.0,10.0,14.0,6.0
86,0,0,0,3232235930,5808.0,5.0,14.0,6.0
86,8,0,0,3232235930,1155.0,1.0,14.0,6.0
32,7,0,4,3232235817,1907.0,1.0,16.0,6.0
32,6,0,4,3232235817,4577.0,4.0,16.0,6.0
32,0,0,4,3232235817,5488.0,4.0,16.0,6.0
32,8,0,4,3232235817,738.0,1.0,16.0,6.0
86,7,0,0,3232235930,1146.0,1.0,3.0,0.0
22,7,0,7,3232235833,1123.0,1.0,6.0,0.0
46,7,0,1,3232235958,1843.0,1.0,7.0,0.0
46,6,0,1,3232235958,4141.0,188.0,7.0,0.0
46,0,0,1,3232235958,2317.0,8.0,7.0,0.0
46,8,0,1,3232235958,841.0,86.0,7.0,0.0
64,7,0,4,3232235993,1859.0,1.0,8.0,0.0
64,6,0,4,3232235993,1337.0,3.0,8.0,0.0
64,0,0,4,3232235993,1215.0,3.0,8.0,0.0
64,8,0,4,3232235993,1082.0,1.0,8.0,0.0
28,7,1,8,3232235849,846.0,1.0,9.0,0.0
28,6,0,8,3232235849,4401.0,9.0,9.0,0.0
28,0,0,8,3232235849,4208.0,6.0,9.0,0.0
28,8,0,8,3232235849,743.0,1.0,9.0,0.0
37,7,0,4,3232235932,1725.0,1.0,10.0,0.0
37,6,0,4,3232235932,2410.0,10.0,10.0,0.0
37,0,0,4,3232235932,5400.0,5.0,10.0,0.0
37,8,0,4,3232235932,933.0,1.0,10.0,0.0
39,7,0,7,3232235964,858.0,49.0,11.0,0.0
39,6,0,7,3232235964,1786.0,2.0,11.0,0.0
39,0,0,7,3232235964,5762.0,2.0,11.0,0.0
39,8,0,7,3232235964,562.0,1.0,11.0,0.0
62,7,0,4,3232236014,364.0,1.0,11.0,0.0
62,6,0,3,3232236014,2068.0,3.0,11.0,0.0
62,0,0,4,3232236014,2096.0,6.0,11.0,0.0
62,8,0,4,3232236014,1336.0,1.0,12.0,0.0
80,7,1,4,3232235834,1391.0,1.0,12.0,0.0
80,6,0,4,3232235834,3783.0,10.0,12.0,0.0
80,0,0,4,3232235834,3886.0,4.0,13.0,0.0
80,8,0,4,3232235834,1471.0,1.0,13.0,0.0
22,6,0,7,3232235833,3495.0,6.0,13.0,0.0
22,0,0,7,3232235833,4635.0,5.0,13.0,0.0
22,8,0,7,3232235833,498.0,1.0,13.0,0.0
75,7,0,1,3232235968,1215.0,1.0,13.0,0.0
46,7,0,1,3232235958,1569.0,1.0,13.0,0.0
75,6,0,1,3232235968,604.0,1.0,13.0,0.0
46,6,0,1,3232235958,5159.0,2.0,13.0,0.0
75,0,0,1,3232235968,505.0,4.0,13.0,0.0
75,8,0,1,3232235968,294.0,1.0,13.0,0.0
46,0,0,1,3232235958,4918.0,6.0,13.0,0.0
46,8,0,1,3232235958,688.0,1.0,13.0,0.0
86,6,0,0,3232235930,522.0,2.0,16.0,0.0
86,0,0,0,3232235930,4798.0,2.0,16.0,0.0
86,8,0,0,3232235930,1153.0,1.0,16.0,0.0
20,7,0,8,3232235886,493.0,1.0,16.0,0.0
20,6,0,8,3232235886,4060.0,6.0,16.0,0.0
20,0,0,8,3232235886,5334.0,6.0,16.0,0.0
20,8,0,8,3232235886,396.0,1.0,16.0,0.0
59,7,0,1,3232235914,640.0,1.0,2.0,1.0
85,7,0,1,3232235980,711.0,1.0,7.0,1.0
85,6,0,1,3232235980,5487.0,3.0,7.0,1.0
59,6,0,1,3232235914,4539.0,7.0,7.0,1.0
85,5,0,1,3232235980,1312.0,9.0,7.0,1.0
85,2,0,1,3232235980,9824.0,4.0,7.0,1.0
59,0,0,1,3232235914,3377.0,9.0,7.0,1.0
59,8,0,1,3232235914,968.0,1.0,7.0,1.0
85,9,0,1,3232235980,6723.0,3.0,7.0,1.0
85,8,0,1,144259970,1144.0,1.0,7.0,1.0
67,7,0,4,3232235880,1762.0,1.0,7.0,1.0
67,6,0,4,3232235880,4632.0,7.0,7.0,1.0
67,0,0,4,3232235880,4925.0,1.0,7.0,1.0
67,8,0,4,3232235880,266.0,1.0,7.0,1.0
37,7,1,4,3232235932,1617.0,1.0,9.0,1.0
37,6,0,4,3232235932,4117.0,5.0,9.0,1.0
37,0,0,4,3232235932,1346.0,1.0,9.0,1.0
37,8,0,4,3232235932,349.0,1.0,9.0,1.0
58,7,0,7,3232235933,587.0,1.0,11.0,1.0
58,6,0,7,3232235933,2003.0,5.0,11.0,1.0
58,0,0,7,3232235933,4289.0,4.0,11.0,1.0
58,8,0,7,3232235933,354.0,1.0,11.0,1.0
71,7,0,4,3232235832,1228.0,1.0,11.0,1.0
71,6,0,4,3232235832,1834.0,10.0,12.0,1.0
71,0,0,4,3232235832,1552.0,6.0,12.0,1.0
71,8,0,4,3232235832,234.0,1.0,12.0,1.0
8,7,0,1,3232235813,1104.0,1.0,12.0,1.0
8,6,0,1,3232235813,2446.0,5.0,12.0,1.0
8,0,0,1,3232235813,741.0,10.0,12.0,1.0
8,8,0,1,3232235813,1165.0,1.0,12.0,1.0
63,7,0,8,3232235834,1685.0,1.0,3.0,2.0
67,7,0,4,3232235880,965.0,1.0,5.0,2.0
1,7,0,7,3232235784,595.0,1.0,6.0,2.0
1,1,0,7,3232235784,1509.0,3.0,7.0,2.0
1,4,0,7,3232235784,6326.0,7.0,7.0,2.0
1,3,0,7,3232235784,7205.0,9.0,7.0,2.0
1,8,0,7,3232235784,763.0,1.0,7.0,2.0
47,7,0,7,3232235789,718.0,1.0,8.0,2.0
47,6,0,7,3232235789,3543.0,4.0,8.0,2.0
47,0,0,7,3232235789,2425.0,1.0,8.0,2.0
47,8,0,7,3232235789,1300.0,1.0,9.0,2.0
56,7,0,1,3232235949,974.0,1.0,9.0,2.0
56,6,0,1,3232235949,1597.0,4.0,9.0,2.0
56,0,0,1,3232235949,5351.0,6.0,9.0,2.0
56,8,0,1,3232235949,1352.0,1.0,9.0,2.0
67,6,0,4,3232235880,1563.0,8.0,10.0,2.0
67,0,0,4,3232235880,5296.0,4.0,10.0,2.0
67,8,0,4,3232235880,602.0,1.0,10.0,2.0
77,7,0,4,3232235969,580.0,1.0,11.0,2.0
77,6,0,4,3232235969,2360.0,1.0,11.0,2.0
77,0,0,4,3232235969,2291.0,1.0,11.0,2.0
77,8,0,4,3232235969,483.0,1.0,11.0,2.0
79,7,0,8,3232235880,1041.0,1.0,12.0,2.0
79,6,0,8,3232235880,5228.0,10.0,12.0,2.0
79,0,0,8,3232235880,2052.0,10.0,12.0,2.0
79,8,0,2,3232235880,447.0,1.0,12.0,2.0
56,7,0,1,3232235949,709.0,1.0,12.0,2.0
56,6,0,1,3232235949,2307.0,2.0,12.0,2.0
56,0,0,1,3232235949,4358.0,10.0,12.0,2.0
56,8,0,1,3232235949,1192.0,1.0,12.0,2.0
63,6,0,8,3232235834,1783.0,10.0,13.0,2.0
63,0,0,8,3232235834,11.0,1.0,13.0,2.0
63,8,0,8,3232235834,663.0,1.0,13.0,2.0
25,7,0,8,3232235828,1478.0,1.0,6.0,3.0
49,7,1,4,3232236030,1361.0,1.0,7.0,3.0
49,6,0,4,3232236030,1030.0,1.0,7.0,3.0
49,0,0,4,3232236030,1400.0,5.0,7.0,3.0
49,8,0,4,3232236030,13113.0,1.0,7.0,3.0
85,7,0,1,3232235980,1775.0,1.0,7.0,3.0
85,6,0,1,3232235980,5344.0,10.0,7.0,3.0
85,5,0,1,3232235980,811.0,3.0,7.0,3.0
85,2,0,1,3232235980,3231.0,4.0,7.0,3.0
85,9,0,1,3232235980,2122.0,2.0,7.0,3.0
85,8,0,1,3232235980,1041.0,1.0,8.0,3.0
57,7,0,4,3232235957,1709.0,1.0,9.0,3.0
57,6,0,4,3232235957,3234.0,8.0,9.0,3.0
57,0,0,4,3232235957,5716.0,8.0,9.0,3.0
57,8,0,4,3232235957,740.0,1.0,9.0,3.0
83,7,0,7,3232235998,607.0,1.0,10.0,3.0
83,6,0,7,3232235998,3261.0,10.0,10.0,3.0
83,0,0,7,3232235998,2612.0,4.0,10.0,3.0
83,8,0,7,3232235998,1254.0,1.0,10.0,3.0
61,7,0,0,3232235875,1767.0,1.0,10.0,3.0
57,7,0,4,3232235957,1984.0,1.0,10.0,3.0
57,6,0,4,3232235957,4632.0,8.0,10.0,3.0
61,6,0,0,3232235875,852.0,3.0,10.0,3.0
61,0,0,0,3232235875,4296.0,6.0,10.0,3.0
57,0,0,4,3232235957,1020.0,1.0,10.0,3.0
61,8,0,0,3232235875,1209.0,1.0,10.0,3.0
57,8,0,4,3232235957,1267.0,1.0,10.0,3.0
45,7,0,4,3232235925,1381.0,1.0,11.0,3.0
45,6,0,4,3232235925,3458.0,6.0,11.0,3.0
45,0,0,4,3232235925,1581.0,7.0,11.0,3.0
45,8,0,4,3232235925,1364.0,1.0,11.0,3.0
52,7,0,7,3232235875,836.0,1.0,14.0,3.0
52,6,0,7,3232235875,722.0,5.0,14.0,3.0
52,0,0,7,3232235875,3680.0,6.0,14.0,3.0
52,8,0,7,3232235875,972.0,1.0,14.0,3.0
1,7,0,7,3232235784,38.0,1.0,14.0,3.0
43,7,0,8,3232235853,1630.0,1.0,14.0,3.0
1,1,0,7,3232235784,4713.0,1.0,14.0,3.0
1,4,0,7,3232235784,3319.0,10.0,14.0,3.0
43,6,0,8,3232235853,4725.0,1.0,14.0,3.0
43,0,0,8,3232235853,5556.0,10.0,14.0,3.0
76,7,0,8,3232235915,561.0,1.0,14.0,3.0
43,8,0,8,3232235853,628.0,1.0,14.0,3.0
1,3,0,7,3232235784,4799.0,4.0,14.0,3.0
76,6,0,8,3232235915,3654.0,6.0,14.0,3.0
76,0,0,8,766119213,3115.0,8.0,14.0,3.0
76,8,0,8,3232235915,1068.0,1.0,14.0,3.0
1,8,0,7,3232235784,953.0,1.0,14.0,3.0
85,7,0,1,3232235980,1223.0,1.0,15.0,3.0
85,6,0,1,3232235980,3562.0,10.0,15.0,3.0
85,5,0,1,3232235980,5603.0,6.0,15.0,3.0
85,2,0,1,3232235980,10512.0,5.0,16.0,3.0
85,9,0,1,3232235980,4541.0,9.0,16.0,3.0
85,8,0,1,3232235980,681.0,1.0,16.0,3.0
25,6,0,8,3232235828,2586.0,9.0,16.0,3.0
25,0,0,8,3232235828,5944.0,3.0,16.0,3.0
25,8,0,8,3232235828,664.0,1.0,16.0,3.0
77,7,0,4,3232235969,665.0,1.0,1.0,4.0
63,7,0,8,3232235834,674.0,1.0,8.0,4.0
63,6,0,8,3232235834,1234.0,3.0,8.0,4.0
63,0,0,8,3232235834,3013.0,7.0,8.0,4.0
63,8,0,8,3232235834,546.0,1.0,8.0,4.0
77,6,0,4,3232235969,3821.0,10.0,10.0,4.0
77,0,0,4,3232235969,2885.0,3.0,10.0,4.0
77,8,0,4,3232235969,498.0,1.0,10.0,4.0
77,7,0,4,3232235969,467.0,1.0,13.0,4.0
77,6,0,4,3232235969,5495.0,2.0,13.0,4.0
77,0,0,4,3232235969,3238.0,5.0,13.0,4.0
77,8,0,4,3232235969,1276.0,1.0,13.0,4.0
85,7,0,1,3232235980,1566.0,1.0,15.0,4.0
85,6,0,1,3232235980,715.0,9.0,15.0,4.0
85,5,0,1,3232235980,1840.0,10.0,15.0,4.0
85,2,0,1,3232235980,8435.0,6.0,15.0,4.0
85,9,0,1,3232235980,8111.0,2.0,15.0,4.0
85,8,0,1,3232235980,479.0,1.0,15.0,4.0
26,7,0,8,3232235885,1767.0,1.0,15.0,4.0
26,6,0,8,3232235885,4668.0,5.0,15.0,4.0
26,0,0,8,3232235885,3903.0,8.0,15.0,4.0
26,8,0,8,3232235885,1167.0,1.0,15.0,4.0
23,7,0,1,3232235907,864.0,1.0,16.0,4.0
23,6,0,1,3232235907,2435.0,1.0,16.0,4.0
23,0,0,1,3232235907,4477.0,6.0,16.0,4.0
23,8,0,1,3232235907,669.0,1.0,16.0,4.0
46,7,1,1,3232235958,1011.0,1.0,4.0,5.0
53,7,0,4,3232235894,1229.0,1.0,8.0,5.0
53,6,0,4,3232235894,5992.0,9.0,8.0,5.0
53,0,0,4,3232235894,3933.0,10.0,8.0,5.0
53,8,0,4,3232235894,516.0,1.0,8.0,5.0
73,7,0,0,3232235814,1753.0,1.0,10.0,5.0
73,6,0,0,3232235814,5896.0,3.0,10.0,5.0
73,0,0,0,2345370218,4099.0,2.0,10.0,5.0
73,8,0,0,3232235814,1283.0,1.0,10.0,5.0
46,6,0,1,3232235958,1549.0,8.0,10.0,5.0
46,0,0,1,3232235958,4507.0,10.0,10.0,5.0
46,8,0,1,3232235958,1043.0,1.0,10.0,5.0
62,7,0,5,3232236014,465.0,1.0,10.0,5.0
62,6,0,4,3232236014,4085.0,9.0,10.0,5.0
62,0,0,4,3232236014,4679.0,8.0,10.0,5.0
62,8,0,4,3232236014,907.0,1.0,10.0,5.0
25,7,0,8,3232235828,842.0,1.0,12.0,5.0
25,6,0,8,3232235828,5758.0,9.0,12.0,5.0
25,0,0,8,3232235828,3674.0,3.0,12.0,5.0
25,8,0,8,3232235828,959.0,1.0,12.0,5.0
55,7,0,4,3232235868,411.0,1.0,14.0,5.0
55,6,0,4,3232235868,4747.0,6.0,14.0,5.0
55,5,0,4,134625335,5600.0,8.0,14.0,5.0
55,2,0,4,3232235868,11746.0,8.0,14.0,5.0
55,9,0,4,3232235868,1845.0,4.0,14.0,5.0
55,8,0,4,3232235868,746.0,1.0,14.0,5.0
8,7,0,1,3232235813,1472.0,1.0,16.0,5.0
8,6,0,1,3232235813,2700.0,1.0,16.0,5.0
8,0,0,1,3232235813,5580.0,6.0,16.0,5.0
8,8,0,1,3232235813,546.0,1.0,16.0,5.0
83,7,1,7,3232235998,1404.0,1.0,4.0,6.0
33,7,0,1,3232236023,415.0,1.0,7.0,6.0
33,6,0,1,3232236023,4681.0,8.0,8.0,6.0
33,0,0,1,3232236023,5808.0,1.0,8.0,6.0
33,8,0,1,3232236023,815.0,1.0,8.0,6.0
51,7,0,1,3232235999,1479.0,1.0,8.0,6.0
51,6,0,1,3232235999,5682.0,4.0,8.0,6.0
51,0,0,1,3232235999,1973.0,8.0,8.0,6.0
51,8,0,1,3232235999,231.0,1.0,8.0,6.0
83,6,0,7,3232235998,5818.0,7.0,8.0,6.0
83,0,0,7,3232235998,4776.0,7.0,8.0,6.0
83,8,0,7,3232235998,958.0,1.0,8.0,6.0
51,7,0,1,3232235999,49.0,1.0,9.0,6.0
50,7,0,7,3232235996,1512.0,1.0,9.0,6.0
50,6,0,7,3232235996,4121.0,7.0,9.0,6.0
51,6,0,1,3232235999,4576.0,56.0,9.0,6.0
51,0,0,1,3232235999,4952.0,1.0,9.0,6.0
50,0,0,7,3232235996,2006.0,6.0,9.0,6.0
51,8,0,1,3232235999,1445.0,1.0,9.0,6.0
50,8,0,7,3232235996,769.0,1.0,9.0,6.0
60,7,0,3,3232235819,1026.0,1.0,11.0,6.0
60,6,0,1,3232235819,860.0,8.0,11.0,6.0
60,0,0,1,3232235819,5020.0,4.0,11.0,6.0
60,8,0,1,3232235819,562.0,1.0,11.0,6.0
80,7,0,4,3232235834,1360.0,1.0,13.0,6.0
80,6,0,4,3232235834,2764.0,7.0,13.0,6.0
80,0,0,4,3232235834,3867.0,3.0,13.0,6.0
80,8,0,4,3232235834,604.0,1.0,13.0,6.0
68,7,0,4,3232235794,522.0,1.0,13.0,6.0
68,6,0,4,3232235794,3625.0,4.0,13.0,6.0
23,7,0,1,3232235907,791.0,1.0,13.0,6.0
68,0,0,4,3232235794,5850.0,2.0,13.0,6.0
23,6,0,1,3232235907,43.0,8.0,13.0,6.0
68,8,0,4,3232235794,1293.0,1.0,13.0,6.0
23,0,0,1,3232235907,1462.0,6.0,13.0,6.0
23,8,0,1,3232235907,955.0,1.0,13.0,6.0
54,7,0,4,3232235819,1550.0,1.0,14.0,6.0
54,6,0,4,3232235819,4072.0,3.0,14.0,6.0
54,5,0,4,3232235819,1966.0,2.0,14.0,6.0
54,2,1,4,3232235819,4667.0,3.0,14.0,6.0
54,9,0,4,3232235819,1280.0,5.0,15.0,6.0
54,8,0,4,3232235819,330.0,1.0,15.0,6.0
1,7,1,7,3232235784,350.0,1.0,0.0,0.0
78,7,0,8,3232235887,1922.0,1.0,7.0,0.0
78,6,0,8,3232235887,4563.0,2.0,7.0,0.0
78,0,0,8,3232235887,5165.0,3.0,7.0,0.0
78,8,0,8,3232235887,1320.0,1.0,7.0,0.0
54,7,0,4,3232235819,1812.0,1.0,10.0,0.0
54,6,0,4,3232235819,2765.0,10.0,10.0,0.0
54,5,0,4,3232235819,6727.0,9.0,10.0,0.0
54,2,0,4,3232235819,11277.0,5.0,10.0,0.0
54,9,0,4,3232235819,2647.0,4.0,10.0,0.0
54,8,0,4,3232235819,806.0,1.0,10.0,0.0
22,7,0,7,3232235833,751.0,1.0,11.0,0.0
22,6,0,7,3232235833,44330.0,10.0,11.0,0.0
22,0,0,7,3232235833,1953.0,4.0,11.0,0.0
22,8,0,7,3232235833,299.0,1.0,11.0,0.0
83,7,0,7,3232235998,1508.0,1.0,12.0,0.0
83,6,0,7,3232235998,1316.0,8.0,12.0,0.0
83,0,0,3,3232235998,2082.0,10.0,12.0,0.0
83,8,0,6,3232235998,517.0,1.0,12.0,0.0
18,7,1,7,3232235951,1621.0,1.0,14.0,0.0
18,6,0,7,3232235951,849.0,6.0,14.0,0.0
18,0,0,7,3232235951,1641.0,8.0,14.0,0.0
18,8,0,7,3232235951,1138.0,1.0,14.0,0.0
69,7,0,1,3232236011,1564.0,1.0,14.0,0.0
69,6,0,1,3232236011,4428.0,7.0,14.0,0.0
69,0,0,1,3232236011,1911.0,2.0,14.0,0.0
69,8,0,1,3232236011,1228.0,1.0,14.0,0.0
35,7,0,7,3232235875,691.0,1.0,15.0,0.0
35,6,0,7,3232235875,1243.0,9.0,15.0,0.0
35,0,0,7,3232235875,3447.0,8.0,15.0,0.0
35,8,0,7,3232235875,722.0,1.0,16.0,0.0
54,7,0,5,3232235819,637.0,1.0,16.0,0.0
54,6,0,2,3232235819,2131.0,9.0,16.0,0.0
54,5,0,4,3232235819,6272.0,6.0,16.0,0.0
54,2,0,4,3232235819,11035.0,4.0,16.0,0.0
54,9,0,4,3232235819,5409.0,1.0,16.0,0.0
54,8,0,4,3232235819,376.0,1.0,16.0,0.0
1,1,0,7,3232235784,3700.0,1.0,16.0,0.0
1,4,0,7,2347993840,2995.0,5.0,16.0,0.0
1,3,0,7,3232235784,7628.0,8.0,16.0,0.0
1,8,0,7,3232235784,576.0,1.0,16.0,0.0
55,7,0,4,3232235868,1086.0,1.0,2.0,1.0
59,7,0,1,3232235914,1630.0,1.0,3.0,1.0
44,7,0,8,3232236004,1389.0,1.0,7.0,1.0
44,6,0,8,3232236004,810.0,8.0,7.0,1.0
44,0,0,8,3232236004,5823.0,5.0,7.0,1.0
44,8,0,8,3232236004,893.0,1.0,7.0,1.0
55,7,1,4,3232235868,314.0,1.0,7.0,1.0
55,6,0,4,3232235868,1688.0,6.0,7.0,1.0
55,5,0,4,3232235868,6510.0,1.0,7.0,1.0
55,2,0,4,3232235868,10441.0,5.0,7.0,1.0
55,9,0,4,3232235868,6257.0,3.0,7.0,1.0
55,8,0,4,3232235868,815.0,1.0,7.0,1.0
38,7,0,4,3232235984,1817.0,1.0,7.0,1.0
38,6,0,4,3232235984,5190.0,9.0,7.0,1.0
38,0,0,4,3232235984,1188.0,6.0,7.0,1.0
38,8,0,4,3232235984,895.0,1.0,7.0,1.0
65,7,0,7,3232235836,1313.0,1.0,8.0,1.0
65,6,0,7,3232235836,2304.0,8.0,8.0,1.0
65,0,0,7,3232235836,2979.0,6.0,8.0,1.0
46,7,0,1,3232235958,729.0,1.0,8.0,1.0
65,8,0,7,3232235836,1329.0,1.0,8.0,1.0
46,6,0,1,3232235958,708.0,10.0,8.0,1.0
46,0,0,1,3232235958,4946.0,10.0,8.0,1.0
46,8,0,1,3232235958,397.0,1.0,8.0,1.0
8,7,1,1,3232235813,321.0,1.0,9.0,1.0
8,6,0,1,3232235813,4863.0,3.0,9.0,1.0
8,0,0,1,3232235813,5198.0,8.0,9.0,1.0
8,8,0,1,3232235813,829.0,1.0,9.0,1.0
26,7,0,8,3232235885,1550.0,1.0,9.0,1.0
26,6,0,8,3232235885,3306.0,5.0,9.0,1.0
26,0,0,8,3232235885,4208.0,5.0,9.0,1.0
39,7,0,7,3232235964,985.0,1.0,9.0,1.0
26,8,0,8,3232235885,703.0,1.0,9.0,1.0
39,6,0,7,3232235964,866.0,6.0,9.0,1.0
39,0,0,7,3232235964,4692.0,1.0,9.0,1.0
39,8,0,7,3232235964,501.0,1.0,9.0,1.0
55,6,0,4,3232235868,2533.0,3.0,11.0,1.0
55,5,0,4,3232235868,3182.0,10.0,11.0,1.0
55,2,0,4,3232235868,6623.0,4.0,11.0,1.0
55,9,0,4,3232235868,3610.0,8.0,11.0,1.0
55,8,0,4,3232235868,1254.0,1.0,11.0,1.0
52,7,0,7,3232235875,729.0,1.0,11.0,1.0
52,6,0,7,3232235875,5513.0,1.0,12.0,1.0
52,0,0,7,3232235875,1395.0,10.0,12.0,1.0
52,8,0,7,3232235875,1488.0,1.0,12.0,1.0
28,7,0,8,3232235849,1405.0,1.0,13.0,1.0
59,6,0,1,3232235914,2831.0,6.0,13.0,1.0
28,6,0,8,3232235849,3089.0,7.0,13.0,1.0
59,0,0,1,3232235914,3163.0,9.0,13.0,1.0
28,0,0,8,3232235849,3043.0,6.0,13.0,1.0
59,8,0,1,3232235914,1198.0,1.0,13.0,1.0
28,8,0,8,3232235849,252.0,1.0,13.0,1.0
70,7,0,8,3232236002,1063.0,1.0,14.0,1.0
70,6,0,8,2641523324,3896.0,7.0,14.0,1.0
70,0,0,8,3232236002,4669.0,1.0,14.0,1.0
70,8,0,8,3232236002,1347.0,1.0,14.0,1.0
79,7,0,8,3232235880,1292.0,1.0,14.0,1.0
79,6,0,8,3232235880,1777.0,6.0,14.0,1.0
79,0,0,8,3232235880,2574.0,5.0,14.0,1.0
79,8,0,8,3232235880,1418.0,1.0,14.0,1.0
43,7,0,8,3232235853,1857.0,1.0,16.0,1.0
43,6,0,8,3232235853,3423.0,5.0,16.0,1.0
43,0,0,8,3232235853,1040.0,3.0,16.0,1.0
43,8,0,8,3232235853,1352.0,1.0,16.0,1.0
20,7,1,8,3232235886,371.0,1.0,16.0,1.0
20,6,0,8,3232235886,1998.0,10.0,17.0,1.0
20,0,0,8,3232235886,3348.0,10.0,17.0,1.0
20,8,0,8,3232235886,237.0,1.0,17.0,1.0
54,7,0,4,3232235819,1368.0,1.0,8.0,2.0
54,6,0,3,3232235819,4398.0,9.0,8.0,2.0
54,5,0,4,3232235819,652.0,2.0,8.0,2.0
54,2,0,4,3232235819,10213.0,3.0,8.0,2.0
54,9,0,4,3232235819,1310.0,5.0,8.0,2.0
54,8,0,4,3232235819,621.0,1.0,8.0,2.0
69,7,0,1,3232236011,482.0,1.0,9.0,2.0
69,6,0,1,3232236011,5294.0,10.0,9.0,2.0
69,0,0,1,3232236011,2049.0,4.0,9.0,2.0
69,8,0,1,3232236011,956.0,1.0,9.0,2.0
8,7,0,1,3232235813,1113.0,1.0,9.0,2.0
8,6,0,1,3232235813,66.0,2.0,9.0,2.0
8,0,0,1,3232235813,2818.0,6.0,9.0,2.0
8,8,0,1,3232235813,431.0,1.0,9.0,2.0
84,7,0,7,3232235817,1080.0,1.0,10.0,2.0
84,1,0,7,3232235817,1956.0,3.0,10.0,2.0
84,4,0,7,3232235817,7795.0,3.0,10.0,2.0
84,3,0,7,3232235817,8511.0,7.0,10.0,2.0
84,8,0,7,3232235817,534.0,1.0,10.0,2.0
57,7,0,4,3232235957,840.0,1.0,11.0,2.0
57,6,0,6,3232235957,3743.0,9.0,11.0,2.0
57,0,0,4,3232235957,556.0,6.0,11.0,2.0
57,8,0,4,3232235957,1159.0,1.0,11.0,2.0
18,7,0,7,3232235951,631.0,1.0,4.0,3.0
18,7,0,7,3232235951,1907.0,1.0,4.0,3.0
69,7,0,1,3232236011,838.0,1.0,6.0,3.0
18,6,0,7,3232235951,5011.0,1.0,7.0,3.0
18,0,0,7,3232235951,1982.0,4.0,7.0,3.0
18,8,0,7,3232235951,1083.0,1.0,7.0,3.0
23,7,0,1,3232235907,323.0,1.0,7.0,3.0
23,6,0,1,3232235907,4017.0,7.0,7.0,3.0
23,0,0,1,3232235907,3163.0,4.0,7.0,3.0
23,8,0,1,3232235907,729.0,1.0,7.0,3.0
74,7,0,4,3232235813,1738.0,1.0,8.0,3.0
74,6,0,4,3232235813,4731.0,2.0,8.0,3.0
74,0,0,4,3232235813,506.0,10.0,8.0,3.0
74,8,0,4,3232235813,1287.0,1.0,8.0,3.0
18,6,0,7,3232235951,2511.0,7.0,8.0,3.0
18,0,0,7,3232235951,2546.0,3.0,8.0,3.0
18,8,0,7,3232235951,672.0,1.0,8.0,3.0
25,7,0,8,3232235828,1007.0,1.0,9.0,3.0
25,6,0,8,3232235828,5556.0,4.0,9.0,3.0
25,0,0,8,3232235828,23.0,10.0,9.0,3.0
25,8,0,8,3232235828,1138.0,52.0,9.0,3.0
36,7,0,7,3232235869,1291.0,1.0,10.0,3.0
36,6,0,7,3232235869,4790.0,6.0,10.0,3.0
36,0,0,7,3232235869,4387.0,1.0,10.0,3.0
36,8,0,7,3232235869,1378.0,1.0,10.0,3.0
39,7,0,7,3232235964,1583.0,1.0,10.0,3.0
39,6,0,7,3232235964,5612.0,2.0,10.0,3.0
39,0,0,7,3232235964,983.0,7.0,10.0,3.0
39,8,0,7,3232235964,216.0,1.0,10.0,3.0
69,6,0,1,3232236011,5105.0,7.0,12.0,3.0
69,0,0,1,3232236011,3792.0,8.0,12.0,3.0
69,8,0,1,3232236011,557.0,1.0,12.0,3.0
47,7,0,7,3232235789,1492.0,1.0,15.0,3.0
47,6,0,7,3232235789,888.0,4.0,15.0,3.0
47,0,0,7,3232235789,946.0,6.0,15.0,3.0
47,8,0,7,3232235789,1024.0,1.0,15.0,3.0
75,7,1,1,3232235968,1427.0,1.0,15.0,3.0
75,6,0,1,3232235968,4171.0,1.0,15.0,3.0
75,0,0,1,3232235968,3057.0,3.0,15.0,3.0
75,8,0,1,3232235968,721.0,1.0,15.0,3.0
76,7,0,8,3232235915,1185.0,1.0,16.0,3.0
76,6,0,8,3232235915,701.0,2.0,16.0,3.0
76,0,0,8,3232235915,5863.0,7.0,16.0,3.0
76,8,0,8,3232235915,530.0,1.0,16.0,3.0
33,7,0,1,3232236023,567.0,1.0,5.0,4.0
70,7,1,8,3232236002,507.0,1.0,9.0,4.0
70,6,0,8,3232236002,1326.0,3.0,9.0,4.0
70,0,0,8,3232236002,4989.0,10.0,9.0,4.0
70,8,0,8,3232236002,1292.0,1.0,9.0,4.0
33,6,0,1,3232236023,4506.0,7.0,11.0,4.0
33,0,0,1,3232236023,1128.0,9.0,11.0,4.0
33,8,0,1,3232236023,1428.0,1.0,11.0,4.0
52,7,0,7,3232235875,482.0,1.0,11.0,4.0
52,6,0,7,3232235875,3410.0,4.0,11.0,4.0
52,0,0,7,3232235875,3015.0,7.0,11.0,4.0
52,8,0,7,3232235875,878.0,1.0,11.0,4.0
58,7,0,7,3232235933,634.0,1.0,16.0,4.0
58,6,0,7,3232235933,1499.0,6.0,16.0,4.0
58,0,0,7,3232235933,4816.0,8.0,16.0,4.0
58,8,0,7,3232235933,1270.0,1.0,16.0,4.0
53,7,0,4,3232235894,1745.0,1.0,4.0,5.0
40,7,0,0,3232235915,859.0,1.0,11.0,5.0
40,6,0,0,3232235915,2832.0,3.0,11.0,5.0
40,0,0,0,3232235915,4019.0,5.0,11.0,5.0
40,8,0,0,3232235915,638.0,1.0,11.0,5.0
53,6,0,4,3232235894,4004.0,3.0,13.0,5.0
53,0,0,4,3232235894,3583.0,5.0,13.0,5.0
53,8,0,4,3232235894,40.0,1.0,13.0,5.0
34,7,0,4,3232235804,728.0,1.0,13.0,5.0
34,6,0,4,3232235804,4807.0,4.0,13.0,5.0
34,0,0,4,3232235804,1916.0,9.0,13.0,5.0
34,8,0,4,3232235804,416.0,1.0,13.0,5.0
64,7,0,4,3232235993,1076.0,1.0,14.0,5.0
64,6,0,4,3232235993,2898.0,1.0,14.0,5.0
64,0,0,4,3232235993,5003.0,3.0,14.0,5.0
64,8,0,4,3232235993,589.0,1.0,14.0,5.0
75,7,0,1,3232235968,321.0,1.0,14.0,5.0
63,7,0,8,3232235834,1400.0,1.0,14.0,5.0
63,6,0,8,3232235834,2005.0,10.0,14.0,5.0
75,6,0,1,3232235968,5189.0,6.0,14.0,5.0
75,0,0,1,3232235968,2369.0,8.0,14.0,5.0
63,0,0,8,3232235834,1000.0,3.0,14.0,5.0
63,8,0,8,3232235834,1372.0,1.0,14.0,5.0
75,8,0,1,3232235968,555.0,1.0,14.0,5.0
40,7,0,0,3232235915,375.0,1.0,14.0,5.0
40,6,0,0,3232235915,4320.0,1.0,14.0,5.0
40,0,0,0,3232235915,5174.0,2.0,14.0,5.0
40,8,0,0,3232235915,343.0,1.0,14.0,5.0
19,7,0,8,3232235800,408.0,1.0,15.0,5.0
19,6,0,8,3232235800,4104.0,3.0,15.0,5.0
19,0,0,8,3232235800,5829.0,8.0,15.0,5.0
19,8,0,6,3232235800,338.0,1.0,15.0,5.0
55,7,1,4,3232235868,1684.0,1.0,15.0,5.0
55,6,0,4,3232235868,1035.0,2.0,15.0,5.0
55,5,0,4,3232235868,675.0,1.0,15.0,5.0
55,2,0,4,3232235868,2364.0,6.0,15.0,5.0
55,9,0,4,3232235868,2473.0,6.0,16.0,5.0
55,8,0,4,3232235868,930.0,1.0,16.0,5.0
55,7,0,4,3232235868,1159.0,1.0,16.0,5.0
55,6,0,4,3232235868,3891.0,1.0,16.0,5.0
55,5,0,4,3232235868,609.0,9.0,16.0,5.0
55,2,0,4,3232235868,1633.0,6.0,16.0,5.0
55,9,0,4,3232235868,9908.0,1.0,16.0,5.0
55,8,0,4,3232235868,446.0,1.0,16.0,5.0
1,7,0,7,3232235784,1811.0,1.0,0.0,6.0
30,7,0,1,3232235956,421.0,1.0,1.0,6.0
62,7,0,4,3232236014,803.0,1.0,4.0,6.0
70,7,0,8,3232236002,940.0,1.0,4.0,6.0
35,7,0,7,3232235875,1829.0,1.0,6.0,6.0
62,6,0,4,3232236014,4174.0,10.0,7.0,6.0
62,0,0,4,3232236014,3846.0,7.0,7.0,6.0
70,6,0,8,3232236002,2868.0,3.0,7.0,6.0
35,6,0,7,3232235875,1503.0,3.0,7.0,6.0
62,8,0,4,3232236014,405.0,1.0,7.0,6.0
35,0,0,7,3232235875,2707.0,5.0,7.0,6.0
35,8,0,7,3232235875,385.0,1.0,7.0,6.0
70,0,0,8,3232236002,948.0,6.0,7.0,6.0
70,8,0,8,3232236002,1443.0,1.0,7.0,6.0
30,6,0,1,1739649827,3158.0,6.0,11.0,6.0
30,0,0,1,3232235956,5281.0,9.0,11.0,6.0
30,8,0,1,3232235956,1214.0,1.0,11.0,6.0
1,1,0,7,3232235784,1899.0,3.0,12.0,6.0
1,4,0,6,3232235784,4929.0,1.0,12.0,6.0
1,3,0,7,3232235784,3435.0,4.0,12.0,6.0
1,8,0,7,3232235784,469.0,1.0,12.0,6.0
18,7,0,7,3232235951,688.0,1.0,12.0,6.0
18,6,0,7,3232235951,3120.0,8.0,12.0,6.0
18,0,0,7,3232235951,4434.0,7.0,12.0,6.0
18,8,0,7,3232235951,1009.0,1.0,12.0,6.0
67,7,0,4,3232235880,332.0,137.0,13.0,6.0
67,6,0,4,3232235880,5980.0,5.0,13.0,6.0
67,0,0,4,3232235880,1825.0,8.0,13.0,6.0
67,8,0,4,3232235880,1368.0,1.0,13.0,6.0
52,7,0,7,3232235875,579.0,1.0,16.0,6.0
52,6,0,7,3232235875,1115.0,10.0,16.0,6.0
52,0,0,7,3232235875,2245.0,7.0,16.0,6.0
52,8,0,7,3232235875,1175.0,1.0,16.0,6.0
86,7,1,0,3232235930,416.0,1.0,3.0,0.0
86,6,0,0,3232235930,3951.0,4.0,7.0,0.0
86,0,0,0,3232235930,2667.0,5.0,7.0,0.0
86,8,0,0,3232235930,751.0,1.0,7.0,0.0
41,7,0,7,3232236027,694.0,1.0,7.0,0.0
41,6,0,7,3232236027,3043.0,5.0,7.0,0.0
41,0,0,7,3232236027,2556.0,10.0,7.0,0.0
41,8,0,7,3232236027,748.0,1.0,7.0,0.0
57,7,0,4,3232235957,1005.0,1.0,11.0,0.0
57,6,0,4,3232235957,2083.0,8.0,11.0,0.0
57,0,0,4,3232235957,2732.0,1.0,11.0,0.0
57,8,0,4,3232235957,461.0,1.0,11.0,0.0
1,7,1,7,3232235784,1034.0,1.0,11.0,0.0
1,1,0,7,771016884,2293.0,2.0,11.0,0.0
1,4,0,7,3232235784,2590.0,6.0,11.0,0.0
1,3,0,7,3232235784,8444.0,10.0,11.0,0.0
1,8,0,7,3232235784,565.0,1.0,11.0,0.0
36,7,0,7,3232235869,1682.0,1.0,12.0,0.0
36,6,0,7,3232235869,5907.0,9.0,12.0,0.0
36,0,0,7,3232235869,4918.0,10.0,12.0,0.0
36,8,0,7,3232235869,1162.0,1.0,12.0,0.0
38,7,0,4,3232235984,1070.0,1.0,12.0,0.0
38,6,0,4,3232235984,2615.0,3.0,12.0,0.0
38,0,0,4,3232235984,4098.0,8.0,12.0,0.0
38,8,0,4,3232235984,684.0,1.0,12.0,0.0
46,7,0,1,3232235958,1886.0,1.0,16.0,0.0
46,6,0,1,3232235958,2361.0,4.0,16.0,0.0
46,0,0,1,3232235958,1691.0,10.0,16.0,0.0
46,8,0,1,3232235958,833.0,1.0,16.0,0.0
71,7,0,4,3232235832,592.0,1.0,7.0,1.0
71,6,0,4,3232235832,3965.0,10.0,7.0,1.0
58,7,0,7,3232235933,323.0,1.0,7.0,1.0
71,0,0,4,3232235832,2994.0,2.0,7.0,1.0
58,6,0,7,3232235933,1116.0,7.0,7.0,1.0
71,8,0,4,3232235832,6576.0,1.0,7.0,1.0
58,0,0,7,3232235933,1155.0,9.0,7.0,1.0
58,8,0,7,3232235933,653.0,1.0,7.0,1.0
77,7,0,4,3232235969,1961.0,1.0,8.0,1.0
77,6,0,4,3232235969,5416.0,2.0,8.0,1.0
70,7,0,8,3232236002,1915.0,1.0,8.0,1.0
70,6,0,8,3232236002,5605.0,3.0,8.0,1.0
77,0,0,4,3232235969,908.0,3.0,8.0,1.0
70,0,0,8,3232236002,4222.0,9.0,8.0,1.0
77,8,0,4,3232235969,821.0,1.0,8.0,1.0
70,8,0,8,3232236002,1068.0,1.0,8.0,1.0
78,7,0,8,3232235887,921.0,1.0,8.0,1.0
78,6,0,8,3232235887,5980.0,1.0,8.0,1.0
78,0,0,8,3232235887,1823.0,9.0,8.0,1.0
78,8,0,8,3232235887,59.0,1.0,8.0,1.0
29,7,0,7,3232235972,1727.0,1.0,10.0,1.0
29,6,0,7,3232235972,864.0,6.0,10.0,1.0
29,0,0,7,3232235972,1428.0,2.0,10.0,1.0
29,8,0,7,3232235972,1171.0,1.0,10.0,1.0
44,7,0,8,3232236004,904.0,1.0,12.0,1.0
44,6,0,8,3232236004,943.0,4.0,12.0,1.0
44,0,0,8,3232236004,1882.0,6.0,12.0,1.0
44,8,0,8,3232236004,293.0,1.0,12.0,1.0
36,7,0,7,3232235869,775.0,1.0,14.0,1.0
36,6,0,7,3232235869,4202.0,6.0,14.0,1.0
36,0,0,7,3232235869,5153.0,2.0,14.0,1.0
83,7,0,7,3232235998,1819.0,1.0,14.0,1.0
36,8,0,7,3232235869,1000.0,1.0,14.0,1.0
83,6,0,7,3232235998,3483.0,6.0,14.0,1.0
83,0,0,7,3232235998,2203.0,8.0,14.0,1.0
83,8,0,7,3232235998,1147.0,1.0,14.0,1.0
58,7,0,7,3232235933,1974.0,1.0,14.0,1.0
58,6,0,7,3232235933,51.0,5.0,14.0,1.0
58,0,0,7,3232235933,4729.0,2.0,14.0,1.0
58,8,0,7,3232235933,323.0,1.0,14.0,1.0
53,7,0,4,3232235894,1998.0,1.0,8.0,2.0
53,6,0,4,3232235894,2615.0,3.0,8.0,2.0
53,0,0,4,3232235894,4642.0,2.0,8.0,2.0
53,8,0,4,3232235894,505.0,1.0,8.0,2.0
77,7,0,4,3232235969,1878.0,1.0,9.0,2.0
77,6,0,4,3232235969,5922.0,6.0,9.0,2.0
77,0,0,4,3232235969,5562.0,3.0,9.0,2.0
77,8,0,4,3232235969,1423.0,1.0,9.0,2.0
48,7,0,1,3232235975,1469.0,1.0,9.0,2.0
48,6,0,1,3232235975,4652.0,6.0,9.0,2.0
48,5,0,1,1740461104,4085.0,1.0,9.0,2.0
48,2,0,1,3232235975,10332.0,3.0,9.0,2.0
48,9,0,1,3232235975,2011.0,1.0,10.0,2.0
8,7,0,1,3232235813,1914.0,1.0,10.0,2.0
48,8,0,1,3232235975,731.0,1.0,10.0,2.0
8,6,0,1,3232235813,723.0,7.0,10.0,2.0
8,0,0,1,3232235813,3849.0,8.0,10.0,2.0
8,8,0,1,3232235813,275.0,1.0,10.0,2.0
82,7,0,0,3232235801,49.0,1.0,12.0,2.0
82,6,0,0,3232235801,4418.0,8.0,12.0,2.0
82,0,0,0,3232235801,2254.0,2.0,12.0,2.0
82,8,0,0,3232235801,553.0,1.0,12.0,2.0
64,7,0,4,3232235993,1849.0,1.0,13.0,2.0
64,6,0,4,3232235993,1509.0,7.0,13.0,2.0
64,0,0,4,3232235993,1932.0,8.0,13.0,2.0
64,8,0,4,3232235993,437.0,1.0,13.0,2.0
48,7,0,1,3232235975,1000.0,1.0,13.0,2.0
48,6,0,1,3232235975,5332.0,1.0,13.0,2.0
48,5,0,1,3232235975,4655.0,1.0,13.0,2.0
48,2,0,1,3232235975,10733.0,10.0,13.0,2.0
48,9,0,1,3232235975,4420.0,10.0,13.0,2.0
48,8,0,1,3232235975,1215.0,1.0,13.0,2.0
73,7,0,0,3232235814,1741.0,1.0,14.0,2.0
73,6,0,0,3232235814,5638.0,2.0,14.0,2.0
73,0,0,0,3232235814,3652.0,6.0,14.0,2.0
73,8,0,0,3232235814,1287.0,1.0,14.0,2.0
41,7,0,7,3232236027,1234.0,1.0,14.0,2.0
41,6,0,7,3232236027,1285.0,2.0,14.0,2.0
41,0,0,7,3232236027,3298.0,9.0,14.0,2.0
63,7,0,8,3232235834,1709.0,1.0,14.0,2.0
41,8,0,7,605249014,1347.0,1.0,14.0,2.0
63,6,0,8,3232235834,1916.0,4.0,14.0,2.0
47,7,0,7,3232235789,1769.0,1.0,14.0,2.0
63,0,0,8,3232235834,4724.0,7.0,14.0,2.0
47,6,0,7,3232235789,3120.0,2.0,14.0,2.0
63,8,0,8,3232235834,745.0,1.0,14.0,2.0
47,0,0,7,3232235789,2932.0,5.0,14.0,2.0
47,8,0,7,3232235789,1238.0,1.0,14.0,2.0
50,7,0,7,3232235996,1789.0,1.0,3.0,3.0
71,7,0,4,3232235832,887.0,1.0,9.0,3.0
71,6,0,4,3232235832,3850.0,10.0,9.0,3.0
71,0,0,4,3232235832,1556.0,8.0,9.0,3.0
71,8,0,4,3232235832,951.0,1.0,9.0,3.0
26,7,0,8,3232235885,1368.0,1.0,11.0,3.0
26,6,0,8,3232235885,4566.0,2.0,11.0,3.0
26,0,0,8,3232235885,2450.0,10.0,11.0,3.0
26,8,0,8,3232235885,450.0,1.0,11.0,3.0
44,7,0,8,3232236004,1258.0,1.0,11.0,3.0
44,6,0,8,3232236004,4024.0,1.0,11.0,3.0
44,0,0,8,3232236004,56830.0,7.0,11.0,3.0
44,8,0,8,3232236004,538.0,1.0,11.0,3.0
28,7,0,8,3232235849,321.0,1.0,12.0,3.0
28,6,0,8,3232235849,4177.0,3.0,12.0,3.0
28,0,0,8,3232235849,3953.0,7.0,12.0,3.0
28,8,0,8,3232235849,232.0,1.0,12.0,3.0
20,7,0,8,3232235886,335.0,1.0,14.0,3.0
20,6,0,8,3232235886,5514.0,4.0,14.0,3.0
20,0,0,8,3232235886,1990.0,3.0,14.0,3.0
20,8,0,8,3232235886,1028.0,1.0,14.0,3.0
75,7,0,1,3232235968,338.0,1.0,15.0,3.0
75,6,0,1,3232235968,2266.0,3.0,15.0,3.0
75,0,0,1,3232235968,4995.0,10.0,15.0,3.0
75,8,0,1,3232235968,1280.0,1.0,15.0,3.0
50,6,0,7,3232235996,652.0,9.0,16.0,3.0
50,0,0,7,3232235996,5674.0,1.0,16.0,3.0
50,8,0,7,3232235996,1391.0,1.0,16.0,3.0
77,7,0,4,3232235969,1327.0,1.0,7.0,4.0
77,6,0,4,3232235969,1497.0,6.0,7.0,4.0
77,0,0,4,3232235969,5903.0,3.0,7.0,4.0
77,8,0,4,3232235969,486.0,1.0,7.0,4.0
65,7,0,7,3232235836,1377.0,1.0,8.0,4.0
65,6,0,7,3232235836,1513.0,9.0,8.0,4.0
65,0,0,7,3232235836,895.0,10.0,8.0,4.0
65,8,0,7,3232235836,606.0,1.0,8.0,4.0
71,7,0,4,3232235832,1849.0,1.0,10.0,4.0
71,6,0,4,2646175448,3642.0,1.0,10.0,4.0
71,0,0,4,3232235832,1458.0,10.0,10.0,4.0
71,8,0,4,3232235832,783.0,1.0,10.0,4.0
63,7,0,8,3232235834,1535.0,1.0,11.0,4.0
63,6,0,8,3232235834,4431.0,9.0,11.0,4.0
63,0,0,8,3232235834,4518.0,50.0,11.0,4.0
63,8,0,8,3232235834,1493.0,1.0,11.0,4.0
22,7,0,7,3232235833,1145.0,1.0,12.0,4.0
22,6,0,7,3232235833,4255.0,2.0,12.0,4.0
22,0,0,7,3232235833,5257.0,2.0,12.0,4.0
22,8,0,7,3232235833,1235.0,1.0,12.0,4.0
48,7,1,1,3232235975,324.0,1.0,12.0,4.0
48,6,0,1,3232235975,3473.0,4.0,12.0,4.0
48,5,0,1,618401146,3153.0,4.0,12.0,4.0
48,2,0,1,3232235975,6050.0,7.0,12.0,4.0
48,9,1,1,3232235975,7735.0,1.0,12.0,4.0
48,8,0,1,3232235975,1114.0,1.0,12.0,4.0
25,7,0,8,3232235828,1367.0,1.0,13.0,4.0
25,6,0,8,3232235828,3353.0,8.0,13.0,4.0
25,0,0,8,3232235828,1299.0,8.0,13.0,4.0
25,8,0,8,3232235828,1126.0,1.0,13.0,4.0
23,7,0,1,3232235907,1198.0,1.0,14.0,4.0
23,6,0,1,3232235907,5267.0,1.0,14.0,4.0
23,0,0,2,3232235907,1592.0,2.0,14.0,4.0
23,8,0,1,3232235907,1494.0,1.0,14.0,4.0
52,7,0,7,3232235875,633.0,1.0,15.0,4.0
52,6,0,7,3232235875,5737.0,10.0,15.0,4.0
52,0,0,7,3232235875,1793.0,3.0,15.0,4.0
52,8,0,7,3232235875,885.0,1.0,15.0,4.0
49,7,0,4,3232236030,1220.0,1.0,15.0,4.0
49,6,0,4,3232236030,2665.0,6.0,15.0,4.0
49,0,0,4,3232236030,2682.0,3.0,15.0,4.0
49,8,0,4,3232236030,415.0,1.0,15.0,4.0
28,7,0,8,3232235849,1441.0,1.0,15.0,4.0
28,6,0,8,3232235849,1989.0,3.0,15.0,4.0
28,0,0,8,3232235849,675.0,6.0,16.0,4.0
28,8,0,8,3232235849,792.0,1.0,16.0,4.0
44,7,0,8,3232236004,1473.0,1.0,16.0,4.0
44,6,0,8,3232236004,3876.0,6.0,16.0,4.0
44,0,0,8,3232236004,1577.0,10.0,16.0,4.0
44,8,0,8,3232236004,726.0,1.0,16.0,4.0
57,7,0,4,3232235957,1900.0,1.0,0.0,5.0
1,7,0,7,3232235784,1964.0,1.0,5.0,5.0
1,1,0,5,3232235784,578.0,5.0,7.0,5.0
1,4,0,7,3232235784,1402.0,10.0,7.0,5.0
1,3,0,7,3232235784,8602.0,6.0,7.0,5.0
1,8,0,7,3232235784,1201.0,1.0,7.0,5.0
23,7,0,1,3232235907,557.0,1.0,8.0,5.0
23,6,0,1,3232235907,5863.0,3.0,9.0,5.0
23,0,0,1,3232235907,3436.0,2.0,9.0,5.0
23,8,0,1,3232235907,412.0,1.0,9.0,5.0
20,7,0,8,3232235886,919.0,1.0,9.0,5.0
20,6,0,8,3232235886,1777.0,1.0,9.0,5.0
20,0,0,8,3232235886,2216.0,6.0,9.0,5.0
20,8,0,8,1109766254,604.0,1.0,9.0,5.0
49,7,0,4,3232236030,1331.0,1.0,10.0,5.0
49,6,0,4,3232236030,5330.0,9.0,10.0,5.0
49,0,0,4,3232236030,4798.0,8.0,10.0,5.0
49,8,0,4,3232236030,1163.0,1.0,10.0,5.0
80,7,0,4,3232235834,792.0,1.0,12.0,5.0
80,6,0,4,3232235834,2034.0,2.0,12.0,5.0
80,0,0,4,3232235834,4788.0,6.0,12.0,5.0
57,6,0,4,3232235957,2635.0,3.0,12.0,5.0
57,0,0,4,3232235957,3500.0,5.0,12.0,5.0
80,8,0,4,3232235834,338.0,1.0,12.0,5.0
57,8,0,4,3232235957,1437.0,1.0,12.0,5.0
32,7,0,4,3232235817,308.0,1.0,12.0,5.0
32,6,0,4,3232235817,5293.0,6.0,12.0,5.0
32,0,0,4,3232235817,866.0,2.0,12.0,5.0
32,8,0,4,3232235817,391.0,1.0,12.0,5.0
38,7,0,4,3232235984,1207.0,1.0,1.0,6.0
38,6,0,4,3232235984,1744.0,4.0,7.0,6.0
38,0,0,4,3232235984,1374.0,3.0,7.0,6.0
38,8,0,4,3232235984,578.0,1.0,7.0,6.0
38,7,1,4,3232235984,1020.0,1.0,7.0,6.0
38,6,0,4,3232235984,3359.0,8.0,7.0,6.0
38,0,0,4,3232235984,3597.0,5.0,7.0,6.0
38,8,0,4,3232235984,779.0,1.0,7.0,6.0
40,7,0,0,3232235915,1656.0,1.0,10.0,6.0
40,6,0,0,3232235915,4513.0,8.0,10.0,6.0
40,0,0,0,3232235915,2743.0,7.0,10.0,6.0
40,8,0,0,3232235915,300.0,1.0,10.0,6.0
59,7,0,1,3232235914,1325.0,1.0,12.0,6.0
59,6,0,1,3232235914,4636.0,10.0,12.0,6.0
59,0,0,1,3232235914,1059.0,2.0,12.0,6.0
59,8,0,1,3232235914,1384.0,1.0,12.0,6.0
65,7,0,7,3232235836,1205.0,1.0,12.0,6.0
65,6,0,7,3232235836,4424.0,4.0,12.0,6.0
65,0,0,7,3232235836,2155.0,9.0,12.0,6.0
65,8,0,7,3232235836,755.0,1.0,12.0,6.0
35,7,0,7,3232235875,408.0,1.0,12.0,6.0
35,6,0,7,3232235875,3458.0,7.0,12.0,6.0
35,0,0,7,3232235875,5712.0,6.0,12.0,6.0
35,8,0,7,3232235875,299.0,1.0,12.0,6.0
35,7,0,7,3232235875,308.0,1.0,13.0,6.0
35,6,0,7,3232235875,2893.0,3.0,13.0,6.0
35,0,0,7,3232235875,2142.0,2.0,13.0,6.0
35,8,0,7,3232235875,1288.0,1.0,13.0,6.0
65,7,0,7,3232235836,1433.0,1.0,15.0,6.0
65,6,0,7,768074668,5684.0,9.0,15.0,6.0
65,0,0,7,3232235836,1918.0,7.0,15.0,6.0
65,8,0,7,3232235836,604.0,1.0,15.0,6.0
55,7,0,4,3232235868,1909.0,1.0,16.0,6.0
55,6,0,4,3232235868,4481.0,10.0,16.0,6.0
55,5,0,4,3232235868,2969.0,8.0,16.0,6.0
55,2,0,4,3232235868,7433.0,9.0,16.0,6.0
55,9,0,4,3232235868,2601.0,7.0,16.0,6.0
55,8,0,4,3232235868,1024.0,1.0,16.0,6.0
47,7,0,7,3232235789,1224.0,1.0,2.0,0.0
61,7,0,0,3232235875,1170.0,1.0,5.0,0.0
53,7,0,4,3232235894,573.0,1.0,7.0,0.0
53,6,0,4,3232235894,2271.0,3.0,7.0,0.0
53,0,0,4,3232235894,5036.0,7.0,7.0,0.0
53,8,0,4,3232235894,447.0,1.0,7.0,0.0
37,7,0,4,3232235932,955.0,1.0,8.0,0.0
37,6,0,4,3232235932,1289.0,7.0,8.0,0.0
37,0,0,4,3232235932,5566.0,10.0,8.0,0.0
37,8,0,4,3232235932,584.0,1.0,8.0,0.0
18,7,0,7,3232235951,734.0,1.0,11.0,0.0
18,6,0,7,3232235951,2963.0,7.0,11.0,0.0
18,0,0,7,3232235951,2565.0,5.0,11.0,0.0
18,8,0,7,3232235951,1171.0,1.0,11.0,0.0
47,6,0,7,3232235789,2026.0,2.0,11.0,0.0
47,0,0,7,3232235789,1564.0,2.0,11.0,0.0
47,8,0,7,3232235789,376.0,1.0,11.0,0.0
79,7,0,8,3232235880,1100.0,1.0,13.0,0.0
79,6,0,8,3232235880,4063.0,1.0,13.0,0.0
79,0,0,8,3232235880,4226.0,10.0,13.0,0.0
79,8,0,8,3232235880,1320.0,1.0,13.0,0.0
32,7,0,4,3232235817,1405.0,1.0,13.0,0.0
32,6,0,4,3232235817,4892.0,6.0,13.0,0.0
32,0,0,4,3232235817,3661.0,5.0,13.0,0.0
32,8,0,4,3232235817,1480.0,1.0,13.0,0.0
32,7,0,4,3232235817,544.0,1.0,14.0,0.0
32,6,0,4,3232235817,719.0,1.0,14.0,0.0
32,0,0,4,3232235817,3298.0,4.0,14.0,0.0
32,8,0,4,3232235817,1209.0,1.0,14.0,0.0
61,6,0,0,145979806,4401.0,4.0,14.0,0.0
61,0,0,0,3232235875,4154.0,2.0,14.0,0.0
61,8,0,0,3232235875,956.0,1.0,14.0,0.0
29,7,1,7,3232235972,1268.0,1.0,15.0,0.0
29,6,0,7,3232235972,4406.0,3.0,15.0,0.0
29,0,0,7,3232235972,663.0,10.0,15.0,0.0
29,8,0,7,3232235972,942.0,1.0,15.0,0.0
1,7,0,7,3232235784,1056.0,1.0,7.0,1.0
1,1,0,7,3232235784,3399.0,4.0,7.0,1.0
1,4,0,7,3232235784,2965.0,7.0,7.0,1.0
1,3,0,7,3232235784,7401.0,6.0,7.0,1.0
1,8,0,7,3232235784,1205.0,1.0,7.0,1.0
48,7,0,1,3232235975,970.0,1.0,8.0,1.0
48,6,0,1,3232235975,4241.0,10.0,8.0,1.0
48,5,0,1,3232235975,823.0,9.0,8.0,1.0
48,2,0,1,3232235975,11176.0,9.0,8.0,1.0
48,9,0,1,3232235975,5399.0,4.0,8.0,1.0
48,8,0,1,3232235975,1080.0,1.0,8.0,1.0
42,7,0,0,3232235798,717.0,1.0,8.0,1.0
42,6,0,0,3232235798,6000.0,7.0,8.0,1.0
42,0,0,0,3232235798,2314.0,3.0,8.0,1.0
42,8,0,0,3232235798,918.0,1.0,8.0,1.0
26,7,0,8,3232235885,585.0,1.0,9.0,1.0
26,6,0,8,3232235885,1812.0,4.0,9.0,1.0
26,0,0,8,3232235885,2477.0,2.0,9.0,1.0
26,8,0,8,3232235885,579.0,1.0,9.0,1.0
41,7,0,7,3232236027,541.0,1.0,9.0,1.0
41,6,0,7,3232236027,87.0,8.0,9.0,1.0
41,0,0,7,3232236027,1533.0,3.0,9.0,1.0
41,8,0,7,3232236027,350.0,1.0,9.0,1.0
22,7,0,7,3232235833,953.0,1.0,10.0,1.0
22,6,0,7,3232235833,4283.0,9.0,10.0,1.0
22,0,0,7,3232235833,884.0,9.0,10.0,1.0
22,8,0,7,3232235833,1113.0,1.0,10.0,1.0
64,7,0,4,3232235993,327.0,1.0,10.0,1.0
64,6,0,4,3232235993,2049.0,7.0,10.0,1.0
66,7,1,7,3232235984,1294.0,1.0,10.0,1.0
66,6,0,7,3232235984,3957.0,1.0,10.0,1.0
66,0,0,7,3232235984,2154.0,3.0,10.0,1.0
64,0,0,4,3232235993,5264.0,10.0,10.0,1.0
66,8,0,7,3232235984,758.0,1.0,10.0,1.0
64,8,0,4,3232235993,1437.0,1.0,10.0,1.0
60,7,0,1,3232235819,1394.0,1.0,12.0,1.0
60,6,0,1,3232235819,5177.0,10.0,12.0,1.0
60,0,0,1,3232235819,3691.0,3.0,12.0,1.0
60,8,0,1,3232235819,1418.0,1.0,12.0,1.0
61,7,0,0,3232235875,1543.0,1.0,12.0,1.0
61,6,0,0,3232235875,769.0,2.0,12.0,1.0
61,0,0,0,3232235875,5964.0,5.0,12.0,1.0
61,8,0,0,3232235875,1362.0,1.0,12.0,1.0
61,7,0,0,3232235875,1861.0,1.0,4.0,2.0
86,7,0,0,3232235930,1139.0,1.0,6.0,2.0
6,7,0,4,3232235840,1060.0,1.0,7.0,2.0
6,6,0,4,3232235840,759.0,6.0,7.0,2.0
6,5,0,4,3232235840,1157.0,3.0,7.0,2.0
6,2,1,4,3232235840,2418.0,5.0,7.0,2.0
6,9,0,4,3232235840,7429.0,2.0,7.0,2.0
6,8,0,4,3232235840,1312.0,1.0,7.0,2.0
22,7,0,7,3232235833,1100.0,1.0,7.0,2.0
22,6,0,7,3232235833,1610.0,2.0,7.0,2.0
22,0,0,7,3232235833,5179.0,6.0,7.0,2.0
22,8,0,7,3232235833,602.0,1.0,7.0,2.0
85,7,0,1,3232235980,1188.0,1.0,8.0,2.0
85,6,0,1,3232235980,5161.0,3.0,8.0,2.0
85,5,0,1,3232235980,2300.0,2.0,8.0,2.0
85,2,0,1,3232235980,10152.0,7.0,8.0,2.0
85,9,0,1,3232235980,8558.0,9.0,8.0,2.0
85,8,0,1,3232235980,432.0,1.0,8.0,2.0
61,6,0,0,3232235875,2167.0,9.0,9.0,2.0
61,0,0,0,3232235875,2224.0,5.0,10.0,2.0
86,6,0,0,3232235930,5101.0,9.0,10.0,2.0
86,0,0,0,3232235930,5650.0,8.0,10.0,2.0
61,8,0,0,3232235875,400.0,1.0,10.0,2.0
86,8,0,0,3232235930,775.0,1.0,10.0,2.0
22,7,0,7,3232235833,1528.0,1.0,11.0,2.0
22,6,0,7,3232235833,5046.0,31.0,11.0,2.0
22,0,0,7,3232235833,5458.0,2.0,11.0,2.0
22,8,0,7,3232235833,241.0,1.0,11.0,2.0
27,7,0,1,3232235892,410.0,1.0,11.0,2.0
27,6,0,1,3232235892,1066.0,8.0,11.0,2.0
27,0,0,1,3232235892,1196.0,1.0,11.0,2.0
27,8,0,1,3232235892,645.0,1.0,11.0,2.0
52,7,0,7,3232235875,1912.0,1.0,12.0,2.0
52,6,0,7,3232235875,2148.0,7.0,12.0,2.0
52,0,0,7,3232235875,4505.0,6.0,12.0,2.0
52,8,0,7,3232235875,1213.0,1.0,12.0,2.0
50,7,0,7,3232235996,995.0,1.0,13.0,2.0
50,6,0,7,3232235996,4823.0,7.0,13.0,2.0
50,0,0,7,3232235996,675.0,7.0,13.0,2.0
50,8,0,7,3232235996,1377.0,1.0,13.0,2.0
77,7,0,4,3232235969,1040.0,1.0,13.0,2.0
77,6,0,4,3232235969,5652.0,4.0,13.0,2.0
77,0,0,4,3232235969,2385.0,9.0,13.0,2.0
77,8,0,4,3232235969,796.0,1.0,13.0,2.0
70,7,0,8,3232236002,1090.0,1.0,14.0,2.0
70,6,0,8,3232236002,1587.0,6.0,14.0,2.0
70,0,0,8,3232236002,2494.0,7.0,14.0,2.0
70,8,0,8,606591203,1251.0,1.0,14.0,2.0
70,7,1,8,3232236002,1579.0,1.0,14.0,2.0
70,6,0,8,3232236002,5850.0,10.0,14.0,2.0
70,0,0,8,3232236002,4186.0,9.0,14.0,2.0
70,8,0,8,3232236002,1451.0,1.0,14.0,2.0
67,7,0,4,3232235880,1931.0,1.0,15.0,2.0
67,6,0,4,3232235880,4470.0,10.0,15.0,2.0
67,0,0,4,3232235880,4080.0,7.0,15.0,2.0
67,8,0,4,3232235880,301.0,1.0,15.0,2.0
41,7,0,7,3232236027,1460.0,1.0,4.0,3.0
36,7,0,7,3232235869,1222.0,1.0,7.0,3.0
36,6,0,7,3232235869,851.0,3.0,7.0,3.0
36,0,0,7,3232235869,923.0,10.0,7.0,3.0
36,8,0,7,3232235869,1236.0,1.0,7.0,3.0
41,6,0,7,3232236027,4754.0,6.0,7.0,3.0
41,0,0,7,3232236027,2181.0,1.0,8.0,3.0
41,8,0,7,3232236027,1135.0,1.0,8.0,3.0
76,7,0,8,3232235915,453.0,1.0,8.0,3.0
76,6,0,8,3232235915,4323.0,1.0,8.0,3.0
76,0,0,8,3232235915,1556.0,3.0,8.0,3.0
76,8,0,8,3232235915,621.0,1.0,8.0,3.0
42,7,0,0,3232235798,517.0,1.0,9.0,3.0
42,6,0,0,3232235798,2578.0,3.0,9.0,3.0
42,0,0,0,3232235798,3335.0,9.0,9.0,3.0
42,8,0,0,3232235798,1359.0,1.0,9.0,3.0
59,7,0,1,3232235914,1972.0,1.0,9.0,3.0
59,6,0,1,3232235914,4549.0,7.0,9.0,3.0
59,0,0,1,3232235914,2323.0,2.0,9.0,3.0
59,8,0,1,3232235914,1085.0,1.0,9.0,3.0
81,7,0,1,3232235908,970.0,1.0,10.0,3.0
81,6,0,1,3232235908,2300.0,2.0,10.0,3.0
81,0,0,1,3232235908,1536.0,5.0,10.0,3.0
81,8,0,1,3232235908,760.0,1.0,10.0,3.0
57,7,0,4,3232235957,1305.0,1.0,12.0,3.0
57,6,0,4,3232235957,1487.0,3.0,12.0,3.0
57,0,0,4,3232235957,3104.0,4.0,12.0,3.0
57,8,0,4,3232235957,348.0,1.0,12.0,3.0
22,7,0,7,3232235833,948.0,1.0,16.0,3.0
22,6,0,7,3232235833,4093.0,4.0,16.0,3.0
22,0,0,7,3232235833,674.0,7.0,16.0,3.0
22,8,0,7,3232235833,933.0,1.0,16.0,3.0
41,7,0,7,3232236027,787.0,1.0,0.0,4.0
6,7,0,4,3232235840,1930.0,1.0,1.0,4.0
18,7,0,7,3232235951,968.0,1.0,1.0,4.0
41,6,0,7,3232236027,1391.0,3.0,7.0,4.0
41,0,0,7,3232236027,1438.0,10.0,7.0,4.0
41,8,0,7,3232236027,257.0,1.0,7.0,4.0
6,6,0,4,3232235840,4451.0,1.0,7.0,4.0
6,5,0,2,3232235840,5681.0,3.0,7.0,4.0
6,2,0,4,3232235840,6161.0,8.0,7.0,4.0
6,9,0,4,3232235840,5676.0,9.0,7.0,4.0
6,8,0,4,2333260042,868.0,1.0,7.0,4.0
26,7,0,8,3232235885,1131.0,1.0,8.0,4.0
26,6,0,8,3232235885,2846.0,1.0,8.0,4.0
26,0,0,8,3232235885,3156.0,4.0,8.0,4.0
6,7,0,4,3232235840,322.0,1.0,8.0,4.0
26,8,0,8,3232235885,1500.0,1.0,8.0,4.0
6,6,0,4,3232235840,3970.0,121.0,8.0,4.0
6,5,0,4,3232235840,5039.0,5.0,8.0,4.0
39,7,0,7,3232235964,627.0,1.0,8.0,4.0
39,6,0,7,3232235964,2024.0,3.0,8.0,4.0
6,2,0,4,3232235840,10872.0,9.0,8.0,4.0
6,9,0,4,3232235840,42098.0,4.0,8.0,4.0
39,0,0,7,3232235964,4842.0,4.0,8.0,4.0
39,8,0,7,3232235964,603.0,1.0,8.0,4.0
6,8,0,4,3232235840,1067.0,1.0,8.0,4.0
18,6,0,7,3232235951,3441.0,4.0,8.0,4.0
18,0,0,7,3232235951,35273.0,9.0,8.0,4.0
18,8,0,6,3232235951,552.0,1.0,8.0,4.0
30,7,0,1,3232235956,1737.0,1.0,10.0,4.0
30,6,0,1,3232235956,1642.0,9.0,10.0,4.0
30,0,0,1,3232235956,507.0,7.0,10.0,4.0
30,8,0,1,3232235956,579.0,1.0,10.0,4.0
29,7,0,7,3232235972,1382.0,1.0,11.0,4.0
29,6,0,7,3232235972,4618.0,2.0,11.0,4.0
29,0,0,7,3232235972,1325.0,2.0,11.0,4.0
29,8,0,7,351888018,865.0,1.0,11.0,4.0
69,7,0,1,3232236011,1923.0,1.0,11.0,4.0
69,6,0,1,3232236011,4809.0,7.0,12.0,4.0
69,0,0,1,3232236011,3199.0,4.0,12.0,4.0
69,8,0,1,3232236011,1473.0,1.0,12.0,4.0
61,7,0,0,3232235875,67.0,1.0,12.0,4.0
61,6,0,0,3232235875,4343.0,9.0,12.0,4.0
61,0,0,0,3232235875,568.0,8.0,12.0,4.0
61,8,0,0,3232235875,1177.0,1.0,12.0,4.0
30,7,0,1,3232235956,1457.0,1.0,13.0,4.0
30,6,0,1,3232235956,530.0,5.0,13.0,4.0
73,7,0,0,3232235814,1964.0,1.0,13.0,4.0
30,0,0,1,3232235956,57.0,4.0,13.0,4.0
30,8,0,1,3232235956,1176.0,1.0,13.0,4.0
73,6,0,0,3232235814,2220.0,7.0,13.0,4.0
73,0,0,0,3232235814,1631.0,6.0,13.0,4.0
73,8,0,0,3232235814,387.0,1.0,13.0,4.0
79,7,0,8,2643131068,1932.0,1.0,13.0,4.0
79,6,0,8,2333286925,899.0,5.0,13.0,4.0
79,0,0,8,3232235880,533.0,10.0,13.0,4.0
79,8,0,8,3232235880,638.0,1.0,13.0,4.0
81,7,0,1,3232235908,1474.0,1.0,14.0,4.0
81,6,0,1,3232235908,4352.0,5.0,14.0,4.0
81,0,0,1,3232235908,5451.0,4.0,15.0,4.0
81,8,0,1,3232235908,826.0,1.0,15.0,4.0
35,7,0,7,3232235875,308.0,1.0,15.0,4.0
35,6,0,7,3232235875,1543.0,4.0,15.0,4.0
35,0,0,7,3232235875,806.0,3.0,15.0,4.0
35,8,0,7,3232235875,659.0,1.0,15.0,4.0
73,7,0,0,3232235814,1463.0,1.0,15.0,4.0
73,6,0,0,3232235814,5424.0,7.0,15.0,4.0
73,0,0,0,3232235814,1011.0,6.0,15.0,4.0
73,8,0,0,3232235814,1080.0,1.0,15.0,4.0
43,7,0,8,3232235853,448.0,1.0,16.0,4.0
43,6,0,8,3232235853,4055.0,9.0,16.0,4.0
43,0,0,8,3232235853,5386.0,1.0,16.0,4.0
43,8,0,8,3232235853,243.0,1.0,16.0,4.0
72,7,0,0,3232235879,1910.0,1.0,1.0,5.0
45,7,0,4,3232235925,436.0,1.0,2.0,5.0
47,7,0,7,3232235789,547.0,1.0,4.0,5.0
37,7,0,4,3232235932,896.0,1.0,7.0,5.0
37,6,0,4,3232235932,2396.0,5.0,7.0,5.0
37,0,0,4,3232235932,2816.0,8.0,7.0,5.0
37,8,0,4,3232235932,345.0,1.0,7.0,5.0
61,7,0,0,3232235875,700.0,1.0,8.0,5.0
61,6,0,0,3232235875,4875.0,1.0,8.0,5.0
61,0,0,0,3232235875,1097.0,10.0,8.0,5.0
61,8,0,0,3232235875,1421.0,1.0,8.0,5.0
21,7,0,7,3232235785,1248.0,1.0,9.0,5.0
21,6,0,7,3232235785,5078.0,6.0,9.0,5.0
21,0,0,7,3232235785,5543.0,8.0,9.0,5.0
21,8,0,7,3232235785,463.0,1.0,9.0,5.0
20,7,1,8,3232235886,1005.0,1.0,10.0,5.0
20,6,0,8,3232235886,2541.0,4.0,10.0,5.0
20,0,0,8,3232235886,4044.0,9.0,10.0,5.0
20,8,0,8,3232235886,583.0,1.0,10.0,5.0
18,7,0,7,3232235951,12299.0,1.0,10.0,5.0
18,6,0,7,3232235951,1874.0,3.0,10.0,5.0
18,0,0,7,3232235951,1492.0,1.0,10.0,5.0
18,8,0,7,3232235951,439.0,1.0,10.0,5.0
67,7,0,4,3232235880,450.0,1.0,10.0,5.0
67,6,0,4,3232235880,4196.0,5.0,10.0,5.0
67,0,0,4,3232235880,3245.0,6.0,11.0,5.0
67,8,0,4,3232235880,1056.0,1.0,11.0,5.0
50,7,0,7,3232235996,704.0,1.0,11.0,5.0
50,6,0,7,3232235996,2916.0,8.0,11.0,5.0
50,0,0,7,3232235996,1001.0,8.0,11.0,5.0
50,8,0,7,3232235996,662.0,1.0,11.0,5.0
55,7,0,4,3232235868,1937.0,1.0,12.0,5.0
55,6,0,4,3232235868,5714.0,9.0,12.0,5.0
45,6,0,4,3232235925,4542.0,7.0,12.0,5.0
55,5,0,4,3232235868,912.0,6.0,12.0,5.0
45,0,0,4,3232235925,5028.0,2.0,12.0,5.0
55,2,0,4,3232235868,9144.0,6.0,12.0,5.0
45,8,0,4,3232235925,955.0,1.0,12.0,5.0
55,9,0,4,3232235868,6385.0,1.0,12.0,5.0
55,8,0,4,3232235868,549.0,1.0,12.0,5.0
72,6,0,0,3232235879,5452.0,8.0,12.0,5.0
23,7,0,1,3232235907,1360.0,1.0,12.0,5.0
23,6,0,1,3232235907,3770.0,10.0,12.0,5.0
72,0,0,0,3232235879,568.0,4.0,12.0,5.0
23,0,0,1,3232235907,964.0,9.0,12.0,5.0
72,8,0,0,3232235879,452.0,1.0,12.0,5.0
41,7,0,7,3232236027,615.0,1.0,12.0,5.0
23,8,0,1,3232235907,427.0,1.0,12.0,5.0
41,6,0,7,3232236027,3241.0,3.0,12.0,5.0
41,0,0,7,3232236027,1507.0,4.0,12.0,5.0
41,8,0,7,3232236027,1099.0,1.0,12.0,5.0
6,7,0,4,3232235840,1909.0,1.0,12.0,5.0
65,7,0,7,3232235836,66.0,1.0,12.0,5.0
6,6,0,4,3232235840,4297.0,4.0,12.0,5.0
6,5,0,4,3232235840,1602.0,5.0,12.0,5.0
65,6,0,7,3232235836,1161.0,1.0,12.0,5.0
6,2,0,4,3232235840,7663.0,7.0,13.0,5.0
65,0,0,7,762343171,4704.0,2.0,13.0,5.0
65,8,0,7,3232235836,1466.0,1.0,13.0,5.0
6,9,0,4,3232235840,9685.0,10.0,13.0,5.0
6,8,0,4,3232235840,1456.0,1.0,13.0,5.0
47,6,0,7,3232235789,1315.0,7.0,13.0,5.0
47,0,0,7,3232235789,3750.0,8.0,13.0,5.0
47,8,0,7,3232235789,1152.0,1.0,13.0,5.0
61,7,0,0,3232235875,1309.0,1.0,13.0,5.0
61,6,0,0,3232235875,2869.0,2.0,13.0,5.0
61,0,0,0,3232235875,1537.0,4.0,13.0,5.0
61,8,0,0,3232235875,903.0,1.0,13.0,5.0
29,7,1,7,3232235972,894.0,1.0,14.0,5.0
29,6,0,7,3232235972,1501.0,8.0,14.0,5.0
29,0,0,7,3232235972,2390.0,10.0,14.0,5.0
29,8,0,7,3232235972,538.0,1.0,14.0,5.0
46,7,0,1,3232235958,737.0,1.0,14.0,5.0
46,6,0,1,3232235958,4209.0,10.0,14.0,5.0
46,0,0,1,3232235958,3880.0,4.0,14.0,5.0
46,8,0,1,3232235958,1137.0,1.0,14.0,5.0
65,7,0,7,3232235836,300.0,1.0,16.0,5.0
65,6,0,7,3232235836,5088.0,8.0,16.0,5.0
65,0,0,7,3232235836,5654.0,6.0,16.0,5.0
65,8,0,7,3232235836,1496.0,1.0,16.0,5.0
23,7,0,1,3232235907,688.0,1.0,0.0,6.0
1,7,0,7,3232235784,1146.0,1.0,1.0,6.0
21,7,0,7,3232235785,1376.0,1.0,1.0,6.0
33,7,0,1,3232236023,981.0,1.0,6.0,6.0
47,7,0,7,3232235789,496.0,1.0,7.0,6.0
47,6,0,7,3232235789,5920.0,2.0,7.0,6.0
47,0,0,7,3232235789,1726.0,5.0,7.0,6.0
47,8,0,7,3232235789,350.0,1.0,7.0,6.0
26,7,1,8,3232235885,494.0,1.0,7.0,6.0
26,6,0,8,3232235885,2426.0,6.0,7.0,6.0
26,0,0,8,3232235885,5539.0,10.0,7.0,6.0
26,8,0,8,3232235885,1250.0,1.0,7.0,6.0
1,1,0,7,3232235784,2852.0,2.0,8.0,6.0
23,6,0,1,3232235907,903.0,8.0,8.0,6.0
23,0,0,1,3232235907,2793.0,6.0,8.0,6.0
1,4,0,7,3232235784,5643.0,5.0,8.0,6.0
23,8,0,1,3232235907,229.0,1.0,8.0,6.0
1,3,0,7,3232235784,3900.0,7.0,8.0,6.0
1,8,0,7,3232235784,228.0,1.0,8.0,6.0
22,7,0,7,3232235833,1689.0,1.0,8.0,6.0
22,6,0,7,3232235833,1984.0,10.0,8.0,6.0
22,0,0,7,3232235833,3610.0,6.0,8.0,6.0
22,8,0,7,3232235833,1452.0,1.0,9.0,6.0
84,7,0,7,3232235817,1656.0,1.0,9.0,6.0
84,1,0,7,3232235817,2554.0,5.0,9.0,6.0
84,4,0,7,3232235817,5781.0,3.0,9.0,6.0
84,3,0,7,3232235817,5884.0,10.0,9.0,6.0
84,8,0,7,3232235817,891.0,1.0,9.0,6.0
48,7,0,1,3232235975,1564.0,1.0,10.0,6.0
48,6,0,1,3232235975,1488.0,9.0,10.0,6.0
48,5,0,1,3232235975,2335.0,8.0,10.0,6.0
48,2,0,1,3232235975,5724.0,6.0,10.0,6.0
48,9,0,1,3232235975,6820.0,1.0,10.0,6.0
48,8,0,1,3232235975,1340.0,1.0,10.0,6.0
66,7,0,7,3232235984,1354.0,1.0,10.0,6.0
66,6,0,7,3232235984,5168.0,4.0,10.0,6.0
66,0,0,7,3232235984,4166.0,7.0,10.0,6.0
66,8,0,7,3232235984,375.0,1.0,10.0,6.0
23,7,0,1,3232235907,1691.0,1.0,11.0,6.0
23,6,0,1,3232235907,3151.0,4.0,11.0,6.0
23,0,0,1,3232235907,2438.0,2.0,11.0,6.0
23,8,0,1,3232235907,556.0,1.0,11.0,6.0
82,7,0,0,3232235801,589.0,1.0,11.0,6.0
82,6,0,0,3232235801,4624.0,3.0,11.0,6.0
82,0,0,0,3232235801,1744.0,2.0,11.0,6.0
82,8,0,0,3232235801,1496.0,1.0,11.0,6.0
8,7,0,1,3232235813,1296.0,1.0,12.0,6.0
8,6,0,1,1113223978,4045.0,7.0,12.0,6.0
8,0,0,1,3232235813,1809.0,8.0,12.0,6.0
8,8,0,1,3232235813,322.0,1.0,12.0,6.0
33,6,0,1,3232236023,5994.0,2.0,13.0,6.0
33,0,0,1,3232236023,3377.0,7.0,13.0,6.0
33,8,0,1,3232236023,1223.0,1.0,13.0,6.0
21,6,0,7,3232235785,3874.0,9.0,15.0,6.0
21,0,0,7,3232235785,651.0,1.0,15.0,6.0
21,8,0,7,3232235785,1444.0,1.0,15.0,6.0
42,7,0,0,3232235798,1655.0,1.0,0.0,0.0
73,7,0,0,3232235814,379.0,1.0,7.0,0.0
73,6,0,0,3232235814,3459.0,2.0,7.0,0.0
73,0,0,0,3232235814,5308.0,5.0,7.0,0.0
73,8,0,0,3232235814,853.0,1.0,7.0,0.0
47,7,0,7,3232235789,1801.0,1.0,8.0,0.0
47,6,0,7,3232235789,5577.0,7.0,8.0,0.0
47,0,0,7,3232235789,10386.0,8.0,8.0,0.0
47,8,0,7,3232235789,224.0,1.0,8.0,0.0
42,6,0,0,3232235798,1059.0,7.0,8.0,0.0
42,0,0,0,3232235798,5220.0,10.0,8.0,0.0
42,8,0,0,3232235798,406.0,1.0,9.0,0.0
22,7,0,7,3232235833,389.0,1.0,9.0,0.0
22,6,0,7,3232235833,5957.0,1.0,9.0,0.0
22,0,0,7,3232235833,1310.0,50.0,9.0,0.0
22,8,0,7,3232235833,732.0,1.0,9.0,0.0
1,7,0,7,3232235784,1456.0,1.0,10.0,0.0
1,1,0,7,3232235784,2848.0,1.0,10.0,0.0
1,4,0,7,3232235784,4734.0,77.0,10.0,0.0
1,3,0,7,3232235784,5480.0,8.0,10.0,0.0
1,8,0,7,3232235784,991.0,1.0,10.0,0.0
57,7,0,4,3232235957,1141.0,1.0,12.0,0.0
57,6,0,4,3232235957,57.0,5.0,12.0,0.0
57,0,0,4,3232235957,4755.0,5.0,12.0,0.0
57,8,0,4,3232235957,1035.0,1.0,12.0,0.0
64,7,0,4,3232235993,387.0,1.0,13.0,0.0
64,6,0,4,3232235993,3861.0,9.0,13.0,0.0
64,0,0,4,3232235993,2359.0,7.0,13.0,0.0
64,8,0,4,3232235993,456.0,1.0,13.0,0.0
74,7,1,4,3232235813,1386.0,1.0,13.0,0.0
74,6,0,4,3232235813,5347.0,10.0,13.0,0.0
74,0,0,4,3232235813,2958.0,10.0,13.0,0.0
74,8,0,4,3232235813,933.0,1.0,13.0,0.0
66,7,0,7,3232235984,1884.0,1.0,14.0,0.0
66,6,0,5,3232235984,1977.0,6.0,14.0,0.0
66,0,0,7,3232235984,574.0,117.0,14.0,0.0
66,8,0,7,3232235984,777.0,1.0,14.0,0.0
83,7,0,7,3232235998,1448.0,1.0,14.0,0.0
83,6,0,7,3232235998,69.0,10.0,14.0,0.0
83,0,0,7,3232235998,5550.0,3.0,15.0,0.0
83,8,0,7,3232235998,863.0,40.0,15.0,0.0
62,7,0,4,3232236014,1173.0,1.0,16.0,0.0
62,6,0,4,3232236014,2423.0,2.0,16.0,0.0
62,0,0,4,3232236014,3072.0,10.0,16.0,0.0
62,8,0,4,3232236014,793.0,1.0,16.0,0.0
1,7,0,7,3232235784,796.0,1.0,4.0,1.0
56,7,0,5,3232235949,1752.0,1.0,7.0,1.0
56,6,0,1,3232235949,3689.0,10.0,7.0,1.0
56,0,0,1,3232235949,1889.0,3.0,7.0,1.0
56,8,0,1,3232235949,711.0,1.0,7.0,1.0
79,7,0,8,3232235880,473.0,1.0,7.0,1.0
79,6,0,8,3232235880,2709.0,3.0,7.0,1.0
79,0,0,8,3232235880,28.0,7.0,7.0,1.0
79,8,0,8,3232235880,228.0,1.0,7.0,1.0
65,7,0,7,3232235836,497.0,1.0,8.0,1.0
65,6,0,7,2641103699,3241.0,5.0,8.0,1.0
65,0,0,7,3232235836,3457.0,6.0,8.0,1.0
65,8,0,7,3232235836,1347.0,1.0,8.0,1.0
53,7,0,4,3232235894,729.0,1.0,9.0,1.0
53,6,0,4,3232235894,2102.0,1.0,9.0,1.0
53,0,0,4,3232235894,3467.0,10.0,9.0,1.0
53,8,0,4,3232235894,408.0,1.0,9.0,1.0
59,7,0,1,3232235914,1616.0,1.0,10.0,1.0
59,6,0,1,3232235914,5307.0,6.0,10.0,1.0
59,0,0,1,3232235914,5939.0,1.0,10.0,1.0
59,8,0,1,3232235914,389.0,1.0,10.0,1.0
86,7,0,0,3232235930,528.0,1.0,14.0,1.0
48,7,0,1,3232235975,717.0,1.0,14.0,1.0
86,6,0,0,3232235930,764.0,5.0,14.0,1.0
86,0,0,0,3232235930,4225.0,3.0,14.0,1.0
48,6,0,1,3232235975,5657.0,5.0,14.0,1.0
48,5,0,1,3232235975,5686.0,4.0,14.0,1.0
48,2,0,1,3232235975,7597.0,10.0,14.0,1.0
86,8,0,0,3232235930,500.0,1.0,14.0,1.0
48,9,0,1,3232235975,9379.0,10.0,14.0,1.0
48,8,0,1,3232235975,535.0,1.0,14.0,1.0
41,7,0,7,3232236027,355.0,1.0,14.0,1.0
41,6,0,7,3232236027,4101.0,2.0,14.0,1.0
41,0,0,7,3232236027,3572.0,1.0,14.0,1.0
41,8,0,7,3232236027,1109.0,1.0,14.0,1.0
1,1,0,7,3232235784,4993.0,2.0,15.0,1.0
1,4,0,7,3232235784,1422.0,2.0,15.0,1.0
1,3,0,7,3232235784,9964.0,4.0,15.0,1.0
1,8,0,7,3232235784,467.0,1.0,15.0,1.0
48,7,0,1,3232235975,1894.0,1.0,0.0,2.0
65,7,0,7,3232235836,1928.0,1.0,2.0,2.0
54,7,0,4,3232235819,1343.0,1.0,7.0,2.0
54,6,0,4,3232235819,5666.0,9.0,7.0,2.0
54,5,0,4,3232235819,3541.0,1.0,7.0,2.0
54,2,0,4,3232235819,8845.0,7.0,7.0,2.0
54,9,0,4,3232235819,6472.0,10.0,7.0,2.0
54,8,0,4,3232235819,1142.0,1.0,7.0,2.0
48,6,0,1,3232235975,4111.0,5.0,8.0,2.0
48,5,0,1,3232235975,822.0,6.0,8.0,2.0
48,2,0,1,3232235975,3022.0,4.0,8.0,2.0
48,9,0,1,3232235975,4905.0,8.0,8.0,2.0
48,8,0,1,3232235975,1454.0,1.0,8.0,2.0
73,7,0,0,3232235814,1523.0,1.0,9.0,2.0
73,6,0,0,3232235814,4650.0,10.0,9.0,2.0
73,0,0,0,3232235814,2076.0,61.0,9.0,2.0
73,8,0,0,3232235814,1196.0,1.0,9.0,2.0
52,7,0,7,3232235875,922.0,1.0,10.0,2.0
52,6,0,7,3232235875,3453.0,7.0,10.0,2.0
52,0,0,7,3232235875,3016.0,3.0,10.0,2.0
52,8,0,7,3232235875,971.0,1.0,10.0,2.0
51,7,0,1,3232235999,1071.0,1.0,13.0,2.0
51,6,0,1,3232235999,1324.0,2.0,13.0,2.0
51,0,0,1,3232235999,1174.0,1.0,13.0,2.0
51,8,0,1,3232235999,507.0,1.0,13.0,2.0
6,7,0,4,3232235840,595.0,1.0,13.0,2.0
6,6,0,4,3232235840,5413.0,5.0,13.0,2.0
6,5,0,4,3232235840,3439.0,3.0,13.0,2.0
6,2,0,4,3232235840,5141.0,2.0,13.0,2.0
6,9,0,4,3232235840,6278.0,9.0,13.0,2.0
6,8,0,4,3232235840,485.0,1.0,13.0,2.0
28,7,0,8,3232235849,1551.0,1.0,15.0,2.0
28,6,0,8,3232235849,2036.0,2.0,15.0,2.0
65,6,0,7,3232235836,1136.0,10.0,15.0,2.0
28,0,0,8,3232235849,3718.0,4.0,16.0,2.0
28,8,0,8,3232235849,1136.0,1.0,16.0,2.0
65,0,0,7,3232235836,1378.0,1.0,16.0,2.0
65,8,0,7,3232235836,263.0,1.0,16.0,2.0
45,7,0,4,3232235925,1020.0,1.0,5.0,3.0
74,7,1,4,3232235813,804.0,1.0,5.0,3.0
63,7,0,8,3232235834,1445.0,1.0,7.0,3.0
63,6,0,8,3232235834,5013.0,6.0,7.0,3.0
63,0,0,8,3232235834,1460.0,4.0,7.0,3.0
63,8,0,8,3232235834,657.0,1.0,7.0,3.0
36,7,0,7,3232235869,973.0,1.0,10.0,3.0
36,6,0,7,3232235869,2205.0,4.0,10.0,3.0
36,0,0,7,3232235869,516.0,1.0,10.0,3.0
36,8,0,7,2343768535,242.0,1.0,10.0,3.0
18,7,0,7,3232235951,849.0,1.0,12.0,3.0
18,6,0,7,3232235951,1995.0,9.0,12.0,3.0
18,0,0,7,3232235951,3720.0,8.0,12.0,3.0
18,8,0,7,3232235951,1415.0,1.0,12.0,3.0
66,7,1,7,3232235984,1313.0,1.0,13.0,3.0
66,6,0,7,3232235984,3079.0,7.0,13.0,3.0
66,0,0,7,3232235984,3612.0,1.0,13.0,3.0
66,8,0,7,3232235984,680.0,1.0,13.0,3.0
68,7,1,4,3232235794,1691.0,1.0,13.0,3.0
68,6,0,4,3232235794,3533.0,6.0,13.0,3.0
68,0,0,4,3232235794,632.0,5.0,13.0,3.0
68,8,0,4,3232235794,828.0,1.0,13.0,3.0
50,7,0,7,3232235996,605.0,1.0,14.0,3.0
50,6,0,7,3232235996,3615.0,3.0,14.0,3.0
50,0,0,7,3232235996,5970.0,6.0,14.0,3.0
50,8,0,7,3232235996,427.0,1.0,14.0,3.0
74,6,0,4,3232235813,3746.0,4.0,14.0,3.0
74,0,0,4,3232235813,5206.0,2.0,14.0,3.0
74,8,0,4,3232235813,852.0,1.0,15.0,3.0
45,6,0,4,3232235925,2077.0,5.0,16.0,3.0
45,0,0,4,3232235925,803.0,10.0,16.0,3.0
45,8,0,4,3232235925,350.0,1.0,16.0,3.0
62,7,0,4,3232236014,385.0,1.0,0.0,4.0
73,7,0,0,3232235814,905.0,1.0,6.0,4.0
76,7,1,8,3232235915,1283.0,1.0,8.0,4.0
76,6,0,8,3232235915,1472.0,2.0,8.0,4.0
76,0,0,8,3232235915,8165.0,1.0,8.0,4.0
76,8,0,8,3232235915,641.0,1.0,8.0,4.0
50,7,0,7,3232235996,1188.0,1.0,9.0,4.0
50,6,0,7,3232235996,3804.0,7.0,9.0,4.0
50,0,0,7,3232235996,4410.0,7.0,9.0,4.0
50,8,0,7,3232235996,209.0,1.0,9.0,4.0
75,7,0,1,3232235968,1183.0,1.0,10.0,4.0
75,6,0,1,3232235968,1457.0,8.0,10.0,4.0
75,0,0,1,3232235968,5332.0,8.0,10.0,4.0
75,8,0,1,3232235968,591.0,1.0,10.0,4.0
41,7,0,7,3232236027,1667.0,1.0,11.0,4.0
41,6,0,7,3232236027,3166.0,7.0,11.0,4.0
41,0,0,7,3232236027,578.0,5.0,11.0,4.0
41,8,0,7,3232236027,1300.0,1.0,11.0,4.0
43,7,0,8,3232235853,1485.0,1.0,11.0,4.0
62,6,0,4,3232236014,4306.0,10.0,11.0,4.0
43,6,0,8,3232235853,1889.0,9.0,11.0,4.0
62,0,0,4,3232236014,2869.0,3.0,11.0,4.0
43,0,0,8,3232235853,3138.0,10.0,11.0,4.0
43,8,0,8,3232235853,1428.0,1.0,11.0,4.0
62,8,0,4,3232236014,201.0,1.0,11.0,4.0
38,7,1,4,3232235984,846.0,1.0,12.0,4.0
38,6,0,4,3232235984,6822.0,8.0,12.0,4.0
38,0,0,4,3232235984,1878.0,4.0,12.0,4.0
38,8,0,4,3232235984,750.0,1.0,12.0,4.0
36,7,0,7,3232235869,464.0,1.0,13.0,4.0
36,6,0,7,3232235869,2585.0,2.0,13.0,4.0
36,0,0,7,3232235869,4187.0,7.0,13.0,4.0
36,8,0,7,3232235869,581.0,1.0,13.0,4.0
73,6,0,0,3232235814,2594.0,4.0,14.0,4.0
73,0,0,0,3232235814,19330.0,3.0,14.0,4.0
73,8,0,0,3232235814,903.0,1.0,14.0,4.0
57,7,0,4,3232235957,832.0,1.0,15.0,4.0
57,6,0,4,3232235957,4705.0,5.0,15.0,4.0
57,0,0,4,3232235957,539.0,9.0,15.0,4.0
57,8,0,4,3232235957,411.0,1.0,15.0,4.0
31,7,0,0,3232235865,1820.0,1.0,16.0,4.0
31,6,0,0,3232235865,5811.0,8.0,16.0,4.0
31,0,0,0,3232235865,2176.0,5.0,16.0,4.0
31,8,0,0,3232235865,826.0,1.0,16.0,4.0
51,7,0,1,3232235999,734.0,1.0,16.0,4.0
51,6,0,1,3232235999,4809.0,10.0,16.0,4.0
51,0,0,1,3232235999,1979.0,7.0,16.0,4.0
51,8,0,1,3232235999,357.0,1.0,16.0,4.0
76,7,0,8,3232235915,943.0,1.0,4.0,5.0
70,7,0,8,3232236002,417.0,1.0,7.0,5.0
19,7,0,8,3232235800,1005.0,1.0,7.0,5.0
70,6,0,8,3232236002,4404.0,3.0,7.0,5.0
19,6,0,8,3232235800,1984.0,3.0,7.0,5.0
70,0,0,8,3232236002,1022.0,6.0,7.0,5.0
19,0,0,8,3232235800,2360.0,4.0,7.0,5.0
31,7,0,0,3232235865,1275.0,1.0,7.0,5.0
70,8,0,8,3232236002,333.0,1.0,7.0,5.0
31,6,0,0,3232235865,4928.0,5.0,7.0,5.0
19,8,0,8,3232235800,1035.0,1.0,7.0,5.0
31,0,0,0,3232235865,4993.0,8.0,7.0,5.0
31,8,0,0,1120130145,476.0,1.0,7.0,5.0
82,7,0,0,3232235801,408.0,1.0,8.0,5.0
82,6,0,0,3232235801,5863.0,1.0,8.0,5.0
82,0,0,0,3232235801,1045.0,7.0,8.0,5.0
82,8,0,0,3232235801,755.0,1.0,8.0,5.0
76,7,0,8,3232235915,1423.0,1.0,8.0,5.0
76,6,0,8,3232235915,1297.0,1.0,8.0,5.0
76,0,0,8,3232235915,5539.0,7.0,8.0,5.0
76,8,0,8,3232235915,1492.0,1.0,8.0,5.0
30,7,0,1,3232235956,1977.0,1.0,9.0,5.0
30,6,0,1,3232235956,3768.0,2.0,9.0,5.0
30,0,0,1,3232235956,2132.0,1.0,9.0,5.0
30,8,0,1,3232235956,1101.0,1.0,9.0,5.0
51,7,0,1,3232235999,9.0,1.0,10.0,5.0
51,6,0,1,3232235999,4617.0,2.0,10.0,5.0
51,0,0,1,3232235999,4191.0,10.0,10.0,5.0
51,8,0,1,3232235999,635.0,1.0,10.0,5.0
76,6,0,8,140044879,3596.0,8.0,13.0,5.0
76,0,0,8,3232235915,5811.0,3.0,13.0,5.0
76,8,0,8,3232235915,1275.0,1.0,13.0,5.0
41,7,0,7,3232236027,1470.0,1.0,14.0,5.0
41,6,0,7,3232236027,45376.0,8.0,14.0,5.0
41,0,0,7,3232236027,5098.0,6.0,14.0,5.0
41,8,0,7,3232236027,370.0,1.0,14.0,5.0
6,7,0,4,3232235840,352.0,1.0,16.0,5.0
6,6,0,4,3232235840,5732.0,1.0,16.0,5.0
6,5,0,4,3232235840,3986.0,7.0,16.0,5.0
6,2,0,4,3232235840,8782.0,2.0,16.0,5.0
6,9,0,4,3232235840,5138.0,9.0,16.0,5.0
6,8,0,4,3232235840,895.0,1.0,16.0,5.0
60,7,0,1,3232235819,1616.0,1.0,7.0,6.0
60,6,0,1,3232235819,1513.0,2.0,7.0,6.0
60,0,0,1,3232235819,5993.0,10.0,7.0,6.0
60,8,0,1,3232235819,1209.0,1.0,7.0,6.0
27,7,1,1,3232235892,530.0,1.0,8.0,6.0
27,6,0,1,3232235892,4909.0,3.0,8.0,6.0
27,0,0,1,3232235892,4067.0,9.0,8.0,6.0
27,8,0,1,3232235892,1054.0,1.0,8.0,6.0
64,7,0,4,3232235993,1511.0,1.0,10.0,6.0
64,6,0,4,3232235993,3380.0,85.0,10.0,6.0
64,0,0,4,3232235993,5117.0,3.0,10.0,6.0
64,8,0,4,3232235993,1353.0,1.0,10.0,6.0
58,7,0,7,3232235933,1619.0,1.0,10.0,6.0
58,6,0,7,3232235933,958.0,5.0,10.0,6.0
58,0,0,7,3232235933,3208.0,4.0,10.0,6.0
58,8,0,7,3232235933,895.0,1.0,10.0,6.0
69,7,1,1,3232236011,836.0,1.0,12.0,6.0
69,6,0,1,3232236011,938.0,9.0,12.0,6.0
69,0,0,1,3232236011,2222.0,9.0,12.0,6.0
69,8,0,1,3232236011,940.0,1.0,12.0,6.0
43,7,0,8,3232235853,455.0,1.0,13.0,6.0
43,6,0,8,3232235853,1840.0,7.0,13.0,6.0
43,0,0,8,3232235853,3721.0,5.0,13.0,6.0
43,8,0,8,3232235853,688.0,1.0,13.0,6.0
63,7,1,8,3232235834,1213.0,1.0,13.0,6.0
63,6,0,8,3232235834,783.0,10.0,13.0,6.0
63,0,0,8,3232235834,5572.0,10.0,13.0,6.0
63,8,0,8,3232235834,703.0,1.0,13.0,6.0
23,7,0,1,3232235907,1841.0,1.0,13.0,6.0
23,6,0,1,3232235907,95.0,7.0,13.0,6.0
23,0,0,1,3232235907,29795.0,6.0,13.0,6.0
23,8,0,1,3232235907,888.0,1.0,13.0,6.0
61,7,0,0,3232235875,328.0,1.0,15.0,6.0
61,6,0,0,3232235875,2267.0,1.0,15.0,6.0
61,0,0,0,3232235875,995.0,7.0,15.0,6.0
61,8,0,0,3232235875,1237.0,1.0,15.0,6.0
1,7,1,7,3232235784,1867.0,1.0,16.0,6.0
1,1,0,7,3232235784,3120.0,3.0,16.0,6.0
1,4,0,7,3232235784,2833.0,4.0,16.0,6.0
1,3,0,7,3232235784,6384.0,9.0,16.0,6.0
1,8,0,7,3232235784,1129.0,1.0,16.0,6.0
86,7,0,0,3232235930,884.0,1.0,2.0,0.0
46,7,0,1,3232235958,1967.0,1.0,3.0,0.0
46,6,0,1,3232235958,1312.0,2.0,7.0,0.0
46,0,0,1,3232235958,3290.0,7.0,7.0,0.0
46,8,0,1,3232235958,526.0,1.0,7.0,0.0
30,7,1,1,3232235956,1912.0,1.0,8.0,0.0
30,6,0,1,3232235956,5124.0,10.0,8.0,0.0
30,0,0,1,3232235956,2024.0,1.0,8.0,0.0
30,8,0,1,3232235956,867.0,1.0,8.0,0.0
31,7,1,0,3232235865,534.0,1.0,9.0,0.0
31,6,0,0,3232235865,2009.0,9.0,9.0,0.0
31,0,0,6,3232235865,4107.0,10.0,9.0,0.0
31,8,0,0,3232235865,849.0,1.0,9.0,0.0
65,7,0,7,3232235836,80.0,1.0,14.0,0.0
65,6,0,7,3232235836,5899.0,3.0,14.0,0.0
65,0,0,7,3232235836,5158.0,2.0,14.0,0.0
65,8,0,7,3232235836,1005.0,1.0,14.0,0.0
86,6,0,0,3232235930,2006.0,6.0,15.0,0.0
86,0,0,0,3232235930,1012.0,6.0,15.0,0.0
86,8,0,0,3232235930,571.0,1.0,15.0,0.0
78,7,0,8,3232235887,1532.0,1.0,15.0,0.0
78,6,0,8,3232235887,663.0,9.0,15.0,0.0
78,0,0,8,3232235887,4415.0,1.0,15.0,0.0
78,8,0,8,3232235887,879.0,1.0,15.0,0.0
26,7,0,8,3232235885,712.0,1.0,16.0,0.0
26,6,0,8,3232235885,5829.0,8.0,16.0,0.0
26,0,0,8,3232235885,2404.0,8.0,16.0,0.0
26,8,0,8,3232235885,720.0,1.0,16.0,0.0
44,7,0,8,3232236004,908.0,1.0,16.0,0.0
44,6,0,8,3232236004,5905.0,2.0,16.0,0.0
44,0,0,8,759979067,5453.0,10.0,16.0,0.0
44,8,0,8,3232236004,1275.0,1.0,16.0,0.0
21,7,0,7,3232235785,445.0,1.0,0.0,1.0
28,7,0,8,3232235849,707.0,1.0,7.0,1.0
28,6,0,8,3232235849,3661.0,5.0,7.0,1.0
28,0,0,8,3232235849,2186.0,57.0,7.0,1.0
28,8,0,8,3232235849,7960.0,1.0,7.0,1.0
21,6,0,7,3232235785,4143.0,10.0,9.0,1.0
21,0,0,7,3232235785,5249.0,6.0,9.0,1.0
21,8,0,7,3232235785,1058.0,1.0,9.0,1.0
76,7,1,8,3232235915,1529.0,1.0,10.0,1.0
76,6,0,8,3232235915,4629.0,7.0,10.0,1.0
76,0,0,8,3232235915,3929.0,10.0,10.0,1.0
76,8,0,8,3232235915,708.0,1.0,10.0,1.0
38,7,0,4,3232235984,877.0,1.0,10.0,1.0
38,6,0,4,3232235984,3040.0,3.0,10.0,1.0
38,0,0,4,3232235984,1955.0,7.0,10.0,1.0
38,8,0,4,3232235984,1444.0,1.0,10.0,1.0
79,7,0,8,3232235880,687.0,1.0,10.0,1.0
79,6,0,8,3232235880,1120.0,4.0,10.0,1.0
79,0,0,8,3232235880,2032.0,6.0,10.0,1.0
79,8,0,8,3232235880,666.0,1.0,10.0,1.0
37,7,0,4,3232235932,1641.0,1.0,11.0,1.0
37,6,0,4,3232235932,3272.0,4.0,11.0,1.0
37,0,0,4,3232235932,2999.0,8.0,11.0,1.0
37,8,0,4,3232235932,691.0,1.0,11.0,1.0
31,7,0,0,3232235865,1743.0,1.0,12.0,1.0
31,6,0,0,3232235865,1408.0,9.0,12.0,1.0
31,0,0,0,3232235865,3489.0,2.0,12.0,1.0
31,8,0,0,3232235865,965.0,1.0,12.0,1.0
72,7,0,0,609349048,1389.0,1.0,13.0,1.0
72,6,0,0,3027922593,3147.0,3.0,13.0,1.0
72,0,0,0,3232235879,3934.0,10.0,13.0,1.0
72,8,0,0,3232235879,1374.0,1.0,13.0,1.0
33,7,0,1,3232236023,1083.0,1.0,13.0,1.0
33,6,0,1,3232236023,2099.0,1.0,13.0,1.0
33,0,0,1,3232236023,4920.0,4.0,13.0,1.0
33,8,0,1,3232236023,614.0,1.0,13.0,1.0
46,7,0,1,3232235958,1003.0,1.0,13.0,1.0
46,6,0,1,3232235958,4184.0,5.0,14.0,1.0
46,0,0,1,3232235958,2172.0,6.0,14.0,1.0
46,8,0,1,3232235958,244.0,1.0,14.0,1.0
75,7,0,1,3232235968,1393.0,1.0,14.0,1.0
75,6,0,1,3232235968,4486.0,5.0,14.0,1.0
75,0,0,1,3232235968,2555.0,9.0,14.0,1.0
75,8,0,1,3232235968,1362.0,1.0,14.0,1.0
19,7,0,8,3232235800,1725.0,1.0,15.0,1.0
19,6,0,8,3232235800,5099.0,1.0,15.0,1.0
19,0,0,8,3232235800,5456.0,3.0,15.0,1.0
71,7,0,4,3232235832,978.0,1.0,15.0,1.0
19,8,0,8,3232235800,1178.0,1.0,15.0,1.0
71,6,0,4,3232235832,2505.0,8.0,15.0,1.0
71,0,0,4,3232235832,10720.0,1.0,15.0,1.0
71,8,0,4,3232235832,266.0,1.0,15.0,1.0
62,7,0,4,1923690377,678.0,1.0,10.0,2.0
62,6,0,4,3232236014,944.0,3.0,10.0,2.0
62,0,0,4,3232236014,4614.0,7.0,10.0,2.0
62,8,0,4,3232236014,886.0,1.0,10.0,2.0
59,7,0,1,3232235914,751.0,1.0,10.0,2.0
59,6,0,1,3232235914,4862.0,10.0,10.0,2.0
59,0,0,1,3232235914,1251.0,9.0,10.0,2.0
59,8,0,1,3232235914,284.0,1.0,10.0,2.0
19,7,0,8,3232235800,1978.0,1.0,11.0,2.0
19,6,0,8,3232235800,75.0,10.0,11.0,2.0
19,0,0,8,3232235800,642.0,3.0,11.0,2.0
19,8,0,8,3232235800,576.0,1.0,11.0,2.0
20,7,0,8,3232235886,1753.0,1.0,11.0,2.0
20,6,0,8,3232235886,3410.0,9.0,11.0,2.0
20,0,0,8,3232235886,1825.0,7.0,11.0,2.0
20,8,0,8,3232235886,1461.0,1.0,11.0,2.0
36,7,0,7,3232235869,689.0,1.0,14.0,2.0
36,6,0,7,3232235869,4667.0,5.0,14.0,2.0
36,0,0,7,3232235869,1093.0,9.0,14.0,2.0
36,8,0,7,3232235869,213.0,1.0,14.0,2.0
30,7,0,1,3232235956,1176.0,1.0,0.0,3.0
33,7,0,1,3232236023,1896.0,1.0,2.0,3.0
25,7,0,8,3232235828,971.0,1.0,3.0,3.0
18,7,0,7,3232235951,1144.0,1.0,7.0,3.0
18,6,0,7,3232235951,4240.0,5.0,7.0,3.0
18,0,0,7,3232235951,3437.0,6.0,7.0,3.0
18,8,0,7,3232235951,921.0,1.0,7.0,3.0
33,6,0,1,3232236023,4924.0,6.0,8.0,3.0
33,0,0,1,3232236023,1067.0,6.0,8.0,3.0
33,8,0,1,149511682,845.0,1.0,8.0,3.0
33,7,0,1,3232236023,1397.0,1.0,10.0,3.0
33,6,0,1,3232236023,4358.0,6.0,10.0,3.0
33,0,0,1,3232236023,12418.0,9.0,10.0,3.0
33,8,0,1,3232236023,594.0,1.0,10.0,3.0
30,7,0,1,3232235956,13.0,1.0,10.0,3.0
30,6,0,1,2635070016,968.0,6.0,10.0,3.0
30,0,0,1,3232235956,4669.0,7.0,10.0,3.0
30,8,0,1,3232235956,1362.0,1.0,10.0,3.0
51,7,0,1,3232235999,909.0,1.0,11.0,3.0
51,6,0,1,3232235999,5408.0,8.0,11.0,3.0
55,7,1,2,3232235868,840.0,1.0,11.0,3.0
51,0,0,1,3232235999,3330.0,4.0,11.0,3.0
51,8,0,1,3232235999,1177.0,1.0,11.0,3.0
55,6,0,4,3232235868,4101.0,9.0,11.0,3.0
55,5,0,4,3232235868,6348.0,7.0,11.0,3.0
55,2,0,4,3232235868,8860.0,2.0,11.0,3.0
55,9,0,4,3232235868,3382.0,7.0,11.0,3.0
55,8,0,4,3232235868,871.0,1.0,11.0,3.0
79,7,0,8,3232235880,766.0,1.0,11.0,3.0
79,6,0,8,3232235880,4665.0,2.0,11.0,3.0
79,0,0,8,3232235880,1221.0,4.0,11.0,3.0
79,8,0,8,3232235880,1109.0,1.0,11.0,3.0
73,7,0,0,3232235814,1829.0,1.0,13.0,3.0
73,6,0,0,3232235814,5104.0,5.0,13.0,3.0
73,0,0,0,3232235814,4463.0,3.0,13.0,3.0
73,8,0,0,3232235814,976.0,1.0,13.0,3.0
30,6,0,1,3232235956,2905.0,3.0,13.0,3.0
30,0,0,1,3232235956,1192.0,8.0,13.0,3.0
30,8,0,1,3232235956,924.0,1.0,13.0,3.0
38,7,1,4,3232235984,845.0,1.0,14.0,3.0
38,6,0,4,3232235984,3756.0,5.0,14.0,3.0
50,7,0,7,3232235996,1756.0,1.0,14.0,3.0
38,0,0,4,3232235984,4558.0,2.0,14.0,3.0
38,8,0,4,3232235984,324.0,1.0,14.0,3.0
50,6,0,7,3232235996,5537.0,6.0,14.0,3.0
50,0,0,7,3232235996,3262.0,1.0,14.0,3.0
50,8,0,7,3232235996,414.0,1.0,14.0,3.0
18,7,0,7,3232235951,342.0,76.0,15.0,3.0
18,6,0,7,3232235951,2372.0,4.0,15.0,3.0
18,0,0,7,3232235951,2290.0,10.0,15.0,3.0
18,8,0,7,3232235951,1419.0,1.0,15.0,3.0
63,7,0,8,3232235834,1776.0,1.0,16.0,3.0
63,6,0,8,3232235834,5290.0,3.0,16.0,3.0
63,0,0,8,3232235834,1245.0,9.0,16.0,3.0
63,8,0,8,3232235834,1403.0,1.0,16.0,3.0
25,6,0,8,3232235828,3010.0,8.0,16.0,3.0
25,0,0,8,3232235828,5436.0,7.0,16.0,3.0
25,8,0,8,3232235828,541.0,1.0,16.0,3.0
69,7,0,1,3232236011,1356.0,1.0,6.0,4.0
32,7,0,4,3232235817,1231.0,1.0,7.0,4.0
32,6,0,4,3232235817,3264.0,7.0,7.0,4.0
32,0,0,4,3232235817,54.0,7.0,7.0,4.0
32,8,0,4,3232235817,716.0,1.0,7.0,4.0
29,7,0,7,3232235972,341.0,1.0,8.0,4.0
29,6,0,7,3232235972,585.0,4.0,8.0,4.0
29,0,0,7,3232235972,5726.0,6.0,8.0,4.0
29,8,0,7,3232235972,1142.0,1.0,8.0,4.0
69,6,0,1,766563109,1440.0,7.0,9.0,4.0
69,0,0,1,3232236011,5355.0,3.0,9.0,4.0
69,8,0,1,3232236011,336.0,1.0,9.0,4.0
64,7,0,4,3232235993,812.0,1.0,10.0,4.0
64,6,0,4,3232235993,2425.0,43.0,10.0,4.0
85,7,0,1,3232235980,1889.0,1.0,10.0,4.0
64,0,0,4,3232235993,1487.0,3.0,10.0,4.0
64,8,0,4,3232235993,1188.0,1.0,10.0,4.0
85,6,0,6,3232235980,5532.0,1.0,10.0,4.0
85,5,0,1,3232235980,6816.0,9.0,10.0,4.0
85,2,1,1,3232235980,8907.0,9.0,10.0,4.0
85,9,0,1,3232235980,9307.0,7.0,10.0,4.0
40,7,0,0,3232235915,11046.0,1.0,10.0,4.0
40,6,0,0,3232235915,5713.0,3.0,10.0,4.0
85,8,0,1,3232235980,873.0,1.0,10.0,4.0
40,0,0,0,3232235915,1153.0,5.0,10.0,4.0
40,8,0,0,3232235915,375.0,1.0,10.0,4.0
81,7,0,1,3232235908,1329.0,1.0,10.0,4.0
81,6,0,1,3232235908,4058.0,9.0,11.0,4.0
81,0,0,1,3232235908,1434.0,2.0,11.0,4.0
81,8,0,1,3232235908,1383.0,1.0,11.0,4.0
80,7,0,4,3232235834,1679.0,1.0,11.0,4.0
80,6,0,4,3232235834,5326.0,7.0,11.0,4.0
80,0,0,4,3232235834,3969.0,6.0,12.0,4.0
80,8,0,4,3232235834,463.0,1.0,12.0,4.0
25,7,0,8,3232235828,347.0,1.0,14.0,4.0
25,6,0,8,3232235828,1228.0,8.0,14.0,4.0
25,0,0,8,3232235828,2124.0,5.0,14.0,4.0
25,8,0,8,3232235828,545.0,1.0,14.0,4.0
52,7,1,7,3232235875,596.0,1.0,8.0,5.0
52,6,0,7,3232235875,1252.0,10.0,8.0,5.0
52,0,0,7,3232235875,5351.0,7.0,8.0,5.0
52,8,0,7,3232235875,482.0,1.0,8.0,5.0
46,7,0,1,3232235958,10864.0,1.0,12.0,5.0
46,6,0,1,3232235958,1578.0,6.0,12.0,5.0
46,0,0,1,3232235958,3957.0,6.0,12.0,5.0
46,8,0,1,3232235958,497.0,1.0,12.0,5.0
27,7,0,1,3232235892,1885.0,1.0,13.0,5.0
27,6,0,1,3232235892,3256.0,6.0,13.0,5.0
41,7,0,7,3232236027,658.0,1.0,13.0,5.0
27,0,0,1,3232235892,5347.0,1.0,13.0,5.0
41,6,0,7,3232236027,2139.0,7.0,13.0,5.0
27,8,0,1,3232235892,699.0,1.0,13.0,5.0
41,0,0,7,3232236027,4486.0,2.0,13.0,5.0
41,8,0,7,3232236027,5175.0,1.0,13.0,5.0
36,7,0,7,3232235869,1953.0,1.0,13.0,5.0
36,6,0,7,3232235869,3182.0,8.0,13.0,5.0
36,0,0,7,3232235869,1801.0,8.0,13.0,5.0
36,8,0,7,3232235869,701.0,1.0,13.0,5.0
76,7,0,8,3232235915,401.0,1.0,14.0,5.0
76,6,0,8,3232235915,3930.0,9.0,14.0,5.0
76,0,0,8,3232235915,1261.0,7.0,14.0,5.0
76,8,0,8,3232235915,1341.0,1.0,14.0,5.0
64,7,1,4,3232235993,1862.0,1.0,15.0,5.0
64,6,0,4,3232235993,1564.0,7.0,15.0,5.0
64,0,0,4,3232235993,3241.0,8.0,15.0,5.0
64,8,0,4,3232235993,513.0,1.0,15.0,5.0
8,7,0,1,3232235813,401.0,1.0,0.0,6.0
50,7,0,7,3232235996,671.0,1.0,0.0,6.0
42,7,0,0,3232235798,310.0,1.0,7.0,6.0
42,6,0,0,3232235798,1765.0,7.0,7.0,6.0
42,0,0,0,3232235798,5573.0,10.0,7.0,6.0
42,8,0,0,3032929819,310.0,1.0,7.0,6.0
86,7,0,0,3232235930,1295.0,1.0,7.0,6.0
86,6,0,0,3232235930,936.0,7.0,7.0,6.0
86,0,0,0,3232235930,1026.0,4.0,8.0,6.0
86,8,0,0,3232235930,1254.0,1.0,8.0,6.0
52,7,0,7,3232235875,1164.0,1.0,8.0,6.0
52,6,0,7,3232235875,5919.0,7.0,8.0,6.0
52,0,0,7,3232235875,586.0,10.0,8.0,6.0
52,8,0,7,3232235875,814.0,1.0,8.0,6.0
69,7,0,1,3232236011,1156.0,1.0,9.0,6.0
69,6,0,1,3029257075,3573.0,6.0,9.0,6.0
69,0,0,1,3232236011,2304.0,8.0,9.0,6.0
69,8,0,1,3232236011,650.0,1.0,9.0,6.0
79,7,0,8,3232235880,1171.0,1.0,10.0,6.0
79,6,0,8,3232235880,4429.0,4.0,10.0,6.0
79,0,0,3,3232235880,1564.0,8.0,10.0,6.0
79,8,0,8,3232235880,1140.0,1.0,11.0,6.0
50,6,0,7,3232235996,2733.0,1.0,12.0,6.0
50,0,0,7,3232235996,3835.0,4.0,12.0,6.0
50,8,0,7,3232235996,238.0,1.0,12.0,6.0
80,7,0,4,3232235834,1284.0,1.0,12.0,6.0
80,6,0,4,3232235834,1719.0,7.0,12.0,6.0
80,0,0,4,3232235834,3014.0,5.0,12.0,6.0
80,8,0,4,3232235834,261.0,1.0,12.0,6.0
73,7,0,0,3232235814,783.0,1.0,13.0,6.0
73,6,0,0,3232235814,2511.0,5.0,13.0,6.0
73,0,0,0,3232235814,2157.0,1.0,13.0,6.0
73,8,0,0,3232235814,693.0,1.0,13.0,6.0
8,6,0,1,3232235813,1645.0,5.0,14.0,6.0
8,0,0,1,3232235813,1268.0,2.0,14.0,6.0
8,8,0,1,3232235813,758.0,1.0,14.0,6.0
64,7,0,4,3232235993,1796.0,1.0,14.0,6.0
64,6,0,4,3232235993,4610.0,5.0,14.0,6.0
64,0,0,4,3232235993,3865.0,9.0,14.0,6.0
64,8,0,4,3232235993,1380.0,1.0,14.0,6.0
48,7,0,1,3232235975,1003.0,1.0,15.0,6.0
48,6,0,1,3232235975,4435.0,9.0,15.0,6.0
48,5,0,1,3232235975,3874.0,2.0,15.0,6.0
48,2,0,1,3232235975,2497.0,10.0,15.0,6.0
48,9,0,1,3232235975,6473.0,5.0,15.0,6.0
48,8,0,1,3232235975,1142.0,1.0,15.0,6.0
84,7,0,7,3232235817,608.0,1.0,15.0,6.0
84,1,0,7,3232235817,1855.0,5.0,16.0,6.0
84,4,0,7,3232235817,2414.0,4.0,16.0,6.0
84,3,0,7,3232235817,9232.0,2.0,16.0,6.0
84,8,0,7,3232235817,658.0,1.0,16.0,6.0
33,7,0,1,3232236023,63.0,1.0,16.0,6.0
33,6,0,1,3232236023,1614.0,1.0,16.0,6.0
33,0,0,1,3232236023,4148.0,7.0,16.0,6.0
33,8,0,1,3232236023,623.0,1.0,16.0,6.0
33,7,1,1,3232236023,1399.0,1.0,16.0,6.0
33,6,0,1,3232236023,5110.0,9.0,16.0,6.0
33,0,0,1,3232236023,789.0,6.0,16.0,6.0
33,8,0,1,3232236023,580.0,1.0,16.0,6.0
20,7,0,8,3232235886,1062.0,1.0,7.0,0.0
20,6,0,8,3232235886,3904.0,1.0,7.0,0.0
20,0,0,8,3232235886,3081.0,8.0,7.0,0.0
20,8,0,8,3232235886,374.0,1.0,7.0,0.0
39,7,0,7,3232235964,32.0,1.0,8.0,0.0
39,6,0,7,3232235964,3255.0,1.0,8.0,0.0
39,0,0,7,3232235964,4305.0,1.0,8.0,0.0
39,8,0,7,3232235964,493.0,1.0,8.0,0.0
61,7,0,0,3232235875,858.0,1.0,11.0,0.0
33,7,1,1,3232236023,1088.0,1.0,11.0,0.0
61,6,0,0,3232235875,5273.0,6.0,11.0,0.0
61,0,0,0,3232235875,1170.0,7.0,11.0,0.0
33,6,0,1,3232236023,4044.0,10.0,11.0,0.0
33,0,0,1,3232236023,2579.0,109.0,11.0,0.0
61,8,0,0,3232235875,877.0,1.0,11.0,0.0
33,8,0,1,3232236023,644.0,1.0,11.0,0.0
18,7,0,7,3232235951,814.0,1.0,12.0,0.0
18,6,0,7,3232235951,2706.0,3.0,12.0,0.0
18,0,0,7,3232235951,2842.0,8.0,12.0,0.0
18,8,0,7,3232235951,396.0,1.0,12.0,0.0
18,7,0,7,2647990658,1441.0,1.0,13.0,0.0
18,6,0,7,3232235951,3995.0,6.0,13.0,0.0
18,0,0,7,3232235951,4387.0,5.0,13.0,0.0
18,8,0,7,3232235951,352.0,1.0,13.0,0.0
39,7,1,7,3232235964,592.0,1.0,13.0,0.0
39,6,0,7,3232235964,1518.0,2.0,13.0,0.0
39,0,0,7,3232235964,1390.0,5.0,13.0,0.0
39,8,0,7,3232235964,10296.0,1.0,13.0,0.0
76,7,0,8,3232235915,838.0,1.0,14.0,0.0
76,6,0,8,3232235915,1465.0,5.0,14.0,0.0
76,0,0,8,3232235915,5869.0,9.0,14.0,0.0
76,8,0,8,3232235915,890.0,1.0,14.0,0.0
79,7,0,8,3232235880,1243.0,1.0,16.0,0.0
79,6,0,8,3232235880,1454.0,3.0,16.0,0.0
79,0,0,8,3232235880,642.0,8.0,16.0,0.0
79,8,0,8,3232235880,913.0,1.0,16.0,0.0
46,7,0,1,3232235958,1422.0,1.0,2.0,1.0
24,7,0,8,3232235784,1386.0,1.0,7.0,1.0
24,6,0,8,3232235784,1067.0,5.0,7.0,1.0
24,0,0,8,3232235784,3072.0,3.0,7.0,1.0
24,8,0,8,3232235784,1316.0,1.0,7.0,1.0
86,7,0,0,3232235930,1852.0,1.0,8.0,1.0
86,6,0,0,3232235930,4400.0,8.0,8.0,1.0
86,0,0,0,3232235930,4171.0,1.0,8.0,1.0
86,8,0,0,3232235930,390.0,1.0,8.0,1.0
22,7,0,7,3232235833,1614.0,1.0,9.0,1.0
22,6,0,7,3232235833,914.0,6.0,9.0,1.0
22,0,0,7,3232235833,2495.0,3.0,9.0,1.0
22,8,0,7,3232235833,1356.0,1.0,9.0,1.0
6,7,0,4,3232235840,1676.0,1.0,9.0,1.0
6,6,0,4,3232235840,2668.0,4.0,9.0,1.0
6,5,0,4,3232235840,3227.0,1.0,9.0,1.0
6,2,0,4,3232235840,11997.0,10.0,9.0,1.0
6,9,0,4,3232235840,9000.0,10.0,9.0,1.0
6,8,0,4,3232235840,396.0,1.0,9.0,1.0
44,7,0,8,3232236004,1580.0,1.0,10.0,1.0
44,6,0,8,3232236004,5074.0,9.0,10.0,1.0
46,6,0,1,3232235958,3570.0,5.0,10.0,1.0
44,0,0,8,3232236004,3901.0,57.0,10.0,1.0
44,8,0,8,3232236004,1380.0,1.0,10.0,1.0
46,0,0,1,3232235958,2249.0,7.0,10.0,1.0
46,8,0,1,3232235958,489.0,1.0,10.0,1.0
36,7,0,7,3232235869,332.0,1.0,10.0,1.0
36,6,0,7,3232235869,2588.0,1.0,10.0,1.0
36,0,0,7,3232235869,5516.0,4.0,10.0,1.0
36,8,0,7,3232235869,1378.0,1.0,11.0,1.0
43,7,0,8,3232235853,1183.0,1.0,11.0,1.0
43,6,0,8,3232235853,5415.0,4.0,11.0,1.0
30,7,0,1,3232235956,1947.0,1.0,11.0,1.0
43,0,0,8,3232235853,2818.0,4.0,11.0,1.0
30,6,0,1,3232235956,5787.0,4.0,11.0,1.0
43,8,0,8,3232235853,1056.0,1.0,11.0,1.0
30,0,0,1,3232235956,4546.0,8.0,11.0,1.0
30,8,0,1,3232235956,1433.0,1.0,11.0,1.0
27,7,0,1,3232235892,876.0,1.0,14.0,1.0
27,6,0,1,3232235892,2445.0,2.0,14.0,1.0
27,0,0,1,3232235892,906.0,7.0,14.0,1.0
27,8,0,1,3232235892,1370.0,1.0,14.0,1.0
25,7,1,8,3232235828,1060.0,1.0,15.0,1.0
25,6,0,8,3232235828,5667.0,10.0,15.0,1.0
25,0,0,8,3232235828,711.0,3.0,15.0,1.0
25,8,0,8,3232235828,923.0,1.0,15.0,1.0
79,7,0,8,3232235880,790.0,1.0,8.0,2.0
79,6,0,8,3232235880,1191.0,8.0,8.0,2.0
79,0,0,8,3232235880,3051.0,6.0,8.0,2.0
79,8,0,8,3232235880,719.0,1.0,8.0,2.0
30,7,1,1,3232235956,567.0,1.0,8.0,2.0
30,6,0,1,3232235956,4406.0,6.0,8.0,2.0
30,0,0,1,3232235956,5243.0,2.0,8.0,2.0
30,8,0,1,3232235956,760.0,1.0,8.0,2.0
1,7,0,7,3232235784,1339.0,1.0,9.0,2.0
1,1,0,7,3232235784,4302.0,2.0,9.0,2.0
1,4,0,7,3232235784,5528.0,1.0,9.0,2.0
1,3,0,7,3232235784,4173.0,2.0,9.0,2.0
1,8,0,7,3232235784,505.0,1.0,9.0,2.0
80,7,0,4,3232235834,670.0,1.0,10.0,2.0
80,6,0,4,3232235834,3000.0,5.0,10.0,2.0
80,0,0,4,3232235834,4752.0,5.0,10.0,2.0
80,8,0,5,3232235834,689.0,1.0,10.0,2.0
57,7,0,4,3232235957,1885.0,1.0,10.0,2.0
57,6,0,4,3232235957,1083.0,4.0,10.0,2.0
57,0,0,4,3232235957,5752.0,5.0,10.0,2.0
57,8,0,4,3232235957,1213.0,1.0,10.0,2.0
48,7,0,1,3232235975,1743.0,1.0,11.0,2.0
48,6,0,1,3232235975,4505.0,6.0,11.0,2.0
48,5,0,1,3232235975,4430.0,6.0,11.0,2.0
48,2,0,1,3232235975,10683.0,81.0,11.0,2.0
48,9,0,1,3232235975,5715.0,2.0,11.0,2.0
48,8,0,1,3232235975,1374.0,1.0,11.0,2.0
59,7,0,1,3232235914,7364.0,1.0,11.0,2.0
59,6,0,1,3232235914,2586.0,165.0,12.0,2.0
59,0,0,1,3232235914,4932.0,4.0,12.0,2.0
59,8,0,1,3232235914,358.0,1.0,12.0,2.0
82,7,0,0,3232235801,738.0,1.0,12.0,2.0
82,6,0,0,3232235801,3502.0,10.0,12.0,2.0
82,0,0,0,3232235801,2016.0,8.0,12.0,2.0
82,8,0,0,3232235801,419.0,1.0,12.0,2.0
24,7,0,8,3232235784,1380.0,1.0,13.0,2.0
24,6,0,8,3232235784,5514.0,5.0,13.0,2.0
24,0,0,8,3232235784,1156.0,5.0,13.0,2.0
24,8,0,8,3232235784,1489.0,1.0,13.0,2.0
75,7,0,1,3232235968,302.0,1.0,13.0,2.0
75,6,0,1,3232235968,4797.0,2.0,13.0,2.0
75,0,0,1,3232235968,4636.0,9.0,13.0,2.0
75,8,0,1,3232235968,1459.0,1.0,13.0,2.0
52,7,1,7,3232235875,466.0,1.0,13.0,2.0
52,6,0,7,3232235875,5251.0,1.0,13.0,2.0
52,0,0,7,3232235875,3508.0,8.0,13.0,2.0
52,8,0,7,3232235875,375.0,1.0,13.0,2.0
62,7,0,4,3232236014,1705.0,1.0,14.0,2.0
62,6,0,4,3232236014,4079.0,9.0,14.0,2.0
62,0,0,4,3232236014,4051.0,4.0,14.0,2.0
62,8,0,4,3232236014,1058.0,1.0,14.0,2.0
52,7,0,7,3232235875,1465.0,1.0,14.0,2.0
52,6,0,7,3232235875,3826.0,9.0,14.0,2.0
52,0,0,7,3232235875,503.0,5.0,14.0,2.0
52,8,0,7,3232235875,787.0,1.0,14.0,2.0
74,7,0,4,3232235813,8465.0,1.0,15.0,2.0
74,6,0,4,3232235813,2068.0,2.0,15.0,2.0
74,0,0,4,3232235813,5525.0,5.0,15.0,2.0
74,8,0,4,3232235813,652.0,1.0,15.0,2.0
54,7,1,4,3232235819,1513.0,1.0,8.0,3.0
54,6,0,4,3232235819,3813.0,7.0,8.0,3.0
54,5,0,4,3232235819,2395.0,8.0,8.0,3.0
54,2,1,4,3232235819,11938.0,1.0,8.0,3.0
54,9,0,4,3232235819,1226.0,9.0,8.0,3.0
54,8,0,4,3232235819,1270.0,1.0,8.0,3.0
74,7,0,4,3232235813,790.0,1.0,10.0,3.0
74,6,0,4,3232235813,5365.0,6.0,10.0,3.0
74,0,0,4,3232235813,4745.0,2.0,10.0,3.0
74,8,0,4,3232235813,21.0,1.0,10.0,3.0
24,7,0,8,3232235784,1816.0,1.0,11.0,3.0
24,6,0,2,3232235784,5234.0,7.0,11.0,3.0
24,0,0,8,3232235784,5814.0,10.0,11.0,3.0
24,8,0,8,3232235784,500.0,58.0,11.0,3.0
6,7,0,4,3232235840,1463.0,1.0,14.0,3.0
6,6,0,4,3232235840,2225.0,1.0,14.0,3.0
6,5,0,4,3232235840,1042.0,3.0,14.0,3.0
33,7,0,1,3232236023,732.0,1.0,14.0,3.0
6,2,0,4,3232235840,2113.0,5.0,14.0,3.0
33,6,0,1,3232236023,3801.0,9.0,14.0,3.0
6,9,0,4,3232235840,8907.0,2.0,14.0,3.0
33,0,0,1,3232236023,5396.0,7.0,14.0,3.0
33,8,0,1,3232236023,700.0,1.0,14.0,3.0
6,8,0,4,3232235840,648.0,1.0,14.0,3.0
62,7,0,4,3232236014,1434.0,1.0,14.0,3.0
62,6,0,4,3232236014,3595.0,9.0,14.0,3.0
62,0,0,4,3232236014,5148.0,10.0,14.0,3.0
62,8,0,4,3232236014,1473.0,1.0,14.0,3.0
62,7,0,4,3232236014,877.0,1.0,15.0,3.0
62,6,0,4,3232236014,3822.0,5.0,15.0,3.0
62,0,0,4,3232236014,2411.0,8.0,15.0,3.0
62,8,0,4,3232236014,1119.0,1.0,15.0,3.0
21,7,0,7,3232235785,530.0,1.0,15.0,3.0
21,6,0,7,3232235785,5697.0,10.0,15.0,3.0
21,0,0,2,3232235785,1995.0,7.0,15.0,3.0
21,8,0,7,3232235785,1049.0,1.0,15.0,3.0
48,7,0,1,3232235975,1848.0,1.0,3.0,4.0
40,7,0,0,3232235915,731.0,1.0,6.0,4.0
40,6,0,0,3232235915,3507.0,7.0,9.0,4.0
40,0,0,0,3232235915,5698.0,2.0,9.0,4.0
40,8,0,0,3232235915,461.0,1.0,9.0,4.0
39,7,1,7,3232235964,1874.0,1.0,10.0,4.0
39,6,0,7,3232235964,1545.0,1.0,10.0,4.0
39,0,0,7,3232235964,2715.0,1.0,10.0,4.0
39,8,0,7,3232235964,1357.0,1.0,10.0,4.0
34,7,0,4,3232235804,967.0,1.0,14.0,4.0
34,6,0,4,3232235804,3610.0,8.0,14.0,4.0
34,0,0,4,3232235804,16.0,6.0,14.0,4.0
34,8,0,4,3232235804,221.0,1.0,14.0,4.0
77,7,0,4,3232235969,1688.0,1.0,14.0,4.0
77,6,0,4,3232235969,1897.0,1.0,14.0,4.0
77,0,0,4,3232235969,3328.0,10.0,14.0,4.0
77,8,0,4,3232235969,1396.0,1.0,14.0,4.0
48,6,0,1,3232235975,1291.0,2.0,15.0,4.0
48,5,0,1,3232235975,3998.0,9.0,15.0,4.0
48,2,1,1,3232235975,3912.0,4.0,15.0,4.0
48,9,0,1,3232235975,2519.0,4.0,15.0,4.0
48,8,0,1,3232235975,1207.0,1.0,15.0,4.0
69,7,0,1,3232236011,1467.0,1.0,16.0,4.0
69,6,0,1,3232236011,1855.0,6.0,16.0,4.0
69,0,0,1,3232236011,2903.0,9.0,16.0,4.0
69,8,0,1,3232236011,957.0,1.0,16.0,4.0
65,7,0,7,3232235836,1890.0,1.0,16.0,4.0
65,6,0,7,3232235836,3149.0,10.0,16.0,4.0
65,0,0,7,3232235836,1233.0,2.0,16.0,4.0
65,8,0,7,3232235836,1047.0,1.0,16.0,4.0
27,7,0,1,3232235892,1057.0,1.0,7.0,5.0
27,6,0,1,3232235892,3198.0,10.0,7.0,5.0
27,0,0,1,3232235892,3606.0,8.0,7.0,5.0
27,8,0,1,3232235892,352.0,1.0,7.0,5.0
27,7,0,1,3232235892,553.0,1.0,8.0,5.0
27,6,0,1,3232235892,556.0,3.0,8.0,5.0
27,0,0,1,3232235892,5879.0,5.0,8.0,5.0
27,8,0,1,3232235892,663.0,1.0,8.0,5.0
64,7,0,4,3232235993,1927.0,1.0,10.0,5.0
64,6,0,4,3232235993,1826.0,7.0,10.0,5.0
64,0,0,4,3232235993,3142.0,1.0,10.0,5.0
64,8,0,4,3232235993,1371.0,1.0,10.0,5.0
23,7,0,1,3232235907,943.0,1.0,10.0,5.0
23,6,0,1,3232235907,1902.0,4.0,10.0,5.0
23,0,0,1,3232235907,3324.0,7.0,10.0,5.0
23,8,0,1,3232235907,422.0,1.0,10.0,5.0
39,7,0,7,3232235964,1371.0,1.0,11.0,5.0
39,6,0,7,3232235964,2609.0,5.0,11.0,5.0
39,0,0,7,3232235964,5473.0,9.0,11.0,5.0
39,8,0,7,3232235964,1001.0,1.0,11.0,5.0
54,7,0,4,3232235819,1498.0,1.0,14.0,5.0
54,6,0,4,3232235819,1212.0,1.0,14.0,5.0
54,5,0,4,3232235819,6448.0,9.0,14.0,5.0
54,2,0,4,3232235819,7951.0,2.0,14.0,5.0
54,9,0,4,3232235819,7299.0,5.0,14.0,5.0
54,8,0,4,3232235819,1142.0,1.0,14.0,5.0
23,7,0,1,3232235907,957.0,1.0,14.0,5.0
23,6,0,1,3232235907,4190.0,8.0,14.0,5.0
23,0,0,1,3232235907,2101.0,9.0,14.0,5.0
23,8,0,1,3232235907,573.0,1.0,14.0,5.0
23,7,0,1,3232235907,780.0,1.0,15.0,5.0
23,6,0,1,3232235907,2835.0,10.0,15.0,5.0
23,0,0,1,3232235907,1071.0,4.0,15.0,5.0
23,8,0,1,3232235907,850.0,1.0,15.0,5.0
26,7,0,8,3232235885,961.0,1.0,15.0,5.0
26,6,0,8,3232235885,821.0,7.0,15.0,5.0
26,0,0,8,3232235885,784.0,2.0,15.0,5.0
26,8,0,8,3232235885,371.0,1.0,16.0,5.0
30,7,0,1,3232235956,1985.0,1.0,16.0,5.0
30,6,0,1,3232235956,2507.0,2.0,16.0,5.0
30,0,0,1,3232235956,1960.0,1.0,16.0,5.0
30,8,0,1,3232235956,265.0,1.0,16.0,5.0
54,7,0,4,3232235819,499.0,1.0,16.0,5.0
54,6,0,4,3232235819,3042.0,8.0,16.0,5.0
69,7,0,1,3232236011,1147.0,1.0,16.0,5.0
54,5,0,4,3232235819,4354.0,4.0,16.0,5.0
69,6,0,1,3232236011,3769.0,8.0,16.0,5.0
54,2,0,4,3232235819,5166.0,3.0,16.0,5.0
54,9,0,4,3232235819,5227.0,6.0,16.0,5.0
69,0,0,1,141182776,4438.0,6.0,16.0,5.0
54,8,0,4,3232235819,1002.0,1.0,16.0,5.0
69,8,0,1,3232236011,916.0,1.0,16.0,5.0
40,7,0,0,3232235915,1106.0,1.0,4.0,6.0
37,7,0,4,3232235932,1335.0,1.0,8.0,6.0
37,7,0,4,3232235932,1038.0,1.0,8.0,6.0
37,6,0,4,3232235932,2345.0,3.0,8.0,6.0
37,6,0,4,3232235932,2744.0,6.0,8.0,6.0
37,0,0,4,3232235932,4302.0,9.0,8.0,6.0
37,0,0,4,3232235932,5638.0,4.0,8.0,6.0
37,8,0,4,3232235932,887.0,1.0,8.0,6.0
37,8,0,4,3232235932,1012.0,1.0,8.0,6.0
25,7,0,8,3232235828,301.0,1.0,9.0,6.0
25,6,0,8,3232235828,4543.0,5.0,9.0,6.0
25,0,0,8,3232235828,2105.0,3.0,9.0,6.0
25,8,0,8,3232235828,409.0,1.0,9.0,6.0
76,7,0,8,2642600698,1311.0,1.0,9.0,6.0
76,6,0,8,3232235915,2422.0,4.0,9.0,6.0
76,0,0,8,3232235915,5061.0,1.0,9.0,6.0
76,8,0,8,3232235915,237.0,1.0,9.0,6.0
1,7,0,7,3232235784,716.0,1.0,10.0,6.0
1,1,0,7,3232235784,1238.0,2.0,10.0,6.0
1,4,0,7,3232235784,3525.0,9.0,10.0,6.0
1,3,0,7,3232235784,7131.0,1.0,10.0,6.0
1,8,0,7,3232235784,1177.0,1.0,10.0,6.0
56,7,0,1,3232235949,1055.0,1.0,11.0,6.0
56,6,0,1,3232235949,5689.0,139.0,11.0,6.0
56,0,0,1,3232235949,1653.0,8.0,11.0,6.0
56,8,0,1,3232235949,1254.0,1.0,11.0,6.0
79,7,0,8,3232235880,555.0,1.0,13.0,6.0
79,6,0,8,3232235880,3747.0,2.0,13.0,6.0
79,0,0,8,3232235880,3401.0,9.0,13.0,6.0
79,8,0,8,3232235880,655.0,1.0,13.0,6.0
40,6,0,0,3232235915,1719.0,2.0,14.0,6.0
40,0,0,0,3232235915,3393.0,10.0,14.0,6.0
40,8,0,0,3232235915,331.0,1.0,14.0,6.0
46,7,0,1,3232235958,558.0,1.0,16.0,6.0
46,6,0,1,3232235958,580.0,1.0,16.0,6.0
46,0,0,1,3232235958,536.0,2.0,16.0,6.0
46,8,0,1,3232235958,793.0,1.0,16.0,6.0
46,7,0,1,3232235958,910.0,1.0,16.0,6.0
46,6,0,1,2644247557,1267.0,2.0,16.0,6.0
46,0,0,1,3232235958,5348.0,4.0,16.0,6.0
46,8,0,1,3232235958,982.0,1.0,16.0,6.0
62,7,0,4,3232236014,1184.0,1.0,2.0,0.0
80,7,0,4,3232235834,1104.0,1.0,4.0,0.0
62,6,0,4,3232236014,3025.0,9.0,7.0,0.0
62,0,0,4,3232236014,4979.0,9.0,7.0,0.0
62,8,0,4,3232236014,1304.0,1.0,7.0,0.0
44,7,0,8,3232236004,636.0,1.0,9.0,0.0
44,6,0,8,3232236004,4317.0,6.0,9.0,0.0
44,0,0,8,3232236004,3830.0,2.0,9.0,0.0
44,8,0,8,3232236004,1297.0,1.0,9.0,0.0
80,6,0,4,3232235834,5828.0,5.0,11.0,0.0
80,0,0,4,3232235834,4199.0,1.0,11.0,0.0
80,8,0,4,3232235834,1112.0,1.0,11.0,0.0
82,7,0,0,3232235801,1908.0,1.0,14.0,0.0
82,6,0,0,3232235801,2387.0,5.0,14.0,0.0
82,0,0,0,3232235801,4926.0,5.0,14.0,0.0
82,8,0,0,3232235801,1244.0,1.0,14.0,0.0
35,7,0,7,3232235875,1573.0,1.0,0.0,1.0
37,7,0,4,3232235932,1381.0,1.0,0.0,1.0
76,7,1,8,3232235915,8400.0,1.0,8.0,1.0
76,6,0,8,3232235915,570.0,3.0,8.0,1.0
76,0,0,8,3232235915,3410.0,9.0,8.0,1.0
76,8,0,8,3232235915,965.0,1.0,8.0,1.0
26,7,0,8,3232235885,399.0,1.0,10.0,1.0
26,6,0,8,3232235885,5506.0,4.0,10.0,1.0
26,0,0,8,3232235885,2444.0,4.0,10.0,1.0
26,8,0,8,3232235885,1368.0,1.0,10.0,1.0
67,7,0,4,3232235880,563.0,1.0,10.0,1.0
67,6,0,4,3232235880,2174.0,9.0,10.0,1.0
67,0,0,4,3232235880,1284.0,1.0,10.0,1.0
67,8,0,4,3232235880,1023.0,1.0,10.0,1.0
21,7,1,7,3232235785,491.0,1.0,11.0,1.0
21,6,0,7,3232235785,4209.0,9.0,11.0,1.0
86,7,1,0,1729406063,1601.0,1.0,11.0,1.0
21,0,0,7,3232235785,1679.0,4.0,11.0,1.0
86,6,0,0,3232235930,5074.0,2.0,11.0,1.0
21,8,0,7,3232235785,595.0,1.0,11.0,1.0
86,0,0,0,3232235930,5073.0,2.0,11.0,1.0
86,8,0,2,3232235930,945.0,1.0,11.0,1.0
36,7,0,7,3232235869,1801.0,1.0,11.0,1.0
36,6,0,7,3232235869,3056.0,2.0,11.0,1.0
36,0,0,7,3232235869,2798.0,6.0,11.0,1.0
36,8,0,7,3232235869,914.0,1.0,11.0,1.0
78,7,0,8,3232235887,1142.0,1.0,12.0,1.0
35,6,0,7,3232235875,733.0,1.0,12.0,1.0
78,6,0,8,3232235887,1043.0,1.0,12.0,1.0
78,0,0,8,3232235887,670.0,200.0,12.0,1.0
78,8,0,8,3232235887,1009.0,189.0,12.0,1.0
35,0,0,7,3232235875,3216.0,1.0,12.0,1.0
35,8,0,7,3232235875,1163.0,1.0,12.0,1.0
37,6,0,4,3232235932,17845.0,10.0,12.0,1.0
37,0,0,4,3232235932,1468.0,6.0,12.0,1.0
37,8,0,4,3232235932,691.0,1.0,12.0,1.0
68,7,0,4,3232235794,1803.0,1.0,13.0,1.0
68,6,0,4,3232235794,3766.0,3.0,13.0,1.0
68,0,0,4,3232235794,3535.0,9.0,13.0,1.0
68,8,0,4,3232235794,1350.0,1.0,13.0,1.0
70,7,1,8,3232236002,355.0,1.0,13.0,1.0
70,6,0,8,3232236002,22770.0,3.0,13.0,1.0
70,0,0,8,3232236002,3950.0,3.0,13.0,1.0
70,8,0,8,3232236002,866.0,1.0,13.0,1.0
19,7,0,8,3232235800,1708.0,1.0,13.0,1.0
19,6,0,8,3232235800,1803.0,8.0,13.0,1.0
19,0,0,8,3232235800,3597.0,1.0,13.0,1.0
19,8,0,8,3232235800,550.0,1.0,13.0,1.0
65,7,0,7,3232235836,1272.0,1.0,14.0,1.0
65,6,0,7,3232235836,3193.0,10.0,14.0,1.0
65,0,0,7,3232235836,4198.0,5.0,14.0,1.0
65,8,0,7,3232235836,390.0,1.0,14.0,1.0
84,7,0,7,3232235817,1607.0,1.0,15.0,1.0
84,1,0,7,3232235817,2185.0,5.0,15.0,1.0
84,4,0,7,3232235817,6527.0,3.0,15.0,1.0
84,3,0,7,3232235817,9142.0,6.0,15.0,1.0
84,8,0,7,3232235817,703.0,1.0,15.0,1.0
47,7,0,7,3232235789,1511.0,1.0,15.0,1.0
47,6,0,7,3232235789,4891.0,7.0,15.0,1.0
47,0,0,7,3232235789,2864.0,4.0,15.0,1.0
47,8,0,7,3232235789,612.0,1.0,15.0,1.0
66,7,1,7,3232235984,1512.0,1.0,10.0,2.0
66,6,0,7,3232235984,4700.0,8.0,10.0,2.0
66,0,0,7,3232235984,4627.0,9.0,10.0,2.0
66,8,0,7,3232235984,730.0,1.0,10.0,2.0
36,7,0,7,3232235869,424.0,1.0,10.0,2.0
36,6,0,7,3232235869,4710.0,4.0,10.0,2.0
36,0,0,7,3232235869,2730.0,8.0,10.0,2.0
36,8,0,7,3232235869,1086.0,1.0,10.0,2.0
18,7,0,7,3232235951,1528.0,1.0,12.0,2.0
18,6,0,7,3232235951,3484.0,9.0,12.0,2.0
18,0,0,7,3232235951,3415.0,9.0,12.0,2.0
18,8,0,7,3232235951,1046.0,1.0,12.0,2.0
41,7,0,7,3232236027,1536.0,1.0,12.0,2.0
41,6,0,7,3232236027,5312.0,4.0,12.0,2.0
41,0,0,7,3232236027,4616.0,8.0,12.0,2.0
41,8,0,7,1116753772,764.0,1.0,12.0,2.0
21,7,0,7,3232235785,519.0,1.0,14.0,2.0
21,6,0,7,3232235785,4847.0,6.0,14.0,2.0
21,0,0,7,3232235785,3848.0,8.0,14.0,2.0
21,8,0,7,3232235785,1483.0,1.0,14.0,2.0
79,7,0,8,3232235880,1886.0,1.0,15.0,2.0
79,6,0,8,3232235880,2148.0,4.0,15.0,2.0
54,7,1,4,3232235819,1575.0,1.0,15.0,2.0
79,0,0,8,3232235880,853.0,10.0,15.0,2.0
79,8,0,8,3232235880,1142.0,1.0,15.0,2.0
54,6,0,4,3232235819,92.0,7.0,15.0,2.0
54,5,0,4,3232235819,4016.0,4.0,15.0,2.0
54,2,0,4,3232235819,10792.0,6.0,15.0,2.0
54,9,0,4,3232235819,7126.0,2.0,16.0,2.0
54,8,0,4,3232235819,1120.0,1.0,16.0,2.0
37,7,0,4,3232235932,1236.0,1.0,10.0,3.0
37,6,0,4,3232235932,5408.0,8.0,10.0,3.0
37,0,0,4,3232235932,1840.0,2.0,10.0,3.0
37,8,0,4,3232235932,983.0,1.0,10.0,3.0
28,7,0,8,3232235849,318.0,1.0,11.0,3.0
28,6,0,8,3232235849,4637.0,1.0,11.0,3.0
28,0,0,8,335618487,4508.0,10.0,11.0,3.0
28,8,0,8,3232235849,335.0,1.0,11.0,3.0
58,7,0,7,3232235933,1285.0,1.0,11.0,3.0
58,6,0,7,3232235933,1979.0,9.0,11.0,3.0
58,0,0,7,3232235933,4890.0,4.0,11.0,3.0
58,8,0,7,3232235933,1372.0,61.0,12.0,3.0
39,7,0,7,3232235964,1325.0,1.0,15.0,3.0
39,6,0,7,3232235964,3653.0,4.0,15.0,3.0
39,0,0,7,3232235964,4383.0,8.0,15.0,3.0
39,8,0,7,3232235964,694.0,1.0,15.0,3.0
45,7,0,4,3232235925,1820.0,1.0,3.0,4.0
21,7,0,7,3232235785,566.0,1.0,4.0,4.0
30,7,0,1,3232235956,863.0,1.0,7.0,4.0
30,6,0,1,3232235956,826.0,3.0,8.0,4.0
30,0,0,1,3232235956,1710.0,7.0,8.0,4.0
30,8,0,1,3232235956,742.0,1.0,8.0,4.0
19,7,0,8,3232235800,1777.0,48.0,8.0,4.0
19,6,0,8,3232235800,3373.0,2.0,8.0,4.0
19,0,0,8,3232235800,4270.0,6.0,8.0,4.0
19,8,0,8,3232235800,1112.0,1.0,8.0,4.0
39,7,0,7,3232235964,1348.0,1.0,9.0,4.0
39,6,0,7,3232235964,3028.0,4.0,9.0,4.0
39,0,0,7,3232235964,3440.0,9.0,9.0,4.0
39,8,0,7,3232235964,947.0,1.0,9.0,4.0
21,6,0,7,3232235785,2079.0,5.0,11.0,4.0
21,0,0,7,3232235785,1201.0,5.0,11.0,4.0
21,8,0,7,3232235785,1259.0,1.0,11.0,4.0
26,7,0,8,3232235885,2680.0,1.0,11.0,4.0
26,6,0,8,3232235885,4392.0,3.0,11.0,4.0
26,0,0,8,3232235885,4327.0,10.0,11.0,4.0
26,8,0,8,3232235885,861.0,1.0,11.0,4.0
22,7,0,7,3232235833,1158.0,1.0,12.0,4.0
22,6,0,7,3232235833,1930.0,9.0,12.0,4.0
22,0,0,7,3232235833,1740.0,3.0,12.0,4.0
22,8,0,7,3232235833,947.0,1.0,12.0,4.0
54,7,0,4,3232235819,1882.0,1.0,12.0,4.0
54,6,0,4,3232235819,5997.0,2.0,12.0,4.0
54,5,0,4,3232235819,16398.0,3.0,12.0,4.0
54,2,0,4,3232235819,4080.0,5.0,12.0,4.0
54,9,0,4,3232235819,2875.0,1.0,12.0,4.0
54,8,0,4,3232235819,1475.0,1.0,12.0,4.0
77,7,0,4,3232235969,1888.0,1.0,13.0,4.0
77,6,0,4,3232235969,1231.0,8.0,13.0,4.0
77,0,0,4,3232235969,2604.0,10.0,13.0,4.0
77,8,0,4,3232235969,349.0,1.0,13.0,4.0
45,6,0,4,3232235925,836.0,10.0,14.0,4.0
45,0,0,4,3232235925,5860.0,4.0,14.0,4.0
45,8,0,4,3232235925,595.0,1.0,14.0,4.0
69,7,0,1,3232236011,1007.0,1.0,14.0,4.0
69,6,0,1,3232236011,4165.0,4.0,14.0,4.0
69,0,0,1,3232236011,5065.0,7.0,14.0,4.0
69,8,0,1,3232236011,1302.0,1.0,14.0,4.0
46,7,0,1,3232235958,1595.0,1.0,16.0,4.0
46,6,0,1,3232235958,3158.0,2.0,16.0,4.0
46,0,0,1,3232235958,4999.0,5.0,16.0,4.0
75,7,0,1,3232235968,1836.0,1.0,16.0,4.0
46,8,0,1,3232235958,473.0,1.0,16.0,4.0
75,6,0,1,3232235968,4995.0,8.0,16.0,4.0
75,0,0,1,3232235968,5603.0,3.0,16.0,4.0
75,8,0,2,3232235968,237.0,1.0,16.0,4.0
29,7,0,7,3232235972,467.0,1.0,6.0,5.0
63,7,0,8,3232235834,826.0,1.0,10.0,5.0
63,6,0,8,3232235834,4680.0,8.0,10.0,5.0
63,0,0,8,3232235834,1431.0,6.0,10.0,5.0
63,8,0,8,3232235834,348.0,1.0,10.0,5.0
59,7,0,1,3232235914,377.0,1.0,10.0,5.0
59,6,0,1,3232235914,582.0,3.0,10.0,5.0
59,0,0,1,3232235914,3805.0,4.0,10.0,5.0
59,8,0,1,3232235914,634.0,1.0,10.0,5.0
86,7,0,0,3232235930,1008.0,1.0,11.0,5.0
86,6,0,6,3232235930,2608.0,9.0,11.0,5.0
86,0,0,0,3232235930,4235.0,9.0,11.0,5.0
86,8,0,0,3232235930,1374.0,1.0,11.0,5.0
38,7,0,4,3232235984,1132.0,1.0,15.0,5.0
38,6,0,4,3232235984,1797.0,8.0,15.0,5.0
38,0,0,4,3232235984,2527.0,4.0,15.0,5.0
38,8,0,4,3232235984,516.0,1.0,15.0,5.0
29,6,0,7,3232235972,5161.0,8.0,16.0,5.0
29,0,0,7,3232235972,4353.0,3.0,16.0,5.0
29,8,0,7,3232235972,392.0,1.0,16.0,5.0
32,7,0,4,3232235817,727.0,1.0,7.0,6.0
32,6,0,4,3232235817,1600.0,9.0,7.0,6.0
32,0,0,4,3232235817,1339.0,5.0,7.0,6.0
32,8,0,2,3232235817,1497.0,1.0,7.0,6.0
55,7,0,4,3232235868,3402.0,1.0,7.0,6.0
55,6,0,4,3232235868,1538.0,1.0,7.0,6.0
55,5,0,4,3232235868,2382.0,9.0,7.0,6.0
55,2,0,4,3232235868,3354.0,9.0,7.0,6.0
55,9,0,4,3232235868,8853.0,7.0,7.0,6.0
55,8,0,4,337190437,1389.0,1.0,7.0,6.0
40,7,0,0,3232235915,1078.0,1.0,7.0,6.0
40,6,0,0,3232235915,2207.0,9.0,7.0,6.0
40,0,0,0,3232235915,609.0,3.0,7.0,6.0
40,8,0,0,3232235915,1132.0,1.0,7.0,6.0
51,7,0,1,3232235999,1632.0,1.0,8.0,6.0
51,6,0,1,3232235999,2512.0,3.0,8.0,6.0
51,0,0,1,3232235999,5730.0,7.0,8.0,6.0
51,8,0,1,3232235999,954.0,1.0,8.0,6.0
36,7,1,7,3232235869,477.0,1.0,9.0,6.0
36,6,0,2,3232235869,1646.0,2.0,9.0,6.0
36,0,0,7,3232235869,5329.0,7.0,9.0,6.0
36,8,0,7,604721950,919.0,1.0,9.0,6.0
64,7,1,4,3232235993,1937.0,1.0,10.0,6.0
64,6,0,4,3232235993,3496.0,6.0,10.0,6.0
64,0,0,4,3232235993,2114.0,8.0,10.0,6.0
64,8,0,4,3232235993,433.0,1.0,10.0,6.0
27,7,0,1,3232235892,662.0,1.0,12.0,6.0
27,6,0,1,3232235892,3759.0,6.0,12.0,6.0
27,0,0,1,3232235892,3758.0,3.0,12.0,6.0
27,8,0,1,3232235892,330.0,1.0,12.0,6.0
68,7,0,4,3232235794,1315.0,1.0,12.0,6.0
68,6,0,2,3232235794,4987.0,8.0,12.0,6.0
68,0,0,4,3232235794,2101.0,7.0,12.0,6.0
68,8,0,4,3232235794,1352.0,1.0,12.0,6.0
67,7,0,4,3232235880,809.0,1.0,15.0,6.0
67,6,0,4,3232235880,2584.0,6.0,15.0,6.0
67,0,0,4,3232235880,5057.0,9.0,15.0,6.0
67,8,0,4,3232235880,393.0,1.0,15.0,6.0
23,7,0,1,3232235907,1279.0,1.0,0.0,0.0
60,7,0,1,3232235819,319.0,1.0,0.0,0.0
49,7,0,4,3232236030,1617.0,1.0,6.0,0.0
53,7,0,4,3232235894,1035.0,1.0,9.0,0.0
53,6,0,4,3232235894,1552.0,10.0,9.0,0.0
53,0,0,4,3232235894,3957.0,2.0,9.0,0.0
53,8,0,4,3232235894,1326.0,1.0,9.0,0.0
49,6,0,4,3232236030,987.0,10.0,9.0,0.0
49,0,0,4,3232236030,90.0,10.0,9.0,0.0
49,8,0,4,3232236030,833.0,1.0,9.0,0.0
36,7,0,7,3232235869,1834.0,1.0,10.0,0.0
36,6,0,7,3232235869,3784.0,8.0,10.0,0.0
36,0,0,7,3232235869,4641.0,2.0,10.0,0.0
36,8,0,7,3232235869,431.0,1.0,10.0,0.0
60,6,0,1,3232235819,589.0,6.0,13.0,0.0
60,0,0,1,3232235819,2251.0,8.0,13.0,0.0
60,8,0,1,3232235819,1362.0,1.0,13.0,0.0
23,6,0,1,3232235907,1491.0,8.0,15.0,0.0
23,0,0,1,3232235907,5881.0,4.0,15.0,0.0
23,8,0,1,3232235907,801.0,1.0,15.0,0.0
6,7,0,4,3232235840,606.0,1.0,16.0,0.0
6,6,0,4,3232235840,1705.0,5.0,16.0,0.0
6,5,0,4,3232235840,2422.0,5.0,16.0,0.0
6,2,1,4,3232235840,3871.0,2.0,16.0,0.0
6,9,0,4,3232235840,4350.0,10.0,16.0,0.0
6,8,0,4,3232235840,915.0,1.0,16.0,0.0
25,7,0,8,3232235828,1103.0,1.0,16.0,0.0
25,6,0,8,3232235828,3436.0,7.0,16.0,0.0
25,0,0,8,3232235828,4040.0,6.0,16.0,0.0
25,8,0,8,3232235828,200.0,1.0,16.0,0.0
78,7,0,8,3232235887,1152.0,1.0,7.0,1.0
78,6,0,8,3232235887,2942.0,3.0,7.0,1.0
78,0,0,8,3232235887,5629.0,2.0,7.0,1.0
78,8,0,8,3232235887,967.0,1.0,7.0,1.0
21,7,0,7,3232235785,1763.0,1.0,7.0,1.0
21,6,0,7,3232235785,1684.0,5.0,7.0,1.0
21,0,0,7,3232235785,4284.0,3.0,7.0,1.0
21,8,0,7,3232235785,905.0,1.0,7.0,1.0
21,7,0,7,3232235785,330.0,1.0,9.0,1.0
21,6,0,7,3232235785,2761.0,10.0,9.0,1.0
21,0,0,6,3232235785,1480.0,7.0,9.0,1.0
21,8,0,7,3232235785,697.0,1.0,9.0,1.0
33,7,0,1,3232236023,468.0,1.0,13.0,1.0
33,6,0,1,3232236023,872.0,7.0,13.0,1.0
33,0,0,1,3232236023,5464.0,7.0,13.0,1.0
33,8,0,3,3232236023,1118.0,1.0,13.0,1.0
75,7,0,1,3232235968,1705.0,1.0,15.0,1.0
75,6,0,1,3232235968,2473.0,10.0,15.0,1.0
75,0,0,1,3232235968,1510.0,3.0,15.0,1.0
75,8,0,1,3232235968,1299.0,1.0,15.0,1.0
59,7,1,6,3232235914,1321.0,1.0,15.0,1.0
59,6,0,1,3232235914,2861.0,6.0,15.0,1.0
59,0,0,1,3232235914,911.0,6.0,15.0,1.0
54,7,0,4,3232235819,1376.0,1.0,15.0,1.0
59,8,0,1,3232235914,18.0,1.0,15.0,1.0
54,6,0,4,3232235819,3710.0,9.0,15.0,1.0
54,5,0,4,3232235819,1865.0,1.0,15.0,1.0
54,2,0,4,3232235819,3364.0,4.0,15.0,1.0
54,9,0,4,3232235819,1212.0,8.0,15.0,1.0
54,8,0,4,3232235819,357.0,1.0,16.0,1.0
21,7,0,7,3232235785,1139.0,1.0,3.0,2.0
32,7,0,4,3232235817,541.0,1.0,9.0,2.0
32,6,0,4,3232235817,3483.0,7.0,9.0,2.0
32,0,0,4,3232235817,4463.0,3.0,9.0,2.0
32,8,0,4,3232235817,348.0,1.0,9.0,2.0
28,7,0,8,3232235849,669.0,1.0,11.0,2.0
28,6,0,8,3232235849,1811.0,10.0,11.0,2.0
28,0,0,8,3232235849,1465.0,7.0,11.0,2.0
28,8,0,8,3232235849,655.0,1.0,11.0,2.0
80,7,0,4,3232235834,45.0,1.0,11.0,2.0
80,6,0,4,3232235834,1287.0,9.0,11.0,2.0
80,0,0,4,1925439659,1197.0,6.0,11.0,2.0
80,8,0,4,3232235834,389.0,1.0,11.0,2.0
25,7,0,8,3232235828,891.0,1.0,12.0,2.0
25,6,0,8,3232235828,4246.0,10.0,12.0,2.0
25,0,0,8,3232235828,4557.0,9.0,12.0,2.0
25,8,0,8,3232235828,1246.0,1.0,12.0,2.0
21,6,0,7,146190218,5189.0,3.0,13.0,2.0
21,0,0,7,1110525507,4891.0,4.0,13.0,2.0
21,8,0,7,3232235785,1480.0,1.0,13.0,2.0
85,7,0,1,3232235980,1899.0,1.0,14.0,2.0
85,6,0,1,3232235980,4654.0,5.0,14.0,2.0
85,5,0,1,3232235980,3396.0,4.0,14.0,2.0
85,2,0,1,3232235980,7114.0,8.0,14.0,2.0
85,9,0,1,3232235980,8420.0,8.0,14.0,2.0
85,8,0,1,3232235980,1215.0,1.0,14.0,2.0
42,7,1,0,3232235798,392.0,1.0,16.0,2.0
42,6,0,0,3232235798,2256.0,2.0,16.0,2.0
42,0,0,0,3232235798,1812.0,3.0,16.0,2.0
42,8,0,0,3232235798,581.0,1.0,16.0,2.0
34,7,0,4,3232235804,1857.0,1.0,0.0,3.0
60,7,0,1,3232235819,689.0,1.0,7.0,3.0
60,6,0,1,3232235819,3202.0,8.0,7.0,3.0
60,0,0,1,3232235819,2999.0,9.0,7.0,3.0
60,8,0,1,3232235819,1328.0,1.0,7.0,3.0
22,7,0,7,3232235833,1620.0,1.0,9.0,3.0
22,6,0,7,3232235833,5270.0,10.0,9.0,3.0
22,0,0,7,3232235833,2620.0,2.0,9.0,3.0
22,8,0,7,3232235833,244.0,1.0,9.0,3.0
55,7,0,4,3232235868,613.0,1.0,9.0,3.0
55,6,0,4,3232235868,4799.0,10.0,9.0,3.0
55,5,0,4,3232235868,2097.0,6.0,9.0,3.0
55,2,0,4,3232235868,5859.0,5.0,9.0,3.0
55,9,0,4,3232235868,1229.0,8.0,9.0,3.0
55,8,0,4,3232235868,356.0,1.0,9.0,3.0
56,7,0,1,3232235949,1478.0,1.0,9.0,3.0
56,6,0,1,3232235949,2319.0,7.0,9.0,3.0
56,0,0,1,3232235949,2873.0,7.0,9.0,3.0
56,8,0,1,3232235949,503.0,1.0,9.0,3.0
29,7,0,7,3232235972,1539.0,1.0,11.0,3.0
29,6,0,7,3232235972,3125.0,9.0,11.0,3.0
66,7,0,7,3232235984,59.0,1.0,11.0,3.0
29,0,0,7,3232235972,4593.0,8.0,11.0,3.0
66,6,0,7,3232235984,4632.0,2.0,11.0,3.0
29,8,0,7,3232235972,374.0,1.0,11.0,3.0
66,0,0,7,3232235984,5086.0,7.0,11.0,3.0
66,8,0,7,3232235984,956.0,1.0,11.0,3.0
54,7,0,4,3232235819,1569.0,1.0,13.0,3.0
54,6,0,4,3232235819,5087.0,3.0,13.0,3.0
54,5,0,4,147314942,5019.0,6.0,13.0,3.0
54,2,0,4,3232235819,3256.0,9.0,13.0,3.0
54,9,0,3,3232235819,2903.0,7.0,13.0,3.0
54,8,0,4,3232235819,342.0,1.0,13.0,3.0
34,6,0,4,3232235804,2698.0,1.0,14.0,3.0
34,0,0,4,3232235804,1321.0,6.0,14.0,3.0
34,8,0,4,3232235804,503.0,1.0,14.0,3.0
54,7,0,4,3232235819,1136.0,1.0,14.0,3.0
54,6,0,4,3232235819,3416.0,1.0,14.0,3.0
54,5,0,4,3232235819,4836.0,6.0,14.0,3.0
54,2,0,4,3232235819,6995.0,10.0,14.0,3.0
54,9,0,4,3232235819,3961.0,6.0,14.0,3.0
54,8,0,4,3232235819,8.0,1.0,14.0,3.0
66,7,0,7,3232235984,932.0,1.0,2.0,4.0
28,7,0,8,3232235849,585.0,1.0,3.0,4.0
29,7,0,7,3232235972,1733.0,1.0,7.0,4.0
29,6,0,7,3232235972,1601.0,8.0,7.0,4.0
29,0,0,7,3232235972,3596.0,4.0,7.0,4.0
29,8,0,7,3232235972,863.0,1.0,7.0,4.0
1,7,0,7,3232235784,386.0,1.0,7.0,4.0
1,1,0,7,3232235784,1531.0,2.0,7.0,4.0
1,4,0,7,3232235784,9370.0,4.0,7.0,4.0
1,3,0,7,3232235784,8590.0,8.0,7.0,4.0
1,8,0,7,3232235784,772.0,1.0,7.0,4.0
41,7,0,7,3232236027,649.0,1.0,8.0,4.0
41,6,0,7,3232236027,5735.0,2.0,8.0,4.0
41,0,0,7,3232236027,4579.0,4.0,8.0,4.0
41,8,0,7,3232236027,71.0,1.0,8.0,4.0
42,7,1,0,3232235798,1940.0,1.0,8.0,4.0
42,6,0,0,3232235798,2408.0,9.0,8.0,4.0
42,0,0,6,3232235798,2933.0,4.0,8.0,4.0
42,8,0,0,3232235798,295.0,1.0,8.0,4.0
62,7,0,4,3232236014,475.0,1.0,11.0,4.0
62,6,0,4,3232236014,2402.0,4.0,11.0,4.0
62,0,0,4,3232236014,1415.0,7.0,11.0,4.0
62,8,0,4,3232236014,352.0,1.0,11.0,4.0
23,7,0,1,3232235907,1855.0,1.0,11.0,4.0
23,6,0,1,3232235907,3121.0,9.0,11.0,4.0
23,0,0,1,3232235907,4008.0,1.0,11.0,4.0
23,8,0,1,3232235907,709.0,1.0,11.0,4.0
39,7,0,7,3232235964,1446.0,1.0,12.0,4.0
39,6,0,7,3232235964,3840.0,10.0,12.0,4.0
39,0,0,7,3232235964,688.0,9.0,12.0,4.0
39,8,0,7,3232235964,1168.0,1.0,12.0,4.0
66,6,0,7,3232235984,3723.0,9.0,13.0,4.0
66,0,0,7,3232235984,3193.0,6.0,13.0,4.0
66,8,0,7,3232235984,1157.0,1.0,13.0,4.0
55,7,1,4,3232235868,820.0,1.0,15.0,4.0
55,6,0,4,3232235868,2673.0,1.0,15.0,4.0
55,5,0,4,3232235868,4847.0,4.0,15.0,4.0
55,2,0,4,3232235868,2164.0,4.0,15.0,4.0
55,9,0,4,3232235868,8360.0,4.0,15.0,4.0
55,8,0,4,3232235868,1013.0,1.0,15.0,4.0
28,6,0,8,3232235849,4522.0,2.0,15.0,4.0
28,0,0,8,3232235849,3941.0,5.0,15.0,4.0
28,8,0,8,3232235849,1355.0,1.0,15.0,4.0
68,7,0,4,3232235794,1643.0,1.0,16.0,4.0
68,6,0,4,3232235794,4283.0,2.0,16.0,4.0
68,0,0,4,3232235794,739.0,4.0,16.0,4.0
68,8,0,4,3232235794,247.0,1.0,16.0,4.0
66,7,0,7,3232235984,642.0,1.0,16.0,4.0
66,6,0,7,3232235984,4447.0,4.0,16.0,4.0
66,0,0,7,3232235984,4748.0,1.0,16.0,4.0
66,8,0,7,3232235984,416.0,1.0,16.0,4.0
82,7,0,0,3232235801,899.0,1.0,16.0,4.0
82,6,0,0,3232235801,1157.0,5.0,16.0,4.0
82,0,0,0,3232235801,5676.0,7.0,16.0,4.0
82,8,0,0,3232235801,283.0,1.0,16.0,4.0
62,7,0,4,3232236014,1782.0,1.0,8.0,5.0
62,6,0,4,3232236014,5940.0,8.0,8.0,5.0
62,0,0,4,3232236014,17.0,10.0,8.0,5.0
62,8,0,4,3232236014,590.0,1.0,8.0,5.0
56,7,0,1,3232235949,1865.0,1.0,9.0,5.0
56,6,0,1,3232235949,4406.0,8.0,9.0,5.0
56,0,0,1,3232235949,1986.0,8.0,9.0,5.0
56,8,0,1,3232235949,1134.0,1.0,9.0,5.0
19,7,0,8,3232235800,1564.0,1.0,9.0,5.0
19,6,0,8,3232235800,3407.0,3.0,9.0,5.0
19,0,0,8,3232235800,5400.0,6.0,9.0,5.0
19,8,0,8,3232235800,2544.0,1.0,9.0,5.0
41,7,0,7,3232236027,867.0,1.0,12.0,5.0
41,6,0,7,3232236027,1019.0,6.0,12.0,5.0
41,0,0,7,1920538098,3328.0,8.0,12.0,5.0
41,8,0,7,3232236027,1195.0,1.0,12.0,5.0
43,7,0,8,3232235853,1506.0,1.0,14.0,5.0
43,6,0,8,3232235853,4507.0,10.0,14.0,5.0
43,0,0,8,3232235853,1180.0,1.0,14.0,5.0
43,8,0,8,3232235853,1394.0,1.0,14.0,5.0
75,7,0,1,3232235968,940.0,1.0,15.0,5.0
75,6,0,1,3232235968,1495.0,8.0,15.0,5.0
75,0,0,1,3232235968,1184.0,6.0,15.0,5.0
75,8,0,1,3232235968,277.0,1.0,15.0,5.0
77,7,0,4,3232235969,314.0,1.0,1.0,6.0
29,7,0,7,3232235972,1460.0,1.0,4.0,6.0
32,7,0,4,3232235817,1319.0,1.0,7.0,6.0
32,6,0,4,3232235817,3004.0,5.0,7.0,6.0
32,0,0,4,3232235817,4433.0,9.0,7.0,6.0
32,8,0,4,3232235817,689.0,1.0,7.0,6.0
77,6,0,4,3232235969,2849.0,9.0,7.0,6.0
77,0,0,4,3232235969,622.0,9.0,7.0,6.0
77,8,0,4,3232235969,950.0,1.0,7.0,6.0
54,7,0,4,3232235819,1837.0,1.0,8.0,6.0
54,6,0,4,3232235819,5582.0,6.0,8.0,6.0
54,5,0,4,3232235819,2040.0,2.0,8.0,6.0
54,2,0,4,3020262244,3147.0,2.0,8.0,6.0
54,9,0,4,3232235819,3330.0,4.0,8.0,6.0
54,8,0,4,3232235819,9220.0,1.0,8.0,6.0
8,7,0,1,3232235813,856.0,1.0,12.0,6.0
8,6,0,1,3232235813,1012.0,8.0,12.0,6.0
8,0,0,1,3232235813,908.0,9.0,12.0,6.0
8,8,0,1,3232235813,513.0,1.0,12.0,6.0
60,7,0,1,3232235819,1131.0,1.0,12.0,6.0
60,6,0,1,3232235819,5593.0,8.0,12.0,6.0
60,0,0,1,3232235819,5738.0,3.0,12.0,6.0
60,8,0,1,3232235819,983.0,1.0,12.0,6.0
43,7,0,8,3232235853,1547.0,1.0,13.0,6.0
43,6,0,8,3232235853,4049.0,10.0,13.0,6.0
43,0,0,8,3232235853,3346.0,4.0,13.0,6.0
43,8,0,8,3232235853,913.0,1.0,13.0,6.0
29,6,0,7,3232235972,1486.0,5.0,13.0,6.0
29,0,0,7,3232235972,1577.0,8.0,13.0,6.0
29,8,0,7,3232235972,1171.0,1.0,13.0,6.0
37,7,0,4,3232235932,1526.0,1.0,13.0,6.0
37,6,0,4,3232235932,5593.0,5.0,13.0,6.0
37,0,0,4,3232235932,3963.0,10.0,13.0,6.0
37,8,0,4,3232235932,1482.0,1.0,13.0,6.0
70,7,0,8,3232236002,1993.0,1.0,13.0,6.0
70,6,0,8,3232236002,4876.0,8.0,13.0,6.0
70,0,0,8,3232236002,4940.0,9.0,13.0,6.0
70,8,0,8,3232236002,809.0,1.0,13.0,6.0
52,7,0,7,3232235875,627.0,1.0,1.0,0.0
30,7,0,1,3232235956,1651.0,1.0,7.0,0.0
30,6,0,1,3232235956,3083.0,3.0,7.0,0.0
30,0,0,1,3232235956,2715.0,1.0,7.0,0.0
30,8,0,1,3232235956,591.0,1.0,7.0,0.0
84,7,0,7,3232235817,360.0,1.0,11.0,0.0
84,1,0,7,3232235817,1150.0,5.0,11.0,0.0
84,4,0,7,3232235817,9267.0,9.0,11.0,0.0
84,3,0,7,3232235817,6791.0,8.0,11.0,0.0
84,8,0,7,3232235817,1320.0,1.0,11.0,0.0
52,6,0,7,3232235875,4551.0,4.0,13.0,0.0
52,0,0,7,3232235875,4056.0,7.0,13.0,0.0
52,8,0,7,3232235875,813.0,1.0,13.0,0.0
60,7,0,1,3232235819,1210.0,1.0,14.0,0.0
60,6,0,1,3232235819,3125.0,2.0,14.0,0.0
60,0,0,1,3232235819,4937.0,3.0,14.0,0.0
60,8,0,1,3232235819,915.0,1.0,14.0,0.0
42,7,1,0,3232235798,742.0,1.0,15.0,0.0
42,6,0,0,3232235798,5238.0,3.0,15.0,0.0
42,0,0,0,3232235798,1153.0,6.0,15.0,0.0
42,8,0,0,3232235798,445.0,1.0,15.0,0.0
83,7,1,7,3232235998,1693.0,1.0,16.0,0.0
83,6,0,7,1915229619,5701.0,10.0,16.0,0.0
83,0,0,7,3232235998,2353.0,3.0,16.0,0.0
83,8,0,7,3232235998,1307.0,1.0,16.0,0.0
34,7,1,4,3232235804,550.0,1.0,16.0,0.0
34,6,0,4,3232235804,1149.0,7.0,16.0,0.0
34,0,0,4,3232235804,76.0,8.0,16.0,0.0
34,8,0,4,3232235804,397.0,1.0,16.0,0.0
43,7,0,8,3232235853,1691.0,1.0,16.0,0.0
43,6,0,8,3232235853,5001.0,2.0,16.0,0.0
43,0,0,8,3232235853,3488.0,1.0,16.0,0.0
43,8,0,8,3232235853,407.0,1.0,17.0,0.0
29,7,0,7,3232235972,322.0,1.0,3.0,1.0
48,7,0,1,3232235975,366.0,1.0,4.0,1.0
44,7,0,8,3232236004,1413.0,1.0,5.0,1.0
26,7,0,8,3232235885,726.0,1.0,6.0,1.0
68,7,0,4,3232235794,1201.0,1.0,8.0,1.0
68,6,0,4,3232235794,4526.0,8.0,8.0,1.0
68,0,0,4,3232235794,3772.0,6.0,8.0,1.0
68,8,0,4,3232235794,1170.0,1.0,8.0,1.0
51,7,0,1,3232235999,1563.0,1.0,10.0,1.0
51,6,0,1,3232235999,2566.0,5.0,10.0,1.0
51,0,0,1,3232235999,3605.0,1.0,10.0,1.0
51,8,0,1,3232235999,1021.0,1.0,10.0,1.0
29,6,0,7,3232235972,15.0,9.0,10.0,1.0
29,0,0,7,3232235972,29.0,2.0,10.0,1.0
29,8,0,7,3232235972,1274.0,1.0,10.0,1.0
41,7,1,7,3232236027,637.0,1.0,10.0,1.0
41,6,0,7,3232236027,502.0,6.0,10.0,1.0
41,0,0,7,3232236027,1137.0,1.0,10.0,1.0
41,8,0,7,3232236027,480.0,1.0,11.0,1.0
26,6,0,8,3232235885,1268.0,5.0,11.0,1.0
26,0,0,8,3232235885,2426.0,3.0,11.0,1.0
26,8,0,8,3232235885,764.0,1.0,11.0,1.0
47,7,0,7,3232235789,1444.0,1.0,12.0,1.0
47,6,0,7,3232235789,1444.0,9.0,12.0,1.0
47,0,0,7,3232235789,4215.0,7.0,12.0,1.0
47,8,0,7,3232235789,1136.0,1.0,12.0,1.0
25,7,0,8,3232235828,452.0,1.0,13.0,1.0
25,6,0,8,3232235828,2052.0,1.0,13.0,1.0
25,0,0,8,3232235828,5444.0,8.0,13.0,1.0
25,8,0,8,3232235828,834.0,1.0,13.0,1.0
53,7,0,4,3232235894,1203.0,1.0,14.0,1.0
53,6,0,4,3232235894,4792.0,8.0,14.0,1.0
53,0,0,4,3232235894,2953.0,9.0,14.0,1.0
53,8,0,4,3232235894,1419.0,1.0,14.0,1.0
48,6,0,1,3232235975,2888.0,10.0,15.0,1.0
48,5,0,1,3232235975,5146.0,3.0,15.0,1.0
48,2,0,1,3232235975,2904.0,7.0,15.0,1.0
48,9,0,2,3232235975,5927.0,1.0,15.0,1.0
48,8,0,1,3232235975,303.0,1.0,15.0,1.0
56,7,0,1,3232235949,2000.0,1.0,16.0,1.0
56,6,0,1,3232235949,1623.0,5.0,16.0,1.0
56,0,0,1,758693839,3228.0,6.0,16.0,1.0
56,8,0,1,3232235949,646.0,1.0,16.0,1.0
44,6,0,8,3232236004,3845.0,1.0,16.0,1.0
44,0,0,8,3232236004,3272.0,4.0,16.0,1.0
44,8,0,8,3232236004,1372.0,1.0,16.0,1.0
67,7,0,4,3232235880,1666.0,1.0,0.0,2.0
81,7,0,1,3232235908,667.0,1.0,8.0,2.0
81,6,0,1,3232235908,4557.0,1.0,8.0,2.0
81,0,0,1,3232235908,2849.0,4.0,8.0,2.0
81,8,0,1,3232235908,361.0,1.0,8.0,2.0
58,7,0,7,3232235933,1492.0,1.0,10.0,2.0
58,6,0,7,3232235933,5612.0,2.0,10.0,2.0
58,0,0,7,3232235933,5492.0,1.0,10.0,2.0
58,8,0,7,3232235933,897.0,1.0,10.0,2.0
36,7,0,7,3232235869,812.0,1.0,11.0,2.0
36,6,0,7,3232235869,1035.0,9.0,11.0,2.0
36,0,0,7,3232235869,2071.0,10.0,11.0,2.0
36,8,0,7,3232235869,233.0,1.0,11.0,2.0
37,7,0,4,3232235932,321.0,1.0,12.0,2.0
37,6,0,4,3232235932,1407.0,6.0,12.0,2.0
37,0,0,5,3232235932,1797.0,8.0,12.0,2.0
37,8,0,4,3232235932,561.0,1.0,12.0,2.0
67,6,0,4,3232235880,4198.0,1.0,13.0,2.0
67,0,0,4,3232235880,5461.0,1.0,13.0,2.0
67,8,0,4,3232235880,1239.0,1.0,13.0,2.0
59,7,0,1,3232235914,467.0,1.0,14.0,2.0
59,6,0,1,3232235914,1777.0,10.0,14.0,2.0
59,0,0,1,3232235914,4485.0,10.0,14.0,2.0
59,8,0,1,3232235914,1056.0,1.0,14.0,2.0
41,7,0,7,3232236027,1166.0,1.0,15.0,2.0
41,6,0,7,3232236027,5503.0,5.0,15.0,2.0
41,0,0,7,3232236027,1905.0,7.0,15.0,2.0
41,8,0,7,3232236027,1402.0,52.0,15.0,2.0
63,7,0,8,3232235834,10934.0,1.0,16.0,2.0
63,6,0,8,3232235834,3030.0,4.0,16.0,2.0
63,0,0,8,3232235834,4010.0,4.0,16.0,2.0
20,7,0,8,3232235886,1482.0,1.0,16.0,2.0
63,8,0,8,3232235834,1469.0,1.0,16.0,2.0
20,6,0,8,3232235886,5358.0,1.0,16.0,2.0
20,0,0,8,3232235886,1843.0,9.0,16.0,2.0
20,8,0,8,3232235886,540.0,1.0,16.0,2.0
20,7,0,8,3232235886,892.0,1.0,16.0,2.0
20,6,0,8,3232235886,5219.0,6.0,16.0,2.0
20,0,0,8,1927683446,5230.0,10.0,16.0,2.0
20,8,0,8,3232235886,856.0,1.0,16.0,2.0
26,7,0,8,3232235885,394.0,1.0,5.0,3.0
45,7,0,4,3232235925,820.0,1.0,8.0,3.0
45,6,0,4,3232235925,4861.0,4.0,8.0,3.0
45,0,0,4,3232235925,5521.0,10.0,8.0,3.0
45,8,0,4,3232235925,905.0,1.0,8.0,3.0
28,7,0,8,3232235849,1145.0,1.0,8.0,3.0
28,6,0,8,3232235849,1069.0,8.0,8.0,3.0
28,0,0,8,3232235849,3781.0,9.0,8.0,3.0
28,8,0,8,3232235849,327.0,1.0,8.0,3.0
41,7,0,7,3232236027,1684.0,1.0,9.0,3.0
41,6,0,7,3232236027,3507.0,10.0,9.0,3.0
41,0,0,7,3232236027,2883.0,3.0,9.0,3.0
41,8,0,7,766647080,935.0,1.0,9.0,3.0
21,7,0,7,3232235785,1659.0,1.0,9.0,3.0
21,6,0,7,3232235785,4235.0,4.0,9.0,3.0
21,0,0,7,3232235785,2352.0,6.0,9.0,3.0
21,8,0,7,3232235785,526.0,1.0,10.0,3.0
26,6,0,8,3232235885,4392.0,10.0,12.0,3.0
26,0,0,8,3232235885,1096.0,8.0,12.0,3.0
26,8,0,8,3232235885,1048.0,1.0,12.0,3.0
19,7,0,8,3232235800,1539.0,1.0,13.0,3.0
19,6,0,8,3232235800,4185.0,48.0,13.0,3.0
19,0,0,8,3232235800,3547.0,8.0,13.0,3.0
19,8,0,8,3232235800,357.0,1.0,13.0,3.0
51,7,0,1,3232235999,1757.0,1.0,14.0,3.0
51,6,0,1,3232235999,3826.0,7.0,14.0,3.0
51,0,0,1,3232235999,4065.0,9.0,14.0,3.0
51,8,0,1,3232235999,632.0,1.0,14.0,3.0
28,7,0,8,3232235849,1692.0,1.0,15.0,3.0
28,6,0,8,3232235849,1770.0,5.0,15.0,3.0
28,0,0,8,3232235849,5473.0,2.0,15.0,3.0
28,8,0,8,3232235849,1056.0,1.0,15.0,3.0
18,7,0,7,3232235951,928.0,1.0,15.0,3.0
18,6,0,7,3232235951,3582.0,5.0,15.0,3.0
18,0,0,7,3232235951,5627.0,9.0,15.0,3.0
18,8,0,7,3232235951,394.0,1.0,15.0,3.0
49,7,0,4,3232236030,633.0,1.0,16.0,3.0
49,6,0,4,3232236030,3210.0,9.0,16.0,3.0
49,0,0,4,3232236030,4007.0,7.0,16.0,3.0
49,8,0,4,3232236030,319.0,1.0,16.0,3.0
1,7,0,7,3232235784,1665.0,1.0,16.0,3.0
1,1,0,7,3232235784,3593.0,5.0,16.0,3.0
1,4,0,7,3232235784,43.0,2.0,16.0,3.0
1,3,0,7,3232235784,6371.0,9.0,16.0,3.0
1,8,0,7,3232235784,1392.0,1.0,16.0,3.0
36,7,0,7,3232235869,1545.0,1.0,7.0,4.0
36,6,0,7,3232235869,3276.0,3.0,7.0,4.0
36,0,0,7,3232235869,2138.0,8.0,7.0,4.0
36,8,0,7,3232235869,959.0,1.0,7.0,4.0
68,7,0,4,3232235794,1359.0,1.0,7.0,4.0
68,6,0,4,3232235794,4436.0,5.0,7.0,4.0
68,0,0,4,3232235794,2143.0,4.0,7.0,4.0
68,8,0,4,3232235794,1439.0,1.0,7.0,4.0
39,7,0,7,3232235964,1095.0,1.0,8.0,4.0
39,6,0,7,3232235964,4823.0,5.0,8.0,4.0
39,0,0,7,3232235964,3320.0,3.0,8.0,4.0
39,8,0,7,3232235964,1028.0,1.0,8.0,4.0
23,7,0,1,3232235907,1564.0,1.0,8.0,4.0
23,6,0,1,3232235907,1779.0,10.0,8.0,4.0
23,0,0,1,3232235907,5629.0,8.0,8.0,4.0
23,8,0,1,3232235907,1492.0,1.0,8.0,4.0
51,7,1,1,3232235999,841.0,1.0,9.0,4.0
51,6,0,1,3232235999,1446.0,1.0,9.0,4.0
51,0,0,1,3232235999,1183.0,5.0,9.0,4.0
51,8,0,1,3232235999,1030.0,1.0,9.0,4.0
84,7,0,7,3232235817,1534.0,1.0,10.0,4.0
84,1,0,7,3232235817,3631.0,3.0,10.0,4.0
84,4,0,7,3232235817,6058.0,4.0,10.0,4.0
84,3,0,7,3232235817,10535.0,9.0,10.0,4.0
84,8,0,7,3232235817,1384.0,1.0,10.0,4.0
78,7,0,8,3232235887,1776.0,1.0,11.0,4.0
78,6,0,8,3232235887,5330.0,2.0,11.0,4.0
78,0,0,8,3232235887,3600.0,10.0,11.0,4.0
78,8,0,8,3232235887,1322.0,1.0,11.0,4.0
38,7,0,4,3232235984,676.0,1.0,11.0,4.0
38,6,0,4,3232235984,3972.0,4.0,11.0,4.0
38,0,0,4,3232235984,3933.0,6.0,11.0,4.0
38,8,0,4,3232235984,947.0,1.0,12.0,4.0
58,7,0,7,3232235933,432.0,1.0,12.0,4.0
58,6,0,7,3232235933,2848.0,7.0,12.0,4.0
58,0,0,7,3232235933,2606.0,6.0,12.0,4.0
58,8,0,7,3232235933,585.0,1.0,12.0,4.0
29,7,0,7,3232235972,1608.0,1.0,12.0,4.0
29,6,0,7,3232235972,1014.0,2.0,12.0,4.0
29,0,0,7,3232235972,4594.0,10.0,12.0,4.0
29,8,0,7,3232235972,1297.0,1.0,12.0,4.0
75,7,0,1,3232235968,1825.0,1.0,16.0,4.0
75,6,0,1,3232235968,3499.0,9.0,17.0,4.0
75,0,0,1,3232235968,1110.0,7.0,17.0,4.0
75,8,0,1,3232235968,664.0,1.0,17.0,4.0
24,7,0,8,3232235784,6139.0,1.0,7.0,5.0
24,6,0,8,3232235784,2862.0,3.0,7.0,5.0
24,0,0,8,3232235784,5624.0,4.0,7.0,5.0
24,8,0,8,3232235784,841.0,1.0,7.0,5.0
31,7,0,0,3232235865,986.0,1.0,8.0,5.0
31,6,0,0,3232235865,4747.0,1.0,8.0,5.0
31,0,0,0,3232235865,3089.0,4.0,8.0,5.0
31,8,0,0,3232235865,409.0,1.0,8.0,5.0
41,7,0,6,3232236027,1502.0,1.0,8.0,5.0
41,6,0,7,3232236027,4445.0,1.0,8.0,5.0
41,0,0,7,3232236027,3360.0,7.0,8.0,5.0
41,8,0,7,3232236027,1424.0,1.0,8.0,5.0
25,7,0,8,3232235828,1822.0,1.0,8.0,5.0
25,6,0,8,3232235828,5039.0,8.0,8.0,5.0
25,0,0,8,3232235828,587.0,7.0,8.0,5.0
25,8,0,8,3232235828,1241.0,1.0,8.0,5.0
51,7,0,1,3232235999,1718.0,1.0,9.0,5.0
51,6,0,1,145903577,5885.0,7.0,9.0,5.0
51,0,0,3,3232235999,3967.0,6.0,9.0,5.0
51,8,0,1,3232235999,499.0,1.0,9.0,5.0
81,7,0,1,1917068047,1768.0,1.0,10.0,5.0
73,7,0,0,3232235814,900.0,1.0,10.0,5.0
81,6,0,1,3232235908,5513.0,2.0,10.0,5.0
73,6,0,0,3232235814,753.0,4.0,10.0,5.0
81,0,0,1,3232235908,5637.0,5.0,10.0,5.0
73,0,0,0,3232235814,5231.0,8.0,10.0,5.0
73,8,0,0,3232235814,1140.0,1.0,10.0,5.0
81,8,0,1,3232235908,912.0,1.0,10.0,5.0
50,7,0,7,3232235996,1213.0,1.0,12.0,5.0
50,6,0,7,3232235996,2402.0,2.0,12.0,5.0
50,0,0,7,3232235996,1171.0,7.0,12.0,5.0
50,8,0,7,3232235996,1109.0,1.0,12.0,5.0
71,7,0,4,3232235832,1967.0,1.0,14.0,5.0
71,6,0,4,3232235832,5026.0,6.0,14.0,5.0
71,0,0,4,2346673356,3321.0,8.0,14.0,5.0
71,8,0,4,3232235832,962.0,1.0,14.0,5.0
20,7,0,8,3232235886,1057.0,1.0,5.0,6.0
34,7,0,4,3232235804,1694.0,1.0,8.0,6.0
34,6,0,4,3232235804,708.0,8.0,8.0,6.0
46,7,0,1,3232235958,958.0,1.0,8.0,6.0
46,6,0,1,3232235958,1240.0,6.0,8.0,6.0
34,0,0,4,3232235804,2921.0,5.0,8.0,6.0
46,0,0,1,3232235958,5684.0,5.0,8.0,6.0
34,8,0,4,3232235804,1057.0,1.0,8.0,6.0
46,8,0,1,3232235958,1122.0,1.0,8.0,6.0
52,7,0,7,3232235875,1700.0,1.0,8.0,6.0
52,6,0,7,3232235875,5734.0,8.0,8.0,6.0
52,0,0,7,3232235875,4887.0,7.0,8.0,6.0
52,8,0,7,3232235875,1380.0,1.0,8.0,6.0
74,7,0,4,3232235813,1421.0,1.0,10.0,6.0
74,6,0,4,3232235813,569.0,2.0,10.0,6.0
74,0,0,4,3232235813,597.0,7.0,10.0,6.0
74,8,0,4,3232235813,400.0,1.0,10.0,6.0
61,7,0,0,3232235875,735.0,1.0,10.0,6.0
61,6,0,0,1918126303,2223.0,10.0,10.0,6.0
61,0,0,0,3232235875,3816.0,5.0,10.0,6.0
61,8,0,0,3232235875,730.0,1.0,11.0,6.0
53,7,0,4,3232235894,1074.0,1.0,11.0,6.0
53,6,0,4,3232235894,3562.0,8.0,11.0,6.0
53,0,0,4,3232235894,2895.0,10.0,11.0,6.0
53,8,0,4,3232235894,605.0,1.0,11.0,6.0
53,7,0,4,3232235894,1918.0,1.0,14.0,6.0
53,6,0,4,3232235894,4602.0,6.0,14.0,6.0
53,0,0,4,3232235894,939.0,2.0,14.0,6.0
53,8,0,4,3232235894,1095.0,1.0,14.0,6.0
20,6,0,8,3232235886,4765.0,3.0,14.0,6.0
20,0,0,8,3232235886,1136.0,5.0,14.0,6.0
20,8,0,8,3232235886,1146.0,1.0,14.0,6.0
64,7,0,4,3232235993,748.0,1.0,6.0,0.0
33,7,1,1,3232236023,1203.0,1.0,7.0,0.0
33,6,0,1,3232236023,3930.0,3.0,7.0,0.0
33,0,0,1,3232236023,3882.0,4.0,7.0,0.0
33,8,0,1,3232236023,1040.0,1.0,7.0,0.0
64,6,0,4,3232235993,4743.0,8.0,9.0,0.0
64,0,0,4,3232235993,911.0,9.0,9.0,0.0
64,8,0,4,3232235993,710.0,1.0,9.0,0.0
66,7,0,7,3232235984,1855.0,1.0,11.0,0.0
66,6,0,7,3232235984,1265.0,7.0,11.0,0.0
66,0,0,7,3232235984,3606.0,7.0,11.0,0.0
66,8,0,7,3232235984,1331.0,1.0,11.0,0.0
42,7,0,0,3232235798,1033.0,1.0,11.0,0.0
42,6,0,0,3232235798,3817.0,6.0,11.0,0.0
42,0,0,0,3232235798,819.0,10.0,12.0,0.0
42,8,0,0,3232235798,331.0,1.0,12.0,0.0
29,7,0,7,3232235972,722.0,1.0,12.0,0.0
29,6,0,7,3232235972,5263.0,9.0,12.0,0.0
29,0,0,7,335763517,4868.0,2.0,12.0,0.0
29,8,0,7,3232235972,979.0,1.0,12.0,0.0
43,7,0,8,3232235853,1433.0,1.0,12.0,0.0
43,6,0,8,3232235853,3985.0,9.0,12.0,0.0
43,0,0,8,3232235853,3209.0,6.0,12.0,0.0
43,8,0,8,3232235853,1129.0,1.0,12.0,0.0
24,7,0,8,3232235784,1872.0,1.0,14.0,0.0
24,6,0,8,3232235784,5363.0,9.0,14.0,0.0
24,0,0,8,3232235784,1953.0,2.0,14.0,0.0
24,8,0,8,3232235784,543.0,1.0,14.0,0.0
55,7,0,4,3232235868,1933.0,1.0,14.0,0.0
55,6,0,4,3232235868,4614.0,2.0,14.0,0.0
34,7,0,4,3232235804,1467.0,1.0,14.0,0.0
34,6,0,4,3232235804,2650.0,6.0,14.0,0.0
55,5,0,4,3232235868,849.0,5.0,14.0,0.0
55,2,0,4,3232235868,6869.0,1.0,14.0,0.0
34,0,0,4,3232235804,3009.0,10.0,14.0,0.0
55,9,0,4,3232235868,3222.0,5.0,14.0,0.0
34,8,0,4,3232235804,925.0,1.0,14.0,0.0
55,8,0,4,3232235868,634.0,1.0,14.0,0.0
43,7,1,8,3232235853,1804.0,1.0,14.0,0.0
43,6,0,8,3232235853,4295.0,9.0,14.0,0.0
43,0,0,8,3232235853,3610.0,7.0,14.0,0.0
43,8,0,8,3232235853,314.0,1.0,14.0,0.0
86,7,0,0,3232235930,850.0,1.0,16.0,0.0
86,6,0,0,3232235930,2698.0,8.0,16.0,0.0
86,0,0,0,3232235930,1695.0,2.0,16.0,0.0
86,8,0,0,3232235930,542.0,1.0,16.0,0.0
61,7,0,0,3232235875,837.0,1.0,9.0,1.0
61,6,0,0,3232235875,5422.0,7.0,9.0,1.0
61,0,0,0,3232235875,1028.0,7.0,9.0,1.0
61,8,0,0,3232235875,697.0,1.0,9.0,1.0
73,7,0,0,3232235814,1164.0,1.0,12.0,1.0
73,6,0,0,3232235814,600.0,1.0,12.0,1.0
73,0,0,0,3232235814,1021.0,10.0,12.0,1.0
73,8,0,0,3232235814,1980.0,1.0,12.0,1.0
1,7,0,7,3232235784,1949.0,1.0,13.0,1.0
1,1,0,7,3232235784,3318.0,1.0,13.0,1.0
1,4,0,7,3232235784,2859.0,10.0,13.0,1.0
1,3,0,7,3232235784,4706.0,6.0,13.0,1.0
1,8,0,7,3232235784,780.0,1.0,13.0,1.0
49,7,0,4,3232236030,1504.0,1.0,14.0,1.0
49,6,0,4,757745851,4052.0,9.0,14.0,1.0
49,0,0,4,3232236030,2686.0,10.0,14.0,1.0
49,8,0,4,3232236030,1433.0,1.0,14.0,1.0
72,7,0,0,3232235879,1348.0,1.0,15.0,1.0
72,6,0,0,3232235879,4060.0,10.0,15.0,1.0
72,0,0,0,3232235879,2341.0,3.0,15.0,1.0
72,8,0,0,3232235879,274.0,1.0,15.0,1.0
79,7,0,8,3232235880,601.0,1.0,7.0,2.0
79,6,0,8,3232235880,5132.0,8.0,7.0,2.0
79,0,0,8,148691537,5335.0,4.0,7.0,2.0
79,8,0,8,3232235880,1461.0,1.0,7.0,2.0
67,7,1,4,3232235880,733.0,1.0,7.0,2.0
67,6,0,4,3232235880,2738.0,9.0,7.0,2.0
67,0,0,4,3232235880,4954.0,7.0,7.0,2.0
67,8,0,4,3232235880,1215.0,1.0,7.0,2.0
55,7,0,4,3232235868,1776.0,1.0,12.0,2.0
55,6,0,4,3232235868,719.0,5.0,12.0,2.0
55,5,0,4,3232235868,2183.0,9.0,12.0,2.0
55,2,0,4,3232235868,11443.0,9.0,12.0,2.0
55,9,0,4,3232235868,4090.0,7.0,12.0,2.0
55,8,0,4,3232235868,805.0,1.0,12.0,2.0
29,7,0,7,3232235972,1462.0,1.0,15.0,2.0
29,6,0,7,3232235972,51894.0,7.0,15.0,2.0
29,0,0,7,3232235972,5516.0,6.0,15.0,2.0
29,8,0,7,3232235972,929.0,1.0,15.0,2.0
55,7,0,4,3232235868,1503.0,1.0,16.0,2.0
55,6,0,4,3232235868,4263.0,3.0,16.0,2.0
55,5,0,4,1744015984,910.0,10.0,16.0,2.0
55,2,0,4,3232235868,5951.0,87.0,16.0,2.0
55,9,0,4,3232235868,1567.0,4.0,16.0,2.0
55,8,0,4,3232235868,979.0,1.0,16.0,2.0
33,7,0,1,3232236023,976.0,1.0,16.0,2.0
33,6,0,1,3232236023,3697.0,2.0,16.0,2.0
33,0,0,1,3232236023,4513.0,7.0,16.0,2.0
33,8,0,1,3232236023,966.0,1.0,17.0,2.0
57,7,0,4,3232235957,1807.0,1.0,3.0,3.0
31,7,0,0,3232235865,1019.0,47.0,8.0,3.0
31,6,0,0,3232235865,854.0,3.0,8.0,3.0
31,0,0,0,3232235865,2315.0,4.0,8.0,3.0
31,8,0,0,3232235865,1022.0,1.0,8.0,3.0
28,7,0,8,3232235849,1157.0,1.0,8.0,3.0
28,6,0,8,3232235849,743.0,8.0,8.0,3.0
28,0,0,8,3232235849,3819.0,2.0,8.0,3.0
28,8,0,8,3232235849,4635.0,1.0,8.0,3.0
8,7,0,1,3232235813,1058.0,1.0,10.0,3.0
8,6,0,1,3232235813,5426.0,7.0,10.0,3.0
8,0,0,1,3232235813,5022.0,9.0,10.0,3.0
8,8,0,1,3232235813,595.0,1.0,10.0,3.0
57,6,0,4,3232235957,4684.0,8.0,11.0,3.0
57,0,0,4,3232235957,1801.0,1.0,11.0,3.0
57,8,0,4,3232235957,736.0,1.0,11.0,3.0
82,7,0,0,3232235801,504.0,1.0,11.0,3.0
82,6,0,0,3232235801,1504.0,7.0,12.0,3.0
82,0,0,0,3232235801,1538.0,9.0,12.0,3.0
82,8,0,0,3232235801,1370.0,1.0,12.0,3.0
85,7,0,1,3232235980,309.0,159.0,12.0,3.0
85,6,0,1,3232235980,4728.0,9.0,12.0,3.0
85,5,0,1,3232235980,5183.0,10.0,12.0,3.0
85,2,0,1,3232235980,2974.0,2.0,12.0,3.0
85,9,0,1,3232235980,5130.0,2.0,12.0,3.0
85,8,0,1,3232235980,1031.0,1.0,12.0,3.0
62,7,0,4,3232236014,1470.0,1.0,12.0,3.0
62,6,0,4,3232236014,5994.0,1.0,12.0,3.0
62,0,0,4,3232236014,3287.0,7.0,12.0,3.0
62,8,0,4,3232236014,966.0,1.0,13.0,3.0
44,7,0,8,3232236004,1684.0,1.0,13.0,3.0
44,6,0,8,3232236004,5528.0,1.0,13.0,3.0
44,0,0,8,3232236004,4935.0,1.0,13.0,3.0
44,8,0,8,3232236004,1187.0,71.0,13.0,3.0
30,7,0,1,3232235956,840.0,1.0,14.0,3.0
30,6,0,1,3232235956,1257.0,9.0,14.0,3.0
30,0,0,1,3232235956,97.0,2.0,14.0,3.0
30,8,0,1,3232235956,408.0,1.0,14.0,3.0
86,7,0,0,3232235930,635.0,1.0,14.0,3.0
86,6,0,0,3232235930,1174.0,8.0,14.0,3.0
86,0,0,0,3232235930,1737.0,10.0,14.0,3.0
86,8,0,0,3232235930,866.0,1.0,14.0,3.0
43,7,0,8,3232235853,1556.0,1.0,15.0,3.0
43,6,0,8,3232235853,3864.0,5.0,15.0,3.0
43,0,0,8,3232235853,4833.0,8.0,15.0,3.0
43,8,0,8,3232235853,1247.0,1.0,15.0,3.0
67,7,0,4,3232235880,9265.0,1.0,16.0,3.0
67,6,0,4,3232235880,5081.0,1.0,16.0,3.0
67,0,0,4,3232235880,5998.0,7.0,16.0,3.0
67,8,0,4,3232235880,601.0,1.0,16.0,3.0
21,7,0,7,3232235785,1884.0,1.0,16.0,3.0
21,6,0,7,3232235785,1387.0,7.0,16.0,3.0
21,0,0,7,3232235785,2055.0,6.0,16.0,3.0
21,8,0,7,3232235785,473.0,1.0,16.0,3.0
8,7,0,1,3232235813,349.0,1.0,16.0,3.0
8,6,0,1,3232235813,5321.0,138.0,16.0,3.0
8,0,0,1,3232235813,3724.0,3.0,16.0,3.0
8,8,0,1,3232235813,281.0,1.0,16.0,3.0
40,7,0,0,3232235915,1578.0,1.0,0.0,4.0
45,7,0,4,3232235925,1053.0,1.0,2.0,4.0
67,7,0,4,3232235880,1923.0,1.0,8.0,4.0
67,6,0,4,3232235880,5117.0,5.0,8.0,4.0
67,0,0,4,3232235880,4351.0,7.0,8.0,4.0
67,8,0,4,3232235880,427.0,1.0,8.0,4.0
54,7,0,4,3232235819,620.0,1.0,8.0,4.0
54,6,0,4,3232235819,3561.0,5.0,8.0,4.0
54,5,0,4,3232235819,846.0,3.0,8.0,4.0
54,2,1,4,3232235819,8107.0,4.0,8.0,4.0
54,9,0,4,3232235819,7046.0,6.0,8.0,4.0
54,8,0,4,3232235819,1313.0,1.0,8.0,4.0
45,6,0,4,3232235925,1027.0,9.0,8.0,4.0
45,0,0,4,3232235925,5521.0,3.0,8.0,4.0
45,8,0,4,3232235925,851.0,1.0,8.0,4.0
45,7,0,4,3232235925,1870.0,1.0,10.0,4.0
45,6,0,4,3232235925,2743.0,2.0,10.0,4.0
45,0,0,4,3232235925,4222.0,3.0,10.0,4.0
45,8,0,4,3232235925,830.0,1.0,10.0,4.0
85,7,0,1,3232235980,1615.0,1.0,11.0,4.0
85,6,0,1,3232235980,4340.0,8.0,11.0,4.0
85,5,0,1,3232235980,6937.0,10.0,11.0,4.0
85,2,0,1,3232235980,7165.0,4.0,11.0,4.0
70,7,0,8,3232236002,609.0,1.0,11.0,4.0
85,9,1,1,3232235980,24516.0,5.0,11.0,4.0
85,8,0,1,3232235980,491.0,1.0,11.0,4.0
70,6,0,8,3232236002,4678.0,7.0,11.0,4.0
70,0,0,8,3232236002,4129.0,5.0,11.0,4.0
70,8,0,8,3232236002,1133.0,1.0,11.0,4.0
40,6,0,0,3232235915,3966.0,3.0,13.0,4.0
40,0,0,0,3232235915,1417.0,69.0,13.0,4.0
40,8,0,0,3232235915,750.0,1.0,13.0,4.0
68,7,1,4,3232235794,797.0,1.0,13.0,4.0
68,6,0,4,3232235794,2313.0,10.0,13.0,4.0
68,0,0,4,3232235794,4053.0,5.0,13.0,4.0
68,8,0,4,3232235794,412.0,1.0,13.0,4.0
76,7,0,8,3232235915,1345.0,1.0,13.0,4.0
38,7,1,4,3232235984,15032.0,1.0,13.0,4.0
76,6,0,8,3232235915,872.0,3.0,13.0,4.0
38,6,0,4,3232235984,85.0,1.0,13.0,4.0
38,0,0,4,3232235984,2131.0,8.0,13.0,4.0
38,8,0,4,3232235984,392.0,1.0,13.0,4.0
76,0,0,8,3232235915,4875.0,10.0,13.0,4.0
76,8,0,8,3232235915,343.0,1.0,14.0,4.0
31,7,0,0,3232235865,1589.0,1.0,14.0,4.0
31,6,0,0,3232235865,1795.0,1.0,14.0,4.0
31,0,0,0,3232235865,1642.0,6.0,14.0,4.0
31,8,0,0,3232235865,705.0,1.0,14.0,4.0
73,7,0,0,2635266417,661.0,1.0,14.0,4.0
73,6,0,0,3232235814,4655.0,8.0,14.0,4.0
73,0,0,0,3232235814,4712.0,5.0,14.0,4.0
73,8,0,0,3232235814,813.0,1.0,14.0,4.0
38,7,0,4,3232235984,1198.0,1.0,15.0,4.0
38,6,0,4,3232235984,1150.0,3.0,15.0,4.0
64,7,0,4,3232235993,557.0,1.0,15.0,4.0
38,0,0,4,3232235984,2320.0,9.0,15.0,4.0
64,6,0,4,3232235993,4597.0,6.0,15.0,4.0
64,0,0,4,3232235993,5749.0,3.0,15.0,4.0
38,8,0,4,3232235984,761.0,1.0,15.0,4.0
64,8,0,4,3232235993,1400.0,1.0,15.0,4.0
53,7,0,4,3232235894,575.0,1.0,7.0,5.0
53,6,0,4,3232235894,3962.0,2.0,7.0,5.0
53,0,0,4,3232235894,3978.0,9.0,7.0,5.0
53,8,0,4,3232235894,1163.0,1.0,7.0,5.0
75,7,0,1,3232235968,1845.0,1.0,7.0,5.0
75,6,0,1,3232235968,1514.0,10.0,7.0,5.0
75,0,0,1,3232235968,2182.0,10.0,7.0,5.0
75,8,0,1,3232235968,609.0,1.0,7.0,5.0
44,7,0,8,3232236004,743.0,1.0,10.0,5.0
44,6,0,8,3232236004,3235.0,4.0,10.0,5.0
44,0,0,8,3232236004,4592.0,7.0,10.0,5.0
44,8,0,8,3232236004,870.0,1.0,11.0,5.0
19,7,1,8,3232235800,1021.0,1.0,14.0,5.0
19,6,0,8,3232235800,745.0,2.0,14.0,5.0
19,0,0,8,3232235800,1973.0,6.0,14.0,5.0
19,8,0,8,3232235800,1079.0,1.0,14.0,5.0
37,7,1,4,3232235932,428.0,1.0,15.0,5.0
37,6,0,4,3232235932,5115.0,9.0,15.0,5.0
37,0,0,4,3232235932,1453.0,5.0,15.0,5.0
37,8,0,4,3232235932,506.0,1.0,15.0,5.0
23,7,0,1,3232235907,1193.0,1.0,15.0,5.0
23,6,0,1,3232235907,2750.0,9.0,15.0,5.0
23,0,0,1,3232235907,1694.0,3.0,15.0,5.0
23,8,0,1,3232235907,668.0,1.0,15.0,5.0
51,7,0,1,3232235999,1346.0,1.0,16.0,5.0
51,6,0,1,3232235999,1237.0,8.0,16.0,5.0
51,0,0,1,3232235999,5538.0,8.0,16.0,5.0
51,8,0,1,3232235999,514.0,1.0,16.0,5.0
31,7,0,0,3232235865,1224.0,1.0,16.0,5.0
31,6,0,0,3232235865,687.0,9.0,16.0,5.0
31,0,0,0,3232235865,1863.0,9.0,16.0,5.0
31,8,0,0,3232235865,1439.0,1.0,16.0,5.0
69,7,0,1,3232236011,716.0,1.0,5.0,6.0
57,7,0,4,3232235957,497.0,67.0,8.0,6.0
57,6,0,4,3232235957,4719.0,4.0,9.0,6.0
57,0,0,4,3232235957,1790.0,5.0,9.0,6.0
57,8,0,4,3232235957,277.0,1.0,9.0,6.0
69,6,0,1,3232236011,5654.0,2.0,9.0,6.0
69,0,0,1,3232236011,811.0,10.0,9.0,6.0
69,8,0,1,3232236011,250.0,1.0,9.0,6.0
8,7,1,1,3232235813,827.0,1.0,11.0,6.0
8,6,0,1,3232235813,901.0,1.0,11.0,6.0
8,0,0,1,3232235813,829.0,5.0,12.0,6.0
8,8,0,1,3232235813,276.0,1.0,12.0,6.0
52,7,0,7,3232235875,12438.0,1.0,13.0,6.0
52,6,0,7,3232235875,2922.0,9.0,13.0,6.0
52,0,0,7,3232235875,4110.0,6.0,13.0,6.0
52,8,0,7,3232235875,548.0,1.0,13.0,6.0
40,7,0,0,3232235915,1527.0,1.0,13.0,6.0
40,6,0,0,3232235915,3706.0,1.0,13.0,6.0
40,0,0,0,3232235915,3158.0,9.0,13.0,6.0
40,8,0,0,3232235915,1077.0,1.0,13.0,6.0
47,7,0,7,3232235789,870.0,1.0,15.0,6.0
47,6,0,7,3232235789,2376.0,7.0,15.0,6.0
47,0,0,7,3232235789,3052.0,3.0,15.0,6.0
47,8,0,7,3232235789,1266.0,47.0,15.0,6.0
23,7,0,1,1922219652,1346.0,1.0,16.0,6.0
23,6,0,1,3232235907,2131.0,5.0,16.0,6.0
23,0,0,1,3232235907,917.0,7.0,16.0,6.0
23,8,0,1,3232235907,1486.0,1.0,16.0,6.0
79,7,0,8,3232235880,1171.0,1.0,16.0,6.0
79,6,0,8,3232235880,5405.0,1.0,16.0,6.0
79,0,0,8,3232235880,3007.0,6.0,16.0,6.0
79,8,0,8,3232235880,1185.0,1.0,16.0,6.0
34,7,0,4,3232235804,1552.0,1.0,2.0,0.0
46,7,1,1,3232235958,1330.0,1.0,7.0,0.0
46,6,0,1,3232235958,6510.0,6.0,7.0,0.0
46,0,0,1,3232235958,4888.0,3.0,7.0,0.0
46,8,0,1,3232235958,733.0,1.0,7.0,0.0
60,7,0,1,3232235819,533.0,1.0,8.0,0.0
60,6,0,1,3232235819,2477.0,5.0,8.0,0.0
60,0,0,1,3232235819,5092.0,6.0,8.0,0.0
60,8,0,1,3232235819,256.0,1.0,8.0,0.0
45,7,0,4,3232235925,454.0,1.0,10.0,0.0
45,6,0,4,3232235925,5644.0,8.0,10.0,0.0
45,0,0,4,3232235925,4300.0,10.0,10.0,0.0
45,8,0,4,3232235925,1386.0,1.0,10.0,0.0
64,7,0,4,3232235993,966.0,1.0,11.0,0.0
64,6,0,4,3232235993,2638.0,5.0,11.0,0.0
64,0,0,4,3232235993,841.0,9.0,11.0,0.0
64,8,0,4,3232235993,1350.0,1.0,11.0,0.0
34,6,0,4,3232235804,2925.0,1.0,12.0,0.0
34,0,0,4,3232235804,1677.0,4.0,12.0,0.0
34,8,0,4,3232235804,612.0,1.0,12.0,0.0
31,7,0,0,3232235865,680.0,1.0,13.0,0.0
31,6,0,0,3232235865,1627.0,1.0,13.0,0.0
31,0,0,0,3232235865,995.0,3.0,13.0,0.0
31,8,0,0,3232235865,838.0,1.0,13.0,0.0
36,7,0,7,3232235869,1467.0,1.0,14.0,0.0
36,6,0,7,3232235869,1388.0,2.0,14.0,0.0
36,0,0,7,3232235869,3735.0,4.0,14.0,0.0
36,8,0,7,3232235869,377.0,1.0,14.0,0.0
76,7,0,8,3232235915,592.0,1.0,1.0,1.0
26,7,0,8,3232235885,1041.0,1.0,3.0,1.0
76,6,0,8,350247808,5149.0,5.0,7.0,1.0
76,0,0,8,3232235915,933.0,6.0,7.0,1.0
47,7,0,7,2335596920,1344.0,1.0,7.0,1.0
47,6,0,7,3232235789,5456.0,8.0,7.0,1.0
76,8,0,8,3232235915,710.0,1.0,7.0,1.0
47,0,0,7,3232235789,3459.0,10.0,7.0,1.0
47,8,0,7,3232235789,933.0,1.0,7.0,1.0
72,7,0,0,3232235879,1583.0,1.0,7.0,1.0
72,6,0,0,3232235879,3174.0,2.0,7.0,1.0
72,0,0,0,3232235879,4580.0,8.0,8.0,1.0
72,8,0,0,3232235879,791.0,1.0,8.0,1.0
27,7,0,1,3232235892,631.0,1.0,10.0,1.0
27,6,0,6,3232235892,2171.0,3.0,10.0,1.0
27,0,0,1,3232235892,3460.0,2.0,10.0,1.0
27,8,0,1,3232235892,791.0,1.0,10.0,1.0
63,7,0,8,3232235834,1337.0,1.0,10.0,1.0
63,6,0,8,3232235834,2396.0,8.0,10.0,1.0
48,7,1,1,3232235975,1074.0,1.0,10.0,1.0
63,0,0,8,3232235834,4203.0,2.0,10.0,1.0
48,6,0,1,3232235975,4828.0,2.0,10.0,1.0
63,8,0,8,3232235834,746.0,1.0,10.0,1.0
48,5,0,1,3232235975,3774.0,5.0,10.0,1.0
48,2,1,1,3232235975,54680.0,3.0,10.0,1.0
48,9,0,1,3232235975,100.0,3.0,10.0,1.0
48,8,0,1,3232235975,1019.0,1.0,10.0,1.0
63,7,0,8,3232235834,1640.0,1.0,11.0,1.0
63,6,0,8,3232235834,2062.0,6.0,11.0,1.0
63,0,0,8,3232235834,4085.0,9.0,11.0,1.0
63,8,0,8,3232235834,1002.0,1.0,11.0,1.0
26,6,0,8,3232235885,4417.0,4.0,11.0,1.0
26,0,0,8,3232235885,3951.0,1.0,11.0,1.0
26,8,0,8,3232235885,433.0,1.0,11.0,1.0
74,7,1,4,3232235813,1589.0,1.0,12.0,1.0
74,6,0,4,3232235813,2992.0,10.0,12.0,1.0
74,0,0,4,3232235813,4288.0,9.0,12.0,1.0
74,8,0,4,3232235813,1214.0,1.0,12.0,1.0
35,7,0,7,3232235875,1186.0,1.0,13.0,1.0
35,6,0,7,3232235875,4593.0,10.0,13.0,1.0
35,0,0,7,3232235875,5084.0,4.0,13.0,1.0
35,8,0,7,3232235875,681.0,1.0,13.0,1.0
83,7,0,7,3232235998,1734.0,1.0,15.0,1.0
83,6,0,7,3232235998,4049.0,10.0,15.0,1.0
83,0,0,7,3232235998,921.0,2.0,15.0,1.0
83,8,0,7,3232235998,734.0,1.0,15.0,1.0
58,7,0,7,3232235933,1779.0,1.0,1.0,2.0
66,7,0,7,3232235984,1165.0,1.0,7.0,2.0
66,6,0,7,3232235984,5793.0,9.0,7.0,2.0
66,0,0,7,3232235984,2214.0,3.0,7.0,2.0
66,8,0,7,3232235984,265.0,1.0,7.0,2.0
58,6,0,7,3232235933,1957.0,6.0,8.0,2.0
58,0,0,7,3232235933,3687.0,3.0,8.0,2.0
58,8,0,7,3232235933,1378.0,1.0,8.0,2.0
25,7,1,8,3232235828,640.0,1.0,10.0,2.0
25,6,0,8,3232235828,2979.0,2.0,10.0,2.0
25,0,0,8,3232235828,4471.0,7.0,10.0,2.0
25,8,0,8,3232235828,1315.0,1.0,10.0,2.0
76,7,0,8,3232235915,759.0,190.0,11.0,2.0
76,6,0,8,3232235915,4324.0,1.0,11.0,2.0
76,0,0,8,3232235915,3511.0,7.0,11.0,2.0
76,8,0,8,3232235915,419.0,1.0,11.0,2.0
42,7,0,0,3232235798,1724.0,30.0,13.0,2.0
42,6,0,0,3232235798,3748.0,7.0,13.0,2.0
42,0,0,0,3232235798,2312.0,2.0,13.0,2.0
42,8,0,0,3232235798,348.0,1.0,13.0,2.0
60,7,0,1,3232235819,1987.0,1.0,15.0,2.0
60,6,0,1,3232235819,2250.0,2.0,15.0,2.0
60,0,0,1,3232235819,1597.0,1.0,15.0,2.0
60,8,0,1,3232235819,792.0,1.0,15.0,2.0
54,7,0,4,3232235819,1639.0,1.0,8.0,3.0
54,6,0,4,3232235819,2899.0,8.0,8.0,3.0
54,5,0,4,3232235819,2321.0,10.0,8.0,3.0
54,2,0,4,3031416582,12000.0,2.0,8.0,3.0
54,9,0,4,3232235819,3775.0,10.0,8.0,3.0
54,8,0,4,3232235819,1237.0,1.0,8.0,3.0
28,7,0,8,3232235849,725.0,1.0,10.0,3.0
28,6,0,8,3232235849,1324.0,8.0,10.0,3.0
28,0,0,8,3232235849,679.0,7.0,10.0,3.0
28,8,0,8,3232235849,350.0,1.0,10.0,3.0
80,7,0,4,3232235834,1971.0,1.0,14.0,3.0
80,6,0,4,3232235834,4060.0,2.0,14.0,3.0
80,0,0,4,3232235834,5928.0,10.0,14.0,3.0
80,8,0,4,3232235834,254.0,1.0,14.0,3.0
76,7,0,8,3232235915,1600.0,1.0,14.0,3.0
76,6,0,8,3232235915,1268.0,5.0,14.0,3.0
76,0,0,8,3232235915,2319.0,8.0,14.0,3.0
76,8,0,8,3232235915,1234.0,1.0,14.0,3.0
30,7,0,1,3232235956,1275.0,1.0,15.0,3.0
30,6,0,1,3232235956,617.0,2.0,15.0,3.0
30,0,0,1,3232235956,1205.0,4.0,15.0,3.0
30,8,0,1,3232235956,1132.0,129.0,15.0,3.0
52,7,0,7,3232235875,569.0,84.0,15.0,3.0
49,7,0,4,3232236030,983.0,1.0,15.0,3.0
49,6,0,4,3232236030,3083.0,8.0,15.0,3.0
52,6,0,7,3232235875,2759.0,6.0,15.0,3.0
52,0,0,7,3232235875,5090.0,10.0,15.0,3.0
49,0,0,4,3232236030,3023.0,7.0,15.0,3.0
49,8,0,4,3232236030,1353.0,1.0,15.0,3.0
52,8,0,7,3232235875,692.0,1.0,15.0,3.0
81,7,0,1,3232235908,1006.0,1.0,15.0,3.0
81,6,0,1,3232235908,4862.0,3.0,15.0,3.0
81,0,0,1,3232235908,4363.0,7.0,15.0,3.0
81,8,0,1,3232235908,1262.0,1.0,15.0,3.0
64,7,0,4,3232235993,828.0,1.0,16.0,3.0
64,6,0,4,3232235993,4745.0,3.0,16.0,3.0
64,0,0,4,3232235993,4584.0,8.0,16.0,3.0
64,8,0,4,3232235993,423.0,1.0,16.0,3.0
48,7,0,1,3232235975,1867.0,1.0,1.0,4.0
68,7,1,4,3232235794,382.0,1.0,8.0,4.0
68,6,0,4,3232235794,2195.0,2.0,8.0,4.0
68,0,0,4,3232235794,739.0,6.0,8.0,4.0
68,8,0,4,3232235794,958.0,1.0,8.0,4.0
59,7,0,1,3232235914,1275.0,1.0,9.0,4.0
59,6,0,1,3232235914,4401.0,9.0,9.0,4.0
59,0,0,1,3232235914,2414.0,7.0,9.0,4.0
59,8,0,1,3232235914,998.0,1.0,9.0,4.0
72,7,0,0,3232235879,1220.0,1.0,9.0,4.0
72,6,0,0,3232235879,4586.0,10.0,9.0,4.0
72,0,0,0,3232235879,2365.0,10.0,9.0,4.0
72,8,0,0,3232235879,559.0,1.0,9.0,4.0
23,7,0,1,3232235907,738.0,1.0,10.0,4.0
23,6,0,1,3232235907,917.0,9.0,10.0,4.0
23,0,0,1,3232235907,4274.0,9.0,10.0,4.0
23,8,0,1,3232235907,551.0,1.0,10.0,4.0
48,6,0,1,3232235975,5675.0,9.0,12.0,4.0
48,5,0,1,3232235975,4853.0,5.0,12.0,4.0
48,2,0,1,3232235975,4443.0,5.0,12.0,4.0
48,9,0,1,3232235975,7202.0,4.0,12.0,4.0
48,8,0,1,3232235975,1235.0,1.0,12.0,4.0
61,7,0,0,3232235875,734.0,1.0,13.0,4.0
61,6,0,0,3232235875,2396.0,1.0,13.0,4.0
61,0,0,0,3232235875,2765.0,5.0,13.0,4.0
61,8,0,0,3232235875,2.0,1.0,13.0,4.0
71,7,1,4,3232235832,953.0,1.0,13.0,4.0
71,6,0,4,3232235832,4623.0,1.0,13.0,4.0
71,0,0,4,3232235832,3736.0,3.0,13.0,4.0
71,8,0,4,3232235832,862.0,1.0,13.0,4.0
44,7,0,8,3232236004,996.0,1.0,14.0,4.0
44,6,0,8,3232236004,502.0,5.0,14.0,4.0
44,0,0,8,3232236004,4946.0,5.0,14.0,4.0
44,8,0,8,3232236004,12920.0,1.0,14.0,4.0
86,7,0,0,3232235930,1276.0,1.0,16.0,4.0
86,6,0,0,3232235930,2328.0,2.0,16.0,4.0
86,0,0,0,3232235930,2033.0,6.0,16.0,4.0
86,8,0,0,3232235930,1267.0,1.0,16.0,4.0
25,7,0,8,3232235828,752.0,1.0,6.0,5.0
25,6,0,8,3232235828,3583.0,5.0,10.0,5.0
25,0,0,8,3232235828,3624.0,2.0,10.0,5.0
25,8,0,8,3232235828,776.0,138.0,10.0,5.0
77,7,0,4,3232235969,1446.0,1.0,10.0,5.0
77,6,0,4,3232235969,1365.0,7.0,10.0,5.0
77,0,0,4,3232235969,2719.0,1.0,10.0,5.0
77,8,0,4,3232235969,615.0,1.0,10.0,5.0
78,7,0,8,3232235887,1260.0,1.0,11.0,5.0
78,6,0,8,3232235887,11.0,10.0,11.0,5.0
78,0,0,8,3232235887,4414.0,1.0,11.0,5.0
78,8,0,8,3232235887,392.0,1.0,11.0,5.0
77,7,0,5,3232235969,1269.0,1.0,11.0,5.0
77,6,0,4,3232235969,3858.0,4.0,11.0,5.0
77,0,0,4,3232235969,2482.0,6.0,11.0,5.0
77,8,0,4,3232235969,756.0,1.0,11.0,5.0
46,7,1,1,3232235958,1009.0,1.0,12.0,5.0
46,6,0,1,3232235958,5594.0,8.0,12.0,5.0
46,0,0,1,3232235958,2791.0,2.0,12.0,5.0
46,8,0,1,3232235958,616.0,1.0,12.0,5.0
47,7,0,7,3232235789,1930.0,1.0,14.0,5.0
47,6,0,7,3232235789,4669.0,5.0,14.0,5.0
47,0,0,7,3232235789,5628.0,1.0,14.0,5.0
47,8,0,7,3232235789,260.0,1.0,14.0,5.0
69,7,0,1,3232236011,1120.0,1.0,16.0,5.0
69,6,0,1,3232236011,4679.0,8.0,16.0,5.0
69,0,0,1,3232236011,1413.0,4.0,16.0,5.0
69,8,0,1,3232236011,292.0,1.0,16.0,5.0
73,7,1,0,3232235814,1227.0,1.0,7.0,6.0
73,6,0,0,3232235814,5162.0,3.0,7.0,6.0
73,0,0,0,3232235814,2231.0,1.0,7.0,6.0
73,8,0,0,3232235814,779.0,1.0,7.0,6.0
21,7,0,7,3232235785,828.0,1.0,7.0,6.0
21,6,0,7,3232235785,530.0,10.0,7.0,6.0
21,0,0,7,3232235785,2381.0,4.0,7.0,6.0
21,8,0,7,3232235785,1446.0,1.0,7.0,6.0
70,7,0,8,3232236002,1212.0,1.0,8.0,6.0
70,6,0,8,3232236002,1013.0,1.0,8.0,6.0
70,0,0,8,760123013,5514.0,4.0,8.0,6.0
70,8,0,8,3232236002,464.0,1.0,8.0,6.0
57,7,0,4,3232235957,1610.0,1.0,9.0,6.0
57,6,0,4,3232235957,4129.0,10.0,9.0,6.0
43,7,0,8,3232235853,787.0,1.0,9.0,6.0
43,6,0,8,3232235853,820.0,3.0,9.0,6.0
43,0,0,8,3232235853,2775.0,3.0,9.0,6.0
57,0,0,4,3232235957,4028.0,4.0,9.0,6.0
43,8,0,8,3232235853,753.0,1.0,9.0,6.0
57,8,0,4,3232235957,412.0,1.0,9.0,6.0
53,7,0,4,3232235894,424.0,1.0,9.0,6.0
53,6,0,4,3232235894,870.0,6.0,9.0,6.0
53,0,0,4,3232235894,897.0,9.0,9.0,6.0
53,8,0,4,3232235894,1452.0,1.0,9.0,6.0
23,7,0,1,3232235907,1858.0,1.0,10.0,6.0
23,6,0,1,3232235907,1965.0,3.0,10.0,6.0
23,0,0,1,3232235907,4871.0,3.0,10.0,6.0
23,8,0,1,3232235907,703.0,1.0,10.0,6.0
71,7,0,4,3232235832,1213.0,1.0,10.0,6.0
71,6,0,4,3232235832,4054.0,6.0,10.0,6.0
71,0,0,4,3232235832,1715.0,8.0,10.0,6.0
71,8,0,4,3232235832,391.0,1.0,10.0,6.0
36,7,0,7,3232235869,1512.0,1.0,12.0,6.0
36,6,0,7,3232235869,4167.0,5.0,12.0,6.0
36,0,0,7,3232235869,2363.0,4.0,12.0,6.0
36,8,0,7,3232235869,677.0,1.0,12.0,6.0
37,7,0,4,3232235932,1036.0,1.0,12.0,6.0
37,6,0,4,3232235932,1614.0,7.0,12.0,6.0
37,0,0,4,3232235932,4502.0,4.0,12.0,6.0
37,8,0,4,3232235932,474.0,1.0,12.0,6.0
19,7,0,8,3232235800,1007.0,1.0,13.0,6.0
19,6,0,8,3232235800,4667.0,3.0,13.0,6.0
19,0,0,8,3232235800,3329.0,8.0,13.0,6.0
19,8,0,8,3232235800,464.0,1.0,13.0,6.0
67,7,0,4,3232235880,1791.0,1.0,7.0,0.0
67,6,0,4,3232235880,3255.0,6.0,7.0,0.0
67,0,0,4,3232235880,1313.0,2.0,7.0,0.0
67,8,0,4,3232235880,534.0,1.0,7.0,0.0
27,7,0,1,3232235892,1622.0,1.0,12.0,0.0
27,6,0,2,3232235892,1347.0,2.0,12.0,0.0
27,0,0,1,3232235892,2246.0,8.0,12.0,0.0
27,8,0,1,3232235892,413.0,1.0,12.0,0.0
53,7,0,4,3232235894,424.0,1.0,15.0,0.0
53,6,0,4,3232235894,3190.0,3.0,15.0,0.0
53,0,0,4,3232235894,5214.0,10.0,15.0,0.0
53,8,0,4,3232235894,249.0,1.0,15.0,0.0
32,7,0,4,3232235817,1976.0,1.0,15.0,0.0
32,6,0,4,3232235817,5798.0,7.0,15.0,0.0
32,0,0,4,3232235817,2673.0,8.0,15.0,0.0
32,8,0,4,3232235817,518.0,1.0,16.0,0.0
59,7,0,1,3232235914,1915.0,1.0,16.0,0.0
59,6,0,1,3232235914,1717.0,3.0,16.0,0.0
59,0,0,1,3232235914,3123.0,3.0,16.0,0.0
59,8,0,1,3232235914,999.0,1.0,16.0,0.0
78,7,0,8,1733551041,1009.0,1.0,16.0,0.0
78,6,0,8,3232235887,3131.0,9.0,16.0,0.0
78,0,0,8,3232235887,50.0,3.0,16.0,0.0
78,8,0,8,3232235887,570.0,1.0,16.0,0.0
52,7,0,7,3232235875,987.0,1.0,16.0,0.0
52,6,0,7,3232235875,4716.0,6.0,16.0,0.0
52,0,0,7,3232235875,922.0,2.0,16.0,0.0
52,8,0,7,3232235875,984.0,1.0,16.0,0.0
82,7,0,0,3232235801,1947.0,1.0,0.0,1.0
53,7,0,4,3232235894,1539.0,1.0,8.0,1.0
53,6,0,4,3232235894,2369.0,6.0,8.0,1.0
53,0,0,4,3232235894,1333.0,2.0,8.0,1.0
53,8,0,4,3232235894,704.0,1.0,8.0,1.0
56,7,0,1,3232235949,1538.0,1.0,9.0,1.0
56,6,0,1,3232235949,2837.0,6.0,9.0,1.0
56,0,0,1,3232235949,2344.0,9.0,9.0,1.0
56,8,0,1,3232235949,385.0,1.0,9.0,1.0
82,6,0,0,3232235801,75.0,2.0,10.0,1.0
82,0,0,0,3232235801,1653.0,4.0,10.0,1.0
52,7,1,7,3232235875,334.0,1.0,10.0,1.0
52,6,0,7,3232235875,1235.0,9.0,10.0,1.0
52,0,0,7,3232235875,2031.0,9.0,10.0,1.0
82,8,0,0,3232235801,1013.0,1.0,10.0,1.0
52,8,0,7,3232235875,1484.0,1.0,10.0,1.0
43,7,1,8,3232235853,841.0,1.0,10.0,1.0
69,7,0,1,3232236011,1455.0,1.0,10.0,1.0
43,6,0,8,3232235853,4513.0,6.0,10.0,1.0
43,0,0,8,3232235853,5240.0,6.0,10.0,1.0
69,6,0,1,3232236011,1287.0,7.0,10.0,1.0
43,8,0,8,3232235853,914.0,1.0,10.0,1.0
69,0,0,1,3232236011,4365.0,10.0,10.0,1.0
69,8,0,1,3232236011,601.0,1.0,10.0,1.0
83,7,0,7,3232235998,1115.0,1.0,11.0,1.0
83,6,0,7,3232235998,5798.0,4.0,11.0,1.0
83,0,0,7,3232235998,2876.0,9.0,11.0,1.0
83,8,0,7,3232235998,1474.0,1.0,11.0,1.0
39,7,0,7,3232235964,1287.0,1.0,11.0,1.0
39,6,0,7,3232235964,2741.0,9.0,11.0,1.0
39,0,0,7,3232235964,1322.0,5.0,12.0,1.0
39,8,0,7,3232235964,293.0,1.0,12.0,1.0
77,7,0,4,3232235969,729.0,1.0,13.0,1.0
77,6,0,4,3232235969,3688.0,10.0,13.0,1.0
77,0,0,4,3232235969,2714.0,9.0,13.0,1.0
77,8,0,4,3232235969,226.0,1.0,13.0,1.0
48,7,0,1,3232235975,886.0,1.0,13.0,1.0
48,6,0,1,3232235975,1396.0,9.0,13.0,1.0
48,5,0,1,3232235975,1299.0,9.0,13.0,1.0
48,2,0,1,3232235975,7113.0,2.0,13.0,1.0
48,9,0,1,3232235975,4503.0,7.0,13.0,1.0
48,8,0,1,3232235975,1121.0,1.0,13.0,1.0
85,7,0,1,3232235980,361.0,1.0,14.0,1.0
85,6,0,1,3232235980,594.0,10.0,14.0,1.0
85,5,0,1,3232235980,6071.0,6.0,14.0,1.0
85,2,0,1,3232235980,9716.0,1.0,14.0,1.0
85,9,1,1,3232235980,7782.0,3.0,14.0,1.0
85,8,0,1,3232235980,1135.0,1.0,14.0,1.0
53,7,0,4,3232235894,1524.0,1.0,16.0,1.0
53,6,0,4,3232235894,4039.0,6.0,16.0,1.0
53,0,0,4,3232235894,5445.0,5.0,16.0,1.0
53,8,0,4,3232235894,252.0,1.0,16.0,1.0
56,7,0,1,3232235949,1106.0,1.0,16.0,1.0
56,6,0,1,3232235949,1868.0,1.0,16.0,1.0
56,0,0,1,3232235949,4342.0,3.0,16.0,1.0
56,8,0,1,3232235949,470.0,1.0,16.0,1.0
21,7,0,7,3232235785,1344.0,1.0,16.0,1.0
21,6,0,7,3232235785,2099.0,2.0,16.0,1.0
21,0,0,7,3232235785,1839.0,5.0,16.0,1.0
21,8,0,7,3232235785,314.0,1.0,16.0,1.0
83,7,0,7,3232235998,1849.0,1.0,1.0,2.0
8,7,0,1,3232235813,1456.0,1.0,2.0,2.0
69,7,0,1,3232236011,1589.0,1.0,5.0,2.0
42,7,0,0,3232235798,675.0,1.0,7.0,2.0
42,6,0,0,3232235798,1428.0,8.0,7.0,2.0
42,0,0,0,3232235798,2122.0,3.0,7.0,2.0
42,8,0,0,3232235798,308.0,1.0,7.0,2.0
53,7,0,4,3232235894,1061.0,1.0,8.0,2.0
53,6,0,4,3232235894,924.0,7.0,8.0,2.0
53,0,0,4,3232235894,5624.0,5.0,8.0,2.0
53,8,0,4,3232235894,679.0,1.0,8.0,2.0
8,6,0,1,3232235813,1548.0,9.0,12.0,2.0
8,0,0,1,3232235813,1775.0,3.0,12.0,2.0
8,8,0,1,145515204,1162.0,1.0,12.0,2.0
47,7,0,7,3232235789,926.0,1.0,14.0,2.0
47,6,0,7,3232235789,2812.0,1.0,14.0,2.0
47,0,0,7,3232235789,899.0,7.0,14.0,2.0
47,8,0,7,3232235789,217.0,1.0,14.0,2.0
18,7,0,7,3232235951,1757.0,1.0,14.0,2.0
18,6,0,7,3232235951,3601.0,6.0,14.0,2.0
18,0,0,7,3232235951,5812.0,7.0,14.0,2.0
18,8,0,7,3232235951,1282.0,1.0,14.0,2.0
69,6,0,1,3232236011,2563.0,7.0,15.0,2.0
69,0,0,1,3232236011,1342.0,3.0,15.0,2.0
69,8,0,1,3232236011,252.0,1.0,15.0,2.0
36,7,1,7,3232235869,831.0,1.0,15.0,2.0
36,6,0,7,3232235869,2397.0,5.0,15.0,2.0
36,0,0,7,2344495006,1655.0,2.0,15.0,2.0
36,8,0,7,3232235869,623.0,1.0,15.0,2.0
83,6,0,7,3232235998,4494.0,1.0,16.0,2.0
83,0,0,7,3232235998,3114.0,9.0,16.0,2.0
83,8,0,7,3232235998,1163.0,1.0,16.0,2.0
6,7,0,4,3232235840,497.0,1.0,16.0,2.0
6,6,0,4,3232235840,2474.0,4.0,16.0,2.0
6,5,0,4,3232235840,5577.0,9.0,16.0,2.0
6,2,0,4,3232235840,5635.0,6.0,16.0,2.0
6,9,0,4,3232235840,5379.0,174.0,16.0,2.0
6,8,0,4,3232235840,361.0,1.0,16.0,2.0
81,7,0,1,3232235908,901.0,1.0,7.0,3.0
81,6,0,1,3232235908,3027.0,10.0,7.0,3.0
81,0,0,1,3232235908,5763.0,2.0,7.0,3.0
81,8,0,1,3232235908,691.0,1.0,7.0,3.0
25,7,0,8,3232235828,1965.0,1.0,7.0,3.0
25,6,0,8,3232235828,2471.0,2.0,7.0,3.0
25,0,0,8,3232235828,4566.0,2.0,7.0,3.0
25,8,0,8,3232235828,1407.0,64.0,7.0,3.0
35,7,0,7,3232235875,828.0,1.0,8.0,3.0
35,6,0,7,3232235875,1957.0,8.0,8.0,3.0
35,0,0,7,3232235875,1068.0,8.0,8.0,3.0
35,8,0,7,3232235875,610.0,43.0,8.0,3.0
81,7,0,1,3232235908,1934.0,1.0,8.0,3.0
81,6,0,1,3232235908,3379.0,2.0,8.0,3.0
81,0,0,1,3232235908,1761.0,5.0,8.0,3.0
81,8,0,1,3232235908,571.0,1.0,8.0,3.0
38,7,0,4,3232235984,1621.0,1.0,10.0,3.0
38,6,0,4,3232235984,4264.0,4.0,10.0,3.0
38,0,0,4,3232235984,1414.0,7.0,10.0,3.0
38,8,0,4,3232235984,594.0,1.0,10.0,3.0
37,7,0,4,3232235932,1352.0,1.0,13.0,3.0
37,6,0,4,3232235932,1877.0,8.0,13.0,3.0
37,0,0,4,3232235932,1831.0,1.0,13.0,3.0
37,8,0,4,3232235932,310.0,1.0,13.0,3.0
32,7,0,4,3232235817,1397.0,1.0,13.0,3.0
32,6,0,4,3232235817,4102.0,5.0,13.0,3.0
32,0,0,4,3232235817,3056.0,9.0,13.0,3.0
32,8,0,4,3232235817,1358.0,1.0,13.0,3.0
54,7,0,4,3232235819,1253.0,1.0,14.0,3.0
54,6,0,4,3232235819,1670.0,8.0,14.0,3.0
54,5,0,4,3232235819,1783.0,1.0,14.0,3.0
54,2,1,4,3232235819,11867.0,5.0,14.0,3.0
54,9,1,4,3232235819,6971.0,1.0,14.0,3.0
54,8,0,4,3232235819,1370.0,1.0,14.0,3.0
46,7,0,1,134354058,1200.0,1.0,16.0,3.0
46,6,0,1,3232235958,2840.0,4.0,16.0,3.0
46,0,0,1,3232235958,2725.0,6.0,16.0,3.0
46,8,0,1,3232235958,5978.0,1.0,16.0,3.0
33,7,0,1,3232236023,1272.0,1.0,16.0,3.0
33,6,0,1,3232236023,3693.0,5.0,16.0,3.0
33,0,0,1,3232236023,5204.0,7.0,16.0,3.0
33,8,0,1,3232236023,619.0,1.0,16.0,3.0
44,7,0,8,3232236004,1207.0,1.0,8.0,4.0
44,6,0,8,3232236004,4032.0,7.0,8.0,4.0
44,0,0,8,3232236004,5339.0,1.0,8.0,4.0
44,8,0,8,3232236004,1044.0,1.0,8.0,4.0
18,7,0,7,3232235951,1495.0,1.0,8.0,4.0
18,6,0,7,3232235951,5726.0,2.0,8.0,4.0
18,0,0,7,3232235951,5475.0,8.0,8.0,4.0
18,8,0,7,3232235951,1421.0,1.0,8.0,4.0
19,7,0,8,3232235800,703.0,1.0,8.0,4.0
19,6,0,8,3232235800,5086.0,8.0,8.0,4.0
40,7,0,0,3232235915,1750.0,1.0,8.0,4.0
40,6,0,0,3232235915,917.0,5.0,8.0,4.0
19,0,0,8,3232235800,1175.0,7.0,8.0,4.0
40,0,0,0,3232235915,5507.0,9.0,8.0,4.0
40,8,0,0,3232235915,1068.0,1.0,8.0,4.0
19,8,0,8,3232235800,688.0,1.0,8.0,4.0
71,7,0,6,3232235832,662.0,1.0,9.0,4.0
71,6,0,4,3232235832,1517.0,9.0,9.0,4.0
71,0,0,4,3232235832,3701.0,3.0,9.0,4.0
71,8,0,4,3232235832,358.0,1.0,10.0,4.0
18,7,0,7,3232235951,413.0,1.0,10.0,4.0
18,6,0,7,3232235951,3071.0,10.0,10.0,4.0
18,0,0,7,3232235951,2941.0,2.0,10.0,4.0
18,8,0,7,3232235951,1033.0,1.0,10.0,4.0
8,7,0,1,3232235813,1180.0,1.0,10.0,4.0
8,6,0,1,3232235813,2941.0,6.0,10.0,4.0
8,0,0,1,3232235813,1755.0,9.0,10.0,4.0
8,8,0,1,3232235813,1444.0,1.0,10.0,4.0
69,7,0,1,3232236011,1133.0,1.0,12.0,4.0
69,6,0,1,3232236011,3079.0,1.0,12.0,4.0
69,0,0,1,3232236011,3885.0,10.0,12.0,4.0
69,8,0,1,3232236011,465.0,1.0,12.0,4.0
32,7,0,4,3232235817,674.0,1.0,12.0,4.0
32,6,0,4,3232235817,1164.0,10.0,12.0,4.0
32,0,0,4,3232235817,3090.0,5.0,12.0,4.0
32,8,0,4,3232235817,263.0,1.0,12.0,4.0
50,7,0,7,3232235996,978.0,1.0,13.0,4.0
50,6,0,7,3232235996,1444.0,5.0,13.0,4.0
50,0,0,2,3232235996,1962.0,10.0,13.0,4.0
50,8,0,7,3232235996,743.0,1.0,13.0,4.0
76,7,0,8,3232235915,1820.0,1.0,13.0,4.0
76,6,0,8,3232235915,1831.0,10.0,13.0,4.0
76,0,0,8,3232235915,3756.0,10.0,13.0,4.0
76,8,0,8,3232235915,333.0,1.0,14.0,4.0
63,7,0,8,3232235834,1436.0,1.0,14.0,4.0
63,6,0,8,3232235834,3632.0,3.0,14.0,4.0
63,0,0,8,3232235834,3210.0,1.0,14.0,4.0
63,8,0,8,3232235834,1336.0,1.0,14.0,4.0
62,7,0,4,3232236014,1761.0,1.0,15.0,4.0
62,6,0,4,3232236014,1827.0,10.0,15.0,4.0
62,0,0,4,3232236014,846.0,2.0,15.0,4.0
62,8,0,4,3232236014,972.0,1.0,15.0,4.0
65,7,0,7,3232235836,443.0,1.0,16.0,4.0
65,6,0,7,3232235836,5132.0,3.0,16.0,4.0
65,0,0,7,3232235836,4336.0,3.0,17.0,4.0
65,8,0,7,3232235836,755.0,1.0,17.0,4.0
57,7,0,4,3232235957,1657.0,1.0,6.0,5.0
86,7,0,0,3232235930,1635.0,1.0,7.0,5.0
86,6,0,0,3232235930,1818.0,5.0,7.0,5.0
86,0,0,0,3232235930,4207.0,4.0,7.0,5.0
86,8,0,0,3232235930,384.0,1.0,7.0,5.0
56,7,0,2,3232235949,1793.0,1.0,7.0,5.0
56,6,0,1,3232235949,5791.0,8.0,7.0,5.0
56,0,0,1,3232235949,3088.0,10.0,7.0,5.0
56,8,0,1,3232235949,1422.0,1.0,7.0,5.0
80,7,0,4,3232235834,706.0,1.0,9.0,5.0
80,6,0,4,3232235834,1344.0,9.0,9.0,5.0
80,0,0,4,3232235834,5506.0,3.0,9.0,5.0
80,8,0,4,3232235834,586.0,1.0,9.0,5.0
28,7,0,8,3232235849,1932.0,1.0,10.0,5.0
28,6,0,8,3232235849,3204.0,10.0,10.0,5.0
28,0,0,8,3232235849,5351.0,10.0,10.0,5.0
28,8,0,8,3232235849,767.0,1.0,10.0,5.0
32,7,0,4,3232235817,1164.0,1.0,11.0,5.0
32,6,0,4,3232235817,4086.0,9.0,11.0,5.0
32,0,0,4,3232235817,1316.0,5.0,11.0,5.0
32,8,0,4,3232235817,1470.0,1.0,11.0,5.0
45,7,0,4,3232235925,761.0,1.0,11.0,5.0
45,6,0,4,3232235925,1785.0,6.0,11.0,5.0
45,0,0,4,3232235925,2076.0,4.0,11.0,5.0
45,8,0,4,3232235925,622.0,1.0,11.0,5.0
33,7,0,1,3232236023,483.0,1.0,13.0,5.0
57,6,0,4,3232235957,3399.0,76.0,13.0,5.0
33,6,0,1,3232236023,4089.0,5.0,13.0,5.0
33,0,0,1,3232236023,1027.0,8.0,13.0,5.0
33,8,0,1,3232236023,739.0,1.0,14.0,5.0
57,0,0,4,3232235957,2127.0,5.0,14.0,5.0
57,8,0,4,3232235957,1237.0,1.0,14.0,5.0
27,7,0,1,3232235892,639.0,1.0,16.0,5.0
27,6,0,1,3232235892,1110.0,5.0,16.0,5.0
27,0,0,1,3232235892,5922.0,9.0,16.0,5.0
27,8,0,1,3232235892,699.0,1.0,16.0,5.0
47,7,0,7,3232235789,406.0,1.0,16.0,5.0
47,6,0,7,3232235789,3011.0,5.0,16.0,5.0
47,0,0,7,3232235789,4177.0,7.0,16.0,5.0
47,8,0,7,3232235789,891.0,1.0,16.0,5.0
65,7,1,7,3232235836,976.0,1.0,0.0,6.0
61,7,0,0,3232235875,1916.0,1.0,4.0,6.0
55,7,1,4,3232235868,1206.0,1.0,7.0,6.0
55,6,0,4,3232235868,1361.0,6.0,7.0,6.0
55,5,0,2,3232235868,3655.0,9.0,7.0,6.0
55,2,0,4,3232235868,7039.0,4.0,7.0,6.0
55,9,0,4,3232235868,1073.0,10.0,7.0,6.0
55,8,0,4,3232235868,396.0,1.0,7.0,6.0
70,7,0,8,3232236002,402.0,1.0,7.0,6.0
70,6,0,8,3232236002,2567.0,7.0,7.0,6.0
70,0,0,8,3232236002,3264.0,5.0,7.0,6.0
70,8,0,8,1739280049,248.0,1.0,7.0,6.0
55,7,0,4,3232235868,402.0,1.0,8.0,6.0
55,6,0,4,3232235868,649.0,5.0,8.0,6.0
55,5,0,4,3232235868,665.0,5.0,8.0,6.0
55,2,0,4,3232235868,2769.0,1.0,8.0,6.0
55,9,0,4,3232235868,8539.0,2.0,8.0,6.0
55,8,0,4,3232235868,1360.0,1.0,8.0,6.0
73,7,0,0,3232235814,1181.0,1.0,9.0,6.0
73,6,0,0,3232235814,5908.0,1.0,9.0,6.0
73,0,0,0,3232235814,908.0,5.0,9.0,6.0
73,8,0,0,3232235814,482.0,1.0,9.0,6.0
38,7,0,4,3232235984,1781.0,1.0,9.0,6.0
38,6,0,4,3232235984,526.0,7.0,9.0,6.0
38,0,0,4,3232235984,1051.0,8.0,9.0,6.0
38,8,0,4,3232235984,1342.0,1.0,9.0,6.0
57,7,0,4,3232235957,1522.0,1.0,9.0,6.0
57,6,0,4,3232235957,3032.0,4.0,10.0,6.0
57,0,0,4,3232235957,5019.0,4.0,10.0,6.0
57,8,0,4,3232235957,266.0,1.0,10.0,6.0
81,7,0,1,3232235908,1917.0,1.0,10.0,6.0
81,6,0,6,3232235908,5622.0,9.0,10.0,6.0
81,0,0,1,3232235908,1651.0,6.0,10.0,6.0
81,8,0,1,3232235908,217.0,1.0,10.0,6.0
85,7,0,1,3232235980,814.0,1.0,10.0,6.0
85,6,0,1,3232235980,1256.0,7.0,10.0,6.0
85,5,0,1,3232235980,2766.0,1.0,10.0,6.0
85,2,1,1,3232235980,1558.0,6.0,10.0,6.0
85,9,0,1,3232235980,3143.0,5.0,10.0,6.0
85,8,0,1,3232235980,530.0,1.0,10.0,6.0
85,7,0,1,3232235980,1721.0,1.0,12.0,6.0
85,6,0,1,3232235980,2556.0,9.0,12.0,6.0
85,5,0,1,3232235980,4958.0,7.0,12.0,6.0
85,2,0,1,3232235980,4635.0,2.0,12.0,6.0
85,9,0,1,3232235980,5002.0,8.0,12.0,6.0
85,8,0,1,3232235980,680.0,1.0,12.0,6.0
55,7,0,4,3232235868,1226.0,1.0,12.0,6.0
55,6,0,4,3232235868,1004.0,1.0,12.0,6.0
55,5,0,4,3232235868,6274.0,6.0,12.0,6.0
55,2,0,4,3232235868,11609.0,8.0,12.0,6.0
55,9,0,4,3232235868,7013.0,9.0,12.0,6.0
55,8,0,4,3232235868,625.0,1.0,13.0,6.0
61,6,0,0,3232235875,1039.0,6.0,14.0,6.0
61,0,0,0,3232235875,8918.0,9.0,14.0,6.0
61,8,0,0,3232235875,991.0,1.0,14.0,6.0
65,6,0,7,3232235836,2893.0,4.0,14.0,6.0
65,0,0,7,3232235836,3018.0,5.0,14.0,6.0
65,8,0,7,3232235836,349.0,1.0,14.0,6.0
23,7,0,1,3232235907,1215.0,1.0,15.0,6.0
23,6,0,1,3232235907,3666.0,1.0,15.0,6.0
23,0,0,1,3232235907,2914.0,3.0,15.0,6.0
23,8,0,1,3232235907,1395.0,1.0,15.0,6.0
31,7,0,0,3232235865,834.0,1.0,16.0,6.0
31,6,0,0,3232235865,5675.0,1.0,16.0,6.0
31,0,0,0,3232235865,2317.0,5.0,16.0,6.0
31,8,0,0,3232235865,266.0,1.0,16.0,6.0
81,7,0,1,3232235908,601.0,1.0,2.0,0.0
40,7,0,0,3232235915,364.0,1.0,7.0,0.0
40,6,0,0,3232235915,5957.0,4.0,7.0,0.0
40,0,0,0,3232235915,4426.0,5.0,7.0,0.0
40,8,0,0,3232235915,443.0,1.0,7.0,0.0
81,6,0,1,3232235908,1251.0,4.0,8.0,0.0
81,0,0,1,3232235908,4195.0,6.0,8.0,0.0
81,8,0,1,3232235908,254.0,1.0,8.0,0.0
73,7,0,0,3232235814,932.0,1.0,9.0,0.0
73,6,0,0,3232235814,2740.0,10.0,9.0,0.0
73,0,0,0,3232235814,4418.0,4.0,9.0,0.0
73,8,0,0,3232235814,1213.0,1.0,9.0,0.0
72,7,0,0,3232235879,488.0,1.0,11.0,0.0
72,6,0,0,145158281,5367.0,4.0,11.0,0.0
72,0,0,0,3232235879,5410.0,2.0,11.0,0.0
72,8,0,0,3232235879,445.0,1.0,11.0,0.0
28,7,0,8,3232235849,604.0,1.0,14.0,0.0
28,6,0,8,3232235849,4706.0,9.0,14.0,0.0
28,0,0,8,3232235849,4602.0,9.0,14.0,0.0
28,8,0,8,3232235849,401.0,1.0,14.0,0.0
57,7,0,4,3232235957,685.0,1.0,15.0,0.0
57,6,0,4,3232235957,1548.0,4.0,15.0,0.0
57,0,0,4,3232235957,2694.0,8.0,15.0,0.0
57,8,0,4,3232235957,1197.0,1.0,15.0,0.0
65,7,0,7,3232235836,500.0,1.0,15.0,0.0
65,6,0,7,3232235836,4986.0,4.0,15.0,0.0
65,0,0,7,3232235836,3504.0,7.0,15.0,0.0
65,8,0,7,3232235836,943.0,1.0,15.0,0.0
59,7,0,1,3232235914,751.0,1.0,15.0,0.0
59,6,0,1,3232235914,5409.0,1.0,15.0,0.0
59,0,0,1,3232235914,562.0,4.0,15.0,0.0
59,8,0,1,3232235914,817.0,1.0,15.0,0.0
86,7,0,0,3232235930,1317.0,1.0,16.0,0.0
86,6,0,0,3232235930,3553.0,9.0,16.0,0.0
86,0,0,0,3232235930,1387.0,8.0,16.0,0.0
86,8,0,0,3232235930,658.0,1.0,16.0,0.0
78,7,0,8,3232235887,1576.0,1.0,1.0,1.0
78,6,0,8,3232235887,1931.0,3.0,7.0,1.0
78,0,0,8,3232235887,1049.0,5.0,7.0,1.0
78,8,0,8,3232235887,312.0,1.0,7.0,1.0
30,7,0,1,3232235956,1013.0,1.0,10.0,1.0
30,6,0,1,3232235956,892.0,2.0,10.0,1.0
30,0,0,1,3232235956,2445.0,2.0,10.0,1.0
30,8,0,1,3232235956,5.0,1.0,10.0,1.0
23,7,1,1,3232235907,1953.0,1.0,10.0,1.0
23,6,0,1,3232235907,3800.0,10.0,10.0,1.0
23,0,0,1,3232235907,5192.0,10.0,10.0,1.0
23,8,0,1,3232235907,1481.0,1.0,10.0,1.0
86,7,0,0,3232235930,1896.0,1.0,11.0,1.0
86,6,0,0,3232235930,2125.0,3.0,11.0,1.0
86,0,0,0,3232235930,4035.0,8.0,11.0,1.0
86,8,0,0,344055767,1215.0,1.0,11.0,1.0
69,7,0,1,3232236011,544.0,1.0,12.0,1.0
69,6,0,1,3232236011,3835.0,2.0,12.0,1.0
69,0,0,1,3232236011,4809.0,3.0,12.0,1.0
69,8,0,1,3232236011,1203.0,1.0,12.0,1.0
83,7,0,7,3232235998,308.0,1.0,12.0,1.0
83,6,0,7,3232235998,2635.0,7.0,13.0,1.0
83,0,0,7,3232235998,2858.0,57.0,13.0,1.0
83,8,0,7,3232235998,236.0,1.0,13.0,1.0
21,7,0,7,3232235785,594.0,1.0,13.0,1.0
21,6,0,7,3232235785,3704.0,3.0,13.0,1.0
21,0,0,7,3232235785,2714.0,8.0,13.0,1.0
21,8,0,7,3232235785,811.0,1.0,13.0,1.0
32,7,0,4,3232235817,1734.0,1.0,13.0,1.0
32,6,0,4,3232235817,3366.0,7.0,13.0,1.0
32,0,0,4,3232235817,1040.0,1.0,13.0,1.0
32,8,0,4,3232235817,639.0,1.0,13.0,1.0
81,7,1,1,3232235908,570.0,1.0,14.0,1.0
81,6,0,1,3232235908,805.0,4.0,14.0,1.0
81,0,0,1,3232235908,583.0,1.0,14.0,1.0
81,8,0,1,3232235908,818.0,1.0,14.0,1.0
25,7,0,8,3232235828,84.0,1.0,15.0,1.0
25,6,0,8,3232235828,3955.0,10.0,15.0,1.0
25,0,0,8,3232235828,5182.0,7.0,15.0,1.0
25,8,0,8,3232235828,346.0,1.0,15.0,1.0
57,7,0,4,3232235957,1588.0,1.0,16.0,1.0
57,6,0,4,3232235957,2662.0,5.0,16.0,1.0
57,0,0,4,3232235957,5007.0,10.0,16.0,1.0
57,8,0,4,3232235957,1017.0,1.0,16.0,1.0
54,7,0,4,3232235819,1831.0,1.0,8.0,2.0
54,6,0,4,3232235819,5750.0,6.0,8.0,2.0
54,5,0,4,3232235819,6555.0,1.0,8.0,2.0
54,2,0,4,3232235819,10253.0,1.0,8.0,2.0
54,9,0,4,3232235819,1773.0,5.0,8.0,2.0
54,8,0,4,3232235819,988.0,1.0,8.0,2.0
81,7,0,1,3232235908,1807.0,1.0,10.0,2.0
81,6,0,1,3232235908,5572.0,10.0,10.0,2.0
81,0,0,1,3232235908,4250.0,10.0,10.0,2.0
81,8,0,1,3232235908,959.0,1.0,10.0,2.0
37,7,0,4,3232235932,1857.0,1.0,10.0,2.0
37,6,0,4,3232235932,4513.0,9.0,10.0,2.0
37,0,0,4,3232235932,3272.0,2.0,10.0,2.0
37,8,0,4,3232235932,927.0,1.0,10.0,2.0
52,7,1,7,3232235875,905.0,1.0,11.0,2.0
52,6,0,6,3232235875,2104.0,10.0,11.0,2.0
52,0,0,7,3232235875,1355.0,2.0,11.0,2.0
52,8,0,7,3232235875,1124.0,1.0,11.0,2.0
84,7,1,7,3232235817,366.0,1.0,11.0,2.0
84,1,0,7,3232235817,1939.0,1.0,11.0,2.0
84,4,0,7,3232235817,7960.0,10.0,11.0,2.0
84,3,0,7,3232235817,1128.0,4.0,11.0,2.0
84,8,0,6,3232235817,1397.0,1.0,12.0,2.0
28,7,0,8,3232235849,1733.0,1.0,13.0,2.0
28,6,0,8,3232235849,1994.0,8.0,13.0,2.0
28,0,0,8,3232235849,4079.0,3.0,13.0,2.0
28,8,0,8,3232235849,481.0,1.0,13.0,2.0
86,7,0,0,3232235930,1176.0,1.0,15.0,2.0
86,6,0,0,3232235930,3281.0,4.0,15.0,2.0
86,0,0,0,3232235930,5252.0,4.0,15.0,2.0
86,8,0,0,3232235930,1381.0,1.0,15.0,2.0
45,7,0,4,3232235925,1154.0,1.0,16.0,2.0
45,6,0,4,3232235925,5101.0,2.0,16.0,2.0
45,0,0,4,3232235925,1692.0,1.0,16.0,2.0
45,8,0,4,3232235925,956.0,1.0,16.0,2.0
82,7,1,0,3232235801,310.0,1.0,7.0,3.0
82,6,0,0,3232235801,2089.0,6.0,7.0,3.0
82,0,0,0,3232235801,2944.0,4.0,7.0,3.0
82,8,0,0,3232235801,1176.0,1.0,7.0,3.0
38,7,0,4,3232235984,1674.0,1.0,8.0,3.0
38,6,0,4,3232235984,5362.0,3.0,8.0,3.0
38,0,0,4,3232235984,4476.0,7.0,8.0,3.0
38,8,0,4,3232235984,679.0,1.0,8.0,3.0
43,7,0,8,3232235853,685.0,1.0,8.0,3.0
43,6,0,8,3232235853,5192.0,6.0,8.0,3.0
43,0,0,8,3232235853,1543.0,6.0,8.0,3.0
43,8,0,8,3232235853,978.0,1.0,8.0,3.0
46,7,0,1,3232235958,717.0,1.0,9.0,3.0
46,6,0,1,3232235958,5836.0,4.0,9.0,3.0
77,7,0,4,3232235969,505.0,1.0,9.0,3.0
46,0,0,1,3232235958,5664.0,1.0,9.0,3.0
77,6,0,4,3232235969,1295.0,7.0,9.0,3.0
77,0,0,4,3232235969,2502.0,4.0,9.0,3.0
46,8,0,1,3232235958,1129.0,1.0,9.0,3.0
77,8,0,4,3232235969,558.0,1.0,9.0,3.0
73,7,0,0,3232235814,1345.0,1.0,10.0,3.0
73,6,0,0,3232235814,2320.0,4.0,10.0,3.0
73,0,0,0,3232235814,1522.0,9.0,10.0,3.0
73,8,0,0,3232235814,645.0,1.0,10.0,3.0
66,7,0,7,3232235984,1705.0,1.0,11.0,3.0
66,6,0,7,3232235984,5787.0,2.0,11.0,3.0
66,0,0,7,3232235984,79.0,1.0,11.0,3.0
66,8,0,7,3232235984,996.0,1.0,11.0,3.0
83,7,0,7,3232235998,1323.0,1.0,11.0,3.0
83,6,0,7,3232235998,1568.0,10.0,11.0,3.0
83,0,0,7,3232235998,5745.0,4.0,11.0,3.0
83,8,0,7,3232235998,486.0,1.0,11.0,3.0
83,7,1,7,3232235998,1610.0,1.0,12.0,3.0
83,6,0,7,3232235998,581.0,6.0,12.0,3.0
83,0,0,7,3232235998,1900.0,2.0,12.0,3.0
83,8,0,7,3232235998,264.0,1.0,12.0,3.0
32,7,0,4,3232235817,659.0,1.0,12.0,3.0
32,6,0,4,3232235817,3614.0,9.0,12.0,3.0
32,0,0,4,3232235817,2385.0,9.0,12.0,3.0
32,8,0,4,3026339899,1344.0,1.0,13.0,3.0
59,7,0,1,3232235914,1319.0,1.0,2.0,4.0
1,7,0,7,3232235784,415.0,1.0,5.0,4.0
6,7,0,4,3232235840,1195.0,1.0,6.0,4.0
23,7,0,1,3232235907,1050.0,1.0,9.0,4.0
23,6,0,1,3232235907,4229.0,10.0,9.0,4.0
23,0,0,1,3232235907,2985.0,3.0,9.0,4.0
23,8,0,1,3232235907,296.0,1.0,9.0,4.0
52,7,0,7,3232235875,905.0,1.0,9.0,4.0
52,6,0,7,3232235875,2284.0,2.0,9.0,4.0
52,0,0,7,3232235875,2929.0,6.0,9.0,4.0
52,8,0,7,3232235875,1388.0,1.0,9.0,4.0
39,7,1,7,3028555992,1209.0,1.0,10.0,4.0
39,6,0,7,3232235964,4910.0,10.0,10.0,4.0
39,0,0,7,3232235964,5166.0,78.0,10.0,4.0
39,8,0,7,3232235964,1187.0,1.0,10.0,4.0
6,6,0,4,3232235840,2547.0,3.0,11.0,4.0
6,5,0,4,3232235840,6356.0,7.0,11.0,4.0
6,2,0,4,3232235840,7699.0,4.0,11.0,4.0
6,9,0,4,3232235840,5308.0,2.0,11.0,4.0
6,8,0,4,3232235840,1064.0,1.0,11.0,4.0
82,7,1,0,3232235801,66.0,1.0,12.0,4.0
82,6,0,0,3232235801,5613.0,6.0,12.0,4.0
82,0,0,0,3232235801,5127.0,7.0,12.0,4.0
82,8,0,0,3232235801,1050.0,1.0,12.0,4.0
1,1,0,7,3232235784,2745.0,3.0,13.0,4.0
1,4,0,7,3232235784,1837.0,1.0,13.0,4.0
1,3,0,7,3232235784,3909.0,1.0,13.0,4.0
1,8,0,7,1928948510,468.0,1.0,13.0,4.0
31,7,0,0,3232235865,733.0,1.0,13.0,4.0
31,6,0,0,3232235865,1715.0,10.0,14.0,4.0
31,0,0,0,3232235865,598.0,5.0,14.0,4.0
31,8,0,0,3232235865,945.0,1.0,14.0,4.0
70,7,0,8,3232236002,845.0,1.0,14.0,4.0
70,6,0,8,3232236002,4037.0,1.0,14.0,4.0
70,0,0,8,3232236002,2528.0,4.0,14.0,4.0
70,8,0,8,3232236002,479.0,1.0,14.0,4.0
33,7,0,1,3232236023,1006.0,1.0,15.0,4.0
33,6,0,1,3232236023,5146.0,8.0,16.0,4.0
33,0,0,1,3232236023,1621.0,6.0,16.0,4.0
33,8,0,1,3232236023,438.0,1.0,16.0,4.0
32,7,0,4,3232235817,917.0,1.0,16.0,4.0
32,6,0,4,3019955890,3982.0,10.0,16.0,4.0
32,0,0,4,3232235817,1111.0,1.0,16.0,4.0
32,8,0,4,3232235817,847.0,1.0,16.0,4.0
59,6,0,1,3232235914,3921.0,10.0,16.0,4.0
59,0,0,1,3232235914,3433.0,6.0,16.0,4.0
59,8,0,1,3232235914,1217.0,1.0,16.0,4.0
28,7,0,8,3232235849,455.0,1.0,16.0,4.0
28,6,0,8,3232235849,1008.0,9.0,16.0,4.0
28,0,0,8,3232235849,5720.0,4.0,16.0,4.0
28,8,0,8,3232235849,688.0,1.0,16.0,4.0
23,7,0,1,3232235907,1067.0,1.0,3.0,5.0
65,7,0,7,3232235836,1733.0,1.0,4.0,5.0
75,7,0,1,3232235968,607.0,1.0,7.0,5.0
75,6,0,1,3232235968,1370.0,10.0,7.0,5.0
75,0,0,1,3232235968,2232.0,6.0,7.0,5.0
75,8,0,1,3232235968,1246.0,1.0,7.0,5.0
83,7,0,2,3232235998,580.0,1.0,7.0,5.0
83,6,0,7,3232235998,3609.0,3.0,7.0,5.0
83,0,0,7,3232235998,2799.0,6.0,7.0,5.0
83,8,0,7,3232235998,1043.0,1.0,7.0,5.0
69,7,0,1,3232236011,835.0,1.0,9.0,5.0
69,6,0,1,3232236011,949.0,4.0,9.0,5.0
69,0,0,1,3232236011,4747.0,10.0,9.0,5.0
69,8,0,1,3232236011,912.0,1.0,9.0,5.0
23,6,0,1,3232235907,3652.0,2.0,13.0,5.0
23,0,0,1,3232235907,5396.0,5.0,13.0,5.0
23,8,0,1,3232235907,1444.0,1.0,13.0,5.0
37,7,0,4,3232235932,921.0,1.0,15.0,5.0
37,6,0,4,3232235932,2333.0,4.0,15.0,5.0
37,0,0,4,3232235932,5985.0,8.0,15.0,5.0
37,8,0,4,3232235932,674.0,1.0,15.0,5.0
65,6,0,7,3232235836,4987.0,6.0,15.0,5.0
65,0,0,7,3232235836,5034.0,4.0,15.0,5.0
65,8,0,7,3232235836,611.0,1.0,15.0,5.0
82,7,1,0,3232235801,1133.0,1.0,15.0,5.0
82,6,0,0,3232235801,1072.0,6.0,15.0,5.0
82,0,0,0,3232235801,3855.0,9.0,15.0,5.0
82,8,0,0,3232235801,1023.0,1.0,15.0,5.0
85,7,0,1,3232235980,421.0,1.0,16.0,5.0
85,6,0,1,3232235980,1226.0,5.0,16.0,5.0
85,5,0,1,3232235980,2783.0,8.0,16.0,5.0
85,2,0,1,3232235980,6067.0,4.0,16.0,5.0
85,9,0,1,3232235980,3157.0,9.0,16.0,5.0
85,8,0,1,3232235980,424.0,1.0,16.0,5.0
6,7,0,4,3232235840,813.0,1.0,0.0,6.0
58,7,0,7,3232235933,343.0,1.0,7.0,6.0
58,6,0,7,3232235933,1423.0,5.0,7.0,6.0
58,0,0,7,3232235933,5711.0,10.0,7.0,6.0
58,8,0,7,3232235933,1451.0,1.0,7.0,6.0
77,7,0,4,3232235969,70.0,1.0,7.0,6.0
77,6,0,4,3232235969,1210.0,3.0,7.0,6.0
77,0,0,4,3232235969,3140.0,3.0,7.0,6.0
77,8,0,4,3232235969,760.0,1.0,7.0,6.0
19,7,0,8,3232235800,1601.0,1.0,8.0,6.0
26,7,0,8,3232235885,1625.0,1.0,8.0,6.0
19,6,0,8,3232235800,624.0,7.0,8.0,6.0
26,6,0,8,3232235885,1139.0,2.0,8.0,6.0
19,0,0,8,3232235800,1168.0,5.0,8.0,6.0
19,8,0,8,3232235800,786.0,1.0,8.0,6.0
26,0,0,8,3232235885,4551.0,1.0,8.0,6.0
26,8,0,8,3232235885,635.0,1.0,8.0,6.0
20,7,0,8,3232235886,759.0,158.0,8.0,6.0
80,7,0,4,3232235834,1585.0,1.0,8.0,6.0
20,6,0,8,3232235886,2356.0,7.0,8.0,6.0
80,6,0,4,3232235834,678.0,1.0,8.0,6.0
80,0,0,4,3232235834,5386.0,10.0,8.0,6.0
20,0,0,8,3232235886,3657.0,3.0,8.0,6.0
80,8,0,4,3232235834,1105.0,1.0,8.0,6.0
20,8,0,8,3232235886,923.0,1.0,8.0,6.0
60,7,1,1,3232235819,1709.0,1.0,9.0,6.0
60,6,0,1,3232235819,3208.0,4.0,9.0,6.0
39,7,0,7,3232235964,21.0,1.0,9.0,6.0
39,6,0,7,3232235964,2491.0,3.0,9.0,6.0
60,0,0,1,3232235819,522.0,1.0,9.0,6.0
39,0,0,7,3232235964,1225.0,50.0,9.0,6.0
39,8,0,7,3232235964,405.0,1.0,9.0,6.0
56,7,1,1,3232235949,1752.0,1.0,10.0,6.0
60,8,0,1,3232235819,382.0,1.0,10.0,6.0
56,6,0,1,3232235949,5701.0,7.0,10.0,6.0
56,0,0,1,3232235949,1720.0,10.0,10.0,6.0
56,8,0,1,3232235949,614.0,1.0,10.0,6.0
67,7,0,4,3232235880,348.0,1.0,10.0,6.0
37,7,0,4,3232235932,986.0,1.0,10.0,6.0
37,6,0,4,3232235932,5607.0,9.0,10.0,6.0
67,6,0,4,3232235880,2225.0,9.0,10.0,6.0
67,0,0,4,1922016629,4987.0,2.0,10.0,6.0
37,0,0,6,3232235932,721.0,9.0,10.0,6.0
67,8,0,4,3232235880,1197.0,1.0,10.0,6.0
37,8,0,4,3232235932,895.0,1.0,10.0,6.0
34,7,0,4,3232235804,969.0,1.0,10.0,6.0
34,6,0,4,3232235804,1053.0,8.0,10.0,6.0
34,0,0,4,3232235804,4812.0,9.0,10.0,6.0
34,8,0,4,3232235804,582.0,1.0,10.0,6.0
42,7,0,0,3232235798,1148.0,1.0,11.0,6.0
42,6,0,0,3232235798,3877.0,3.0,11.0,6.0
42,0,0,0,3232235798,4748.0,10.0,11.0,6.0
42,8,0,0,3232235798,1018.0,1.0,11.0,6.0
77,7,0,4,3232235969,304.0,1.0,11.0,6.0
77,6,0,4,3232235969,5821.0,7.0,12.0,6.0
77,0,0,4,3232235969,2204.0,4.0,12.0,6.0
77,8,0,4,3232235969,950.0,1.0,12.0,6.0
62,7,0,4,3232236014,1886.0,1.0,12.0,6.0
62,6,0,4,3232236014,1538.0,5.0,12.0,6.0
62,0,0,4,3232236014,2230.0,7.0,12.0,6.0
62,8,0,4,3232236014,334.0,1.0,12.0,6.0
6,6,0,4,3232235840,4394.0,2.0,12.0,6.0
6,5,0,4,3232235840,6433.0,9.0,13.0,6.0
6,2,0,4,3232235840,7973.0,7.0,13.0,6.0
6,9,0,4,3232235840,3472.0,6.0,13.0,6.0
6,8,0,4,3232235840,859.0,1.0,13.0,6.0
35,7,0,7,3232235875,1916.0,1.0,14.0,6.0
35,6,0,7,3232235875,1412.0,7.0,14.0,6.0
35,0,0,7,3232235875,4529.0,7.0,14.0,6.0
35,8,0,7,3232235875,209.0,1.0,14.0,6.0
22,7,1,7,3232235833,938.0,1.0,1.0,0.0
31,7,0,0,3232235865,1531.0,1.0,8.0,0.0
31,6,0,0,3232235865,684.0,4.0,8.0,0.0
31,0,0,0,3232235865,2874.0,5.0,8.0,0.0
31,8,0,0,3232235865,999.0,1.0,8.0,0.0
45,7,1,4,3232235925,1197.0,46.0,10.0,0.0
45,6,0,4,3232235925,3217.0,5.0,10.0,0.0
45,0,0,4,3232235925,2629.0,8.0,10.0,0.0
45,8,0,4,3232235925,1014.0,1.0,10.0,0.0
73,7,0,0,3232235814,886.0,1.0,10.0,0.0
73,6,0,0,3232235814,2719.0,8.0,10.0,0.0
73,0,0,0,3232235814,4032.0,1.0,10.0,0.0
73,8,0,0,3232235814,1109.0,1.0,10.0,0.0
36,7,0,7,3232235869,1601.0,1.0,11.0,0.0
36,6,0,7,3232235869,5203.0,8.0,11.0,0.0
36,0,0,7,3232235869,1161.0,9.0,11.0,0.0
36,8,0,7,3232235869,1478.0,1.0,11.0,0.0
63,7,0,8,3232235834,1828.0,1.0,12.0,0.0
63,6,0,8,3232235834,2197.0,3.0,12.0,0.0
63,0,0,8,3232235834,1960.0,10.0,12.0,0.0
63,8,0,8,3232235834,344.0,1.0,12.0,0.0
35,7,1,7,3232235875,1256.0,1.0,12.0,0.0
35,6,0,7,3232235875,1394.0,10.0,13.0,0.0
35,0,0,7,3232235875,5520.0,2.0,13.0,0.0
35,8,0,7,3232235875,1021.0,1.0,13.0,0.0
22,6,0,7,3232235833,5983.0,7.0,13.0,0.0
22,0,0,7,3232235833,1096.0,1.0,13.0,0.0
22,8,0,7,3232235833,504.0,1.0,14.0,0.0
72,7,1,0,3232235879,1548.0,1.0,14.0,0.0
72,6,0,0,3232235879,2202.0,4.0,14.0,0.0
72,0,0,0,3232235879,2667.0,2.0,14.0,0.0
72,8,0,0,3232235879,521.0,1.0,14.0,0.0
18,7,0,2,3232235951,1367.0,1.0,16.0,0.0
18,6,0,7,3232235951,5231.0,1.0,16.0,0.0
18,0,0,7,3232235951,1518.0,2.0,16.0,0.0
18,8,0,7,3232235951,761.0,1.0,16.0,0.0
34,7,0,4,3232235804,716.0,1.0,4.0,1.0
27,7,0,1,3232235892,679.0,1.0,8.0,1.0
27,6,0,1,3232235892,2561.0,6.0,8.0,1.0
27,0,0,1,3232235892,29416.0,8.0,8.0,1.0
27,8,0,1,3232235892,253.0,1.0,8.0,1.0
23,7,0,1,3232235907,1562.0,1.0,8.0,1.0
23,6,0,1,3232235907,4968.0,6.0,8.0,1.0
23,0,0,1,3232235907,3335.0,4.0,8.0,1.0
23,8,0,1,3232235907,965.0,1.0,8.0,1.0
26,7,0,8,3232235885,865.0,1.0,9.0,1.0
26,6,0,8,3232235885,1452.0,4.0,9.0,1.0
26,0,0,8,3232235885,4266.0,3.0,9.0,1.0
26,8,0,8,3232235885,1150.0,1.0,9.0,1.0
64,7,0,4,3232235993,473.0,1.0,14.0,1.0
64,6,0,4,3232235993,2052.0,3.0,14.0,1.0
64,0,0,4,2643412912,792.0,4.0,14.0,1.0
64,8,0,4,3232235993,251.0,1.0,14.0,1.0
34,6,0,4,3232235804,2686.0,5.0,14.0,1.0
34,0,0,4,3232235804,5792.0,3.0,14.0,1.0
34,8,0,4,3232235804,725.0,1.0,14.0,1.0
19,7,0,8,3232235800,489.0,1.0,15.0,1.0
19,6,0,8,3232235800,2845.0,3.0,15.0,1.0
19,0,0,8,3232235800,3648.0,3.0,15.0,1.0
19,8,0,8,3232235800,818.0,1.0,15.0,1.0
61,7,0,0,3232235875,404.0,1.0,15.0,1.0
61,6,0,0,3232235875,5219.0,8.0,15.0,1.0
61,0,0,0,3232235875,3712.0,5.0,15.0,1.0
61,8,0,0,3232235875,1120.0,1.0,15.0,1.0
6,7,1,4,3232235840,1401.0,1.0,9.0,2.0
6,6,0,4,3232235840,3582.0,10.0,9.0,2.0
6,5,0,4,3232235840,2191.0,8.0,9.0,2.0
6,2,0,4,3232235840,2633.0,5.0,9.0,2.0
6,9,0,4,3232235840,8564.0,9.0,9.0,2.0
6,8,0,4,3232235840,1217.0,1.0,9.0,2.0
44,7,0,8,3232236004,839.0,1.0,11.0,2.0
44,6,0,8,3232236004,4375.0,10.0,11.0,2.0
44,0,0,8,3232236004,2903.0,1.0,11.0,2.0
44,8,0,8,3232236004,674.0,1.0,11.0,2.0
71,7,0,4,3232235832,1094.0,1.0,11.0,2.0
71,6,0,4,3232235832,5937.0,2.0,12.0,2.0
71,0,0,4,3232235832,3006.0,5.0,12.0,2.0
71,8,0,4,3232235832,986.0,1.0,12.0,2.0
68,7,0,4,3232235794,1244.0,1.0,12.0,2.0
68,6,0,4,3232235794,3579.0,7.0,12.0,2.0
68,0,0,4,3232235794,1286.0,3.0,12.0,2.0
68,8,0,4,3232235794,1278.0,1.0,12.0,2.0
82,7,0,0,3232235801,652.0,1.0,16.0,2.0
82,6,0,0,3232235801,1353.0,7.0,16.0,2.0
82,0,0,0,3232235801,1882.0,9.0,16.0,2.0
82,8,0,5,3232235801,1406.0,1.0,16.0,2.0
77,7,0,4,3232235969,856.0,1.0,0.0,3.0
79,7,1,8,3232235880,1714.0,87.0,7.0,3.0
79,6,0,8,3232235880,3486.0,4.0,7.0,3.0
79,0,0,8,3232235880,3710.0,6.0,7.0,3.0
79,8,0,8,3232235880,1466.0,1.0,7.0,3.0
61,7,0,0,3232235875,1681.0,1.0,7.0,3.0
61,6,0,0,1913871736,5726.0,5.0,7.0,3.0
61,0,0,0,3232235875,4388.0,2.0,7.0,3.0
61,8,0,0,3232235875,381.0,1.0,7.0,3.0
57,7,0,4,3232235957,1617.0,1.0,10.0,3.0
57,6,0,4,3232235957,5828.0,5.0,10.0,3.0
57,0,0,4,3232235957,1810.0,10.0,10.0,3.0
57,8,0,4,3232235957,1393.0,1.0,10.0,3.0
40,7,0,0,3232235915,1882.0,51.0,11.0,3.0
40,6,0,0,3232235915,4977.0,4.0,11.0,3.0
22,7,1,7,3232235833,1371.0,1.0,11.0,3.0
22,6,0,7,3232235833,4007.0,2.0,11.0,3.0
40,0,0,0,3232235915,1733.0,1.0,11.0,3.0
22,0,0,7,3232235833,12040.0,6.0,11.0,3.0
40,8,0,0,3232235915,1039.0,1.0,11.0,3.0
22,8,0,7,3232235833,1500.0,1.0,11.0,3.0
66,7,0,7,3232235984,1643.0,1.0,11.0,3.0
66,6,0,7,3232235984,2216.0,10.0,11.0,3.0
66,0,0,7,3232235984,1700.0,1.0,11.0,3.0
66,8,0,7,3232235984,266.0,1.0,11.0,3.0
77,6,0,4,3232235969,3411.0,8.0,12.0,3.0
77,0,0,4,3232235969,4334.0,1.0,12.0,3.0
77,8,0,4,3232235969,476.0,1.0,12.0,3.0
71,7,1,4,3232235832,1555.0,1.0,12.0,3.0
71,6,0,4,3232235832,4735.0,3.0,12.0,3.0
71,0,0,4,3232235832,4297.0,8.0,12.0,3.0
71,8,0,4,3232235832,385.0,1.0,12.0,3.0
82,7,0,0,3232235801,1800.0,1.0,13.0,3.0
82,6,0,0,3232235801,4311.0,10.0,13.0,3.0
82,0,0,0,3232235801,4408.0,2.0,13.0,3.0
82,8,0,0,3232235801,402.0,1.0,13.0,3.0
39,7,0,7,3232235964,1129.0,1.0,13.0,3.0
39,6,0,7,3232235964,1547.0,4.0,13.0,3.0
39,0,0,7,3232235964,2286.0,2.0,13.0,3.0
39,8,0,7,3232235964,325.0,1.0,13.0,3.0
45,7,0,4,3232235925,831.0,1.0,14.0,3.0
45,6,0,4,3232235925,1514.0,1.0,14.0,3.0
45,0,0,4,3023659717,5832.0,2.0,14.0,3.0
45,8,0,4,3232235925,1119.0,1.0,14.0,3.0
64,7,0,4,3232235993,1559.0,1.0,14.0,3.0
64,6,0,4,3232235993,4525.0,1.0,14.0,3.0
64,0,0,4,3232235993,4595.0,6.0,14.0,3.0
51,7,0,1,3232235999,1582.0,1.0,14.0,3.0
64,8,0,4,3232235993,919.0,1.0,14.0,3.0
51,6,0,1,3232235999,5025.0,8.0,14.0,3.0
51,0,0,1,3232235999,588.0,3.0,14.0,3.0
51,8,0,1,3232235999,1188.0,1.0,14.0,3.0
82,7,0,0,3232235801,998.0,1.0,16.0,3.0
82,6,0,0,3232235801,4277.0,9.0,16.0,3.0
82,0,0,0,3232235801,4527.0,2.0,16.0,3.0
82,8,0,0,3232235801,1251.0,1.0,16.0,3.0
38,7,0,4,3232235984,688.0,1.0,16.0,3.0
38,6,0,4,3232235984,5873.0,2.0,16.0,3.0
38,0,0,4,138529529,4163.0,7.0,16.0,3.0
38,8,0,4,3232235984,1355.0,1.0,16.0,3.0
57,7,0,4,3232235957,441.0,1.0,7.0,4.0
57,6,0,4,3232235957,4108.0,8.0,7.0,4.0
57,0,0,4,3232235957,4638.0,5.0,7.0,4.0
57,8,0,4,3232235957,1253.0,1.0,7.0,4.0
26,7,0,8,3232235885,403.0,1.0,7.0,4.0
26,6,0,8,3232235885,5238.0,7.0,7.0,4.0
26,0,0,8,3232235885,3876.0,5.0,7.0,4.0
26,8,0,8,3232235885,938.0,1.0,7.0,4.0
51,7,0,1,3232235999,772.0,1.0,9.0,4.0
51,6,0,1,3232235999,5307.0,1.0,9.0,4.0
51,0,0,1,3232235999,2653.0,7.0,9.0,4.0
51,8,0,1,3232235999,866.0,1.0,9.0,4.0
40,7,0,0,3232235915,1672.0,1.0,9.0,4.0
40,6,0,0,3232235915,5140.0,9.0,9.0,4.0
40,0,0,0,3232235915,989.0,3.0,9.0,4.0
40,8,0,0,3232235915,246.0,1.0,9.0,4.0
63,7,1,8,3232235834,1598.0,1.0,10.0,4.0
63,6,0,8,3232235834,3636.0,1.0,10.0,4.0
63,0,0,8,3232235834,1377.0,10.0,10.0,4.0
63,8,0,8,3232235834,380.0,1.0,10.0,4.0
32,7,0,4,3232235817,1154.0,1.0,13.0,4.0
32,6,0,4,3232235817,1585.0,9.0,13.0,4.0
32,0,0,3,3232235817,5404.0,7.0,13.0,4.0
32,8,0,4,3232235817,947.0,1.0,13.0,4.0
51,7,0,1,3232235999,439.0,1.0,14.0,4.0
51,6,0,1,3232235999,3106.0,3.0,14.0,4.0
51,0,0,1,3232235999,3097.0,3.0,14.0,4.0
51,8,0,1,3232235999,1247.0,1.0,14.0,4.0
81,7,0,1,3232235908,1274.0,1.0,16.0,4.0
81,6,0,1,3232235908,4754.0,7.0,16.0,4.0
81,0,0,1,3232235908,2033.0,6.0,16.0,4.0
81,8,0,1,3232235908,911.0,1.0,16.0,4.0
40,7,0,0,3232235915,774.0,1.0,6.0,5.0
40,6,0,0,3232235915,4040.0,10.0,7.0,5.0
40,0,0,0,3232235915,1938.0,5.0,7.0,5.0
40,8,0,0,3232235915,1476.0,1.0,7.0,5.0
34,7,0,4,3232235804,1996.0,1.0,8.0,5.0
34,6,0,4,3232235804,4391.0,6.0,8.0,5.0
34,0,0,4,3232235804,1935.0,5.0,8.0,5.0
34,8,0,4,3232235804,821.0,1.0,8.0,5.0
59,7,1,1,3232235914,1493.0,1.0,8.0,5.0
59,6,0,1,3232235914,2153.0,3.0,9.0,5.0
59,0,0,1,3232235914,3529.0,9.0,9.0,5.0
59,8,0,1,3232235914,314.0,1.0,9.0,5.0
84,7,0,7,3232235817,352.0,1.0,9.0,5.0
84,1,0,7,3232235817,4447.0,1.0,9.0,5.0
84,4,0,7,3232235817,7921.0,2.0,9.0,5.0
84,3,0,7,3232235817,6928.0,10.0,9.0,5.0
84,8,0,7,2635598209,531.0,1.0,9.0,5.0
43,7,0,8,3232235853,1470.0,1.0,13.0,5.0
43,6,0,8,3232235853,5768.0,7.0,13.0,5.0
43,0,0,8,3232235853,880.0,6.0,13.0,5.0
43,8,0,8,3232235853,700.0,1.0,13.0,5.0
6,7,1,4,3232235840,894.0,1.0,13.0,5.0
6,6,0,4,3232235840,3476.0,7.0,13.0,5.0
6,5,0,4,3232235840,6667.0,7.0,13.0,5.0
6,2,1,4,3232235840,2045.0,6.0,13.0,5.0
6,9,0,4,3232235840,1598.0,4.0,13.0,5.0
6,8,0,4,3232235840,707.0,1.0,13.0,5.0
78,7,1,8,3232235887,1018.0,1.0,13.0,5.0
78,6,0,8,3232235887,5714.0,3.0,13.0,5.0
78,0,0,8,3232235887,3167.0,4.0,13.0,5.0
78,8,0,8,3232235887,25.0,1.0,13.0,5.0
20,7,1,8,3232235886,775.0,1.0,13.0,5.0
20,6,0,8,137335417,2436.0,3.0,13.0,5.0
20,0,0,8,3232235886,5764.0,2.0,13.0,5.0
20,8,0,8,3232235886,867.0,1.0,13.0,5.0
41,7,0,7,3232236027,608.0,1.0,14.0,5.0
41,6,0,7,3232236027,3254.0,7.0,14.0,5.0
41,0,0,7,3232236027,2570.0,10.0,14.0,5.0
41,8,0,7,3232236027,929.0,1.0,14.0,5.0
60,7,1,1,3232235819,630.0,1.0,15.0,5.0
60,6,0,1,3232235819,3098.0,10.0,15.0,5.0
60,0,0,1,3232235819,3966.0,4.0,15.0,5.0
60,8,0,1,3232235819,1219.0,1.0,15.0,5.0
56,7,0,1,135751982,967.0,1.0,16.0,5.0
56,6,0,1,3232235949,5434.0,5.0,16.0,5.0
56,0,0,6,3232235949,5998.0,7.0,16.0,5.0
56,8,0,1,3232235949,1486.0,1.0,16.0,5.0
41,7,0,7,3232236027,301.0,1.0,2.0,6.0
24,7,0,8,3232235784,1975.0,1.0,7.0,6.0
24,6,0,8,3232235784,5006.0,4.0,7.0,6.0
24,0,0,8,3232235784,4872.0,8.0,7.0,6.0
24,8,0,8,3232235784,787.0,1.0,7.0,6.0
27,7,0,1,3232235892,371.0,1.0,9.0,6.0
27,6,0,1,3232235892,5365.0,4.0,9.0,6.0
27,0,0,1,3232235892,4441.0,5.0,9.0,6.0
27,8,0,1,3232235892,429.0,1.0,9.0,6.0
43,7,0,8,3232235853,982.0,1.0,11.0,6.0
43,6,0,8,3232235853,3072.0,6.0,11.0,6.0
43,0,0,8,3232235853,4564.0,2.0,11.0,6.0
43,8,0,8,3232235853,1003.0,1.0,11.0,6.0
24,7,0,8,3232235784,1086.0,1.0,13.0,6.0
24,6,0,8,3232235784,5376.0,5.0,13.0,6.0
24,0,0,8,3232235784,5750.0,2.0,13.0,6.0
24,8,0,8,3232235784,78.0,1.0,13.0,6.0
41,6,0,7,3232236027,5312.0,1.0,14.0,6.0
41,0,0,7,1742622670,2236.0,8.0,14.0,6.0
41,8,0,7,3232236027,1024.0,1.0,14.0,6.0
68,7,0,4,3232235794,571.0,1.0,15.0,6.0
68,6,0,4,3232235794,4635.0,8.0,15.0,6.0
68,0,0,4,3232235794,4185.0,8.0,15.0,6.0
68,8,0,4,3232235794,505.0,1.0,15.0,6.0
45,7,0,4,3232235925,327.0,1.0,6.0,0.0
40,7,1,0,3232235915,1282.0,1.0,8.0,0.0
40,6,0,0,3232235915,696.0,10.0,8.0,0.0
40,0,0,3,3232235915,5630.0,6.0,8.0,0.0
40,8,0,0,3232235915,712.0,1.0,8.0,0.0
45,6,0,4,3232235925,4685.0,8.0,8.0,0.0
45,0,0,4,3232235925,3037.0,10.0,8.0,0.0
45,8,0,4,3232235925,229.0,60.0,8.0,0.0
77,7,0,4,3232235969,1498.0,1.0,8.0,0.0
77,6,0,4,3232235969,1499.0,2.0,8.0,0.0
77,0,0,4,3232235969,4757.0,3.0,8.0,0.0
77,8,0,4,3232235969,312.0,1.0,8.0,0.0
74,7,0,4,3232235813,1823.0,1.0,9.0,0.0
74,6,0,4,3232235813,5947.0,8.0,9.0,0.0
74,0,0,4,3232235813,4359.0,5.0,9.0,0.0
74,8,0,4,3232235813,1290.0,1.0,9.0,0.0
45,7,0,4,3232235925,1560.0,1.0,11.0,0.0
45,6,0,4,3232235925,4887.0,1.0,11.0,0.0
45,0,0,4,3232235925,2970.0,7.0,11.0,0.0
45,8,0,4,3232235925,1255.0,1.0,11.0,0.0
28,7,0,8,3232235849,691.0,1.0,11.0,0.0
28,6,0,8,3232235849,1431.0,9.0,12.0,0.0
28,0,0,8,3232235849,5862.0,1.0,12.0,0.0
28,8,0,8,3232235849,394.0,1.0,12.0,0.0
6,7,0,4,3232235840,359.0,1.0,12.0,0.0
6,6,0,4,3232235840,3027.0,6.0,12.0,0.0
6,5,0,4,3232235840,2308.0,4.0,12.0,0.0
6,2,0,4,3232235840,9797.0,10.0,12.0,0.0
6,9,0,4,3232235840,1473.0,7.0,12.0,0.0
75,7,0,1,3232235968,1366.0,1.0,12.0,0.0
6,8,0,4,3232235840,467.0,1.0,12.0,0.0
75,6,0,1,3232235968,2575.0,8.0,12.0,0.0
75,0,0,1,3232235968,5730.0,5.0,12.0,0.0
75,8,0,1,3232235968,606.0,1.0,12.0,0.0
28,7,0,8,3232235849,28.0,1.0,13.0,0.0
28,6,0,8,3232235849,1334.0,5.0,13.0,0.0
28,0,0,8,3232235849,5418.0,176.0,13.0,0.0
28,8,0,8,3232235849,1359.0,1.0,13.0,0.0
8,7,1,1,3232235813,622.0,1.0,14.0,0.0
8,6,0,1,3232235813,1081.0,1.0,14.0,0.0
8,0,0,1,3232235813,2231.0,7.0,14.0,0.0
8,8,0,1,3232235813,1209.0,1.0,14.0,0.0
35,7,0,7,3232235875,1620.0,1.0,2.0,1.0
25,7,1,8,3232235828,1064.0,1.0,9.0,1.0
25,6,0,8,3232235828,4684.0,7.0,9.0,1.0
25,0,0,8,3232235828,31408.0,10.0,9.0,1.0
25,8,0,8,3232235828,482.0,1.0,9.0,1.0
86,7,0,0,3232235930,1636.0,1.0,9.0,1.0
86,6,0,0,3232235930,1219.0,9.0,9.0,1.0
86,0,0,0,3232235930,2603.0,1.0,9.0,1.0
86,8,0,0,3232235930,373.0,1.0,9.0,1.0
18,7,0,7,3232235951,1869.0,1.0,10.0,1.0
18,6,0,7,3232235951,562.0,7.0,10.0,1.0
18,0,0,7,3232235951,2869.0,2.0,10.0,1.0
18,8,0,7,3232235951,936.0,1.0,10.0,1.0
70,7,0,8,3232236002,1355.0,1.0,10.0,1.0
70,6,0,8,3232236002,4985.0,3.0,10.0,1.0
70,0,0,8,3232236002,652.0,9.0,10.0,1.0
70,8,0,8,3232236002,582.0,1.0,10.0,1.0
22,7,0,7,3232235833,1037.0,1.0,10.0,1.0
22,6,0,7,3232235833,1341.0,6.0,10.0,1.0
22,0,0,7,3232235833,1616.0,7.0,10.0,1.0
22,8,0,7,3232235833,462.0,1.0,10.0,1.0
82,7,0,0,3232235801,1322.0,1.0,12.0,1.0
82,6,0,0,3232235801,5101.0,2.0,12.0,1.0
82,0,0,0,3232235801,2644.0,5.0,12.0,1.0
82,8,0,0,3232235801,1113.0,1.0,12.0,1.0
35,6,0,7,3232235875,2722.0,8.0,12.0,1.0
35,0,0,7,3232235875,17375.0,10.0,12.0,1.0
35,8,0,7,3232235875,1266.0,1.0,12.0,1.0
54,7,0,4,3232235819,1225.0,1.0,2.0,2.0
54,6,0,4,3232235819,2270.0,9.0,7.0,2.0
54,5,0,4,3232235819,2976.0,3.0,7.0,2.0
54,2,0,4,3232235819,3338.0,6.0,7.0,2.0
54,9,0,4,3232235819,1612.0,4.0,7.0,2.0
54,8,0,4,3232235819,389.0,1.0,7.0,2.0
31,7,0,0,3232235865,456.0,1.0,8.0,2.0
31,6,0,0,3232235865,4360.0,1.0,8.0,2.0
66,7,0,7,3232235984,662.0,1.0,8.0,2.0
31,0,0,0,3232235865,5065.0,6.0,8.0,2.0
66,6,0,7,3232235984,1318.0,2.0,8.0,2.0
66,0,0,7,3232235984,3551.0,9.0,8.0,2.0
31,8,0,0,3232235865,383.0,1.0,8.0,2.0
66,8,0,7,3232235984,714.0,1.0,8.0,2.0
84,7,0,7,3232235817,1101.0,1.0,8.0,2.0
84,1,0,7,3232235817,2530.0,2.0,8.0,2.0
84,4,0,7,3232235817,7826.0,4.0,8.0,2.0
84,3,0,7,3232235817,4901.0,1.0,8.0,2.0
84,8,0,7,3232235817,846.0,1.0,8.0,2.0
26,7,0,8,3232235885,941.0,1.0,9.0,2.0
26,6,0,8,3232235885,3179.0,9.0,9.0,2.0
26,0,0,8,3232235885,2686.0,3.0,9.0,2.0
26,8,0,8,3232235885,1146.0,1.0,9.0,2.0
39,7,0,7,3232235964,1997.0,1.0,9.0,2.0
39,6,0,5,3232235964,2431.0,5.0,9.0,2.0
39,0,0,7,3232235964,1999.0,9.0,9.0,2.0
39,8,0,7,3232235964,713.0,1.0,9.0,2.0
67,7,0,4,3232235880,1813.0,1.0,11.0,2.0
67,6,0,4,3232235880,2731.0,10.0,11.0,2.0
67,0,0,4,3232235880,3994.0,10.0,11.0,2.0
67,8,0,4,3232235880,581.0,1.0,11.0,2.0
49,7,1,4,3232236030,386.0,1.0,11.0,2.0
49,6,0,4,3232236030,5501.0,10.0,11.0,2.0
49,0,0,4,620438684,4611.0,1.0,11.0,2.0
49,8,0,4,3232236030,1407.0,1.0,11.0,2.0
59,7,0,1,3232235914,421.0,1.0,11.0,2.0
59,6,0,1,3232235914,5553.0,1.0,11.0,2.0
70,7,0,8,3232236002,1858.0,1.0,11.0,2.0
59,0,0,1,3232235914,5922.0,7.0,11.0,2.0
59,8,0,1,3232235914,422.0,1.0,11.0,2.0
70,6,0,8,3232236002,1938.0,9.0,11.0,2.0
70,0,0,8,3232236002,4608.0,3.0,12.0,2.0
70,8,0,8,3232236002,1290.0,1.0,12.0,2.0
73,7,0,0,610476773,1805.0,1.0,12.0,2.0
73,6,0,0,3232235814,1864.0,9.0,12.0,2.0
73,0,0,0,3232235814,1690.0,1.0,12.0,2.0
73,8,0,0,3232235814,1019.0,1.0,12.0,2.0
66,7,0,7,3232235984,582.0,1.0,12.0,2.0
66,6,0,7,3232235984,1466.0,8.0,12.0,2.0
66,0,0,7,3232235984,980.0,5.0,12.0,2.0
66,8,0,7,3232235984,1348.0,1.0,12.0,2.0
1,7,0,7,3232235784,886.0,1.0,13.0,2.0
1,1,0,7,3232235784,3972.0,4.0,13.0,2.0
1,4,0,7,3232235784,3905.0,3.0,13.0,2.0
1,3,0,7,3232235784,5149.0,8.0,13.0,2.0
1,8,0,7,3232235784,1097.0,1.0,13.0,2.0
63,7,0,8,3232235834,1432.0,1.0,13.0,2.0
63,6,0,8,3232235834,551.0,10.0,14.0,2.0
63,0,0,8,3232235834,1655.0,8.0,14.0,2.0
63,8,0,8,3232235834,1114.0,1.0,14.0,2.0
76,7,0,8,3232235915,1303.0,1.0,14.0,2.0
76,6,0,8,3232235915,2109.0,3.0,14.0,2.0
76,0,0,8,3232235915,1100.0,8.0,14.0,2.0
76,8,0,8,3232235915,916.0,1.0,14.0,2.0
54,7,0,4,3232235819,1148.0,1.0,16.0,2.0
54,6,0,4,3232235819,1831.0,2.0,16.0,2.0
54,5,0,4,3232235819,6187.0,8.0,16.0,2.0
54,2,0,4,3232235819,10746.0,1.0,16.0,2.0
54,9,0,4,3232235819,1453.0,6.0,16.0,2.0
54,8,0,4,3232235819,596.0,1.0,16.0,2.0
43,7,0,8,3232235853,728.0,1.0,7.0,3.0
43,6,0,8,3232235853,5920.0,2.0,7.0,3.0
43,0,0,8,3232235853,748.0,2.0,7.0,3.0
43,8,0,8,3232235853,862.0,1.0,7.0,3.0
60,7,0,1,3232235819,817.0,1.0,8.0,3.0
60,6,0,1,3232235819,1616.0,4.0,8.0,3.0
60,0,0,1,3232235819,1760.0,6.0,8.0,3.0
60,8,0,1,3232235819,819.0,1.0,8.0,3.0
45,7,0,4,3232235925,720.0,1.0,9.0,3.0
45,6,0,4,3232235925,5952.0,6.0,9.0,3.0
45,0,0,4,3232235925,3316.0,3.0,9.0,3.0
45,8,0,4,3232235925,963.0,1.0,9.0,3.0
69,7,0,1,3232236011,1558.0,1.0,12.0,3.0
69,6,0,1,3232236011,1179.0,7.0,12.0,3.0
69,0,0,1,3232236011,3222.0,1.0,12.0,3.0
69,8,0,1,3232236011,478.0,1.0,12.0,3.0
21,7,0,7,3232235785,1124.0,1.0,13.0,3.0
21,6,0,7,3232235785,4886.0,9.0,13.0,3.0
21,0,0,7,3232235785,561.0,4.0,13.0,3.0
21,8,0,7,3232235785,540.0,1.0,13.0,3.0
37,7,1,4,3232235932,942.0,1.0,14.0,3.0
37,6,0,4,3232235932,704.0,1.0,14.0,3.0
37,0,0,4,3232235932,3636.0,3.0,14.0,3.0
37,8,0,4,3232235932,885.0,1.0,14.0,3.0
20,7,0,8,3232235886,491.0,1.0,15.0,3.0
20,6,0,8,3232235886,5561.0,10.0,15.0,3.0
20,0,0,8,3232235886,2323.0,9.0,15.0,3.0
20,8,0,8,3232235886,760.0,1.0,15.0,3.0
19,7,1,8,3232235800,396.0,1.0,5.0,4.0
23,7,0,1,3232235907,869.0,1.0,5.0,4.0
19,6,0,8,3232235800,1826.0,9.0,8.0,4.0
19,0,0,8,3232235800,5493.0,5.0,8.0,4.0
19,8,0,8,3232235800,1064.0,1.0,8.0,4.0
55,7,0,4,3232235868,1815.0,1.0,9.0,4.0
55,6,0,4,3232235868,1554.0,3.0,9.0,4.0
55,5,0,4,3232235868,1619.0,5.0,9.0,4.0
55,2,0,4,3232235868,2112.0,1.0,9.0,4.0
55,9,0,4,3232235868,6234.0,4.0,9.0,4.0
55,8,0,4,3232235868,1402.0,1.0,9.0,4.0
56,7,0,1,3232235949,988.0,1.0,9.0,4.0
56,6,0,1,3232235949,5111.0,5.0,9.0,4.0
56,0,0,1,3232235949,4390.0,1.0,10.0,4.0
56,8,0,1,3232235949,954.0,1.0,10.0,4.0
51,7,0,1,3232235999,1363.0,1.0,10.0,4.0
51,6,0,1,3232235999,5211.0,10.0,10.0,4.0
51,0,0,1,3232235999,3075.0,2.0,10.0,4.0
51,8,0,1,3232235999,911.0,1.0,10.0,4.0
51,7,0,1,3232235999,1757.0,1.0,10.0,4.0
51,6,0,1,3232235999,5012.0,4.0,10.0,4.0
51,0,0,1,3232235999,1829.0,7.0,10.0,4.0
51,8,0,1,3232235999,770.0,1.0,10.0,4.0
23,6,0,1,3232235907,5035.0,2.0,10.0,4.0
23,0,0,1,2640649169,5335.0,9.0,10.0,4.0
23,8,0,1,3232235907,1142.0,1.0,10.0,4.0
37,7,1,4,3232235932,967.0,1.0,12.0,4.0
37,6,0,4,3232235932,2796.0,7.0,12.0,4.0
37,0,0,4,766870335,3490.0,2.0,12.0,4.0
37,8,0,4,3232235932,1354.0,1.0,12.0,4.0
80,7,0,4,3232235834,1890.0,1.0,12.0,4.0
80,6,0,4,3232235834,5535.0,10.0,12.0,4.0
80,0,0,4,3232235834,4288.0,1.0,12.0,4.0
80,8,0,4,3232235834,1215.0,1.0,12.0,4.0
63,7,0,8,3232235834,676.0,1.0,14.0,4.0
63,6,0,8,3232235834,2474.0,4.0,14.0,4.0
63,0,0,8,3232235834,2963.0,3.0,14.0,4.0
63,8,0,8,3232235834,1148.0,1.0,14.0,4.0
69,7,0,1,3232236011,1729.0,1.0,15.0,4.0
69,6,0,1,3232236011,3638.0,8.0,15.0,4.0
23,7,0,1,3232235907,354.0,1.0,15.0,4.0
69,0,0,1,3232236011,5405.0,4.0,15.0,4.0
69,8,0,1,3232236011,569.0,1.0,15.0,4.0
23,6,0,1,3232235907,2357.0,10.0,15.0,4.0
23,0,0,1,3232235907,1511.0,4.0,15.0,4.0
23,8,0,1,3232235907,1015.0,1.0,15.0,4.0
56,7,0,1,3232235949,691.0,1.0,8.0,5.0
56,6,0,1,3232235949,4172.0,7.0,9.0,5.0
56,0,0,1,3232235949,4746.0,4.0,9.0,5.0
56,8,0,1,3232235949,507.0,1.0,9.0,5.0
54,7,0,4,3232235819,1576.0,1.0,10.0,5.0
54,6,0,4,3232235819,4835.0,3.0,10.0,5.0
54,5,0,4,3232235819,5360.0,9.0,10.0,5.0
54,2,0,4,3232235819,9712.0,8.0,10.0,5.0
54,9,0,4,3232235819,3352.0,8.0,10.0,5.0
54,8,0,4,3232235819,938.0,1.0,10.0,5.0
28,7,0,8,3232235849,744.0,1.0,11.0,5.0
28,6,0,8,3232235849,1409.0,4.0,11.0,5.0
28,0,0,8,3232235849,3893.0,8.0,11.0,5.0
28,8,0,8,3232235849,795.0,1.0,11.0,5.0
61,7,0,0,3232235875,646.0,1.0,13.0,5.0
61,6,0,2,3232235875,5548.0,8.0,13.0,5.0
61,0,0,0,3232235875,5605.0,3.0,13.0,5.0
61,8,0,0,3232235875,1102.0,1.0,13.0,5.0
70,7,0,8,3232236002,1221.0,1.0,14.0,5.0
70,6,0,8,3232236002,1543.0,8.0,14.0,5.0
70,0,0,8,3232236002,5537.0,9.0,14.0,5.0
70,8,0,8,3232236002,1032.0,1.0,14.0,5.0
47,7,1,7,3232235789,1258.0,1.0,16.0,5.0
47,6,0,7,3232235789,1466.0,4.0,16.0,5.0
47,0,0,7,3232235789,5687.0,8.0,16.0,5.0
47,8,0,7,3232235789,427.0,1.0,16.0,5.0
85,7,0,1,3232235980,1976.0,1.0,16.0,5.0
85,6,0,1,3232235980,2193.0,8.0,16.0,5.0
85,5,0,1,3232235980,2795.0,4.0,16.0,5.0
85,2,0,1,3232235980,6842.0,7.0,17.0,5.0
85,9,0,1,3232235980,8510.0,1.0,17.0,5.0
85,8,0,1,3232235980,464.0,1.0,17.0,5.0
44,7,0,8,3232236004,1518.0,1.0,6.0,6.0
36,7,0,7,3232235869,388.0,1.0,7.0,6.0
36,6,0,7,3232235869,4032.0,5.0,7.0,6.0
36,0,0,7,3232235869,2832.0,1.0,7.0,6.0
36,8,0,7,3232235869,684.0,1.0,7.0,6.0
27,7,0,1,3232235892,1629.0,1.0,9.0,6.0
27,6,0,1,3232235892,1927.0,9.0,9.0,6.0
27,0,0,1,3232235892,5527.0,6.0,9.0,6.0
27,8,0,1,3232235892,657.0,1.0,9.0,6.0
30,7,0,1,3232235956,1886.0,1.0,9.0,6.0
30,6,0,1,3232235956,1929.0,7.0,9.0,6.0
30,0,0,1,3232235956,5915.0,1.0,9.0,6.0
30,8,0,1,3232235956,1241.0,1.0,9.0,6.0
74,7,0,4,3232235813,1138.0,1.0,10.0,6.0
74,6,0,4,3232235813,851.0,6.0,10.0,6.0
70,7,0,8,3232236002,1626.0,1.0,10.0,6.0
70,6,0,8,3232236002,4779.0,9.0,10.0,6.0
74,0,0,4,3232235813,1519.0,1.0,10.0,6.0
70,0,0,8,3232236002,3470.0,10.0,10.0,6.0
74,8,0,4,3232235813,586.0,1.0,10.0,6.0
70,8,0,8,3232236002,3090.0,1.0,10.0,6.0
55,7,1,4,3232235868,1360.0,1.0,11.0,6.0
31,7,0,0,3232235865,781.0,1.0,11.0,6.0
55,6,0,4,3232235868,2781.0,5.0,11.0,6.0
25,7,0,8,3232235828,1317.0,1.0,11.0,6.0
55,5,0,4,3232235868,5396.0,7.0,11.0,6.0
31,6,0,0,3232235865,5769.0,8.0,11.0,6.0
25,6,0,5,3232235828,1612.0,8.0,11.0,6.0
25,0,0,8,3232235828,3476.0,1.0,11.0,6.0
31,0,0,0,3232235865,3071.0,6.0,11.0,6.0
25,8,0,8,3232235828,1175.0,1.0,11.0,6.0
55,2,0,4,3232235868,4585.0,10.0,11.0,6.0
31,8,0,0,3232235865,1419.0,1.0,11.0,6.0
55,9,0,4,3232235868,3281.0,5.0,11.0,6.0
55,8,0,4,3232235868,589.0,1.0,11.0,6.0
82,7,0,0,3232235801,1047.0,1.0,11.0,6.0
82,6,0,0,3232235801,744.0,8.0,11.0,6.0
82,0,0,0,3232235801,5064.0,7.0,11.0,6.0
82,8,0,0,3232235801,1327.0,1.0,11.0,6.0
23,7,0,1,3232235907,1597.0,1.0,13.0,6.0
47,7,0,7,3232235789,1135.0,1.0,13.0,6.0
23,6,0,1,3232235907,5051.0,3.0,13.0,6.0
23,0,0,1,3232235907,1322.0,5.0,13.0,6.0
47,6,0,7,3232235789,3226.0,7.0,13.0,6.0
47,7,0,7,3232235789,573.0,1.0,13.0,6.0
47,0,0,7,3232235789,554.0,8.0,13.0,6.0
47,8,0,7,3232235789,1220.0,1.0,13.0,6.0
23,8,0,1,3232235907,821.0,1.0,13.0,6.0
25,7,0,8,3232235828,1330.0,1.0,13.0,6.0
47,6,0,7,3232235789,3412.0,3.0,13.0,6.0
25,6,0,8,3232235828,2749.0,9.0,13.0,6.0
47,0,0,7,3232235789,5165.0,7.0,13.0,6.0
25,0,0,8,3232235828,4246.0,5.0,13.0,6.0
47,8,0,7,3232235789,413.0,1.0,13.0,6.0
25,8,0,8,3232235828,378.0,1.0,13.0,6.0
44,6,0,8,3232236004,5274.0,10.0,14.0,6.0
44,0,0,8,3232236004,1433.0,10.0,14.0,6.0
44,8,0,8,3232236004,1113.0,1.0,15.0,6.0
28,7,0,8,3232235849,1362.0,1.0,15.0,6.0
28,6,0,8,3232235849,2272.0,7.0,15.0,6.0
28,0,0,8,3232235849,4518.0,1.0,15.0,6.0
28,8,0,8,3232235849,830.0,1.0,15.0,6.0
29,7,0,7,3232235972,822.0,1.0,7.0,0.0
29,6,0,7,3232235972,3835.0,5.0,7.0,0.0
29,0,0,7,3232235972,836.0,4.0,7.0,0.0
29,8,0,7,3232235972,880.0,1.0,7.0,0.0
85,7,0,1,3232235980,1700.0,1.0,7.0,0.0
85,6,0,1,3232235980,4218.0,10.0,7.0,0.0
85,5,0,1,3232235980,2174.0,2.0,8.0,0.0
85,2,0,1,3232235980,8070.0,3.0,8.0,0.0
25,7,0,8,3232235828,1659.0,1.0,8.0,0.0
85,9,1,1,3232235980,6861.0,1.0,8.0,0.0
25,6,0,8,340202480,5912.0,2.0,8.0,0.0
25,0,0,8,3232235828,3561.0,10.0,8.0,0.0
85,8,0,1,3232235980,875.0,1.0,8.0,0.0
25,8,0,8,3232235828,1036.0,1.0,8.0,0.0
63,7,0,8,3232235834,537.0,1.0,9.0,0.0
63,6,0,8,3232235834,605.0,4.0,9.0,0.0
63,0,0,8,3232235834,4924.0,1.0,9.0,0.0
63,8,0,8,3232235834,1079.0,1.0,9.0,0.0
66,7,0,7,3232235984,1194.0,1.0,10.0,0.0
66,6,0,7,3232235984,2493.0,7.0,10.0,0.0
66,0,0,7,3232235984,5324.0,7.0,10.0,0.0
40,7,0,0,3232235915,357.0,1.0,10.0,0.0
40,6,0,0,3232235915,1684.0,8.0,10.0,0.0
66,8,0,7,3232235984,1273.0,1.0,10.0,0.0
40,0,0,0,3232235915,724.0,10.0,10.0,0.0
40,8,0,0,3232235915,796.0,1.0,10.0,0.0
51,7,0,1,3232235999,854.0,1.0,10.0,0.0
51,6,0,1,3232235999,1648.0,7.0,10.0,0.0
51,0,0,1,3232235999,5693.0,50.0,10.0,0.0
51,8,0,1,3232235999,51.0,1.0,10.0,0.0
45,7,0,4,3232235925,955.0,1.0,13.0,0.0
45,6,0,4,3232235925,2685.0,7.0,13.0,0.0
45,0,0,4,3232235925,1500.0,8.0,13.0,0.0
45,8,0,4,3232235925,1148.0,1.0,13.0,0.0
55,7,1,4,3232235868,1453.0,1.0,13.0,0.0
55,6,0,4,3232235868,3572.0,9.0,13.0,0.0
55,5,0,4,3232235868,6599.0,5.0,13.0,0.0
55,2,0,4,3232235868,7398.0,8.0,13.0,0.0
55,9,1,4,3232235868,8331.0,7.0,13.0,0.0
55,8,0,4,3232235868,200.0,1.0,13.0,0.0
74,7,0,4,3232235813,590.0,1.0,14.0,0.0
74,6,0,4,3232235813,3937.0,1.0,14.0,0.0
74,0,0,4,3232235813,1642.0,6.0,14.0,0.0
74,8,0,4,3232235813,981.0,1.0,14.0,0.0
28,7,0,8,3232235849,1336.0,1.0,14.0,0.0
28,6,0,8,3232235849,4286.0,1.0,14.0,0.0
28,0,0,8,3232235849,1099.0,8.0,14.0,0.0
28,8,0,8,3232235849,980.0,1.0,14.0,0.0
20,7,0,8,3232235886,1813.0,1.0,15.0,0.0
20,6,0,8,3232235886,3353.0,7.0,15.0,0.0
20,0,0,8,3232235886,4400.0,2.0,15.0,0.0
20,8,0,8,3232235886,988.0,1.0,15.0,0.0
57,7,1,4,3232235957,531.0,1.0,15.0,0.0
57,6,0,4,3232235957,4421.0,8.0,15.0,0.0
57,0,0,4,3232235957,1899.0,5.0,15.0,0.0
57,8,0,4,3232235957,913.0,1.0,15.0,0.0
38,7,0,4,3232235984,1821.0,1.0,16.0,0.0
38,6,0,4,3232235984,3416.0,6.0,16.0,0.0
38,0,0,4,3232235984,1422.0,4.0,16.0,0.0
38,8,0,4,3232235984,1470.0,1.0,16.0,0.0
43,7,1,8,3232235853,1591.0,1.0,0.0,1.0
72,7,0,0,3232235879,1670.0,1.0,4.0,1.0
42,7,0,0,3232235798,567.0,1.0,9.0,1.0
42,6,0,0,3232235798,730.0,2.0,9.0,1.0
42,0,0,0,3232235798,1603.0,6.0,9.0,1.0
42,8,0,0,3232235798,1013.0,1.0,9.0,1.0
43,6,0,8,3232235853,3078.0,1.0,9.0,1.0
43,0,0,8,3232235853,4050.0,2.0,9.0,1.0
43,8,0,8,3232235853,1267.0,1.0,9.0,1.0
72,6,0,0,3232235879,80.0,3.0,12.0,1.0
72,0,0,0,3232235879,3398.0,1.0,12.0,1.0
72,8,0,0,3232235879,801.0,1.0,12.0,1.0
69,7,0,1,3232236011,1105.0,1.0,12.0,1.0
69,6,0,1,3232236011,3658.0,8.0,12.0,1.0
69,0,0,1,3232236011,3408.0,5.0,12.0,1.0
69,8,0,1,3232236011,1269.0,1.0,12.0,1.0
41,7,0,7,3232236027,1753.0,1.0,12.0,1.0
41,6,0,7,3232236027,2664.0,6.0,12.0,1.0
41,0,0,7,3232236027,2251.0,2.0,12.0,1.0
41,8,0,7,3232236027,855.0,1.0,12.0,1.0
57,7,0,4,3232235957,595.0,1.0,13.0,1.0
57,6,0,4,138129223,5538.0,5.0,13.0,1.0
57,0,0,4,3232235957,583.0,3.0,13.0,1.0
57,8,0,4,3232235957,1483.0,1.0,13.0,1.0
43,7,0,8,3232235853,1904.0,1.0,13.0,1.0
43,6,0,8,3232235853,3121.0,8.0,13.0,1.0
43,0,0,8,3232235853,3073.0,10.0,13.0,1.0
43,8,0,8,3232235853,1298.0,1.0,13.0,1.0
21,7,0,7,3232235785,368.0,1.0,15.0,1.0
21,6,0,7,3232235785,2375.0,6.0,15.0,1.0
21,0,0,7,3232235785,4655.0,10.0,15.0,1.0
21,8,0,7,3232235785,622.0,1.0,15.0,1.0
81,7,0,1,3232235908,570.0,1.0,4.0,2.0
62,7,0,4,3232236014,578.0,1.0,5.0,2.0
78,7,1,8,3232235887,1509.0,1.0,7.0,2.0
78,6,0,8,3232235887,3150.0,3.0,7.0,2.0
78,0,0,8,3232235887,736.0,2.0,7.0,2.0
78,8,0,8,3232235887,7994.0,1.0,7.0,2.0
81,6,0,1,3232235908,4478.0,6.0,8.0,2.0
81,0,0,1,3232235908,5931.0,3.0,8.0,2.0
81,8,0,1,3232235908,293.0,1.0,8.0,2.0
86,7,0,0,3232235930,1341.0,1.0,9.0,2.0
86,6,0,0,3232235930,649.0,6.0,9.0,2.0
86,0,0,0,3232235930,3030.0,3.0,9.0,2.0
86,8,0,0,3232235930,638.0,1.0,9.0,2.0
72,7,0,0,3232235879,1681.0,1.0,9.0,2.0
72,6,0,0,3232235879,5553.0,9.0,9.0,2.0
72,0,0,0,3232235879,5050.0,8.0,9.0,2.0
72,8,0,0,3232235879,386.0,1.0,9.0,2.0
85,7,0,3,3232235980,647.0,1.0,11.0,2.0
85,6,0,1,3232235980,5179.0,1.0,11.0,2.0
85,5,0,1,3232235980,1430.0,7.0,11.0,2.0
85,2,1,1,3232235980,5545.0,10.0,11.0,2.0
85,9,0,1,3232235980,5458.0,10.0,11.0,2.0
85,8,0,1,3232235980,269.0,1.0,11.0,2.0
42,7,1,0,3232235798,915.0,1.0,11.0,2.0
42,6,0,0,3232235798,5628.0,6.0,11.0,2.0
42,0,0,0,3232235798,645.0,4.0,11.0,2.0
42,8,0,0,3232235798,1376.0,1.0,11.0,2.0
62,7,0,4,3232236014,392.0,1.0,12.0,2.0
62,6,0,4,3232236014,3388.0,10.0,12.0,2.0
62,0,0,4,3232236014,3832.0,8.0,12.0,2.0
34,7,0,4,1922540186,1309.0,1.0,12.0,2.0
62,8,0,4,3232236014,857.0,1.0,12.0,2.0
34,6,0,4,3232235804,3548.0,10.0,12.0,2.0
34,0,0,4,3232235804,1973.0,6.0,12.0,2.0
34,8,0,4,3232235804,781.0,1.0,12.0,2.0
62,6,0,4,3232236014,4996.0,8.0,13.0,2.0
62,0,0,4,3232236014,2577.0,8.0,13.0,2.0
62,8,0,4,3232236014,1232.0,1.0,13.0,2.0
26,7,0,8,3232235885,806.0,1.0,13.0,2.0
26,6,0,8,3232235885,4945.0,57.0,13.0,2.0
26,0,0,8,3232235885,3411.0,9.0,13.0,2.0
26,8,0,8,3232235885,1095.0,1.0,13.0,2.0
25,7,1,8,3232235828,1917.0,1.0,16.0,2.0
25,6,0,8,3232235828,2188.0,7.0,16.0,2.0
25,0,0,8,3232235828,4566.0,3.0,16.0,2.0
25,8,0,8,3232235828,1271.0,1.0,16.0,2.0
68,7,1,4,3232235794,1002.0,1.0,16.0,2.0
68,6,0,4,3232235794,3118.0,6.0,16.0,2.0
68,0,0,4,3232235794,4140.0,3.0,16.0,2.0
68,8,0,4,3232235794,1146.0,1.0,16.0,2.0
51,7,0,1,3232235999,321.0,1.0,0.0,3.0
36,7,0,7,3232235869,1558.0,1.0,8.0,3.0
36,6,0,7,3232235869,2074.0,3.0,8.0,3.0
36,0,0,7,3232235869,3701.0,8.0,8.0,3.0
36,8,0,7,3232235869,420.0,1.0,8.0,3.0
74,7,0,4,3232235813,950.0,1.0,9.0,3.0
74,6,0,4,3232235813,1968.0,3.0,9.0,3.0
74,0,0,4,3232235813,4354.0,2.0,9.0,3.0
74,8,0,4,3232235813,211.0,92.0,9.0,3.0
45,7,0,4,3232235925,1875.0,1.0,9.0,3.0
45,6,0,4,3232235925,2723.0,5.0,9.0,3.0
45,0,0,4,3232235925,2340.0,1.0,9.0,3.0
45,8,0,4,3232235925,469.0,1.0,9.0,3.0
51,6,0,1,3232235999,1824.0,4.0,13.0,3.0
51,0,0,1,3232235999,5537.0,5.0,13.0,3.0
51,8,0,1,3232235999,840.0,1.0,13.0,3.0
33,7,0,1,3232236023,1334.0,1.0,13.0,3.0
33,6,0,1,3232236023,5472.0,8.0,13.0,3.0
33,0,0,1,3232236023,3543.0,7.0,13.0,3.0
33,8,0,1,3232236023,906.0,1.0,13.0,3.0
45,7,0,4,3232235925,1043.0,1.0,13.0,3.0
45,6,0,4,3232235925,1104.0,6.0,13.0,3.0
45,0,0,4,3232235925,745.0,9.0,13.0,3.0
45,8,0,4,3232235925,435.0,1.0,13.0,3.0
32,7,0,4,3232235817,639.0,1.0,14.0,3.0
32,6,0,4,3232235817,2649.0,7.0,14.0,3.0
32,0,0,4,3232235817,5500.0,8.0,14.0,3.0
32,8,0,4,3232235817,1464.0,1.0,14.0,3.0
69,7,0,1,3232236011,1634.0,1.0,15.0,3.0
69,6,0,1,3232236011,1669.0,7.0,15.0,3.0
69,0,0,1,3232236011,5236.0,4.0,15.0,3.0
69,8,0,1,3232236011,700.0,1.0,15.0,3.0
31,7,0,0,3232235865,1982.0,1.0,4.0,4.0
1,7,1,7,3232235784,628.0,1.0,7.0,4.0
1,1,0,7,3232235784,4351.0,2.0,7.0,4.0
1,4,0,7,3232235784,9650.0,3.0,7.0,4.0
1,3,0,7,3232235784,8779.0,7.0,7.0,4.0
1,8,0,7,3232235784,1371.0,1.0,7.0,4.0
31,6,0,0,3232235865,3080.0,4.0,7.0,4.0
31,0,0,0,3232235865,1799.0,8.0,7.0,4.0
31,8,0,0,3232235865,687.0,1.0,7.0,4.0
64,7,0,4,3232235993,1645.0,1.0,8.0,4.0
64,6,0,4,3232235993,2945.0,7.0,8.0,4.0
64,0,0,4,3232235993,2559.0,6.0,8.0,4.0
64,8,0,4,3232235993,495.0,1.0,8.0,4.0
56,7,0,1,3232235949,1837.0,1.0,8.0,4.0
56,6,0,1,3232235949,3923.0,8.0,9.0,4.0
56,0,0,1,3232235949,1969.0,10.0,9.0,4.0
56,8,0,1,3232235949,673.0,1.0,9.0,4.0
63,7,0,8,3232235834,1298.0,125.0,9.0,4.0
63,6,0,8,3232235834,2950.0,3.0,9.0,4.0
63,0,0,8,3232235834,676.0,9.0,9.0,4.0
63,8,0,8,3232235834,1003.0,1.0,9.0,4.0
19,7,0,8,3232235800,690.0,1.0,10.0,4.0
19,6,0,8,3232235800,4949.0,5.0,10.0,4.0
19,0,0,8,3232235800,569.0,5.0,10.0,4.0
19,8,0,8,3232235800,777.0,1.0,10.0,4.0
24,7,0,8,3232235784,1117.0,1.0,10.0,4.0
24,6,0,8,3232235784,4481.0,2.0,11.0,4.0
24,0,0,8,3232235784,3333.0,6.0,11.0,4.0
24,8,0,8,2333458855,734.0,1.0,11.0,4.0
54,7,0,4,3232235819,380.0,1.0,11.0,4.0
54,6,0,4,3232235819,5888.0,3.0,11.0,4.0
54,5,0,4,3232235819,670.0,9.0,11.0,4.0
54,2,0,4,3232235819,7908.0,1.0,11.0,4.0
54,9,0,4,3232235819,2414.0,5.0,11.0,4.0
54,8,0,4,3232235819,972.0,1.0,11.0,4.0
26,7,0,8,3232235885,500.0,1.0,11.0,4.0
26,6,0,8,3232235885,2320.0,7.0,11.0,4.0
26,0,0,8,3232235885,1360.0,2.0,12.0,4.0
26,8,0,8,3232235885,559.0,1.0,12.0,4.0
72,7,1,0,3232235879,1835.0,1.0,13.0,4.0
72,6,0,0,3232235879,4466.0,7.0,13.0,4.0
72,0,0,0,3232235879,988.0,4.0,13.0,4.0
72,8,0,0,3232235879,1003.0,1.0,13.0,4.0
47,7,1,7,3232235789,1087.0,1.0,13.0,4.0
47,6,0,7,3232235789,1740.0,2.0,13.0,4.0
47,0,0,7,3232235789,1037.0,6.0,13.0,4.0
47,8,0,7,3232235789,982.0,1.0,13.0,4.0
47,7,0,7,3232235789,316.0,1.0,13.0,4.0
47,6,0,7,3232235789,1885.0,3.0,13.0,4.0
47,0,0,7,3232235789,3036.0,7.0,13.0,4.0
47,8,0,7,3232235789,734.0,1.0,13.0,4.0
22,7,0,7,3232235833,574.0,1.0,14.0,4.0
22,6,0,7,3232235833,1465.0,3.0,14.0,4.0
22,0,0,7,3232235833,2488.0,8.0,14.0,4.0
22,8,0,7,3232235833,1022.0,1.0,14.0,4.0
6,7,0,4,3232235840,762.0,1.0,14.0,4.0
6,6,0,4,3232235840,5399.0,6.0,14.0,4.0
6,5,0,4,3232235840,1212.0,8.0,14.0,4.0
6,2,0,4,3232235840,8581.0,4.0,14.0,4.0
6,9,0,4,3232235840,6922.0,3.0,14.0,4.0
6,8,0,4,3232235840,740.0,1.0,14.0,4.0
54,7,0,4,3232235819,910.0,1.0,11.0,5.0
54,6,0,4,3232235819,860.0,3.0,11.0,5.0
54,5,0,4,3232235819,3819.0,7.0,11.0,5.0
54,2,0,4,3232235819,5769.0,3.0,11.0,5.0
54,9,0,4,3232235819,8851.0,4.0,11.0,5.0
54,8,0,4,3232235819,1290.0,1.0,11.0,5.0
82,7,0,0,3232235801,1190.0,1.0,11.0,5.0
82,6,0,0,3232235801,3446.0,1.0,11.0,5.0
82,0,0,0,3232235801,1650.0,9.0,11.0,5.0
82,8,0,0,3232235801,897.0,1.0,11.0,5.0
30,7,0,1,3232235956,721.0,1.0,12.0,5.0
30,6,0,2,3232235956,3889.0,1.0,12.0,5.0
30,0,0,1,3232235956,5302.0,7.0,12.0,5.0
30,8,0,1,3232235956,1240.0,1.0,12.0,5.0
27,7,0,1,3232235892,1658.0,1.0,15.0,5.0
27,6,0,1,3232235892,2576.0,6.0,15.0,5.0
27,0,0,1,3232235892,4258.0,1.0,15.0,5.0
27,8,0,1,3232235892,922.0,1.0,15.0,5.0
29,7,0,7,3232235972,559.0,1.0,16.0,5.0
29,6,0,7,3232235972,3751.0,5.0,16.0,5.0
29,0,0,7,3232235972,5254.0,5.0,16.0,5.0
29,8,0,7,3232235972,347.0,1.0,16.0,5.0
56,7,0,1,3232235949,1309.0,1.0,0.0,6.0
22,7,1,7,3232235833,391.0,1.0,7.0,6.0
22,6,0,7,3232235833,5215.0,6.0,7.0,6.0
22,0,0,7,3232235833,657.0,9.0,7.0,6.0
22,8,0,7,3232235833,939.0,1.0,7.0,6.0
81,7,0,1,3232235908,926.0,1.0,7.0,6.0
81,6,0,1,3232235908,5245.0,9.0,7.0,6.0
81,0,0,1,3232235908,4307.0,3.0,7.0,6.0
81,8,0,1,3232235908,1489.0,1.0,7.0,6.0
33,7,0,1,3232236023,1613.0,1.0,8.0,6.0
33,6,0,1,3232236023,2504.0,6.0,8.0,6.0
33,0,0,1,3232236023,853.0,7.0,8.0,6.0
33,8,0,1,3232236023,456.0,1.0,9.0,6.0
58,7,0,7,3232235933,613.0,1.0,9.0,6.0
58,6,0,7,3232235933,576.0,3.0,9.0,6.0
58,0,0,7,3232235933,633.0,3.0,9.0,6.0
58,8,0,7,3232235933,5256.0,1.0,9.0,6.0
41,7,0,7,3232236027,1512.0,1.0,11.0,6.0
41,6,0,7,2647227203,5743.0,3.0,11.0,6.0
41,0,0,7,3232236027,727.0,7.0,11.0,6.0
41,8,0,7,3232236027,223.0,1.0,11.0,6.0
34,7,0,4,3232235804,1485.0,1.0,12.0,6.0
34,6,0,4,3232235804,4253.0,1.0,12.0,6.0
34,0,0,4,3232235804,2901.0,2.0,12.0,6.0
38,7,0,4,3232235984,1608.0,1.0,12.0,6.0
34,8,0,4,3232235804,412.0,1.0,12.0,6.0
38,6,0,4,3232235984,4003.0,9.0,12.0,6.0
38,0,0,4,3232235984,3186.0,2.0,12.0,6.0
38,8,0,4,3232235984,1020.0,1.0,12.0,6.0
56,6,0,1,3232235949,4029.0,9.0,13.0,6.0
56,0,0,1,3232235949,634.0,2.0,13.0,6.0
56,8,0,1,3232235949,411.0,1.0,13.0,6.0
19,7,0,8,1114646471,1532.0,1.0,14.0,6.0
74,7,0,4,3232235813,1052.0,1.0,14.0,6.0
19,6,0,8,3232235800,3390.0,1.0,14.0,6.0
19,0,0,8,3232235800,4775.0,3.0,14.0,6.0
74,6,0,4,3232235813,3097.0,5.0,14.0,6.0
74,0,0,4,3232235813,3632.0,1.0,14.0,6.0
19,8,0,8,3232235800,789.0,1.0,14.0,6.0
74,8,0,4,3232235813,567.0,1.0,14.0,6.0
42,7,0,0,3232235798,1680.0,1.0,16.0,6.0
42,6,0,0,3232235798,4138.0,5.0,16.0,6.0
42,0,0,0,3232235798,2675.0,6.0,16.0,6.0
42,8,0,0,3232235798,254.0,1.0,16.0,6.0
55,7,0,4,3232235868,1429.0,1.0,3.0,0.0
84,7,0,7,3232235817,359.0,1.0,4.0,0.0
30,7,0,1,3232235956,684.0,1.0,7.0,0.0
30,6,0,1,3232235956,2654.0,7.0,7.0,0.0
30,0,0,1,3232235956,2976.0,7.0,7.0,0.0
30,8,0,1,3232235956,627.0,1.0,7.0,0.0
61,7,0,0,3232235875,1376.0,1.0,7.0,0.0
61,6,0,5,3232235875,2029.0,2.0,7.0,0.0
61,0,0,0,3232235875,1317.0,5.0,7.0,0.0
61,8,0,0,3232235875,1277.0,1.0,7.0,0.0
42,7,0,0,3232235798,1947.0,1.0,7.0,0.0
42,6,0,0,3232235798,1690.0,8.0,7.0,0.0
42,0,0,0,3232235798,5417.0,7.0,7.0,0.0
42,8,0,6,3232235798,380.0,1.0,8.0,0.0
37,7,0,4,3232235932,380.0,1.0,8.0,0.0
37,6,0,4,3232235932,2351.0,9.0,8.0,0.0
37,0,0,4,3232235932,2715.0,6.0,8.0,0.0
37,8,0,4,3232235932,294.0,1.0,8.0,0.0
43,7,0,8,3232235853,344.0,1.0,9.0,0.0
43,6,0,8,3232235853,2559.0,1.0,9.0,0.0
43,0,0,8,3232235853,1034.0,7.0,9.0,0.0
43,8,0,8,3232235853,1463.0,1.0,9.0,0.0
51,7,0,1,3232235999,927.0,1.0,9.0,0.0
51,6,0,1,3232235999,5853.0,7.0,10.0,0.0
51,0,0,1,3232235999,3924.0,4.0,10.0,0.0
51,8,0,1,3232235999,11.0,1.0,10.0,0.0
84,1,0,7,3232235817,1725.0,1.0,10.0,0.0
84,4,0,7,3232235817,9287.0,8.0,10.0,0.0
84,3,0,7,3232235817,8353.0,9.0,10.0,0.0
84,8,0,7,3232235817,663.0,1.0,10.0,0.0
20,7,0,8,3232235886,330.0,1.0,10.0,0.0
20,6,0,8,3232235886,934.0,4.0,10.0,0.0
20,0,0,8,3232235886,5104.0,9.0,10.0,0.0
20,8,0,8,3232235886,792.0,1.0,10.0,0.0
55,6,0,4,3232235868,2546.0,3.0,10.0,0.0
55,5,0,4,3232235868,2872.0,4.0,10.0,0.0
55,2,1,4,3232235868,7861.0,8.0,10.0,0.0
55,9,0,4,3232235868,3469.0,5.0,10.0,0.0
55,8,0,4,3232235868,411.0,1.0,10.0,0.0
65,7,0,7,3232235836,1596.0,1.0,11.0,0.0
65,6,0,7,3232235836,4846.0,9.0,11.0,0.0
65,0,0,7,3232235836,2088.0,6.0,11.0,0.0
65,8,0,7,3232235836,919.0,1.0,11.0,0.0
75,7,0,1,3232235968,1526.0,1.0,16.0,0.0
75,6,0,1,3232235968,5291.0,6.0,16.0,0.0
75,0,0,1,3232235968,3656.0,7.0,16.0,0.0
75,8,0,1,3232235968,1293.0,1.0,16.0,0.0
67,7,0,4,3232235880,1229.0,1.0,16.0,0.0
67,6,0,4,3232235880,3217.0,6.0,16.0,0.0
67,0,0,4,3232235880,1727.0,7.0,16.0,0.0
67,8,0,4,3232235880,1135.0,1.0,16.0,0.0
54,7,0,4,3232235819,1080.0,1.0,5.0,1.0
28,7,1,8,3232235849,1888.0,1.0,7.0,1.0
28,6,0,8,3232235849,1283.0,8.0,8.0,1.0
28,0,0,8,3232235849,5242.0,2.0,8.0,1.0
28,8,0,8,3232235849,375.0,1.0,8.0,1.0
64,7,0,4,3232235993,1599.0,1.0,8.0,1.0
64,6,0,4,3232235993,2748.0,9.0,8.0,1.0
64,0,0,4,3232235993,5789.0,4.0,8.0,1.0
64,8,0,4,3232235993,1177.0,1.0,8.0,1.0
75,7,0,1,3232235968,477.0,1.0,8.0,1.0
75,6,0,1,3232235968,5576.0,10.0,8.0,1.0
75,0,0,1,3232235968,5125.0,4.0,8.0,1.0
75,8,0,1,3232235968,553.0,1.0,8.0,1.0
75,7,0,1,3232235968,1983.0,1.0,10.0,1.0
75,6,0,1,3232235968,3782.0,8.0,10.0,1.0
75,0,0,1,3232235968,1106.0,10.0,10.0,1.0
54,6,0,4,3232235819,2974.0,8.0,10.0,1.0
75,8,0,1,3232235968,1489.0,1.0,10.0,1.0
54,5,0,4,3232235819,1988.0,2.0,10.0,1.0
54,2,1,4,3232235819,5424.0,1.0,10.0,1.0
54,9,0,4,3232235819,8425.0,5.0,10.0,1.0
54,8,0,4,3232235819,479.0,1.0,10.0,1.0
51,7,0,1,3232235999,1843.0,1.0,11.0,1.0
51,6,0,1,3232235999,2596.0,3.0,11.0,1.0
51,0,0,1,3232235999,3466.0,6.0,11.0,1.0
51,8,0,1,3232235999,836.0,1.0,11.0,1.0
1,7,0,7,3232235784,1828.0,1.0,11.0,1.0
24,7,0,8,3232235784,1583.0,1.0,11.0,1.0
1,1,0,7,3232235784,910.0,3.0,11.0,1.0
24,6,0,8,3232235784,3989.0,10.0,11.0,1.0
24,0,0,8,3232235784,1879.0,8.0,11.0,1.0
1,4,0,7,3232235784,9478.0,9.0,11.0,1.0
24,8,0,8,3232235784,796.0,1.0,12.0,1.0
1,3,0,7,3232235784,8024.0,9.0,12.0,1.0
1,8,0,7,3232235784,455.0,1.0,12.0,1.0
63,7,0,8,3232235834,1815.0,1.0,13.0,1.0
63,6,0,8,3232235834,3399.0,10.0,13.0,1.0
63,0,0,8,3232235834,3032.0,1.0,13.0,1.0
63,8,0,8,3232235834,1120.0,1.0,13.0,1.0
40,7,0,0,3232235915,1826.0,1.0,14.0,1.0
40,6,0,0,3232235915,5416.0,7.0,14.0,1.0
40,0,0,0,3232235915,1012.0,8.0,14.0,1.0
40,8,0,0,3232235915,568.0,1.0,14.0,1.0
29,7,0,7,3232235972,697.0,1.0,14.0,1.0
29,6,0,7,3232235972,3268.0,8.0,14.0,1.0
29,0,0,7,3232235972,4387.0,1.0,14.0,1.0
29,8,0,7,3232235972,478.0,1.0,14.0,1.0
26,7,0,8,3232235885,1379.0,1.0,15.0,1.0
26,6,0,8,3232235885,2881.0,8.0,15.0,1.0
26,0,0,8,3232235885,4082.0,2.0,15.0,1.0
26,8,0,8,3232235885,1178.0,1.0,15.0,1.0
45,7,0,4,3232235925,458.0,1.0,16.0,1.0
45,6,0,4,3232235925,1631.0,8.0,16.0,1.0
45,0,0,4,3232235925,2039.0,1.0,16.0,1.0
45,8,0,4,3232235925,632.0,1.0,16.0,1.0
41,7,0,7,3232236027,586.0,1.0,0.0,2.0
47,7,0,7,3232235789,1937.0,1.0,2.0,2.0
82,7,1,0,3232235801,1841.0,1.0,2.0,2.0
63,7,1,8,3232235834,1073.0,1.0,5.0,2.0
33,7,0,1,3232236023,1734.0,1.0,5.0,2.0
30,7,0,1,3232235956,1677.0,1.0,7.0,2.0
30,6,0,1,3232235956,577.0,1.0,7.0,2.0
30,0,0,1,3232235956,2679.0,1.0,7.0,2.0
30,8,0,1,3232235956,1392.0,1.0,7.0,2.0
82,6,0,0,3232235801,3638.0,4.0,8.0,2.0
82,0,0,0,3232235801,5912.0,8.0,8.0,2.0
82,8,0,0,3232235801,542.0,1.0,8.0,2.0
33,6,0,1,3232236023,3143.0,9.0,8.0,2.0
33,0,0,1,3232236023,1046.0,5.0,8.0,2.0
33,8,0,1,3232236023,1210.0,1.0,8.0,2.0
44,7,0,8,3232236004,1948.0,1.0,9.0,2.0
44,6,0,8,3232236004,1333.0,3.0,9.0,2.0
44,0,0,8,3232236004,3617.0,10.0,9.0,2.0
44,8,0,8,3232236004,692.0,1.0,9.0,2.0
23,7,1,1,1113130069,1850.0,1.0,9.0,2.0
23,6,0,1,3232235907,744.0,6.0,9.0,2.0
23,0,0,1,3232235907,3688.0,7.0,9.0,2.0
23,8,0,1,3232235907,412.0,148.0,10.0,2.0
47,6,0,7,3232235789,1990.0,4.0,10.0,2.0
47,0,0,7,3232235789,2097.0,6.0,10.0,2.0
47,8,0,7,3232235789,1140.0,1.0,10.0,2.0
26,7,0,8,3232235885,856.0,1.0,10.0,2.0
26,6,0,8,3232235885,4417.0,7.0,10.0,2.0
26,0,0,8,3232235885,5815.0,3.0,10.0,2.0
26,8,0,8,3232235885,431.0,1.0,10.0,2.0
46,7,0,1,3232235958,1854.0,1.0,10.0,2.0
46,6,0,1,3232235958,5693.0,4.0,10.0,2.0
46,0,0,1,3232235958,2025.0,10.0,10.0,2.0
46,8,0,1,3232235958,525.0,1.0,10.0,2.0
63,6,0,6,3232235834,2600.0,2.0,11.0,2.0
63,0,0,8,3232235834,3876.0,2.0,11.0,2.0
63,8,0,8,3232235834,271.0,1.0,11.0,2.0
77,7,0,4,759093510,560.0,1.0,11.0,2.0
77,6,0,4,3232235969,3424.0,8.0,11.0,2.0
77,0,0,4,3232235969,2345.0,6.0,11.0,2.0
77,8,0,4,3232235969,856.0,1.0,11.0,2.0
67,7,0,4,3232235880,1283.0,1.0,13.0,2.0
67,6,0,4,3232235880,2229.0,4.0,13.0,2.0
67,0,0,4,3232235880,3450.0,4.0,13.0,2.0
67,8,0,4,3232235880,202.0,1.0,13.0,2.0
30,7,0,1,3232235956,1066.0,1.0,14.0,2.0
30,6,0,1,3232235956,3960.0,6.0,14.0,2.0
30,0,0,1,3232235956,841.0,7.0,14.0,2.0
30,8,0,1,3232235956,1363.0,1.0,14.0,2.0
45,7,0,4,3232235925,892.0,1.0,14.0,2.0
45,6,0,4,3232235925,4480.0,2.0,14.0,2.0
45,0,0,4,3232235925,4013.0,4.0,14.0,2.0
45,8,0,4,3232235925,1464.0,1.0,14.0,2.0
41,6,0,7,3232236027,1146.0,4.0,16.0,2.0
41,0,0,7,3232236027,3356.0,9.0,16.0,2.0
41,8,0,7,3232236027,1427.0,1.0,16.0,2.0
24,7,0,8,3232235784,390.0,1.0,8.0,3.0
24,6,0,8,3232235784,5864.0,4.0,8.0,3.0
24,0,0,8,3232235784,5596.0,6.0,8.0,3.0
24,8,0,8,3232235784,1181.0,1.0,8.0,3.0
57,7,0,4,3232235957,1936.0,1.0,8.0,3.0
57,6,0,4,3232235957,4181.0,8.0,8.0,3.0
57,0,0,4,3232235957,1241.0,10.0,8.0,3.0
57,8,0,4,3232235957,1282.0,1.0,8.0,3.0
83,7,0,7,3232235998,662.0,1.0,8.0,3.0
83,6,0,7,3232235998,1954.0,9.0,8.0,3.0
83,0,0,7,3232235998,1719.0,8.0,8.0,3.0
83,8,0,7,3232235998,262.0,1.0,8.0,3.0
1,7,0,7,3232235784,584.0,1.0,9.0,3.0
1,1,0,7,609418635,2706.0,4.0,9.0,3.0
1,4,0,7,3232235784,1829.0,10.0,9.0,3.0
1,3,0,7,3232235784,6890.0,8.0,9.0,3.0
1,8,0,7,3232235784,1192.0,1.0,9.0,3.0
77,7,0,4,3232235969,1698.0,1.0,9.0,3.0
77,6,0,4,3232235969,2422.0,3.0,9.0,3.0
77,0,0,4,3232235969,1884.0,3.0,9.0,3.0
77,8,0,4,3232235969,1106.0,1.0,9.0,3.0
54,7,0,4,3232235819,752.0,1.0,10.0,3.0
54,6,0,4,3232235819,2091.0,2.0,10.0,3.0
54,5,0,4,3232235819,1985.0,10.0,10.0,3.0
44,7,0,2,3232236004,1633.0,1.0,10.0,3.0
44,6,0,8,3232236004,4313.0,9.0,10.0,3.0
54,2,0,4,3232235819,2391.0,9.0,10.0,3.0
44,0,0,8,3232236004,1118.0,5.0,10.0,3.0
54,9,0,4,3232235819,8557.0,9.0,10.0,3.0
44,8,0,8,3232236004,878.0,1.0,10.0,3.0
54,8,0,4,3232235819,349.0,1.0,11.0,3.0
68,7,0,4,3232235794,1559.0,1.0,11.0,3.0
68,6,0,4,3232235794,82.0,5.0,11.0,3.0
68,0,0,4,3232235794,3800.0,3.0,11.0,3.0
68,8,0,4,3232235794,1215.0,1.0,11.0,3.0
30,7,0,1,3232235956,1813.0,1.0,11.0,3.0
30,6,0,1,3232235956,5234.0,2.0,11.0,3.0
30,0,0,1,3232235956,4382.0,10.0,11.0,3.0
30,8,0,1,3232235956,420.0,1.0,11.0,3.0
28,7,1,8,3232235849,7616.0,1.0,12.0,3.0
28,6,0,8,3232235849,2586.0,1.0,12.0,3.0
28,0,0,8,3232235849,4072.0,1.0,12.0,3.0
28,8,0,8,3232235849,1264.0,1.0,12.0,3.0
73,7,0,0,3232235814,1815.0,1.0,14.0,3.0
73,6,0,0,3232235814,4918.0,6.0,14.0,3.0
73,0,0,0,3232235814,4223.0,6.0,14.0,3.0
73,8,0,0,3232235814,1121.0,1.0,14.0,3.0
48,7,0,1,3232235975,1791.0,1.0,16.0,3.0
48,6,0,1,3232235975,18228.0,2.0,16.0,3.0
48,5,0,1,3232235975,5905.0,10.0,16.0,3.0
48,2,0,1,3232235975,3376.0,4.0,16.0,3.0
48,9,0,1,3232235975,8584.0,9.0,16.0,3.0
48,8,0,1,3232235975,291.0,1.0,16.0,3.0
47,7,0,7,3232235789,1551.0,1.0,7.0,4.0
47,6,0,7,3232235789,4798.0,7.0,7.0,4.0
47,0,0,7,3232235789,4989.0,1.0,7.0,4.0
45,7,0,4,3232235925,709.0,1.0,7.0,4.0
45,6,0,4,3232235925,1186.0,6.0,7.0,4.0
47,8,0,7,3232235789,1287.0,1.0,7.0,4.0
45,0,0,4,3232235925,5383.0,8.0,7.0,4.0
45,8,0,4,3232235925,1078.0,1.0,7.0,4.0
77,7,0,4,3232235969,389.0,1.0,7.0,4.0
77,6,0,4,3232235969,3969.0,8.0,7.0,4.0
77,0,0,4,3232235969,1673.0,6.0,7.0,4.0
77,8,0,4,3232235969,291.0,1.0,7.0,4.0
35,7,0,7,3232235875,664.0,1.0,8.0,4.0
35,6,0,7,3232235875,5850.0,10.0,8.0,4.0
35,0,0,7,3232235875,4348.0,8.0,8.0,4.0
35,8,0,7,3232235875,682.0,1.0,8.0,4.0
36,7,0,7,3232235869,1328.0,1.0,9.0,4.0
36,6,0,7,3232235869,4507.0,6.0,9.0,4.0
36,0,0,7,3232235869,5537.0,2.0,9.0,4.0
36,8,0,7,3232235869,1118.0,1.0,9.0,4.0
61,7,0,0,3232235875,829.0,1.0,10.0,4.0
61,6,0,0,3232235875,3111.0,6.0,11.0,4.0
61,0,0,0,3232235875,4072.0,6.0,11.0,4.0
61,8,0,0,3232235875,574.0,1.0,11.0,4.0
82,7,0,0,3232235801,655.0,1.0,11.0,4.0
82,6,0,0,3232235801,598.0,7.0,11.0,4.0
82,0,0,0,3232235801,2044.0,6.0,11.0,4.0
82,8,0,0,3232235801,1054.0,1.0,11.0,4.0
62,7,0,4,3232236014,1037.0,1.0,12.0,4.0
62,6,0,4,3232236014,1208.0,10.0,12.0,4.0
62,0,0,4,3232236014,2574.0,3.0,12.0,4.0
62,8,0,4,3232236014,881.0,1.0,12.0,4.0
22,7,0,7,3232235833,1679.0,163.0,13.0,4.0
22,6,0,7,3232235833,2687.0,5.0,13.0,4.0
22,0,0,7,3232235833,795.0,8.0,13.0,4.0
22,8,0,7,3232235833,1257.0,1.0,13.0,4.0
59,7,0,1,3232235914,1740.0,1.0,14.0,4.0
59,6,0,1,3232235914,4449.0,4.0,14.0,4.0
59,0,0,1,3232235914,650.0,4.0,14.0,4.0
59,8,0,1,3232235914,403.0,1.0,14.0,4.0
30,7,0,1,3232235956,624.0,1.0,15.0,4.0
30,6,0,1,3232235956,1496.0,4.0,15.0,4.0
30,0,0,1,3232235956,5465.0,1.0,15.0,4.0
30,8,0,1,3232235956,1297.0,1.0,15.0,4.0
80,7,0,4,3232235834,833.0,1.0,16.0,4.0
80,6,0,4,3232235834,5572.0,7.0,16.0,4.0
80,0,0,4,3232235834,5981.0,6.0,16.0,4.0
80,8,0,4,3232235834,709.0,1.0,16.0,4.0
29,7,0,7,3232235972,1429.0,1.0,1.0,5.0
52,7,0,7,3232235875,1759.0,1.0,5.0,5.0
31,7,1,0,3232235865,1176.0,1.0,7.0,5.0
31,6,0,0,1928139292,3427.0,7.0,7.0,5.0
31,0,0,0,3232235865,3377.0,1.0,7.0,5.0
31,8,0,0,3232235865,700.0,1.0,7.0,5.0
77,7,0,4,3232235969,398.0,1.0,12.0,5.0
77,6,0,4,3232235969,3105.0,7.0,12.0,5.0
77,0,0,4,3232235969,1980.0,6.0,12.0,5.0
77,8,0,4,3232235969,1288.0,1.0,12.0,5.0
76,7,0,8,3232235915,418.0,1.0,12.0,5.0
76,6,0,8,3232235915,2244.0,7.0,12.0,5.0
40,7,0,0,3232235915,1119.0,1.0,12.0,5.0
76,0,0,8,3232235915,4843.0,3.0,12.0,5.0
40,6,0,0,3232235915,2548.0,3.0,12.0,5.0
76,8,0,8,1924221231,1177.0,1.0,12.0,5.0
40,0,0,0,3232235915,2121.0,5.0,12.0,5.0
40,8,0,0,3232235915,1004.0,1.0,12.0,5.0
52,6,0,7,3232235875,4590.0,5.0,12.0,5.0
52,0,0,7,3232235875,3554.0,7.0,12.0,5.0
52,8,0,7,3232235875,275.0,1.0,12.0,5.0
29,6,0,7,3232235972,2486.0,4.0,13.0,5.0
29,0,0,7,2348202860,2339.0,1.0,13.0,5.0
29,8,0,7,3232235972,482.0,1.0,13.0,5.0
69,7,0,1,3232236011,878.0,1.0,14.0,5.0
69,6,0,1,3232236011,4989.0,7.0,14.0,5.0
69,0,0,1,3232236011,1297.0,3.0,14.0,5.0
69,8,0,1,3232236011,862.0,1.0,14.0,5.0
64,7,0,4,3232235993,1283.0,1.0,14.0,5.0
64,6,0,4,3232235993,2205.0,1.0,14.0,5.0
64,0,0,4,3232235993,4417.0,1.0,14.0,5.0
64,8,0,4,3232235993,243.0,70.0,14.0,5.0
41,7,0,6,3232236027,1625.0,1.0,15.0,5.0
41,6,0,7,3232236027,1394.0,1.0,15.0,5.0
41,0,0,7,3232236027,2833.0,2.0,15.0,5.0
41,8,0,7,3232236027,683.0,1.0,15.0,5.0
69,7,0,1,3232236011,1512.0,1.0,15.0,5.0
69,6,0,1,3232236011,514.0,6.0,15.0,5.0
69,0,0,1,3232236011,5769.0,6.0,15.0,5.0
69,8,0,1,3232236011,1161.0,1.0,15.0,5.0
57,7,0,4,3232235957,732.0,80.0,16.0,5.0
57,6,0,4,758674109,3805.0,5.0,16.0,5.0
21,7,0,7,3232235785,1095.0,1.0,16.0,5.0
57,0,0,4,3232235957,4491.0,3.0,16.0,5.0
21,6,0,7,3232235785,2533.0,1.0,16.0,5.0
21,0,0,7,3232235785,4957.0,1.0,16.0,5.0
70,7,0,8,3232236002,1633.0,1.0,16.0,5.0
21,8,0,7,3232235785,728.0,1.0,16.0,5.0
57,8,0,4,3232235957,537.0,1.0,16.0,5.0
70,6,0,8,3232236002,3973.0,4.0,16.0,5.0
70,0,0,8,3232236002,2485.0,8.0,16.0,5.0
70,8,0,8,3232236002,270.0,1.0,16.0,5.0
66,7,0,7,3232235984,827.0,1.0,8.0,6.0
66,6,0,7,3232235984,5465.0,1.0,8.0,6.0
66,0,0,7,3232235984,5063.0,1.0,8.0,6.0
66,8,0,7,3232235984,4820.0,1.0,8.0,6.0
49,7,1,4,3232236030,791.0,1.0,8.0,6.0
49,6,0,4,3232236030,3475.0,9.0,8.0,6.0
49,0,0,4,3232236030,4630.0,6.0,8.0,6.0
49,8,0,4,3232236030,1132.0,1.0,8.0,6.0
28,7,0,8,3232235849,694.0,1.0,10.0,6.0
28,6,0,8,3232235849,818.0,6.0,10.0,6.0
28,0,0,8,3232235849,3048.0,3.0,10.0,6.0
28,8,0,8,3232235849,814.0,1.0,10.0,6.0
47,7,0,7,3232235789,1201.0,1.0,11.0,6.0
47,6,0,7,3232235789,5883.0,3.0,11.0,6.0
47,0,0,7,3232235789,3142.0,4.0,11.0,6.0
47,8,0,7,3232235789,504.0,1.0,11.0,6.0
52,7,0,7,3232235875,1457.0,1.0,14.0,6.0
52,6,0,7,3232235875,1742.0,3.0,14.0,6.0
52,0,0,7,3232235875,3673.0,10.0,14.0,6.0
52,8,0,7,3232235875,630.0,1.0,14.0,6.0
84,7,0,7,3232235817,1054.0,1.0,16.0,6.0
84,1,0,7,3232235817,4873.0,4.0,16.0,6.0
84,4,0,7,3232235817,3798.0,10.0,16.0,6.0
84,3,0,7,3232235817,6798.0,10.0,16.0,6.0
84,8,0,6,3232235817,392.0,1.0,16.0,6.0
63,7,0,8,3232235834,1938.0,1.0,4.0,0.0
65,7,0,7,3232235836,1419.0,1.0,4.0,0.0
65,6,0,3,3232235836,3600.0,9.0,8.0,0.0
51,7,0,1,3232235999,1644.0,1.0,8.0,0.0
65,0,0,7,3232235836,3742.0,3.0,8.0,0.0
27,7,0,1,3232235892,639.0,1.0,8.0,0.0
65,8,0,7,3232235836,1228.0,1.0,8.0,0.0
51,6,0,1,3232235999,2337.0,2.0,8.0,0.0
27,6,0,1,3232235892,2827.0,8.0,8.0,0.0
51,0,0,1,3232235999,3368.0,9.0,8.0,0.0
27,0,0,1,3232235892,4951.0,8.0,8.0,0.0
51,8,0,1,3232235999,952.0,1.0,8.0,0.0
27,8,0,1,3232235892,402.0,1.0,9.0,0.0
27,7,0,3,3232235892,1063.0,1.0,9.0,0.0
27,6,0,1,3232235892,3875.0,6.0,9.0,0.0
27,0,0,1,3232235892,1835.0,2.0,9.0,0.0
27,8,0,1,3232235892,646.0,1.0,9.0,0.0
21,7,0,7,3232235785,810.0,1.0,11.0,0.0
21,6,0,7,3232235785,2840.0,8.0,11.0,0.0
21,0,0,7,3232235785,5593.0,9.0,11.0,0.0
21,8,0,3,3232235785,915.0,1.0,11.0,0.0
20,7,0,8,3232235886,1655.0,1.0,12.0,0.0
63,6,0,8,3232235834,4499.0,4.0,12.0,0.0
20,6,0,8,3232235886,1016.0,3.0,12.0,0.0
63,0,0,8,3232235834,2735.0,7.0,12.0,0.0
20,0,0,8,768495111,3068.0,10.0,12.0,0.0
20,8,0,8,3232235886,1118.0,1.0,12.0,0.0
63,8,0,8,3232235834,1194.0,1.0,12.0,0.0
32,7,0,4,3232235817,1203.0,1.0,14.0,0.0
32,6,0,4,3232235817,5810.0,2.0,14.0,0.0
32,0,0,4,3232235817,3026.0,9.0,14.0,0.0
32,8,0,4,3232235817,1077.0,1.0,14.0,0.0
57,7,1,4,3232235957,907.0,1.0,14.0,0.0
57,6,0,4,3232235957,3448.0,8.0,14.0,0.0
57,0,0,4,3232235957,2597.0,9.0,14.0,0.0
57,8,0,4,3232235957,695.0,1.0,14.0,0.0
59,7,0,1,3232235914,1674.0,1.0,14.0,0.0
59,6,0,1,3232235914,3476.0,9.0,14.0,0.0
59,0,0,1,3232235914,1810.0,1.0,14.0,0.0
59,8,0,1,3232235914,492.0,1.0,14.0,0.0
41,7,0,7,3232236027,1797.0,1.0,15.0,0.0
41,6,0,7,3232236027,92.0,10.0,15.0,0.0
41,0,0,6,3232236027,4766.0,5.0,15.0,0.0
41,8,0,7,3232236027,332.0,1.0,16.0,0.0
61,7,0,0,2340386264,1847.0,1.0,10.0,1.0
61,6,0,0,3232235875,995.0,10.0,10.0,1.0
61,0,0,0,3232235875,5533.0,4.0,10.0,1.0
61,8,0,0,3232235875,489.0,1.0,10.0,1.0
80,7,1,4,3232235834,1877.0,1.0,10.0,1.0
80,6,0,4,3232235834,1321.0,6.0,11.0,1.0
80,0,0,4,3232235834,2423.0,4.0,11.0,1.0
80,8,0,4,3232235834,268.0,1.0,11.0,1.0
28,7,0,8,3232235849,1865.0,1.0,14.0,1.0
28,6,0,8,3232235849,4249.0,6.0,14.0,1.0
28,0,0,8,3232235849,5918.0,8.0,14.0,1.0
28,8,0,8,3232235849,1428.0,1.0,14.0,1.0
38,7,0,4,3232235984,991.0,1.0,14.0,1.0
38,6,0,4,3232235984,3544.0,1.0,14.0,1.0
38,0,0,4,3232235984,92.0,4.0,14.0,1.0
38,8,0,4,3232235984,1180.0,1.0,14.0,1.0
64,7,0,4,3232235993,1307.0,1.0,14.0,1.0
64,6,0,4,3232235993,3620.0,6.0,14.0,1.0
64,0,0,4,3232235993,3986.0,10.0,14.0,1.0
64,8,0,4,3232235993,1476.0,1.0,14.0,1.0
1,7,0,7,3232235784,1151.0,1.0,15.0,1.0
1,1,0,7,3232235784,3059.0,5.0,15.0,1.0
1,4,0,7,3232235784,8530.0,9.0,15.0,1.0
1,3,0,7,3232235784,5884.0,2.0,15.0,1.0
1,8,0,7,3232235784,662.0,1.0,15.0,1.0
73,7,0,0,3232235814,1366.0,1.0,15.0,1.0
73,6,0,0,3232235814,3000.0,2.0,15.0,1.0
73,0,0,0,3232235814,3003.0,7.0,15.0,1.0
73,8,0,0,3232235814,840.0,1.0,15.0,1.0
23,7,0,1,3232235907,889.0,1.0,15.0,1.0
23,6,0,1,3232235907,3821.0,7.0,15.0,1.0
23,0,0,1,3232235907,1633.0,3.0,15.0,1.0
23,8,0,1,3232235907,949.0,1.0,15.0,1.0
55,7,1,4,3232235868,1953.0,1.0,1.0,2.0
43,7,0,8,3232235853,1319.0,1.0,6.0,2.0
26,7,0,8,3232235885,1136.0,1.0,8.0,2.0
26,6,0,8,3232235885,2286.0,9.0,8.0,2.0
26,0,0,8,3232235885,3204.0,6.0,8.0,2.0
26,8,0,8,3232235885,528.0,1.0,8.0,2.0
72,7,0,0,3232235879,414.0,1.0,9.0,2.0
72,6,0,0,3232235879,4545.0,10.0,9.0,2.0
72,0,0,0,3232235879,3992.0,4.0,9.0,2.0
72,8,0,0,3232235879,625.0,1.0,9.0,2.0
55,6,0,4,349137732,694.0,10.0,9.0,2.0
55,5,0,4,3232235868,3630.0,8.0,9.0,2.0
55,2,1,4,3232235868,11106.0,1.0,9.0,2.0
55,9,0,2,3232235868,5753.0,3.0,9.0,2.0
55,8,0,4,3232235868,510.0,1.0,9.0,2.0
43,6,0,8,3232235853,3568.0,4.0,9.0,2.0
43,0,0,8,3232235853,3373.0,10.0,9.0,2.0
43,8,0,8,3232235853,1039.0,1.0,9.0,2.0
27,7,1,1,3232235892,811.0,1.0,9.0,2.0
27,6,0,1,3232235892,2599.0,5.0,9.0,2.0
27,0,0,1,3232235892,1252.0,10.0,9.0,2.0
27,8,0,1,3232235892,1018.0,1.0,9.0,2.0
72,7,0,0,3232235879,578.0,1.0,15.0,2.0
72,6,0,0,3232235879,2507.0,7.0,15.0,2.0
72,0,0,0,3232235879,4141.0,9.0,15.0,2.0
72,8,0,0,3232235879,841.0,1.0,15.0,2.0
57,7,0,4,3232235957,1657.0,1.0,16.0,2.0
57,6,0,4,3232235957,577.0,7.0,16.0,2.0
57,0,0,4,3232235957,57.0,8.0,16.0,2.0
57,8,0,4,3232235957,632.0,1.0,16.0,2.0
62,7,1,4,3232236014,418.0,1.0,16.0,2.0
62,6,0,4,3232236014,1549.0,3.0,16.0,2.0
62,0,0,4,3232236014,4874.0,9.0,16.0,2.0
62,8,0,4,3232236014,639.0,1.0,16.0,2.0
62,7,0,4,3232236014,970.0,1.0,16.0,2.0
62,6,0,4,3232236014,1728.0,9.0,16.0,2.0
62,0,0,4,3232236014,3527.0,4.0,16.0,2.0
62,8,0,4,3232236014,4730.0,1.0,16.0,2.0
53,7,0,4,3232235894,495.0,1.0,7.0,3.0
53,6,0,4,3232235894,1370.0,10.0,7.0,3.0
53,0,0,4,3232235894,2460.0,4.0,7.0,3.0
53,8,0,4,3232235894,633.0,1.0,7.0,3.0
49,7,0,4,3232236030,1205.0,1.0,10.0,3.0
49,6,0,4,3232236030,5700.0,9.0,10.0,3.0
49,0,0,4,3232236030,5751.0,2.0,10.0,3.0
49,8,0,4,3232236030,999.0,1.0,10.0,3.0
80,7,0,4,3232235834,1261.0,1.0,12.0,3.0
80,6,0,4,3232235834,5442.0,6.0,12.0,3.0
80,0,0,4,3232235834,2884.0,6.0,12.0,3.0
80,8,0,4,3232235834,216.0,1.0,12.0,3.0
6,7,0,4,3232235840,462.0,1.0,15.0,3.0
6,6,0,4,615852086,5499.0,9.0,15.0,3.0
6,5,0,4,3232235840,3072.0,2.0,15.0,3.0
6,2,0,4,3232235840,8716.0,3.0,15.0,3.0
6,9,0,4,3232235840,5227.0,5.0,15.0,3.0
6,8,0,4,3232235840,731.0,1.0,15.0,3.0
6,7,0,4,3232235840,428.0,1.0,16.0,3.0
6,6,0,4,3232235840,5873.0,3.0,16.0,3.0
6,5,0,4,3232235840,3382.0,10.0,16.0,3.0
6,2,0,4,3232235840,7058.0,8.0,16.0,3.0
6,9,0,4,3232235840,3294.0,5.0,16.0,3.0
6,8,0,4,3232235840,820.0,1.0,16.0,3.0
40,7,0,0,3232235915,1799.0,1.0,16.0,3.0
40,6,0,0,3232235915,4831.0,8.0,16.0,3.0
40,0,0,0,3232235915,522.0,2.0,16.0,3.0
40,8,0,0,3232235915,1349.0,1.0,16.0,3.0
45,7,0,4,3232235925,541.0,1.0,16.0,3.0
45,6,0,4,3232235925,1052.0,5.0,16.0,3.0
45,0,0,4,3232235925,1575.0,3.0,16.0,3.0
45,8,0,4,3232235925,1447.0,1.0,16.0,3.0
72,7,1,0,3232235879,751.0,1.0,0.0,4.0
70,7,0,8,3232236002,1034.0,1.0,3.0,4.0
22,7,1,7,3232235833,852.0,1.0,7.0,4.0
22,6,0,7,3232235833,4783.0,8.0,7.0,4.0
22,0,0,7,3232235833,5097.0,8.0,7.0,4.0
22,8,0,7,3232235833,915.0,1.0,7.0,4.0
70,6,0,8,3232236002,4489.0,9.0,9.0,4.0
70,0,0,8,3232236002,65.0,3.0,9.0,4.0
70,8,0,8,3232236002,1442.0,1.0,9.0,4.0
72,6,0,0,3232235879,1308.0,7.0,9.0,4.0
72,0,0,0,3232235879,4328.0,10.0,9.0,4.0
72,8,0,0,3232235879,909.0,1.0,9.0,4.0
68,7,0,4,3232235794,561.0,1.0,10.0,4.0
68,6,0,4,3232235794,5694.0,4.0,10.0,4.0
68,0,0,4,3232235794,915.0,5.0,10.0,4.0
68,8,0,4,3232235794,505.0,1.0,10.0,4.0
36,7,0,7,1923205732,865.0,1.0,11.0,4.0
36,6,0,7,3232235869,3392.0,7.0,11.0,4.0
36,0,0,7,3232235869,3821.0,10.0,11.0,4.0
36,8,0,7,3232235869,610.0,1.0,11.0,4.0
20,7,0,8,3232235886,319.0,1.0,12.0,4.0
20,6,0,8,3232235886,5934.0,3.0,12.0,4.0
20,0,0,8,3232235886,3192.0,6.0,12.0,4.0
20,8,0,8,3232235886,1096.0,1.0,12.0,4.0
8,7,1,1,3232235813,373.0,1.0,13.0,4.0
8,6,0,1,3232235813,4254.0,6.0,13.0,4.0
8,0,0,1,3232235813,1582.0,6.0,13.0,4.0
8,8,0,1,3232235813,997.0,1.0,13.0,4.0
29,7,1,6,3232235972,397.0,1.0,15.0,4.0
29,6,0,7,3232235972,1508.0,6.0,15.0,4.0
29,0,0,7,3232235972,5771.0,5.0,15.0,4.0
29,8,0,7,3232235972,1146.0,1.0,15.0,4.0
77,7,0,4,3232235969,343.0,1.0,15.0,4.0
77,6,0,4,3232235969,2860.0,2.0,15.0,4.0
77,0,0,4,3232235969,634.0,5.0,15.0,4.0
77,8,0,4,3232235969,375.0,84.0,15.0,4.0
20,7,0,8,3232235886,1243.0,1.0,15.0,4.0
20,6,0,8,3232235886,3826.0,7.0,15.0,4.0
20,0,0,8,3232235886,507.0,10.0,15.0,4.0
20,8,0,8,3232235886,791.0,1.0,15.0,4.0
55,7,0,4,3232235868,1025.0,1.0,0.0,5.0
79,7,0,8,3232235880,1861.0,1.0,2.0,5.0
23,7,1,1,3232235907,753.0,1.0,5.0,5.0
55,7,0,4,3232235868,1058.0,1.0,8.0,5.0
55,6,0,4,3232235868,2959.0,8.0,8.0,5.0
55,5,0,4,3232235868,3067.0,9.0,8.0,5.0
55,2,0,4,3232235868,4617.0,4.0,8.0,5.0
55,9,0,4,3232235868,3794.0,1.0,8.0,5.0
55,8,0,4,3232235868,922.0,1.0,8.0,5.0
38,7,0,4,3232235984,1070.0,1.0,9.0,5.0
38,6,0,4,3232235984,5335.0,3.0,9.0,5.0
38,0,0,4,3232235984,5223.0,7.0,9.0,5.0
38,8,0,4,3232235984,256.0,1.0,9.0,5.0
30,7,1,1,3232235956,1223.0,1.0,11.0,5.0
30,6,0,1,3232235956,5597.0,7.0,11.0,5.0
30,0,0,1,3232235956,5540.0,8.0,11.0,5.0
30,8,0,1,3232235956,258.0,1.0,11.0,5.0
57,7,0,4,3232235957,1211.0,1.0,11.0,5.0
57,6,0,4,3232235957,3464.0,2.0,11.0,5.0
57,0,0,4,3232235957,3383.0,9.0,11.0,5.0
57,8,0,4,2336065565,1235.0,1.0,11.0,5.0
79,6,0,8,3232235880,1817.0,4.0,11.0,5.0
79,0,0,8,3232235880,3640.0,1.0,11.0,5.0
79,8,0,8,1741265246,514.0,1.0,11.0,5.0
75,7,0,1,3232235968,820.0,1.0,12.0,5.0
75,6,0,1,3232235968,2777.0,7.0,12.0,5.0
75,0,0,1,3232235968,5363.0,7.0,12.0,5.0
75,8,0,1,3232235968,779.0,1.0,12.0,5.0
47,7,0,7,3232235789,1541.0,1.0,13.0,5.0
47,6,0,7,3232235789,1402.0,6.0,13.0,5.0
47,0,0,7,3232235789,2898.0,10.0,13.0,5.0
47,8,0,7,3232235789,249.0,1.0,13.0,5.0
55,6,0,4,3232235868,2176.0,6.0,14.0,5.0
55,5,0,2,3232235868,3787.0,4.0,14.0,5.0
55,2,0,4,3232235868,10821.0,76.0,14.0,5.0
55,9,0,4,3232235868,5625.0,9.0,14.0,5.0
55,8,0,4,3232235868,1448.0,1.0,14.0,5.0
35,7,0,7,3232235875,1041.0,1.0,15.0,5.0
35,6,0,7,3232235875,5563.0,4.0,15.0,5.0
35,0,0,3,3232235875,1785.0,8.0,15.0,5.0
35,8,0,7,3232235875,1156.0,1.0,15.0,5.0
23,7,0,1,3232235907,1704.0,1.0,15.0,5.0
23,6,0,1,3232235907,1479.0,6.0,15.0,5.0
23,0,0,1,3232235907,4698.0,10.0,15.0,5.0
23,8,0,1,3232235907,235.0,1.0,15.0,5.0
23,6,0,1,3232235907,5897.0,9.0,16.0,5.0
23,0,0,1,3232235907,2970.0,8.0,16.0,5.0
23,8,0,1,3232235907,263.0,1.0,16.0,5.0
45,7,0,4,3232235925,450.0,1.0,16.0,5.0
45,6,0,4,3232235925,66.0,6.0,17.0,5.0
45,0,0,4,3232235925,3040.0,5.0,17.0,5.0
45,8,0,4,3232235925,831.0,1.0,17.0,5.0
66,7,1,7,3232235984,1315.0,1.0,2.0,6.0
29,7,0,7,3232235972,719.0,1.0,8.0,6.0
29,6,0,7,3232235972,5422.0,6.0,8.0,6.0
29,0,0,7,3232235972,3449.0,10.0,8.0,6.0
29,8,0,7,3232235972,946.0,1.0,8.0,6.0
66,6,0,7,3232235984,4227.0,9.0,9.0,6.0
66,0,0,7,3232235984,2179.0,9.0,9.0,6.0
66,8,0,7,3232235984,817.0,1.0,9.0,6.0
41,7,0,7,3232236027,725.0,1.0,10.0,6.0
41,6,0,7,3232236027,981.0,1.0,10.0,6.0
41,0,0,7,3232236027,5279.0,7.0,10.0,6.0
41,8,0,7,3232236027,268.0,1.0,10.0,6.0
29,7,0,7,3232235972,1211.0,1.0,11.0,6.0
29,6,0,7,3232235972,2547.0,6.0,11.0,6.0
29,0,0,7,3232235972,2121.0,7.0,11.0,6.0
29,8,0,7,3232235972,1196.0,1.0,11.0,6.0
48,7,0,1,3232235975,1031.0,1.0,11.0,6.0
48,6,0,1,3232235975,1601.0,6.0,11.0,6.0
48,5,0,1,3232235975,6254.0,4.0,11.0,6.0
48,2,0,1,3232235975,37.0,10.0,11.0,6.0
48,9,0,1,3232235975,3109.0,2.0,11.0,6.0
48,8,0,1,3232235975,1239.0,1.0,11.0,6.0
51,7,0,1,3232235999,854.0,1.0,13.0,6.0
51,6,0,1,3232235999,1706.0,2.0,13.0,6.0
51,0,0,1,3232235999,1134.0,2.0,13.0,6.0
51,8,0,1,3232235999,1156.0,1.0,13.0,6.0
31,7,0,0,3232235865,1897.0,1.0,14.0,6.0
31,6,0,0,3232235865,2039.0,2.0,14.0,6.0
31,0,0,0,3232235865,2776.0,7.0,14.0,6.0
31,8,0,0,3232235865,536.0,1.0,14.0,6.0
65,7,0,7,3232235836,1198.0,1.0,14.0,6.0
65,6,0,7,3232235836,1825.0,3.0,14.0,6.0
65,0,0,7,3232235836,3397.0,7.0,14.0,6.0
65,8,0,7,3232235836,211.0,1.0,14.0,6.0
36,7,0,7,3232235869,1397.0,1.0,14.0,6.0
36,6,0,7,3232235869,2854.0,5.0,14.0,6.0
36,0,0,7,3232235869,889.0,5.0,14.0,6.0
36,8,0,7,3232235869,1374.0,1.0,15.0,6.0
37,7,0,4,3232235932,1446.0,1.0,1.0,0.0
29,7,0,7,3232235972,1275.0,1.0,8.0,0.0
29,6,0,7,3232235972,2402.0,9.0,8.0,0.0
29,0,0,7,3232235972,3320.0,2.0,8.0,0.0
29,8,0,7,3232235972,88.0,1.0,8.0,0.0
73,7,0,0,3232235814,1171.0,1.0,9.0,0.0
73,6,0,0,3232235814,4781.0,3.0,9.0,0.0
73,0,0,0,3232235814,2150.0,1.0,9.0,0.0
73,8,0,0,3232235814,1225.0,122.0,9.0,0.0
8,7,0,1,3232235813,1697.0,1.0,9.0,0.0
8,6,0,1,3232235813,2107.0,8.0,9.0,0.0
8,0,0,1,3232235813,5612.0,4.0,9.0,0.0
8,8,0,1,3020258127,573.0,1.0,9.0,0.0
74,7,0,4,3232235813,1448.0,1.0,13.0,0.0
74,6,0,4,3232235813,93.0,6.0,13.0,0.0
74,0,0,4,3232235813,2454.0,9.0,13.0,0.0
74,8,0,4,3232235813,432.0,1.0,13.0,0.0
68,7,0,4,3232235794,1593.0,1.0,14.0,0.0
68,6,0,4,3232235794,2435.0,10.0,14.0,0.0
68,0,0,4,2338298177,2409.0,4.0,14.0,0.0
68,8,0,4,3232235794,969.0,1.0,14.0,0.0
86,7,0,0,3232235930,1288.0,1.0,15.0,0.0
86,6,0,0,3232235930,4790.0,9.0,15.0,0.0
86,0,0,0,3232235930,679.0,3.0,15.0,0.0
86,8,0,0,3232235930,1427.0,1.0,15.0,0.0
37,6,0,4,3232235932,3633.0,6.0,15.0,0.0
37,0,0,4,3232235932,1966.0,1.0,15.0,0.0
37,8,0,4,3232235932,601.0,1.0,15.0,0.0
25,7,0,8,3232235828,1772.0,1.0,16.0,0.0
25,6,0,8,3232235828,87.0,8.0,16.0,0.0
25,0,0,8,3232235828,3698.0,10.0,16.0,0.0
25,8,0,8,3232235828,750.0,1.0,16.0,0.0
20,7,0,8,3232235886,1094.0,1.0,1.0,1.0
20,6,0,8,3232235886,3811.0,4.0,8.0,1.0
20,0,0,8,3232235886,2393.0,10.0,8.0,1.0
20,8,0,5,3232235886,875.0,1.0,8.0,1.0
43,7,0,8,3232235853,2000.0,1.0,11.0,1.0
43,6,0,8,3232235853,3216.0,3.0,11.0,1.0
43,0,0,8,3232235853,4314.0,10.0,11.0,1.0
43,8,0,8,3232235853,326.0,1.0,11.0,1.0
26,7,0,8,3232235885,658.0,1.0,12.0,1.0
26,6,0,8,3232235885,1241.0,7.0,12.0,1.0
26,0,0,8,3232235885,45.0,2.0,12.0,1.0
26,8,0,8,3232235885,1326.0,1.0,12.0,1.0
34,7,0,4,3232235804,1304.0,1.0,13.0,1.0
34,6,0,4,3232235804,4081.0,4.0,13.0,1.0
34,0,0,4,3232235804,547.0,3.0,13.0,1.0
34,8,0,4,3232235804,502.0,1.0,13.0,1.0
49,7,0,4,3232236030,682.0,1.0,14.0,1.0
49,6,0,4,3232236030,4575.0,6.0,14.0,1.0
49,0,0,4,3232236030,14.0,5.0,15.0,1.0
49,8,0,4,3232236030,369.0,1.0,15.0,1.0
48,7,0,1,3232235975,931.0,1.0,16.0,1.0
25,7,0,8,3232235828,1398.0,1.0,16.0,1.0
25,6,0,8,3232235828,5641.0,10.0,16.0,1.0
48,6,0,1,3232235975,921.0,2.0,16.0,1.0
25,0,0,8,3232235828,2805.0,5.0,16.0,1.0
48,5,0,1,3232235975,6664.0,3.0,16.0,1.0
25,8,0,8,3232235828,1339.0,1.0,16.0,1.0
48,2,0,1,3232235975,5216.0,6.0,16.0,1.0
48,9,0,1,3232235975,1806.0,4.0,16.0,1.0
48,8,0,1,3232235975,1020.0,1.0,16.0,1.0
36,7,0,7,3232235869,1749.0,1.0,3.0,2.0
53,7,0,4,3232235894,982.0,1.0,7.0,2.0
53,6,0,4,3232235894,3708.0,6.0,7.0,2.0
53,0,0,4,3232235894,88.0,9.0,7.0,2.0
53,8,0,4,3232235894,1419.0,1.0,7.0,2.0
64,7,0,4,3232235993,644.0,1.0,8.0,2.0
64,6,0,4,3232235993,1465.0,9.0,8.0,2.0
64,0,0,4,3232235993,4035.0,1.0,8.0,2.0
64,8,0,5,3232235993,329.0,1.0,8.0,2.0
47,7,0,7,3232235789,821.0,1.0,8.0,2.0
47,6,0,7,3232235789,4659.0,7.0,8.0,2.0
47,0,0,7,3232235789,3465.0,5.0,8.0,2.0
47,8,0,7,3232235789,559.0,1.0,8.0,2.0
52,7,0,7,3232235875,375.0,1.0,12.0,2.0
52,6,0,7,3232235875,1029.0,8.0,12.0,2.0
52,0,0,7,3232235875,1333.0,1.0,12.0,2.0
52,8,0,7,3232235875,1143.0,1.0,12.0,2.0
36,6,0,7,3232235869,3182.0,10.0,13.0,2.0
36,0,0,7,3232235869,1051.0,6.0,13.0,2.0
36,8,0,7,3232235869,802.0,1.0,13.0,2.0
58,7,0,7,3232235933,834.0,1.0,13.0,2.0
58,6,0,7,3232235933,2653.0,9.0,13.0,2.0
58,0,0,7,3232235933,4172.0,6.0,13.0,2.0
58,8,0,7,3232235933,1455.0,1.0,13.0,2.0
23,7,1,1,3232235907,940.0,1.0,14.0,2.0
23,6,0,1,3232235907,2798.0,9.0,14.0,2.0
23,0,0,1,3232235907,3291.0,10.0,14.0,2.0
23,8,0,1,3232235907,878.0,1.0,14.0,2.0
58,7,0,7,3232235933,1835.0,1.0,14.0,2.0
58,6,0,7,3232235933,3158.0,7.0,14.0,2.0
58,0,0,7,3232235933,1743.0,3.0,15.0,2.0
58,8,0,7,3232235933,40.0,1.0,15.0,2.0
36,7,0,7,3232235869,1844.0,1.0,15.0,2.0
36,6,0,7,3232235869,4746.0,2.0,15.0,2.0
36,0,0,7,3232235869,5352.0,1.0,15.0,2.0
36,8,0,7,3232235869,566.0,1.0,16.0,2.0
86,7,1,0,3232235930,1129.0,1.0,16.0,2.0
86,6,0,0,3232235930,4641.0,5.0,16.0,2.0
86,0,0,0,3232235930,5009.0,9.0,16.0,2.0
86,8,0,0,3232235930,1107.0,1.0,16.0,2.0
60,7,0,1,3232235819,1052.0,1.0,8.0,3.0
60,6,0,1,3232235819,4388.0,1.0,8.0,3.0
60,0,0,1,3232235819,676.0,4.0,8.0,3.0
60,8,0,1,3232235819,755.0,1.0,8.0,3.0
26,7,0,8,3232235885,1450.0,1.0,9.0,3.0
26,6,0,8,3232235885,5988.0,2.0,9.0,3.0
26,0,0,8,3232235885,3865.0,6.0,9.0,3.0
52,7,0,7,3232235875,361.0,1.0,9.0,3.0
52,6,0,7,3232235875,591.0,6.0,9.0,3.0
26,8,0,8,3232235885,1066.0,1.0,9.0,3.0
52,0,0,7,3232235875,5952.0,6.0,9.0,3.0
52,8,0,7,3232235875,1219.0,1.0,9.0,3.0
83,7,0,7,3232235998,1196.0,1.0,12.0,3.0
83,6,0,7,3232235998,984.0,2.0,12.0,3.0
83,0,0,7,3232235998,5950.0,3.0,12.0,3.0
83,8,0,7,3232235998,655.0,1.0,12.0,3.0
40,7,1,0,3232235915,742.0,1.0,16.0,3.0
40,6,0,0,3232235915,75.0,1.0,16.0,3.0
40,0,0,0,3232235915,3991.0,1.0,16.0,3.0
40,8,0,0,3232235915,380.0,1.0,16.0,3.0
33,7,0,1,3232236023,1711.0,1.0,7.0,4.0
33,6,0,1,3232236023,5714.0,7.0,7.0,4.0
33,0,0,1,3232236023,2019.0,2.0,7.0,4.0
33,8,0,1,3232236023,1221.0,1.0,7.0,4.0
83,7,0,7,3232235998,1685.0,1.0,7.0,4.0
83,6,0,7,3232235998,5633.0,4.0,7.0,4.0
83,0,0,7,3232235998,2353.0,6.0,7.0,4.0
83,8,0,7,3232235998,839.0,1.0,7.0,4.0
44,7,0,8,3232236004,1571.0,1.0,9.0,4.0
44,6,0,8,3232236004,2856.0,1.0,9.0,4.0
44,0,0,8,3232236004,3312.0,2.0,9.0,4.0
44,8,0,8,3232236004,824.0,1.0,9.0,4.0
53,7,0,4,3232235894,484.0,1.0,10.0,4.0
53,6,0,4,3232235894,2325.0,8.0,10.0,4.0
53,0,0,4,3232235894,3483.0,4.0,10.0,4.0
53,8,0,4,3232235894,218.0,1.0,10.0,4.0
54,7,0,4,3232235819,1853.0,1.0,11.0,4.0
54,6,0,4,3232235819,3237.0,6.0,11.0,4.0
54,5,0,4,3232235819,565.0,4.0,11.0,4.0
54,2,0,4,3232235819,58.0,6.0,11.0,4.0
54,9,0,4,3232235819,1181.0,2.0,11.0,4.0
54,8,0,4,3232235819,1210.0,1.0,11.0,4.0
21,7,0,7,3232235785,357.0,1.0,11.0,4.0
21,6,0,7,3232235785,1311.0,6.0,11.0,4.0
21,0,0,7,3232235785,1696.0,3.0,11.0,4.0
21,8,0,7,3232235785,278.0,1.0,11.0,4.0
41,7,0,7,3232236027,523.0,1.0,11.0,4.0
41,6,0,7,3232236027,1454.0,2.0,11.0,4.0
41,0,0,7,3232236027,964.0,9.0,11.0,4.0
41,8,0,7,3232236027,961.0,1.0,11.0,4.0
22,7,0,7,3232235833,1883.0,1.0,13.0,4.0
22,6,0,7,3232235833,4036.0,8.0,13.0,4.0
22,0,0,7,3232235833,694.0,2.0,13.0,4.0
22,8,0,7,3232235833,897.0,1.0,13.0,4.0
68,7,0,4,3232235794,445.0,1.0,13.0,4.0
68,6,0,4,3232235794,818.0,2.0,14.0,4.0
68,0,0,4,3232235794,3652.0,10.0,14.0,4.0
68,8,0,4,3232235794,532.0,1.0,14.0,4.0
77,7,0,4,3232235969,748.0,1.0,16.0,4.0
77,6,0,4,3232235969,3842.0,104.0,17.0,4.0
77,0,0,4,3232235969,2349.0,8.0,17.0,4.0
77,8,0,4,3232235969,518.0,1.0,17.0,4.0
75,7,0,1,3232235968,1581.0,1.0,7.0,5.0
75,6,0,1,3232235968,3087.0,2.0,7.0,5.0
75,0,0,1,3232235968,2340.0,3.0,7.0,5.0
75,8,0,1,3232235968,1163.0,1.0,7.0,5.0
36,7,0,7,3232235869,408.0,1.0,7.0,5.0
36,6,0,7,3232235869,2203.0,4.0,7.0,5.0
36,0,0,7,3232235869,3860.0,10.0,7.0,5.0
36,8,0,7,3232235869,1457.0,1.0,7.0,5.0
46,7,0,1,3232235958,604.0,1.0,8.0,5.0
46,6,0,1,3232235958,1307.0,4.0,8.0,5.0
46,0,0,1,3232235958,4886.0,9.0,8.0,5.0
46,8,0,1,3232235958,546.0,1.0,8.0,5.0
26,7,0,8,3232235885,1317.0,1.0,10.0,5.0
26,6,0,8,3232235885,2014.0,1.0,10.0,5.0
26,0,0,8,3232235885,4408.0,1.0,10.0,5.0
26,8,0,8,3232235885,480.0,1.0,10.0,5.0
21,7,0,7,3232235785,1183.0,1.0,13.0,5.0
21,6,0,7,3232235785,3862.0,1.0,13.0,5.0
21,0,0,7,3232235785,3177.0,7.0,13.0,5.0
21,8,0,7,3232235785,736.0,1.0,13.0,5.0
51,7,0,1,3232235999,1179.0,1.0,13.0,5.0
51,6,0,1,3232235999,2676.0,8.0,14.0,5.0
51,0,0,1,3232235999,4691.0,5.0,14.0,5.0
51,8,0,1,3232235999,510.0,1.0,14.0,5.0
67,7,0,4,3232235880,1043.0,1.0,14.0,5.0
67,6,0,4,3232235880,3006.0,2.0,14.0,5.0
67,0,0,4,3232235880,2876.0,1.0,14.0,5.0
67,8,0,4,3232235880,1292.0,1.0,14.0,5.0
77,7,0,4,3232235969,548.0,1.0,16.0,5.0
77,6,0,4,3232235969,1038.0,9.0,16.0,5.0
77,0,0,4,3232235969,4370.0,5.0,16.0,5.0
77,8,0,4,3232235969,1147.0,1.0,16.0,5.0
39,7,0,7,3232235964,964.0,1.0,7.0,6.0
39,6,0,7,3232235964,1994.0,6.0,7.0,6.0
39,0,0,7,3232235964,3694.0,8.0,7.0,6.0
39,8,0,7,3232235964,327.0,1.0,7.0,6.0
56,7,0,1,3232235949,1419.0,1.0,8.0,6.0
56,6,0,1,3232235949,3229.0,10.0,8.0,6.0
56,0,0,1,3232235949,3007.0,7.0,8.0,6.0
56,8,0,1,3232235949,852.0,1.0,8.0,6.0
33,7,1,1,3232236023,1764.0,1.0,9.0,6.0
33,6,0,1,3232236023,5251.0,8.0,9.0,6.0
33,0,0,1,3232236023,2555.0,8.0,9.0,6.0
33,8,0,1,3232236023,1055.0,1.0,9.0,6.0
82,7,0,0,3232235801,1347.0,1.0,9.0,6.0
82,6,0,0,3232235801,3134.0,6.0,9.0,6.0
82,0,0,0,1115312750,5917.0,1.0,9.0,6.0
82,8,0,0,3232235801,949.0,1.0,9.0,6.0
55,7,0,4,3232235868,892.0,1.0,9.0,6.0
55,6,0,4,3232235868,870.0,4.0,9.0,6.0
55,5,0,4,3232235868,2644.0,2.0,9.0,6.0
55,2,0,4,3232235868,6102.0,2.0,9.0,6.0
55,9,1,4,3232235868,4244.0,2.0,9.0,6.0
73,7,0,0,3232235814,1864.0,1.0,9.0,6.0
55,8,0,4,3232235868,1256.0,1.0,9.0,6.0
73,6,0,0,3232235814,5692.0,1.0,9.0,6.0
73,0,0,0,3232235814,4689.0,5.0,9.0,6.0
73,8,0,0,3232235814,1279.0,1.0,9.0,6.0
42,7,0,0,3232235798,575.0,1.0,9.0,6.0
42,6,0,0,3232235798,2917.0,8.0,9.0,6.0
42,0,0,0,3232235798,4750.0,6.0,9.0,6.0
42,8,0,0,3232235798,671.0,1.0,9.0,6.0
34,7,0,4,3232235804,1656.0,1.0,10.0,6.0
34,6,0,4,3232235804,5763.0,9.0,10.0,6.0
34,0,0,4,3232235804,1129.0,2.0,10.0,6.0
34,8,0,4,3232235804,312.0,1.0,10.0,6.0
83,7,0,7,3232235998,594.0,1.0,11.0,6.0
83,6,0,7,3232235998,5729.0,10.0,11.0,6.0
83,0,0,7,3232235998,1347.0,2.0,11.0,6.0
83,8,0,7,3232235998,1140.0,1.0,11.0,6.0
72,7,0,0,3232235879,1638.0,1.0,13.0,6.0
72,6,0,0,3232235879,1471.0,3.0,13.0,6.0
72,0,0,0,3232235879,4901.0,7.0,13.0,6.0
72,8,0,0,3232235879,1283.0,1.0,13.0,6.0
29,7,0,7,3232235972,509.0,1.0,14.0,6.0
29,6,0,7,3232235972,1023.0,9.0,14.0,6.0
73,7,0,0,3232235814,585.0,1.0,14.0,6.0
29,0,0,7,3232235972,4522.0,10.0,14.0,6.0
73,6,0,0,3232235814,3728.0,4.0,14.0,6.0
29,8,0,7,3232235972,1487.0,1.0,14.0,6.0
73,0,0,0,3232235814,2776.0,3.0,14.0,6.0
73,8,0,0,3232235814,265.0,1.0,14.0,6.0
20,7,0,8,3232235886,1328.0,1.0,14.0,6.0
20,6,0,8,3232235886,3043.0,3.0,14.0,6.0
20,0,0,8,3232235886,3527.0,7.0,14.0,6.0
20,8,0,8,3232235886,938.0,1.0,14.0,6.0
41,7,0,7,3232236027,1517.0,1.0,14.0,6.0
41,6,0,7,3232236027,2681.0,10.0,15.0,6.0
41,0,0,7,3232236027,4367.0,145.0,15.0,6.0
41,8,0,7,3232236027,974.0,1.0,15.0,6.0
62,7,0,4,3232236014,688.0,1.0,16.0,6.0
62,6,0,4,3232236014,4570.0,5.0,16.0,6.0
62,0,0,4,3232236014,5611.0,3.0,16.0,6.0
62,8,0,4,3232236014,1013.0,1.0,16.0,6.0
24,7,1,8,3232235784,1148.0,1.0,16.0,6.0
24,6,0,8,3232235784,4579.0,2.0,16.0,6.0
24,0,0,8,3232235784,1180.0,87.0,16.0,6.0
24,8,0,8,3232235784,511.0,1.0,16.0,6.0
79,7,0,8,3232235880,833.0,1.0,16.0,6.0
79,6,0,8,3232235880,5332.0,1.0,16.0,6.0
79,0,0,8,3232235880,767.0,9.0,16.0,6.0
79,8,0,8,3232235880,1287.0,1.0,16.0,6.0
41,7,0,7,3232236027,664.0,1.0,5.0,0.0
76,7,0,8,3232235915,1627.0,1.0,7.0,0.0
41,6,0,7,3232236027,1123.0,9.0,7.0,0.0
37,7,0,4,3232235932,722.0,1.0,7.0,0.0
41,0,0,7,3232236027,2412.0,3.0,7.0,0.0
76,6,0,8,3232235915,4009.0,8.0,7.0,0.0
37,6,0,4,3232235932,1729.0,5.0,7.0,0.0
37,0,0,4,3232235932,5485.0,2.0,7.0,0.0
76,0,0,8,3232235915,2008.0,1.0,7.0,0.0
41,8,0,7,3232236027,917.0,1.0,7.0,0.0
37,8,0,2,3232235932,603.0,1.0,7.0,0.0
76,8,0,8,3232235915,287.0,1.0,7.0,0.0
41,7,0,7,3232236027,860.0,1.0,8.0,0.0
41,6,0,7,3232236027,4448.0,9.0,8.0,0.0
41,0,0,7,3232236027,656.0,9.0,8.0,0.0
41,8,0,7,3232236027,486.0,1.0,8.0,0.0
29,7,0,7,3232235972,720.0,1.0,9.0,0.0
29,6,0,7,3232235972,2966.0,7.0,9.0,0.0
29,0,0,7,3232235972,5920.0,2.0,9.0,0.0
29,8,0,7,3232235972,1265.0,1.0,9.0,0.0
68,7,1,4,3232235794,1199.0,1.0,10.0,0.0
68,6,0,4,3232235794,516.0,6.0,10.0,0.0
68,0,0,4,3232235794,2617.0,10.0,10.0,0.0
68,8,0,4,3232235794,1286.0,1.0,10.0,0.0
57,7,0,4,3232235957,1517.0,1.0,12.0,0.0
57,6,0,4,3232235957,2961.0,6.0,13.0,0.0
57,0,0,4,3232235957,5441.0,4.0,13.0,0.0
57,8,0,4,3232235957,97.0,1.0,13.0,0.0
38,7,1,4,3232235984,589.0,1.0,13.0,0.0
38,6,0,4,3232235984,5849.0,3.0,13.0,0.0
38,0,0,4,3232235984,1675.0,5.0,13.0,0.0
38,8,0,4,3232235984,1212.0,1.0,13.0,0.0
65,7,0,7,3232235836,1418.0,1.0,13.0,0.0
65,6,0,7,3232235836,2951.0,6.0,13.0,0.0
65,0,0,7,3232235836,4600.0,8.0,13.0,0.0
65,8,0,7,3232235836,361.0,1.0,13.0,0.0
40,7,0,0,3232235915,1051.0,1.0,14.0,0.0
40,6,0,0,3232235915,3835.0,6.0,14.0,0.0
40,0,0,0,3232235915,1584.0,6.0,14.0,0.0
40,8,0,0,3232235915,735.0,1.0,14.0,0.0
73,7,0,0,3232235814,934.0,1.0,14.0,0.0
73,6,0,0,3232235814,4056.0,5.0,14.0,0.0
73,0,0,0,3232235814,2378.0,2.0,14.0,0.0
73,8,0,0,3232235814,74.0,1.0,14.0,0.0
50,7,0,7,3232235996,714.0,1.0,15.0,0.0
50,6,0,7,3232235996,2513.0,3.0,15.0,0.0
50,0,0,7,3232235996,1218.0,5.0,15.0,0.0
50,8,0,7,3232235996,706.0,1.0,15.0,0.0
77,7,0,4,3232235969,1719.0,1.0,15.0,0.0
77,6,0,4,3232235969,1553.0,3.0,15.0,0.0
77,0,0,4,3232235969,2722.0,10.0,15.0,0.0
77,8,0,4,3232235969,984.0,1.0,15.0,0.0
70,7,1,8,3232236002,411.0,1.0,2.0,1.0
70,6,0,8,3232236002,1658.0,6.0,8.0,1.0
70,0,0,8,3232236002,1373.0,3.0,8.0,1.0
70,8,0,8,3232236002,435.0,1.0,8.0,1.0
86,7,0,0,3232235930,301.0,1.0,9.0,1.0
86,6,0,0,3232235930,3227.0,3.0,9.0,1.0
86,0,0,0,3232235930,3522.0,5.0,9.0,1.0
86,8,0,0,3232235930,1481.0,1.0,9.0,1.0
56,7,0,1,3232235949,1693.0,1.0,10.0,1.0
56,6,0,1,3232235949,548.0,2.0,10.0,1.0
56,0,0,1,2649817776,1963.0,1.0,10.0,1.0
56,8,0,1,3232235949,804.0,1.0,10.0,1.0
26,7,0,8,1118754444,1779.0,1.0,12.0,1.0
26,6,0,8,3232235885,3306.0,7.0,12.0,1.0
26,0,0,8,3232235885,1582.0,4.0,12.0,1.0
26,8,0,8,3232235885,313.0,1.0,12.0,1.0
32,7,0,4,3232235817,1498.0,1.0,12.0,1.0
32,6,0,4,3232235817,4547.0,9.0,12.0,1.0
32,0,0,4,3232235817,4296.0,4.0,12.0,1.0
32,8,0,4,3232235817,254.0,1.0,12.0,1.0
18,7,0,7,3232235951,1564.0,1.0,12.0,1.0
18,6,0,7,3232235951,2744.0,2.0,12.0,1.0
18,0,0,7,3232235951,1109.0,4.0,13.0,1.0
18,8,0,7,3232235951,528.0,1.0,13.0,1.0
26,7,0,8,3232235885,547.0,1.0,14.0,1.0
44,7,0,8,3232236004,1135.0,1.0,14.0,1.0
26,6,0,8,3232235885,4157.0,3.0,14.0,1.0
26,0,0,8,3232235885,3309.0,9.0,14.0,1.0
26,8,0,8,139445803,1096.0,1.0,14.0,1.0
44,6,0,8,3232236004,81.0,2.0,14.0,1.0
44,0,0,8,3232236004,1559.0,6.0,14.0,1.0
44,8,0,8,3232236004,1390.0,1.0,14.0,1.0
32,7,0,4,3232235817,792.0,1.0,16.0,1.0
32,6,0,4,3232235817,3993.0,5.0,16.0,1.0
32,0,0,4,3232235817,5459.0,6.0,16.0,1.0
19,7,0,8,3232235800,402.0,1.0,16.0,1.0
32,8,0,4,3232235817,1119.0,1.0,16.0,1.0
19,6,0,8,3232235800,598.0,3.0,16.0,1.0
19,0,0,8,3232235800,4974.0,7.0,16.0,1.0
19,8,0,8,3232235800,9.0,1.0,16.0,1.0
56,7,0,1,3232235949,323.0,1.0,1.0,2.0
23,7,0,1,3232235907,1333.0,1.0,7.0,2.0
23,6,0,1,3232235907,2891.0,5.0,7.0,2.0
23,0,0,1,3232235907,1211.0,9.0,7.0,2.0
23,8,0,1,3232235907,817.0,1.0,7.0,2.0
76,7,0,8,3232235915,912.0,1.0,8.0,2.0
76,6,0,8,3232235915,3635.0,3.0,8.0,2.0
76,0,0,3,3232235915,5755.0,3.0,8.0,2.0
76,8,0,8,3232235915,340.0,1.0,8.0,2.0
69,7,0,1,3232236011,451.0,1.0,9.0,2.0
69,6,0,1,3232236011,2991.0,8.0,9.0,2.0
69,0,0,1,3232236011,5317.0,1.0,9.0,2.0
69,8,0,1,3232236011,768.0,1.0,9.0,2.0
32,7,0,4,3232235817,977.0,1.0,9.0,2.0
32,6,0,4,3232235817,3906.0,1.0,9.0,2.0
32,0,0,4,3232235817,2194.0,7.0,9.0,2.0
32,8,0,4,3232235817,997.0,1.0,9.0,2.0
83,7,1,7,3232235998,445.0,1.0,10.0,2.0
83,6,0,7,3232235998,5676.0,7.0,10.0,2.0
83,0,0,7,3232235998,608.0,7.0,10.0,2.0
83,8,0,7,3232235998,1061.0,1.0,10.0,2.0
70,7,0,8,3232236002,1092.0,1.0,10.0,2.0
70,6,0,8,3232236002,785.0,5.0,10.0,2.0
70,0,0,8,3232236002,3954.0,69.0,10.0,2.0
70,8,0,8,3232236002,534.0,1.0,10.0,2.0
73,7,0,0,3232235814,865.0,1.0,10.0,2.0
73,6,0,0,3232235814,3284.0,9.0,10.0,2.0
73,0,0,6,3232235814,2688.0,1.0,10.0,2.0
73,8,0,0,3232235814,779.0,1.0,10.0,2.0
56,6,0,1,3232235949,5587.0,3.0,12.0,2.0
49,7,0,4,3232236030,1086.0,1.0,12.0,2.0
56,0,0,1,3232235949,955.0,9.0,12.0,2.0
49,6,0,4,3232236030,654.0,7.0,12.0,2.0
49,0,0,4,3232236030,3651.0,8.0,12.0,2.0
56,8,0,1,3232235949,574.0,1.0,12.0,2.0
49,8,0,4,3232236030,290.0,1.0,12.0,2.0
81,7,0,1,3232235908,664.0,1.0,12.0,2.0
81,6,0,1,3232235908,52220.0,7.0,12.0,2.0
81,0,0,1,3232235908,3704.0,9.0,12.0,2.0
81,8,0,1,3232235908,1461.0,1.0,12.0,2.0
34,7,0,4,3232235804,1678.0,1.0,13.0,2.0
34,6,0,4,3232235804,4077.0,9.0,13.0,2.0
34,0,0,4,2649861359,3304.0,6.0,13.0,2.0
34,8,0,4,3232235804,242.0,1.0,13.0,2.0
81,7,0,1,3232235908,1323.0,1.0,14.0,2.0
81,6,0,1,3232235908,3965.0,8.0,14.0,2.0
81,0,0,1,3232235908,5720.0,8.0,14.0,2.0
81,8,0,1,3232235908,799.0,1.0,14.0,2.0
26,7,0,8,3232235885,1166.0,1.0,14.0,2.0
26,6,0,8,3232235885,3996.0,5.0,14.0,2.0
26,0,0,8,3232235885,2975.0,66.0,14.0,2.0
33,7,0,1,3232236023,960.0,1.0,14.0,2.0
33,6,0,1,3232236023,3110.0,8.0,14.0,2.0
33,0,0,1,3232236023,4649.0,7.0,14.0,2.0
33,8,0,1,3232236023,768.0,1.0,14.0,2.0
26,8,0,8,3232235885,1291.0,1.0,14.0,2.0
53,7,1,4,3232235894,1035.0,1.0,15.0,2.0
53,6,0,4,3232235894,2918.0,1.0,15.0,2.0
53,0,0,4,3232235894,5892.0,7.0,15.0,2.0
53,8,0,4,3232235894,7620.0,1.0,15.0,2.0
58,7,0,7,3232235933,588.0,1.0,16.0,2.0
58,6,0,7,3232235933,3622.0,3.0,16.0,2.0
58,0,0,7,3232235933,5269.0,9.0,16.0,2.0
58,8,0,7,3232235933,973.0,1.0,16.0,2.0
47,7,0,3,3232235789,1018.0,1.0,16.0,2.0
47,6,0,7,3232235789,723.0,7.0,16.0,2.0
47,0,0,7,3232235789,816.0,8.0,16.0,2.0
47,8,0,7,3232235789,377.0,1.0,16.0,2.0
44,7,0,8,3232236004,510.0,1.0,6.0,3.0
30,7,0,1,3232235956,1357.0,1.0,6.0,3.0
30,6,0,1,3232235956,3774.0,1.0,7.0,3.0
30,0,0,1,3232235956,3226.0,95.0,7.0,3.0
30,8,0,1,3232235956,895.0,1.0,7.0,3.0
81,7,0,1,3232235908,1765.0,1.0,8.0,3.0
81,6,0,1,3232235908,4092.0,8.0,8.0,3.0
81,0,0,1,3232235908,989.0,5.0,8.0,3.0
81,8,0,1,3232235908,1015.0,1.0,8.0,3.0
56,7,0,1,3232235949,1774.0,1.0,8.0,3.0
56,6,0,1,3232235949,1223.0,4.0,8.0,3.0
56,0,0,1,3232235949,4869.0,5.0,8.0,3.0
56,8,0,1,3232235949,451.0,1.0,8.0,3.0
23,7,0,1,3232235907,1332.0,167.0,9.0,3.0
23,6,0,1,3232235907,1725.0,10.0,9.0,3.0
23,0,0,1,3232235907,1288.0,3.0,9.0,3.0
23,8,0,1,3232235907,1174.0,1.0,9.0,3.0
52,7,0,7,3232235875,1832.0,1.0,9.0,3.0
52,6,0,7,3232235875,5555.0,10.0,9.0,3.0
52,0,0,7,3232235875,4538.0,7.0,9.0,3.0
52,8,0,7,3232235875,726.0,1.0,9.0,3.0
51,7,0,1,3232235999,1274.0,1.0,10.0,3.0
42,7,0,0,3232235798,1967.0,1.0,10.0,3.0
51,6,0,1,3232235999,2092.0,2.0,10.0,3.0
51,0,0,1,3232235999,1128.0,6.0,10.0,3.0
42,6,0,0,3232235798,3054.0,8.0,10.0,3.0
42,0,0,0,3232235798,5868.0,3.0,10.0,3.0
42,8,0,0,3232235798,1233.0,1.0,10.0,3.0
51,8,0,1,3232235999,534.0,1.0,10.0,3.0
58,7,0,7,3232235933,1848.0,1.0,11.0,3.0
58,6,0,7,3232235933,593.0,4.0,11.0,3.0
58,0,0,7,3232235933,5612.0,6.0,11.0,3.0
58,8,0,7,3232235933,692.0,1.0,11.0,3.0
44,6,0,8,3232236004,5479.0,2.0,12.0,3.0
44,0,0,8,3232236004,5201.0,7.0,12.0,3.0
44,8,0,5,3232236004,1091.0,1.0,12.0,3.0
65,7,0,7,3232235836,970.0,1.0,13.0,3.0
65,6,0,7,3232235836,603.0,1.0,13.0,3.0
65,0,0,7,3232235836,35.0,4.0,13.0,3.0
65,8,0,7,3232235836,648.0,1.0,13.0,3.0
26,7,0,8,3232235885,680.0,1.0,13.0,3.0
26,6,0,8,3232235885,3340.0,2.0,13.0,3.0
26,0,0,8,3232235885,1329.0,7.0,13.0,3.0
26,8,0,8,3232235885,794.0,1.0,13.0,3.0
21,7,0,7,3232235785,1981.0,1.0,14.0,3.0
21,6,0,7,3232235785,831.0,8.0,14.0,3.0
21,0,0,7,3232235785,1055.0,6.0,14.0,3.0
21,8,0,7,3232235785,878.0,1.0,14.0,3.0
76,7,0,8,3232235915,794.0,1.0,1.0,4.0
1,7,0,7,3232235784,749.0,1.0,7.0,4.0
1,1,0,7,3232235784,1702.0,5.0,7.0,4.0
1,4,0,7,3232235784,3358.0,7.0,7.0,4.0
1,3,0,7,3232235784,4784.0,4.0,7.0,4.0
1,8,0,7,3232235784,762.0,1.0,7.0,4.0
33,7,0,1,3232236023,1466.0,1.0,8.0,4.0
33,6,0,1,3232236023,5776.0,1.0,8.0,4.0
33,0,0,1,3232236023,3758.0,10.0,8.0,4.0
33,8,0,1,3232236023,1077.0,1.0,8.0,4.0
26,7,0,8,3232235885,512.0,1.0,8.0,4.0
26,6,0,8,3232235885,4202.0,4.0,8.0,4.0
26,0,0,8,3232235885,4860.0,4.0,8.0,4.0
26,8,0,8,3232235885,385.0,1.0,8.0,4.0
49,7,0,4,3232236030,1210.0,1.0,10.0,4.0
49,6,0,4,3232236030,2149.0,7.0,10.0,4.0
49,0,0,4,3232236030,1477.0,1.0,10.0,4.0
49,8,0,4,3232236030,1312.0,1.0,10.0,4.0
82,7,0,0,3232235801,381.0,1.0,11.0,4.0
82,6,0,0,3232235801,1248.0,8.0,11.0,4.0
82,0,0,0,3232235801,1135.0,4.0,11.0,4.0
82,8,0,0,3232235801,269.0,1.0,11.0,4.0
28,7,0,6,3232235849,1040.0,1.0,12.0,4.0
28,6,0,8,3232235849,836.0,2.0,12.0,4.0
28,0,0,8,3232235849,2772.0,2.0,12.0,4.0
28,8,0,8,3232235849,1323.0,1.0,12.0,4.0
1,7,0,7,3232235784,407.0,1.0,15.0,4.0
1,1,0,7,3232235784,1229.0,5.0,15.0,4.0
1,4,0,7,3232235784,8045.0,3.0,15.0,4.0
76,6,0,8,3232235915,5222.0,4.0,15.0,4.0
1,3,0,7,3232235784,4201.0,2.0,15.0,4.0
76,0,0,8,3232235915,1518.0,8.0,15.0,4.0
76,8,0,8,3232235915,1447.0,1.0,15.0,4.0
1,8,0,7,3232235784,1461.0,1.0,15.0,4.0
77,7,0,4,3232235969,484.0,1.0,15.0,4.0
77,6,0,4,3232235969,61.0,10.0,15.0,4.0
77,0,0,4,3232235969,2026.0,7.0,15.0,4.0
77,8,0,4,3232235969,1491.0,1.0,15.0,4.0
45,7,0,4,3232235925,1336.0,1.0,15.0,4.0
45,6,0,4,3232235925,5435.0,1.0,15.0,4.0
45,0,0,4,3232235925,4754.0,8.0,15.0,4.0
45,8,0,4,3232235925,1261.0,1.0,15.0,4.0
44,7,0,8,3232236004,782.0,1.0,16.0,4.0
44,6,0,8,3232236004,2948.0,2.0,16.0,4.0
44,0,0,8,3232236004,3734.0,1.0,16.0,4.0
44,8,0,8,3232236004,1228.0,1.0,16.0,4.0
1,7,0,7,3232235784,830.0,1.0,1.0,5.0
1,1,0,7,3232235784,3175.0,5.0,7.0,5.0
1,4,0,7,3232235784,8499.0,4.0,7.0,5.0
1,3,0,7,3232235784,6810.0,10.0,7.0,5.0
1,8,0,7,3232235784,512.0,1.0,7.0,5.0
41,7,0,7,3232236027,875.0,1.0,8.0,5.0
41,6,0,7,3232236027,3418.0,2.0,8.0,5.0
41,0,0,7,3232236027,4059.0,4.0,8.0,5.0
41,8,0,7,3232236027,506.0,1.0,8.0,5.0
70,7,0,8,3232236002,429.0,1.0,9.0,5.0
70,6,0,8,3232236002,1094.0,6.0,9.0,5.0
70,0,0,8,3232236002,4619.0,2.0,9.0,5.0
70,8,0,8,3232236002,793.0,1.0,9.0,5.0
57,7,0,4,3232235957,658.0,1.0,11.0,5.0
57,6,0,4,3232235957,2749.0,8.0,11.0,5.0
57,0,0,4,3232235957,3845.0,5.0,11.0,5.0
57,8,0,4,3232235957,1407.0,1.0,11.0,5.0
29,7,0,7,3232235972,329.0,1.0,12.0,5.0
29,6,0,7,3232235972,1152.0,6.0,12.0,5.0
29,0,0,7,3232235972,5798.0,4.0,13.0,5.0
29,8,0,7,3232235972,1182.0,1.0,13.0,5.0
45,7,0,4,3232235925,758.0,1.0,15.0,5.0
45,6,0,4,3232235925,2513.0,9.0,15.0,5.0
45,0,0,4,3232235925,2103.0,187.0,15.0,5.0
45,8,0,4,3232235925,1279.0,1.0,15.0,5.0
21,7,0,7,3232235785,872.0,1.0,16.0,5.0
21,6,0,7,3232235785,4524.0,1.0,16.0,5.0
21,0,0,7,3232235785,1193.0,5.0,16.0,5.0
21,8,0,7,3232235785,358.0,1.0,16.0,5.0
19,7,0,8,3232235800,533.0,1.0,1.0,6.0
69,7,1,1,3232236011,1821.0,1.0,1.0,6.0
59,7,0,1,3232235914,1486.0,1.0,2.0,6.0
34,7,0,4,3232235804,800.0,1.0,8.0,6.0
34,6,0,4,3232235804,4059.0,2.0,8.0,6.0
34,0,0,4,3232235804,4214.0,10.0,8.0,6.0
34,8,0,4,3232235804,1446.0,1.0,8.0,6.0
19,6,0,8,3232235800,4663.0,8.0,9.0,6.0
19,0,0,8,3232235800,70.0,6.0,9.0,6.0
19,8,0,8,3232235800,381.0,1.0,9.0,6.0
1,7,0,7,3232235784,1171.0,1.0,10.0,6.0
1,1,0,7,3232235784,15944.0,4.0,10.0,6.0
1,4,0,7,3232235784,2813.0,10.0,10.0,6.0
1,3,0,7,3232235784,3623.0,7.0,10.0,6.0
1,8,0,7,3232235784,253.0,1.0,10.0,6.0
20,7,0,8,3232235886,1293.0,1.0,11.0,6.0
20,6,0,8,3232235886,1499.0,6.0,11.0,6.0
20,0,0,8,764603779,3965.0,8.0,11.0,6.0
20,8,0,8,3232235886,535.0,1.0,11.0,6.0
47,7,1,7,3232235789,1833.0,1.0,11.0,6.0
47,6,0,7,3232235789,5318.0,2.0,11.0,6.0
47,0,0,7,3232235789,2571.0,3.0,11.0,6.0
47,8,0,7,3232235789,520.0,1.0,11.0,6.0
1,7,0,7,3232235784,1058.0,1.0,13.0,6.0
1,1,0,7,3232235784,3734.0,3.0,13.0,6.0
1,4,0,7,3232235784,8503.0,4.0,13.0,6.0
1,3,0,7,3232235784,3281.0,10.0,13.0,6.0
1,8,0,7,3232235784,1176.0,1.0,13.0,6.0
25,7,0,8,3232235828,435.0,1.0,14.0,6.0
25,6,0,8,3232235828,4503.0,10.0,14.0,6.0
59,6,0,1,3232235914,5516.0,2.0,14.0,6.0
25,0,0,8,3232235828,2301.0,6.0,14.0,6.0
59,0,0,1,3232235914,4050.0,8.0,14.0,6.0
59,8,0,1,3232235914,1360.0,1.0,14.0,6.0
25,8,0,8,3232235828,574.0,1.0,14.0,6.0
84,7,0,7,3232235817,980.0,1.0,15.0,6.0
84,1,0,7,3232235817,1048.0,5.0,15.0,6.0
84,4,0,7,3232235817,5079.0,7.0,15.0,6.0
84,3,0,7,3232235817,3269.0,6.0,15.0,6.0
84,8,0,7,3232235817,551.0,1.0,15.0,6.0
69,6,0,1,3232236011,1399.0,6.0,16.0,6.0
69,0,0,1,3232236011,3488.0,7.0,16.0,6.0
69,8,0,1,3232236011,1052.0,1.0,16.0,6.0
75,7,0,1,3232235968,1735.0,1.0,6.0,0.0
36,7,0,7,3232235869,418.0,1.0,7.0,0.0
36,6,0,7,3232235869,3934.0,7.0,7.0,0.0
36,0,0,7,3232235869,5035.0,5.0,7.0,0.0
36,8,0,7,3232235869,842.0,1.0,7.0,0.0
19,7,0,8,3232235800,1306.0,1.0,8.0,0.0
19,6,0,8,3232235800,4828.0,9.0,8.0,0.0
19,0,0,8,3232235800,5567.0,3.0,8.0,0.0
19,8,0,8,3232235800,348.0,1.0,8.0,0.0
75,6,0,1,3232235968,3052.0,10.0,9.0,0.0
75,0,0,1,3232235968,902.0,9.0,9.0,0.0
75,8,0,1,3232235968,781.0,1.0,9.0,0.0
64,7,0,4,3232235993,730.0,1.0,11.0,0.0
64,6,0,4,3232235993,4095.0,6.0,11.0,0.0
64,0,0,4,3232235993,5779.0,7.0,11.0,0.0
64,8,0,4,3232235993,269.0,1.0,11.0,0.0
30,7,0,1,3232235956,1884.0,1.0,12.0,0.0
30,6,0,1,3232235956,5623.0,3.0,12.0,0.0
30,0,0,1,3232235956,1550.0,8.0,12.0,0.0
30,8,0,1,3232235956,1120.0,1.0,12.0,0.0
43,7,0,8,3232235853,834.0,1.0,12.0,0.0
43,6,0,8,3232235853,5231.0,8.0,12.0,0.0
43,0,0,8,3232235853,5507.0,2.0,12.0,0.0
35,7,0,7,3232235875,1055.0,1.0,12.0,0.0
43,8,0,8,3232235853,569.0,1.0,12.0,0.0
35,6,0,7,3232235875,1683.0,8.0,12.0,0.0
35,0,0,7,3232235875,1999.0,5.0,12.0,0.0
35,8,0,7,3232235875,847.0,1.0,12.0,0.0
55,7,1,4,3232235868,1152.0,1.0,13.0,0.0
55,6,0,4,3232235868,3819.0,3.0,13.0,0.0
55,5,0,4,3232235868,6963.0,105.0,13.0,0.0
55,2,1,4,3232235868,9254.0,4.0,13.0,0.0
55,9,0,4,3232235868,6463.0,4.0,13.0,0.0
55,8,0,4,3232235868,680.0,1.0,13.0,0.0
74,7,0,4,3232235813,977.0,1.0,13.0,0.0
74,6,0,4,3232235813,5644.0,8.0,13.0,0.0
74,0,0,4,3232235813,518.0,9.0,13.0,0.0
74,8,0,4,3232235813,1081.0,1.0,13.0,0.0
43,7,0,8,3232235853,1854.0,1.0,15.0,0.0
43,6,0,8,3232235853,5634.0,9.0,15.0,0.0
43,0,0,8,3232235853,3890.0,6.0,16.0,0.0
43,8,0,8,3232235853,978.0,1.0,16.0,0.0
29,7,0,7,3232235972,1608.0,1.0,16.0,0.0
29,6,0,7,3232235972,4189.0,10.0,16.0,0.0
29,0,0,7,3232235972,4156.0,9.0,16.0,0.0
29,8,0,7,3232235972,309.0,1.0,16.0,0.0
21,7,1,7,3232235785,772.0,1.0,0.0,1.0
43,7,0,8,3232235853,1070.0,1.0,5.0,1.0
43,6,0,8,3232235853,2646.0,6.0,9.0,1.0
43,0,0,8,3232235853,931.0,10.0,9.0,1.0
43,8,0,8,3232235853,1403.0,1.0,9.0,1.0
21,6,0,7,3232235785,4243.0,8.0,10.0,1.0
21,0,0,7,3232235785,3415.0,7.0,10.0,1.0
21,8,0,7,3232235785,1397.0,1.0,10.0,1.0
35,7,0,7,3232235875,1146.0,1.0,11.0,1.0
35,6,0,7,3232235875,5029.0,4.0,11.0,1.0
35,0,0,7,3232235875,611.0,1.0,11.0,1.0
35,8,0,7,3232235875,1.0,1.0,11.0,1.0
86,7,0,0,3232235930,1201.0,1.0,11.0,1.0
86,6,0,0,3232235930,3915.0,3.0,11.0,1.0
86,0,0,0,3232235930,1682.0,9.0,11.0,1.0
86,8,0,0,3232235930,460.0,1.0,11.0,1.0
41,7,1,7,3232236027,1030.0,1.0,14.0,1.0
41,6,0,7,3232236027,1922.0,1.0,14.0,1.0
41,0,0,7,3232236027,3794.0,6.0,14.0,1.0
41,8,0,7,3232236027,224.0,1.0,14.0,1.0
31,7,0,0,3232235865,900.0,1.0,15.0,1.0
31,6,0,0,3232235865,4413.0,5.0,15.0,1.0
31,0,0,0,1914385535,1264.0,4.0,15.0,1.0
31,8,0,0,3232235865,892.0,1.0,15.0,1.0
71,7,1,4,3232235832,1871.0,1.0,15.0,1.0
71,6,0,4,3232235832,4843.0,6.0,15.0,1.0
71,0,0,4,3232235832,3313.0,8.0,15.0,1.0
71,8,0,4,3232235832,381.0,1.0,15.0,1.0
71,7,0,4,3232235832,946.0,1.0,15.0,1.0
71,6,0,4,3232235832,2619.0,8.0,15.0,1.0
71,0,0,4,3232235832,2830.0,4.0,15.0,1.0
71,8,0,4,3232235832,1425.0,1.0,15.0,1.0
78,7,0,8,3232235887,433.0,1.0,16.0,1.0
78,6,0,8,3232235887,4294.0,10.0,16.0,1.0
78,0,0,8,3232235887,4096.0,2.0,16.0,1.0
78,8,0,8,3232235887,1049.0,1.0,16.0,1.0
6,7,0,4,3232235840,1006.0,1.0,0.0,2.0
28,7,0,8,3232235849,949.0,1.0,3.0,2.0
84,7,1,7,3232235817,327.0,1.0,7.0,2.0
84,1,0,7,3232235817,1172.0,3.0,7.0,2.0
84,4,0,7,3232235817,4550.0,7.0,7.0,2.0
84,3,0,7,3232235817,1295.0,10.0,7.0,2.0
84,8,0,7,3232235817,988.0,1.0,7.0,2.0
66,7,0,7,3232235984,493.0,1.0,7.0,2.0
36,7,0,7,3232235869,1264.0,1.0,7.0,2.0
36,6,0,7,3232235869,2248.0,9.0,7.0,2.0
66,6,0,7,3232235984,2157.0,5.0,7.0,2.0
36,0,0,7,3232235869,4726.0,1.0,7.0,2.0
66,0,0,7,3232235984,80.0,5.0,7.0,2.0
36,8,0,7,3232235869,441.0,1.0,7.0,2.0
66,8,0,7,3232235984,621.0,1.0,7.0,2.0
66,7,0,7,3232235984,969.0,1.0,7.0,2.0
66,6,0,7,3232235984,4471.0,8.0,7.0,2.0
66,0,0,7,3232235984,1058.0,2.0,7.0,2.0
66,8,0,7,3232235984,1323.0,1.0,7.0,2.0
32,7,0,4,3232235817,685.0,1.0,7.0,2.0
32,6,0,4,3232235817,5415.0,9.0,7.0,2.0
32,0,0,4,3232235817,4333.0,4.0,7.0,2.0
32,8,0,4,3232235817,794.0,1.0,7.0,2.0
6,6,0,4,3232235840,5499.0,10.0,8.0,2.0
6,5,0,4,3232235840,5421.0,3.0,8.0,2.0
6,2,0,4,3232235840,11133.0,10.0,8.0,2.0
6,9,0,4,3232235840,9981.0,4.0,8.0,2.0
6,8,0,4,3232235840,641.0,1.0,8.0,2.0
57,7,1,4,3232235957,1239.0,1.0,8.0,2.0
57,6,0,4,3232235957,42328.0,1.0,8.0,2.0
57,0,0,4,3232235957,3647.0,3.0,9.0,2.0
57,8,0,4,3232235957,1221.0,1.0,9.0,2.0
77,7,0,4,3232235969,876.0,1.0,9.0,2.0
77,6,0,4,3232235969,887.0,4.0,9.0,2.0
77,0,0,4,3232235969,4447.0,7.0,9.0,2.0
77,8,0,4,3232235969,926.0,1.0,9.0,2.0
82,7,0,0,3232235801,1342.0,1.0,9.0,2.0
82,6,0,0,3232235801,5290.0,6.0,9.0,2.0
82,0,0,0,3232235801,5405.0,2.0,9.0,2.0
82,8,0,0,3232235801,552.0,1.0,9.0,2.0
56,7,0,1,3232235949,48.0,1.0,10.0,2.0
56,6,0,1,3232235949,5062.0,1.0,10.0,2.0
56,0,0,1,3232235949,926.0,6.0,10.0,2.0
23,7,0,1,3232235907,961.0,1.0,10.0,2.0
56,8,0,1,3232235949,680.0,1.0,10.0,2.0
23,6,0,1,3232235907,3266.0,9.0,10.0,2.0
23,0,0,1,3232235907,5234.0,3.0,11.0,2.0
23,8,0,1,3232235907,1359.0,1.0,11.0,2.0
66,7,0,7,3232235984,746.0,1.0,14.0,2.0
66,6,0,7,3232235984,985.0,1.0,14.0,2.0
66,0,0,7,3232235984,4539.0,2.0,14.0,2.0
66,8,0,7,3232235984,851.0,1.0,14.0,2.0
28,6,0,8,3232235849,5450.0,8.0,14.0,2.0
28,0,0,8,3232235849,2241.0,8.0,14.0,2.0
28,8,0,8,3232235849,434.0,1.0,14.0,2.0
65,7,0,7,3232235836,892.0,1.0,16.0,2.0
65,6,0,7,3232235836,845.0,5.0,16.0,2.0
65,0,0,7,3232235836,2467.0,1.0,16.0,2.0
65,8,0,7,3232235836,325.0,1.0,16.0,2.0
75,7,1,1,3232235968,586.0,1.0,16.0,2.0
75,6,0,1,3232235968,2356.0,9.0,16.0,2.0
75,0,0,1,3232235968,5811.0,6.0,16.0,2.0
75,8,0,1,3232235968,1274.0,1.0,16.0,2.0
22,7,0,7,1920616194,799.0,1.0,16.0,2.0
22,6,0,7,3232235833,1952.0,9.0,16.0,2.0
22,0,0,7,3232235833,2194.0,9.0,16.0,2.0
22,8,0,7,3232235833,1448.0,1.0,16.0,2.0
55,7,0,4,3232235868,911.0,1.0,1.0,3.0
85,7,0,1,3232235980,1899.0,1.0,2.0,3.0
44,7,0,8,3232236004,675.0,1.0,7.0,3.0
44,6,0,8,3232236004,1929.0,9.0,7.0,3.0
44,0,0,6,3232236004,4340.0,9.0,7.0,3.0
44,8,0,8,3232236004,655.0,1.0,7.0,3.0
52,7,1,7,3232235875,453.0,1.0,8.0,3.0
52,6,0,7,3232235875,3950.0,5.0,8.0,3.0
52,0,0,7,3232235875,2185.0,5.0,8.0,3.0
52,8,0,7,3232235875,553.0,1.0,8.0,3.0
63,7,0,8,3232235834,1014.0,1.0,8.0,3.0
63,6,0,8,3232235834,4337.0,9.0,8.0,3.0
63,0,0,8,3232235834,4308.0,2.0,8.0,3.0
63,8,0,8,3232235834,375.0,1.0,8.0,3.0
55,6,0,4,3232235868,4541.0,2.0,8.0,3.0
55,5,0,4,2636760434,3563.0,10.0,8.0,3.0
29,7,0,7,3232235972,833.0,1.0,8.0,3.0
55,2,0,4,3232235868,3183.0,1.0,8.0,3.0
29,6,0,7,3232235972,2677.0,10.0,8.0,3.0
29,0,0,7,3232235972,893.0,5.0,8.0,3.0
55,9,0,4,3232235868,4670.0,1.0,8.0,3.0
55,8,0,4,3232235868,221.0,1.0,8.0,3.0
29,8,0,7,3232235972,657.0,1.0,8.0,3.0
45,7,0,4,3232235925,684.0,1.0,8.0,3.0
45,6,0,4,3232235925,4282.0,5.0,8.0,3.0
45,0,0,4,3232235925,3481.0,10.0,8.0,3.0
45,8,0,4,3232235925,1404.0,1.0,8.0,3.0
21,7,0,7,3232235785,1240.0,1.0,10.0,3.0
21,6,0,7,3232235785,2230.0,3.0,11.0,3.0
21,0,0,7,3232235785,2781.0,8.0,11.0,3.0
21,8,0,7,3232235785,563.0,1.0,11.0,3.0
31,7,0,0,3232235865,306.0,1.0,12.0,3.0
31,6,0,0,3232235865,2782.0,1.0,12.0,3.0
31,0,0,0,3232235865,5789.0,1.0,12.0,3.0
31,8,0,0,3232235865,1488.0,1.0,12.0,3.0
83,7,0,7,3232235998,1186.0,1.0,13.0,3.0
83,6,0,7,3232235998,1018.0,7.0,13.0,3.0
83,0,0,7,3232235998,4252.0,7.0,13.0,3.0
83,8,0,7,3232235998,938.0,1.0,13.0,3.0
8,7,0,1,3232235813,574.0,1.0,13.0,3.0
8,6,0,1,3232235813,5858.0,6.0,13.0,3.0
8,0,0,1,3232235813,5191.0,3.0,13.0,3.0
46,7,0,1,3232235958,1201.0,1.0,13.0,3.0
8,8,0,1,3232235813,509.0,1.0,13.0,3.0
46,6,0,1,3232235958,3393.0,5.0,13.0,3.0
46,0,0,1,3232235958,992.0,3.0,13.0,3.0
46,8,0,1,3232235958,1148.0,1.0,13.0,3.0
54,7,0,4,3232235819,1125.0,1.0,15.0,3.0
54,6,0,4,608602677,5808.0,5.0,15.0,3.0
54,5,0,4,3232235819,1137.0,2.0,15.0,3.0
54,2,0,3,3232235819,4968.0,6.0,15.0,3.0
54,9,0,4,3232235819,1252.0,8.0,15.0,3.0
54,8,0,4,3232235819,1089.0,1.0,15.0,3.0
85,6,0,1,3232235980,601.0,5.0,16.0,3.0
85,5,0,1,3232235980,1494.0,4.0,16.0,3.0
85,2,0,1,3232235980,5674.0,9.0,16.0,3.0
85,9,0,1,3232235980,3828.0,1.0,16.0,3.0
85,8,0,1,3232235980,1271.0,1.0,16.0,3.0
49,7,1,4,3232236030,1632.0,1.0,16.0,3.0
49,6,0,4,3232236030,1523.0,7.0,17.0,3.0
49,0,0,4,3232236030,3527.0,7.0,17.0,3.0
49,8,0,4,3232236030,522.0,1.0,17.0,3.0
40,7,0,0,3232235915,1258.0,1.0,3.0,4.0
32,7,0,4,3232235817,1889.0,1.0,6.0,4.0
39,7,0,7,3232235964,1599.0,1.0,7.0,4.0
39,6,0,7,3232235964,3168.0,8.0,7.0,4.0
39,0,0,7,3232235964,2970.0,5.0,7.0,4.0
39,8,0,7,3232235964,1076.0,1.0,7.0,4.0
44,7,0,8,3232236004,336.0,1.0,7.0,4.0
44,6,0,8,3232236004,1244.0,1.0,7.0,4.0
44,0,0,8,3232236004,3615.0,7.0,7.0,4.0
44,8,0,8,3232236004,1275.0,1.0,7.0,4.0
57,7,0,4,3232235957,1394.0,1.0,8.0,4.0
57,6,0,4,3232235957,1159.0,8.0,8.0,4.0
32,6,0,4,3232235817,1216.0,1.0,8.0,4.0
57,0,0,4,1918984114,2875.0,4.0,8.0,4.0
57,8,0,4,3232235957,561.0,1.0,8.0,4.0
32,0,0,4,3232235817,5043.0,5.0,8.0,4.0
32,8,0,4,3232235817,203.0,1.0,8.0,4.0
60,7,0,1,3232235819,1895.0,1.0,10.0,4.0
60,6,0,1,3232235819,1696.0,1.0,10.0,4.0
60,0,0,1,3232235819,4834.0,4.0,10.0,4.0
60,8,0,1,3232235819,1493.0,1.0,10.0,4.0
28,7,0,8,3232235849,661.0,1.0,10.0,4.0
28,6,0,8,3232235849,3033.0,5.0,10.0,4.0
28,0,0,8,3232235849,1843.0,7.0,10.0,4.0
28,8,0,8,3232235849,1096.0,1.0,10.0,4.0
56,7,0,1,3232235949,1685.0,1.0,11.0,4.0
56,6,0,1,3232235949,2366.0,10.0,11.0,4.0
56,0,0,1,3232235949,5445.0,5.0,11.0,4.0
56,8,0,1,3232235949,1459.0,1.0,11.0,4.0
64,7,0,4,3232235993,1669.0,1.0,11.0,4.0
64,6,0,4,3232235993,2748.0,6.0,11.0,4.0
64,0,0,4,3232235993,2058.0,10.0,11.0,4.0
64,8,0,4,3232235993,329.0,1.0,11.0,4.0
24,7,0,8,3232235784,511.0,1.0,11.0,4.0
24,6,0,8,3232235784,994.0,10.0,11.0,4.0
24,0,0,8,3232235784,4247.0,93.0,11.0,4.0
24,8,0,8,3232235784,821.0,1.0,11.0,4.0
57,7,0,4,3232235957,791.0,1.0,11.0,4.0
57,6,0,4,3232235957,3536.0,10.0,11.0,4.0
57,0,0,4,3232235957,4368.0,5.0,11.0,4.0
57,8,0,4,3232235957,1004.0,1.0,11.0,4.0
40,6,0,0,3232235915,1615.0,5.0,12.0,4.0
40,0,0,3,3232235915,502.0,2.0,12.0,4.0
40,8,0,0,3232235915,714.0,1.0,12.0,4.0
25,7,0,8,3232235828,1418.0,1.0,12.0,4.0
25,6,0,8,3232235828,970.0,8.0,12.0,4.0
25,0,0,8,3232235828,5654.0,10.0,12.0,4.0
25,8,0,8,3232235828,555.0,1.0,12.0,4.0
1,7,0,7,768221896,1020.0,1.0,12.0,4.0
1,1,0,7,3232235784,540.0,2.0,12.0,4.0
1,4,0,7,3232235784,5164.0,1.0,12.0,4.0
1,3,0,7,3232235784,3002.0,2.0,12.0,4.0
1,8,0,7,3232235784,1209.0,1.0,12.0,4.0
37,7,0,4,3232235932,871.0,1.0,14.0,4.0
37,6,0,4,3232235932,3475.0,2.0,14.0,4.0
37,0,0,3,3232235932,5941.0,6.0,14.0,4.0
37,8,0,4,3232235932,1228.0,1.0,14.0,4.0
24,7,0,8,3232235784,682.0,1.0,15.0,4.0
24,6,0,8,3232235784,1071.0,7.0,15.0,4.0
24,0,0,8,3232235784,1834.0,10.0,15.0,4.0
24,8,0,8,3232235784,230.0,1.0,15.0,4.0
52,7,0,7,3232235875,1335.0,1.0,6.0,5.0
74,7,0,4,3232235813,1620.0,1.0,7.0,5.0
74,6,0,4,3232235813,1068.0,8.0,7.0,5.0
74,0,0,4,3232235813,1279.0,7.0,7.0,5.0
74,8,0,4,3232235813,816.0,1.0,7.0,5.0
68,7,0,4,3232235794,1235.0,1.0,8.0,5.0
68,6,0,4,3232235794,659.0,4.0,8.0,5.0
68,0,0,4,3232235794,2208.0,5.0,8.0,5.0
68,8,0,4,3232235794,803.0,1.0,8.0,5.0
68,7,0,4,3232235794,979.0,1.0,8.0,5.0
68,6,0,4,3232235794,3455.0,5.0,8.0,5.0
68,0,0,4,3232235794,2289.0,10.0,8.0,5.0
68,8,0,4,3232235794,1286.0,1.0,8.0,5.0
64,7,1,4,612866008,716.0,1.0,8.0,5.0
64,6,0,4,3232235993,3428.0,7.0,8.0,5.0
64,0,0,4,3232235993,2898.0,2.0,8.0,5.0
64,8,0,4,3232235993,1342.0,1.0,8.0,5.0
50,7,0,7,3232235996,377.0,1.0,10.0,5.0
50,6,0,6,3232235996,3209.0,3.0,10.0,5.0
50,0,0,7,3232235996,1275.0,6.0,10.0,5.0
50,8,0,7,3232235996,380.0,1.0,10.0,5.0
34,7,0,4,3232235804,1300.0,1.0,11.0,5.0
34,6,0,4,3232235804,5383.0,3.0,11.0,5.0
34,0,0,4,3232235804,5847.0,7.0,11.0,5.0
34,8,0,4,3232235804,383.0,1.0,11.0,5.0
23,7,0,1,3232235907,1272.0,1.0,13.0,5.0
23,6,0,1,3232235907,4771.0,7.0,13.0,5.0
23,0,0,1,3232235907,2238.0,3.0,13.0,5.0
23,8,0,1,3232235907,1337.0,1.0,13.0,5.0
18,7,0,7,3232235951,1226.0,1.0,14.0,5.0
18,6,0,7,3232235951,3062.0,4.0,14.0,5.0
18,0,0,7,3232235951,3728.0,5.0,14.0,5.0
18,8,0,7,3232235951,750.0,1.0,14.0,5.0
52,6,0,7,3232235875,3045.0,5.0,15.0,5.0
52,0,0,7,3232235875,3770.0,7.0,15.0,5.0
52,8,0,7,3232235875,1003.0,1.0,15.0,5.0
19,7,0,8,3232235800,1577.0,1.0,2.0,6.0
68,7,0,4,3232235794,1972.0,1.0,6.0,6.0
78,7,0,8,3232235887,1987.0,1.0,7.0,6.0
78,6,0,8,3232235887,5046.0,4.0,7.0,6.0
78,0,0,8,3232235887,2293.0,4.0,8.0,6.0
78,8,0,8,3232235887,1150.0,1.0,8.0,6.0
67,7,0,4,3232235880,1245.0,1.0,10.0,6.0
67,6,0,4,3232235880,4081.0,6.0,10.0,6.0
67,0,0,4,3232235880,2238.0,6.0,10.0,6.0
67,8,0,4,3232235880,1422.0,1.0,10.0,6.0
1,7,0,7,3232235784,1830.0,1.0,11.0,6.0
1,1,0,7,3232235784,848.0,5.0,11.0,6.0
1,4,0,7,3232235784,2234.0,10.0,12.0,6.0
1,3,0,7,3232235784,9184.0,2.0,12.0,6.0
1,8,0,7,3232235784,725.0,1.0,12.0,6.0
32,7,0,4,3232235817,457.0,1.0,13.0,6.0
32,6,0,4,3232235817,5929.0,4.0,13.0,6.0
32,0,0,4,3232235817,681.0,8.0,13.0,6.0
32,8,0,4,3232235817,234.0,1.0,13.0,6.0
62,7,0,4,3232236014,989.0,1.0,13.0,6.0
62,6,0,4,3232236014,943.0,2.0,13.0,6.0
62,0,0,4,3232236014,3748.0,6.0,14.0,6.0
62,8,0,4,3232236014,1436.0,1.0,14.0,6.0
68,6,0,4,3232235794,858.0,3.0,14.0,6.0
68,0,0,4,3232235794,1246.0,3.0,14.0,6.0
68,8,0,4,3232235794,959.0,1.0,14.0,6.0
21,7,0,7,3232235785,530.0,1.0,15.0,6.0
21,6,0,7,3232235785,563.0,6.0,15.0,6.0
21,0,0,7,3232235785,4076.0,9.0,15.0,6.0
21,8,0,7,3232235785,1198.0,1.0,15.0,6.0
19,6,0,8,3232235800,2511.0,4.0,16.0,6.0
19,0,0,8,3232235800,1828.0,5.0,16.0,6.0
19,8,0,8,3232235800,704.0,1.0,16.0,6.0
28,7,0,8,3232235849,1004.0,1.0,16.0,6.0
28,6,0,8,3232235849,1229.0,2.0,16.0,6.0
28,0,0,8,3232235849,1654.0,1.0,16.0,6.0
28,8,0,8,3232235849,644.0,1.0,17.0,6.0
56,7,0,1,3232235949,1207.0,1.0,2.0,0.0
86,7,0,0,3232235930,490.0,1.0,8.0,0.0
86,6,0,0,3232235930,3655.0,1.0,8.0,0.0
86,0,0,0,3232235930,2890.0,7.0,8.0,0.0
86,8,0,0,3232235930,994.0,1.0,8.0,0.0
60,7,0,1,3232235819,350.0,1.0,9.0,0.0
60,6,0,1,3232235819,3221.0,7.0,9.0,0.0
60,0,0,1,3232235819,5987.0,4.0,9.0,0.0
60,8,0,1,3232235819,746.0,1.0,9.0,0.0
56,6,0,1,3232235949,5636.0,3.0,10.0,0.0
56,0,0,1,3232235949,912.0,6.0,10.0,0.0
56,8,0,1,3232235949,651.0,1.0,10.0,0.0
46,7,0,1,3232235958,67.0,1.0,10.0,0.0
46,6,0,1,3232235958,37.0,8.0,10.0,0.0
46,0,0,1,3232235958,943.0,2.0,10.0,0.0
46,8,0,1,3232235958,324.0,1.0,10.0,0.0
41,7,0,7,3232236027,772.0,1.0,10.0,0.0
41,6,0,7,3232236027,2612.0,3.0,10.0,0.0
41,0,0,7,3232236027,1724.0,9.0,10.0,0.0
41,8,0,7,3232236027,926.0,1.0,10.0,0.0
22,7,0,7,3232235833,1761.0,1.0,13.0,0.0
22,6,0,7,3232235833,5517.0,8.0,13.0,0.0
22,0,0,7,3232235833,3070.0,10.0,13.0,0.0
22,8,0,7,3232235833,1309.0,1.0,13.0,0.0
43,7,0,8,3232235853,1192.0,1.0,13.0,0.0
43,6,0,8,3232235853,1414.0,10.0,13.0,0.0
43,0,0,8,3232235853,3803.0,8.0,13.0,0.0
43,8,0,8,3232235853,1284.0,1.0,13.0,0.0
20,7,0,8,3232235886,664.0,1.0,13.0,0.0
20,6,0,8,3232235886,5416.0,6.0,13.0,0.0
20,0,0,8,3232235886,4402.0,7.0,13.0,0.0
20,8,0,8,3232235886,308.0,1.0,13.0,0.0
42,7,0,0,3232235798,38.0,1.0,15.0,0.0
42,6,0,0,3232235798,1037.0,5.0,15.0,0.0
42,0,0,0,3232235798,4651.0,7.0,15.0,0.0
42,8,0,0,3232235798,477.0,1.0,15.0,0.0
28,7,0,8,3232235849,663.0,1.0,10.0,1.0
28,6,0,8,3232235849,3774.0,8.0,10.0,1.0
28,0,0,8,3232235849,4003.0,9.0,10.0,1.0
28,8,0,8,3232235849,1208.0,1.0,10.0,1.0
34,7,0,4,3232235804,1495.0,1.0,10.0,1.0
34,6,0,4,3232235804,3698.0,33.0,10.0,1.0
34,0,0,4,3232235804,5082.0,10.0,11.0,1.0
34,8,0,4,3232235804,1307.0,1.0,11.0,1.0
61,7,0,0,3232235875,9365.0,1.0,12.0,1.0
61,6,0,0,3232235875,613.0,4.0,12.0,1.0
61,0,0,0,3232235875,4369.0,1.0,12.0,1.0
61,8,0,0,3232235875,1415.0,1.0,12.0,1.0
71,7,0,4,3232235832,1288.0,1.0,12.0,1.0
71,6,0,4,3232235832,1331.0,9.0,12.0,1.0
71,0,0,4,3232235832,5124.0,2.0,13.0,1.0
71,8,0,4,3232235832,929.0,1.0,13.0,1.0
26,7,0,8,3232235885,1143.0,1.0,13.0,1.0
26,6,0,8,3232235885,2861.0,7.0,13.0,1.0
26,0,0,8,3232235885,5006.0,1.0,13.0,1.0
26,8,0,8,3232235885,1131.0,1.0,13.0,1.0
47,7,0,7,3232235789,528.0,1.0,14.0,1.0
47,6,0,7,3232235789,3360.0,4.0,14.0,1.0
47,0,0,7,3232235789,3954.0,2.0,14.0,1.0
47,8,0,7,3232235789,460.0,1.0,14.0,1.0
70,7,0,8,3232236002,1321.0,1.0,4.0,2.0
85,7,0,1,3232235980,618.0,1.0,6.0,2.0
70,6,0,8,3232236002,3244.0,1.0,7.0,2.0
70,0,0,8,3232236002,952.0,5.0,7.0,2.0
70,8,0,8,3232236002,768.0,1.0,7.0,2.0
44,7,0,8,3232236004,1659.0,1.0,7.0,2.0
44,6,0,8,3232236004,4557.0,1.0,7.0,2.0
44,0,0,8,3232236004,1534.0,9.0,7.0,2.0
44,8,0,8,3232236004,1408.0,1.0,7.0,2.0
32,7,1,4,3232235817,811.0,1.0,8.0,2.0
32,6,0,4,3232235817,3138.0,4.0,8.0,2.0
32,0,0,4,3232235817,3717.0,8.0,8.0,2.0
32,8,0,4,3232235817,491.0,1.0,8.0,2.0
72,7,0,0,3232235879,326.0,1.0,10.0,2.0
72,6,0,0,3232235879,1888.0,3.0,10.0,2.0
72,0,0,0,3232235879,2512.0,5.0,10.0,2.0
72,8,0,0,3232235879,378.0,1.0,10.0,2.0
23,7,0,1,3232235907,1313.0,1.0,10.0,2.0
23,6,0,1,3232235907,3068.0,2.0,10.0,2.0
23,0,0,1,3232235907,4716.0,6.0,10.0,2.0
23,8,0,1,3232235907,421.0,1.0,10.0,2.0
29,7,0,7,3232235972,946.0,1.0,10.0,2.0
29,6,0,7,3232235972,2405.0,7.0,10.0,2.0
29,0,0,7,3232235972,2501.0,8.0,10.0,2.0
29,8,0,7,3232235972,515.0,1.0,11.0,2.0
85,6,0,1,3232235980,2471.0,4.0,11.0,2.0
85,5,0,1,3232235980,6164.0,9.0,11.0,2.0
85,2,0,1,3232235980,10104.0,4.0,11.0,2.0
85,9,0,1,3232235980,2698.0,10.0,11.0,2.0
85,8,0,1,3232235980,991.0,1.0,11.0,2.0
57,7,0,4,3232235957,680.0,1.0,12.0,2.0
57,6,0,4,3232235957,2944.0,5.0,12.0,2.0
57,0,0,4,3232235957,5492.0,8.0,12.0,2.0
57,8,0,4,3232235957,5380.0,1.0,12.0,2.0
24,7,0,8,3232235784,732.0,1.0,15.0,2.0
24,6,0,8,3232235784,1096.0,8.0,15.0,2.0
24,0,0,8,3232235784,5184.0,9.0,15.0,2.0
24,8,0,8,3232235784,609.0,1.0,15.0,2.0
39,7,0,7,3232235964,450.0,1.0,16.0,2.0
39,6,0,7,3232235964,2577.0,7.0,16.0,2.0
39,0,0,7,3232235964,539.0,6.0,16.0,2.0
39,8,0,7,3232235964,390.0,1.0,16.0,2.0
69,7,0,1,3232236011,1607.0,1.0,16.0,2.0
69,6,0,1,3232236011,5811.0,1.0,16.0,2.0
77,7,1,4,3232235969,1144.0,1.0,16.0,2.0
69,0,0,1,3232236011,2794.0,6.0,16.0,2.0
69,8,0,1,3232236011,1314.0,1.0,16.0,2.0
77,6,0,4,3232235969,3448.0,6.0,16.0,2.0
77,0,0,4,3232235969,4662.0,8.0,16.0,2.0
77,8,0,4,3232235969,509.0,1.0,16.0,2.0
75,7,0,1,3232235968,714.0,1.0,0.0,3.0
84,7,0,7,3232235817,481.0,1.0,4.0,3.0
49,7,0,4,3232236030,729.0,1.0,8.0,3.0
80,7,0,4,3232235834,1285.0,1.0,8.0,3.0
49,6,0,4,3232236030,3094.0,9.0,8.0,3.0
80,6,0,4,3232235834,3730.0,7.0,8.0,3.0
49,0,0,4,3232236030,1763.0,7.0,8.0,3.0
49,8,0,4,3232236030,1285.0,1.0,8.0,3.0
80,0,0,4,3232235834,3877.0,10.0,8.0,3.0
75,6,0,1,3232235968,4910.0,2.0,8.0,3.0
75,0,0,1,3232235968,2246.0,2.0,8.0,3.0
80,8,0,4,3232235834,1218.0,1.0,8.0,3.0
75,8,0,1,3232235968,272.0,1.0,8.0,3.0
27,7,0,1,3232235892,1303.0,1.0,8.0,3.0
27,6,0,1,3232235892,3126.0,9.0,8.0,3.0
27,0,0,1,3232235892,3751.0,2.0,8.0,3.0
27,8,0,1,3232235892,1232.0,50.0,8.0,3.0
56,7,1,1,3232235949,402.0,1.0,8.0,3.0
56,6,0,1,3232235949,3447.0,9.0,8.0,3.0
56,0,0,1,3232235949,2362.0,9.0,9.0,3.0
56,8,0,1,3232235949,1102.0,1.0,9.0,3.0
55,7,0,4,3232235868,684.0,1.0,9.0,3.0
55,6,0,4,3232235868,1578.0,5.0,9.0,3.0
55,5,0,4,3232235868,3542.0,2.0,9.0,3.0
55,2,0,4,3232235868,69076.0,3.0,9.0,3.0
55,9,1,4,3232235868,7114.0,7.0,9.0,3.0
55,8,0,4,3232235868,1443.0,1.0,9.0,3.0
26,7,0,8,3232235885,1370.0,1.0,9.0,3.0
26,6,0,8,3232235885,5309.0,8.0,9.0,3.0
79,7,0,8,3232235880,709.0,1.0,9.0,3.0
26,0,0,8,3232235885,2687.0,3.0,9.0,3.0
26,8,0,8,3232235885,402.0,1.0,9.0,3.0
79,6,0,8,3232235880,1343.0,2.0,9.0,3.0
79,0,0,8,3232235880,5872.0,3.0,9.0,3.0
79,8,0,8,3232235880,1229.0,1.0,9.0,3.0
71,7,0,4,3232235832,1054.0,1.0,13.0,3.0
71,6,0,4,3232235832,4664.0,9.0,13.0,3.0
71,0,0,4,3232235832,1137.0,1.0,13.0,3.0
71,8,0,4,3232235832,1239.0,1.0,13.0,3.0
33,7,0,1,3232236023,1483.0,1.0,15.0,3.0
33,6,0,1,3232236023,5917.0,8.0,15.0,3.0
33,0,0,1,3232236023,2798.0,6.0,15.0,3.0
33,8,0,1,3232236023,1188.0,1.0,15.0,3.0
62,7,0,4,3232236014,1618.0,1.0,16.0,3.0
62,6,0,4,3232236014,2505.0,9.0,16.0,3.0
62,0,0,4,3232236014,565.0,3.0,16.0,3.0
62,8,0,4,3232236014,415.0,1.0,16.0,3.0
84,1,0,7,3232235817,37160.0,4.0,16.0,3.0
84,4,0,7,3232235817,4603.0,3.0,16.0,3.0
84,3,0,7,3232235817,1106.0,5.0,16.0,3.0
84,8,0,7,3232235817,885.0,1.0,16.0,3.0
30,7,0,1,3232235956,1548.0,1.0,7.0,4.0
30,6,0,1,3232235956,1597.0,1.0,7.0,4.0
30,0,0,1,3232235956,1124.0,5.0,7.0,4.0
30,8,0,6,3232235956,1436.0,1.0,7.0,4.0
25,7,0,8,3232235828,312.0,1.0,7.0,4.0
25,6,0,8,3232235828,3931.0,10.0,7.0,4.0
58,7,0,7,2646346778,1236.0,1.0,7.0,4.0
25,0,0,8,3232235828,644.0,2.0,7.0,4.0
25,8,0,8,3232235828,1105.0,1.0,7.0,4.0
58,6,0,7,3232235933,4586.0,1.0,7.0,4.0
58,0,0,7,3232235933,4844.0,1.0,7.0,4.0
58,8,0,7,3232235933,1333.0,1.0,7.0,4.0
6,7,0,4,3232235840,1173.0,1.0,8.0,4.0
6,6,0,4,3232235840,934.0,3.0,8.0,4.0
6,5,0,4,3232235840,5827.0,6.0,8.0,4.0
6,2,0,4,2332108466,2892.0,5.0,8.0,4.0
6,9,0,4,3232235840,5088.0,6.0,8.0,4.0
6,8,0,4,3232235840,1311.0,1.0,8.0,4.0
22,7,0,7,3232235833,383.0,1.0,13.0,4.0
22,6,0,7,3232235833,2989.0,2.0,13.0,4.0
22,0,0,7,3232235833,2268.0,9.0,13.0,4.0
22,8,0,7,3232235833,398.0,1.0,13.0,4.0
28,7,0,8,3232235849,1360.0,1.0,15.0,4.0
28,6,0,8,3232235849,1957.0,9.0,15.0,4.0
28,0,0,8,3232235849,4507.0,9.0,15.0,4.0
28,8,0,8,3232235849,222.0,1.0,15.0,4.0
84,7,0,7,3232235817,495.0,1.0,15.0,4.0
84,1,0,7,3232235817,1211.0,3.0,15.0,4.0
84,4,0,7,3232235817,8792.0,6.0,15.0,4.0
84,3,0,7,3232235817,7933.0,3.0,15.0,4.0
84,8,0,7,3232235817,1071.0,1.0,15.0,4.0
37,7,1,4,3232235932,372.0,1.0,7.0,5.0
37,6,0,4,3232235932,3426.0,1.0,7.0,5.0
37,0,0,4,3232235932,40.0,7.0,7.0,5.0
37,8,0,4,3232235932,709.0,1.0,7.0,5.0
72,7,0,0,3232235879,1480.0,1.0,10.0,5.0
72,6,0,0,3232235879,3833.0,9.0,10.0,5.0
72,0,0,0,3232235879,3593.0,8.0,10.0,5.0
72,8,0,0,3232235879,209.0,1.0,10.0,5.0
65,7,0,7,3232235836,804.0,1.0,11.0,5.0
65,6,0,7,3232235836,1003.0,8.0,11.0,5.0
65,0,0,7,3232235836,3282.0,4.0,11.0,5.0
65,8,0,7,3232235836,1422.0,1.0,11.0,5.0
58,7,0,7,3232235933,1158.0,1.0,12.0,5.0
58,6,0,7,3232235933,3632.0,7.0,12.0,5.0
58,0,0,7,3232235933,5545.0,2.0,12.0,5.0
58,8,0,7,3232235933,235.0,1.0,12.0,5.0
19,7,0,8,3232235800,816.0,1.0,13.0,5.0
19,6,0,8,3232235800,1767.0,6.0,13.0,5.0
19,0,0,8,3232235800,1122.0,3.0,13.0,5.0
19,8,0,8,3232235800,549.0,1.0,13.0,5.0
8,7,0,1,3232235813,736.0,1.0,15.0,5.0
8,6,0,1,3232235813,1242.0,2.0,15.0,5.0
8,0,0,1,3232235813,5194.0,2.0,16.0,5.0
8,8,0,1,3232235813,1082.0,1.0,16.0,5.0
86,7,1,0,3232235930,716.0,1.0,16.0,5.0
86,6,0,0,3232235930,5797.0,2.0,16.0,5.0
86,0,0,0,3232235930,4184.0,6.0,16.0,5.0
86,8,0,0,1922653361,389.0,1.0,16.0,5.0
49,7,0,4,3232236030,1573.0,1.0,0.0,6.0
50,7,0,7,3232235996,1199.0,1.0,0.0,6.0
80,7,0,4,3232235834,572.0,1.0,3.0,6.0
64,7,0,4,3232235993,1567.0,1.0,5.0,6.0
80,6,0,4,3232235834,2666.0,3.0,7.0,6.0
80,0,0,4,3232235834,823.0,5.0,7.0,6.0
80,8,0,4,3232235834,338.0,1.0,7.0,6.0
50,6,0,7,3232235996,3563.0,1.0,7.0,6.0
50,0,0,6,3232235996,950.0,10.0,7.0,6.0
50,8,0,7,3232235996,688.0,1.0,7.0,6.0
86,7,0,0,3232235930,87.0,1.0,12.0,6.0
86,6,0,0,3232235930,5592.0,6.0,12.0,6.0
86,0,0,0,3232235930,1266.0,10.0,12.0,6.0
86,8,0,0,3232235930,640.0,1.0,12.0,6.0
49,6,0,4,3232236030,5724.0,3.0,12.0,6.0
49,0,0,4,3232236030,1474.0,8.0,12.0,6.0
49,8,0,4,3232236030,1327.0,1.0,12.0,6.0
57,7,0,4,3232235957,1315.0,1.0,12.0,6.0
57,6,0,4,3232235957,530.0,4.0,12.0,6.0
57,0,0,4,3232235957,2386.0,8.0,13.0,6.0
57,8,0,4,3232235957,1477.0,1.0,13.0,6.0
24,7,0,8,3232235784,668.0,1.0,13.0,6.0
24,6,0,8,3232235784,583.0,3.0,13.0,6.0
24,0,0,8,3232235784,5903.0,10.0,13.0,6.0
24,8,0,2,3232235784,1492.0,1.0,13.0,6.0
64,6,0,4,3232235993,1635.0,10.0,14.0,6.0
64,0,0,4,3232235993,5578.0,9.0,14.0,6.0
64,8,0,4,3232235993,364.0,1.0,14.0,6.0
85,7,0,1,3232235980,1949.0,1.0,15.0,6.0
85,6,0,1,3232235980,93.0,3.0,15.0,6.0
85,5,0,1,3232235980,4434.0,10.0,15.0,6.0
85,2,0,1,3232235980,11896.0,3.0,15.0,6.0
85,9,0,1,3232235980,5485.0,10.0,15.0,6.0
85,8,0,1,3232235980,1076.0,1.0,15.0,6.0
33,7,0,1,3232236023,1977.0,1.0,4.0,0.0
75,7,0,1,3232235968,1852.0,1.0,7.0,0.0
75,6,0,1,3232235968,1120.0,6.0,7.0,0.0
75,0,0,1,3232235968,4593.0,8.0,7.0,0.0
75,8,0,1,3232235968,371.0,1.0,7.0,0.0
33,6,0,1,3232236023,517.0,2.0,7.0,0.0
33,0,0,1,3232236023,4985.0,58.0,7.0,0.0
33,8,0,1,3232236023,338.0,1.0,7.0,0.0
73,7,0,0,3232235814,1789.0,1.0,12.0,0.0
73,6,0,0,3232235814,4870.0,4.0,12.0,0.0
73,0,0,0,3232235814,907.0,7.0,12.0,0.0
50,7,0,7,3232235996,1868.0,1.0,12.0,0.0
70,7,0,8,3232236002,578.0,1.0,12.0,0.0
73,8,0,0,3232235814,1436.0,1.0,12.0,0.0
70,6,0,8,3232236002,5242.0,8.0,12.0,0.0
50,6,0,7,3232235996,1213.0,6.0,12.0,0.0
70,0,0,8,3232236002,2541.0,1.0,12.0,0.0
50,0,0,7,3232235996,3625.0,9.0,12.0,0.0
50,8,0,7,3232235996,850.0,1.0,12.0,0.0
70,8,0,8,3232236002,556.0,1.0,12.0,0.0
41,7,0,7,3232236027,1249.0,1.0,14.0,0.0
41,6,0,7,3232236027,3267.0,6.0,14.0,0.0
41,0,0,7,3232236027,5950.0,7.0,14.0,0.0
41,8,0,7,3232236027,472.0,1.0,14.0,0.0
44,7,0,8,3232236004,1600.0,1.0,15.0,0.0
44,6,0,8,3232236004,3409.0,4.0,15.0,0.0
44,0,0,8,3232236004,4257.0,9.0,15.0,0.0
44,8,0,8,3232236004,771.0,1.0,15.0,0.0
69,7,0,1,3232236011,1653.0,1.0,16.0,0.0
69,6,0,1,3232236011,4858.0,1.0,16.0,0.0
69,0,0,1,3232236011,5484.0,9.0,16.0,0.0
69,8,0,1,3232236011,614.0,1.0,16.0,0.0
64,7,0,4,3232235993,1040.0,1.0,16.0,0.0
64,6,0,4,3232235993,2165.0,1.0,16.0,0.0
64,0,0,4,3232235993,3468.0,9.0,16.0,0.0
64,8,0,4,3232235993,1170.0,1.0,16.0,0.0
83,7,0,7,3232235998,597.0,1.0,7.0,1.0
83,6,0,7,3232235998,5990.0,1.0,7.0,1.0
83,0,0,7,3232235998,2137.0,5.0,7.0,1.0
83,8,0,7,3232235998,529.0,1.0,7.0,1.0
45,7,0,4,3232235925,1540.0,1.0,12.0,1.0
45,6,0,4,3232235925,3356.0,5.0,12.0,1.0
45,0,0,4,3232235925,4197.0,3.0,12.0,1.0
45,8,0,4,3232235925,1271.0,1.0,12.0,1.0
80,7,0,4,3232235834,1093.0,1.0,12.0,1.0
80,6,0,4,3232235834,3273.0,1.0,13.0,1.0
80,0,0,4,3232235834,2909.0,9.0,13.0,1.0
80,8,0,4,3232235834,1335.0,1.0,13.0,1.0
46,7,1,1,3232235958,956.0,1.0,13.0,1.0
46,6,0,1,3232235958,3972.0,6.0,13.0,1.0
46,0,0,1,3232235958,1403.0,7.0,13.0,1.0
46,8,0,1,3232235958,639.0,1.0,13.0,1.0
79,7,0,8,3232235880,1561.0,1.0,14.0,1.0
79,6,0,8,3232235880,2773.0,2.0,14.0,1.0
79,0,0,8,3232235880,3038.0,2.0,14.0,1.0
79,8,0,8,3232235880,1247.0,1.0,14.0,1.0
60,7,0,1,3232235819,1859.0,1.0,0.0,2.0
27,7,0,1,3232235892,1346.0,1.0,7.0,2.0
27,6,0,1,3232235892,3713.0,3.0,7.0,2.0
27,0,0,1,3232235892,615.0,10.0,7.0,2.0
27,8,0,1,3232235892,1472.0,1.0,7.0,2.0
64,7,0,4,3232235993,1490.0,1.0,8.0,2.0
64,6,0,4,3232235993,1338.0,2.0,8.0,2.0
64,0,0,4,3232235993,1849.0,6.0,8.0,2.0
64,8,0,4,3232235993,204.0,1.0,8.0,2.0
59,7,0,1,3232235914,580.0,1.0,10.0,2.0
59,6,0,1,3232235914,4282.0,7.0,10.0,2.0
59,0,0,1,3232235914,522.0,2.0,10.0,2.0
59,8,0,1,3232235914,290.0,1.0,10.0,2.0
60,6,0,1,3232235819,1512.0,8.0,10.0,2.0
60,0,0,1,3232235819,1403.0,9.0,10.0,2.0
60,8,0,1,3232235819,478.0,94.0,10.0,2.0
25,7,0,8,3232235828,1043.0,1.0,11.0,2.0
25,6,0,8,3232235828,5148.0,7.0,11.0,2.0
25,0,0,8,3232235828,2607.0,3.0,11.0,2.0
25,8,0,8,3232235828,1408.0,1.0,11.0,2.0
35,7,0,7,3232235875,1704.0,1.0,11.0,2.0
35,6,0,7,3232235875,55.0,1.0,11.0,2.0
35,0,0,7,3232235875,1468.0,10.0,11.0,2.0
35,8,0,7,3232235875,1317.0,1.0,11.0,2.0
76,7,0,8,3232235915,468.0,1.0,12.0,2.0
76,6,0,8,3232235915,501.0,10.0,12.0,2.0
76,0,0,8,3232235915,5549.0,3.0,12.0,2.0
76,8,0,8,3232235915,1325.0,1.0,12.0,2.0
76,7,1,8,3232235915,633.0,1.0,12.0,2.0
76,6,0,8,3232235915,4118.0,9.0,12.0,2.0
76,0,0,8,3232235915,3547.0,8.0,12.0,2.0
76,8,0,8,3232235915,1147.0,165.0,12.0,2.0
55,7,1,4,3232235868,1997.0,1.0,14.0,2.0
55,6,0,4,3232235868,4633.0,9.0,14.0,2.0
55,5,0,4,3232235868,6651.0,1.0,14.0,2.0
55,2,0,4,3232235868,9113.0,1.0,14.0,2.0
55,9,1,4,3232235868,6216.0,4.0,14.0,2.0
55,8,0,4,3232235868,459.0,1.0,14.0,2.0
35,7,0,7,3232235875,360.0,1.0,15.0,2.0
35,6,0,7,3232235875,1602.0,10.0,15.0,2.0
35,0,0,7,3232235875,2121.0,10.0,15.0,2.0
35,8,0,7,3232235875,1296.0,1.0,15.0,2.0
32,7,0,4,3232235817,1057.0,1.0,15.0,2.0
32,6,0,6,3232235817,1487.0,8.0,15.0,2.0
32,0,0,4,3232235817,1857.0,9.0,15.0,2.0
32,8,0,4,3232235817,832.0,1.0,15.0,2.0
29,7,0,7,3232235972,586.0,1.0,16.0,2.0
29,6,0,7,3232235972,3771.0,1.0,16.0,2.0
29,0,0,7,3232235972,2930.0,2.0,16.0,2.0
29,8,0,7,3232235972,1091.0,1.0,16.0,2.0
8,7,0,1,3232235813,1432.0,1.0,8.0,3.0
8,6,0,1,3232235813,2607.0,7.0,8.0,3.0
8,0,0,1,3232235813,4298.0,5.0,8.0,3.0
8,8,0,1,3232235813,1128.0,1.0,8.0,3.0
73,7,0,0,3232235814,1333.0,1.0,8.0,3.0
73,6,0,0,138582057,5886.0,3.0,8.0,3.0
73,0,0,0,3232235814,4873.0,10.0,8.0,3.0
76,7,0,8,3232235915,959.0,1.0,8.0,3.0
73,8,0,0,3232235814,1107.0,1.0,8.0,3.0
76,6,0,8,3232235915,1038.0,3.0,9.0,3.0
76,0,0,8,3232235915,2752.0,10.0,9.0,3.0
76,8,0,8,3232235915,1496.0,1.0,9.0,3.0
6,7,1,4,3232235840,1832.0,1.0,9.0,3.0
6,6,0,4,3232235840,1921.0,5.0,9.0,3.0
6,5,0,4,3232235840,5757.0,6.0,9.0,3.0
6,2,0,4,3232235840,25.0,1.0,9.0,3.0
6,9,0,4,3232235840,2281.0,3.0,9.0,3.0
6,8,0,4,3232235840,672.0,1.0,9.0,3.0
63,7,0,8,3232235834,667.0,1.0,10.0,3.0
63,6,0,8,3232235834,1461.0,9.0,10.0,3.0
63,0,0,8,3232235834,5825.0,6.0,10.0,3.0
63,8,0,8,3232235834,1415.0,1.0,10.0,3.0
24,7,0,8,3232235784,810.0,1.0,10.0,3.0
24,6,0,8,3232235784,4330.0,1.0,10.0,3.0
24,0,0,8,3232235784,3335.0,1.0,10.0,3.0
24,8,0,8,3232235784,1161.0,1.0,10.0,3.0
23,7,0,1,3232235907,1783.0,1.0,11.0,3.0
23,6,0,1,3232235907,596.0,10.0,11.0,3.0
23,0,0,1,3232235907,1316.0,7.0,11.0,3.0
23,8,0,1,3232235907,986.0,1.0,11.0,3.0
23,7,0,1,3232235907,1417.0,1.0,13.0,3.0
23,6,0,1,3232235907,3134.0,4.0,13.0,3.0
23,0,0,1,3232235907,873.0,10.0,13.0,3.0
23,8,0,1,3232235907,555.0,1.0,13.0,3.0
45,7,0,4,3232235925,1168.0,1.0,15.0,3.0
45,6,0,4,3232235925,5463.0,4.0,15.0,3.0
45,0,0,4,3232235925,2983.0,5.0,15.0,3.0
45,8,0,4,3232235925,1380.0,1.0,15.0,3.0
44,7,0,8,3232236004,405.0,1.0,15.0,3.0
44,6,0,8,3232236004,1401.0,5.0,15.0,3.0
44,0,0,8,3232236004,3478.0,5.0,15.0,3.0
44,8,0,8,3232236004,918.0,1.0,15.0,3.0
79,7,1,8,3232235880,1954.0,1.0,5.0,4.0
25,7,0,8,3232235828,1227.0,1.0,7.0,4.0
25,6,0,8,3232235828,4465.0,4.0,7.0,4.0
25,0,0,8,3232235828,3633.0,8.0,7.0,4.0
25,8,0,8,3232235828,360.0,1.0,7.0,4.0
50,7,0,7,3232235996,669.0,1.0,7.0,4.0
50,6,0,7,3232235996,3031.0,6.0,7.0,4.0
50,0,0,7,3232235996,3375.0,1.0,7.0,4.0
50,8,0,7,3232235996,571.0,1.0,7.0,4.0
43,7,1,8,3232235853,780.0,1.0,7.0,4.0
43,6,0,8,3232235853,2016.0,2.0,7.0,4.0
43,0,0,8,3232235853,1285.0,6.0,7.0,4.0
43,8,0,8,3232235853,773.0,1.0,7.0,4.0
79,6,0,8,3232235880,4139.0,4.0,9.0,4.0
79,0,0,8,3232235880,5367.0,7.0,9.0,4.0
79,8,0,8,3232235880,866.0,1.0,9.0,4.0
77,7,0,4,3232235969,1915.0,1.0,10.0,4.0
52,7,0,7,3232235875,326.0,1.0,10.0,4.0
52,6,0,7,3232235875,1361.0,7.0,10.0,4.0
77,6,0,4,3232235969,807.0,8.0,10.0,4.0
77,0,0,4,3232235969,2971.0,10.0,10.0,4.0
52,0,0,7,3232235875,4088.0,9.0,10.0,4.0
77,8,0,4,3232235969,427.0,1.0,10.0,4.0
52,8,0,7,3232235875,374.0,1.0,10.0,4.0
65,7,0,7,3232235836,1624.0,1.0,11.0,4.0
65,6,0,7,3232235836,2331.0,5.0,11.0,4.0
65,0,0,7,3232235836,2549.0,9.0,11.0,4.0
65,8,0,7,3232235836,658.0,1.0,11.0,4.0
73,7,0,0,3232235814,611.0,1.0,11.0,4.0
73,6,0,0,3232235814,4464.0,4.0,11.0,4.0
73,0,0,0,3232235814,5853.0,8.0,11.0,4.0
73,8,0,0,3232235814,434.0,1.0,11.0,4.0
38,7,0,4,3232235984,1247.0,1.0,11.0,4.0
38,6,0,4,3232235984,4875.0,1.0,11.0,4.0
38,0,0,4,3232235984,1051.0,4.0,11.0,4.0
38,8,0,4,3232235984,354.0,1.0,11.0,4.0
19,7,0,8,3232235800,1635.0,1.0,11.0,4.0
19,6,0,8,3232235800,3273.0,3.0,11.0,4.0
19,0,0,8,3232235800,2112.0,2.0,11.0,4.0
19,8,0,8,3232235800,428.0,51.0,11.0,4.0
22,7,0,7,3232235833,12170.0,1.0,12.0,4.0
22,6,0,7,3232235833,5997.0,9.0,12.0,4.0
22,0,0,7,3232235833,2798.0,8.0,12.0,4.0
22,8,0,7,3232235833,1114.0,1.0,12.0,4.0
42,7,0,0,3232235798,561.0,1.0,13.0,4.0
42,6,0,0,3232235798,2305.0,9.0,13.0,4.0
42,0,0,0,3232235798,2797.0,7.0,13.0,4.0
42,8,0,0,3232235798,1131.0,1.0,13.0,4.0
31,7,0,0,1733588350,1337.0,1.0,14.0,4.0
31,6,0,0,3232235865,5256.0,5.0,15.0,4.0
31,0,0,0,3232235865,3652.0,9.0,15.0,4.0
31,8,0,0,3232235865,1114.0,1.0,15.0,4.0
47,7,0,7,3232235789,1076.0,1.0,16.0,4.0
47,6,0,7,3232235789,579.0,9.0,16.0,4.0
47,0,0,7,1923743534,4805.0,5.0,16.0,4.0
47,8,0,7,3232235789,838.0,1.0,16.0,4.0
76,7,0,8,3232235915,701.0,1.0,16.0,4.0
76,6,0,8,3232235915,836.0,2.0,16.0,4.0
76,0,0,8,3232235915,2677.0,4.0,16.0,4.0
76,8,0,8,3232235915,875.0,1.0,16.0,4.0
71,7,0,4,3232235832,507.0,1.0,7.0,5.0
71,6,0,4,3232235832,2375.0,6.0,7.0,5.0
71,0,0,4,3232235832,4288.0,10.0,7.0,5.0
71,8,0,4,3232235832,456.0,1.0,7.0,5.0
68,7,0,5,3232235794,1538.0,1.0,7.0,5.0
68,6,0,4,3232235794,1214.0,4.0,8.0,5.0
68,0,0,4,3232235794,4360.0,9.0,8.0,5.0
68,8,0,4,3232235794,1306.0,1.0,8.0,5.0
71,7,0,4,3232235832,681.0,1.0,9.0,5.0
71,6,0,4,3232235832,1448.0,6.0,9.0,5.0
38,7,0,4,3232235984,1316.0,1.0,9.0,5.0
71,0,0,4,3232235832,862.0,4.0,9.0,5.0
71,8,0,4,3232235832,1376.0,1.0,9.0,5.0
38,6,0,4,3232235984,2532.0,9.0,9.0,5.0
38,0,0,4,3232235984,2824.0,8.0,9.0,5.0
38,8,0,4,3232235984,882.0,1.0,9.0,5.0
31,7,0,0,3232235865,1940.0,1.0,10.0,5.0
31,6,0,0,3232235865,568.0,1.0,10.0,5.0
31,0,0,0,3232235865,5651.0,3.0,10.0,5.0
31,8,0,0,3232235865,909.0,54.0,10.0,5.0
24,7,0,8,3232235784,1954.0,1.0,10.0,5.0
24,6,0,8,3232235784,4750.0,8.0,10.0,5.0
24,0,0,8,3232235784,2886.0,1.0,10.0,5.0
85,7,0,1,3232235980,408.0,1.0,10.0,5.0
85,6,0,1,1921912916,2733.0,6.0,10.0,5.0
24,8,0,8,3232235784,1229.0,1.0,10.0,5.0
85,5,0,1,3232235980,1301.0,1.0,10.0,5.0
85,2,0,1,3232235980,7767.0,7.0,10.0,5.0
85,9,0,1,3232235980,4177.0,5.0,10.0,5.0
85,8,0,1,3232235980,587.0,1.0,11.0,5.0
74,7,0,4,3232235813,1734.0,1.0,12.0,5.0
74,6,0,5,3232235813,4630.0,10.0,12.0,5.0
74,0,0,4,3232235813,3058.0,9.0,12.0,5.0
74,8,0,4,3232235813,870.0,1.0,12.0,5.0
47,7,0,7,3232235789,1862.0,1.0,13.0,5.0
47,6,0,7,3232235789,3114.0,1.0,13.0,5.0
47,0,0,7,3232235789,3458.0,1.0,13.0,5.0
47,8,0,7,3232235789,1420.0,1.0,13.0,5.0
46,7,0,1,3232235958,9832.0,1.0,14.0,5.0
46,6,0,1,3232235958,797.0,10.0,14.0,5.0
46,0,0,1,3232235958,4786.0,8.0,14.0,5.0
46,8,0,1,3232235958,641.0,1.0,14.0,5.0
60,7,0,1,3232235819,522.0,1.0,16.0,5.0
60,6,0,1,3232235819,5631.0,8.0,16.0,5.0
60,0,0,1,3232235819,3977.0,9.0,16.0,5.0
60,8,0,1,3232235819,492.0,1.0,16.0,5.0
63,7,0,8,3232235834,638.0,1.0,2.0,6.0
35,7,0,7,3232235875,1706.0,1.0,12.0,6.0
35,6,0,7,3232235875,2085.0,2.0,12.0,6.0
35,0,0,7,3232235875,2398.0,4.0,12.0,6.0
35,8,0,7,2336502707,829.0,1.0,12.0,6.0
63,6,0,8,3232235834,16365.0,3.0,12.0,6.0
63,0,0,8,3232235834,1122.0,3.0,12.0,6.0
63,8,0,8,3232235834,1271.0,1.0,13.0,6.0
86,7,0,0,3232235930,898.0,1.0,13.0,6.0
86,6,0,0,3232235930,5702.0,1.0,13.0,6.0
86,0,0,0,3232235930,4193.0,5.0,13.0,6.0
86,8,0,0,3232235930,899.0,1.0,13.0,6.0
45,7,1,4,3232235925,1209.0,1.0,15.0,6.0
45,6,0,4,3232235925,2553.0,3.0,15.0,6.0
45,0,0,4,3232235925,3678.0,6.0,15.0,6.0
45,8,0,4,3232235925,1289.0,1.0,15.0,6.0
54,7,0,4,3232235819,1939.0,1.0,16.0,6.0
54,6,0,4,3232235819,1653.0,1.0,16.0,6.0
54,5,0,4,3232235819,5269.0,5.0,16.0,6.0
54,2,0,4,3232235819,11535.0,1.0,16.0,6.0
54,9,1,4,3232235819,8976.0,7.0,16.0,6.0
54,8,0,4,3232235819,693.0,1.0,16.0,6.0
48,7,1,1,3232235975,499.0,1.0,7.0,0.0
48,6,0,1,3232235975,4037.0,10.0,7.0,0.0
48,5,0,1,3232235975,5841.0,5.0,7.0,0.0
48,2,1,1,3232235975,6988.0,5.0,7.0,0.0
48,9,0,1,3232235975,5375.0,2.0,7.0,0.0
48,8,0,1,3232235975,722.0,1.0,7.0,0.0
66,7,0,2,3232235984,570.0,1.0,9.0,0.0
66,6,0,7,3232235984,1357.0,1.0,9.0,0.0
66,0,0,7,3232235984,3289.0,5.0,9.0,0.0
66,8,0,7,3232235984,277.0,1.0,9.0,0.0
54,7,0,4,3232235819,345.0,1.0,10.0,0.0
54,6,0,4,3232235819,2515.0,4.0,10.0,0.0
54,5,0,4,3232235819,2658.0,7.0,10.0,0.0
54,2,0,4,3232235819,2748.0,2.0,10.0,0.0
54,9,0,4,3232235819,9637.0,10.0,10.0,0.0
66,7,0,7,3232235984,494.0,1.0,10.0,0.0
54,8,0,4,3232235819,1220.0,1.0,10.0,0.0
66,6,0,7,3232235984,3705.0,8.0,10.0,0.0
66,0,0,7,3232235984,1727.0,5.0,10.0,0.0
66,8,0,7,3232235984,890.0,1.0,10.0,0.0
38,7,0,4,3232235984,1877.0,1.0,12.0,0.0
38,6,0,4,3232235984,2110.0,6.0,12.0,0.0
38,0,0,4,3232235984,878.0,1.0,12.0,0.0
38,8,0,4,3232235984,1187.0,1.0,12.0,0.0
49,7,0,4,3232236030,1285.0,1.0,13.0,0.0
49,6,0,4,3232236030,3462.0,6.0,13.0,0.0
49,0,0,4,3232236030,2982.0,10.0,13.0,0.0
49,8,0,4,3232236030,739.0,1.0,13.0,0.0
48,7,0,1,3232235975,1449.0,1.0,13.0,0.0
34,7,0,4,3232235804,853.0,1.0,13.0,0.0
34,6,0,4,3232235804,4853.0,2.0,13.0,0.0
48,6,0,1,3232235975,4525.0,2.0,13.0,0.0
34,0,0,4,3232235804,4992.0,7.0,13.0,0.0
34,8,0,4,3232235804,335.0,1.0,13.0,0.0
48,5,0,1,3232235975,1188.0,7.0,13.0,0.0
48,2,1,1,3020824689,6486.0,6.0,14.0,0.0
48,9,0,1,3232235975,8063.0,1.0,14.0,0.0
48,8,0,1,3232235975,919.0,1.0,14.0,0.0
59,7,1,1,3232235914,323.0,1.0,14.0,0.0
59,6,0,1,3232235914,943.0,5.0,14.0,0.0
59,0,0,1,3232235914,4795.0,1.0,14.0,0.0
59,8,0,1,3232235914,853.0,1.0,14.0,0.0
80,7,0,4,3232235834,803.0,1.0,15.0,0.0
80,6,0,4,3232235834,5691.0,6.0,15.0,0.0
80,0,0,4,3232235834,3552.0,7.0,15.0,0.0
80,8,0,4,3232235834,1214.0,1.0,15.0,0.0
6,7,1,4,3232235840,757.0,1.0,16.0,0.0
6,6,0,4,3232235840,4548.0,7.0,16.0,0.0
6,5,0,4,3232235840,4358.0,2.0,16.0,0.0
6,2,0,4,3232235840,6379.0,10.0,16.0,0.0
6,9,0,4,3232235840,9714.0,7.0,16.0,0.0
6,8,0,4,3232235840,705.0,1.0,16.0,0.0
37,7,0,4,3232235932,971.0,1.0,7.0,1.0
30,7,0,1,3232235956,1017.0,1.0,7.0,1.0
37,6,0,4,3232235932,3709.0,5.0,7.0,1.0
30,6,0,1,3232235956,4929.0,3.0,7.0,1.0
37,0,0,4,1740334269,4741.0,5.0,7.0,1.0
37,8,0,4,3232235932,1412.0,1.0,7.0,1.0
30,0,0,1,3232235956,5719.0,3.0,7.0,1.0
30,8,0,1,3232235956,724.0,1.0,7.0,1.0
76,7,0,8,3232235915,1168.0,1.0,8.0,1.0
76,6,0,8,3232235915,1424.0,2.0,8.0,1.0
76,0,0,8,3232235915,5159.0,10.0,8.0,1.0
76,8,0,8,3232235915,1162.0,1.0,8.0,1.0
62,7,0,4,3232236014,1287.0,1.0,8.0,1.0
62,6,0,4,3232236014,4050.0,7.0,8.0,1.0
62,0,0,4,613235704,4498.0,3.0,8.0,1.0
62,8,0,4,3232236014,389.0,1.0,8.0,1.0
48,7,0,1,3232235975,1934.0,1.0,10.0,1.0
70,7,0,8,3232236002,756.0,1.0,10.0,1.0
48,6,0,1,3232235975,935.0,4.0,10.0,1.0
70,6,0,8,3232236002,655.0,1.0,10.0,1.0
70,0,0,8,3232236002,3943.0,5.0,10.0,1.0
48,5,0,1,3232235975,1717.0,1.0,10.0,1.0
48,2,0,1,3232235975,5266.0,3.0,10.0,1.0
70,8,0,8,3232236002,867.0,1.0,10.0,1.0
48,9,0,1,3232235975,1587.0,8.0,10.0,1.0
48,8,0,1,3232235975,732.0,1.0,10.0,1.0
34,7,0,4,3232235804,743.0,1.0,10.0,1.0
34,6,0,4,3232235804,3686.0,5.0,10.0,1.0
34,0,0,4,3232235804,3328.0,3.0,10.0,1.0
34,8,0,4,3232235804,960.0,1.0,10.0,1.0
37,7,0,4,3232235932,813.0,1.0,11.0,1.0
37,6,0,4,3232235932,1942.0,2.0,11.0,1.0
37,0,0,4,3232235932,5019.0,1.0,11.0,1.0
37,8,0,4,3232235932,940.0,1.0,11.0,1.0
25,7,1,8,3232235828,497.0,1.0,14.0,1.0
25,6,0,8,3232235828,4390.0,9.0,14.0,1.0
25,0,0,8,3232235828,73.0,8.0,14.0,1.0
25,8,0,8,3232235828,1474.0,1.0,14.0,1.0
59,7,0,1,3232235914,677.0,1.0,15.0,1.0
59,6,0,1,3232235914,1523.0,10.0,15.0,1.0
59,0,0,1,617061424,564.0,6.0,15.0,1.0
59,8,0,3,3232235914,683.0,1.0,15.0,1.0
84,7,0,7,3232235817,1028.0,1.0,16.0,1.0
84,1,0,7,3232235817,4870.0,5.0,16.0,1.0
84,4,0,7,3232235817,5620.0,1.0,16.0,1.0
84,3,0,7,3232235817,6015.0,4.0,16.0,1.0
84,8,0,7,3232235817,1389.0,1.0,16.0,1.0
33,7,0,1,765078346,603.0,1.0,16.0,1.0
33,6,0,1,3232236023,3956.0,1.0,16.0,1.0
33,0,0,1,3232236023,1454.0,3.0,16.0,1.0
33,8,0,1,3232236023,512.0,1.0,16.0,1.0
23,7,0,1,3232235907,1129.0,1.0,2.0,2.0
53,7,0,4,3232235894,1092.0,1.0,3.0,2.0
85,7,0,1,3232235980,418.0,1.0,9.0,2.0
85,6,0,1,3232235980,2400.0,2.0,9.0,2.0
85,5,0,1,3232235980,5321.0,1.0,9.0,2.0
85,2,0,1,3232235980,5221.0,7.0,9.0,2.0
85,9,0,1,3232235980,9785.0,10.0,9.0,2.0
85,8,0,1,3232235980,293.0,1.0,9.0,2.0
53,6,0,4,3232235894,3292.0,5.0,10.0,2.0
53,0,0,4,3232235894,1828.0,8.0,11.0,2.0
53,8,0,4,3232235894,305.0,1.0,11.0,2.0
44,7,0,8,3232236004,747.0,1.0,11.0,2.0
44,6,0,8,3232236004,5547.0,3.0,11.0,2.0
44,0,0,8,3232236004,2162.0,9.0,11.0,2.0
44,8,0,8,3232236004,1440.0,1.0,11.0,2.0
40,7,0,0,3232235915,833.0,1.0,11.0,2.0
40,6,0,0,3232235915,679.0,3.0,11.0,2.0
40,0,0,0,3232235915,1057.0,6.0,11.0,2.0
40,8,0,0,3232235915,4695.0,1.0,11.0,2.0
71,7,1,4,3232235832,1466.0,1.0,13.0,2.0
38,7,0,4,3232235984,392.0,1.0,13.0,2.0
71,6,0,4,3232235832,1682.0,7.0,13.0,2.0
38,6,0,4,3232235984,2272.0,9.0,13.0,2.0
71,0,0,4,3232235832,2325.0,8.0,13.0,2.0
38,0,0,4,3232235984,3149.0,1.0,13.0,2.0
38,8,0,4,3232235984,566.0,1.0,13.0,2.0
71,8,0,4,3232235832,1159.0,1.0,13.0,2.0
26,7,0,8,3232235885,620.0,1.0,13.0,2.0
26,6,0,8,3232235885,1617.0,7.0,13.0,2.0
26,0,0,8,3232235885,4970.0,5.0,14.0,2.0
26,8,0,8,3232235885,1498.0,1.0,14.0,2.0
63,7,0,8,3232235834,1968.0,1.0,14.0,2.0
63,6,0,8,3232235834,1260.0,3.0,14.0,2.0
63,0,0,8,3232235834,27900.0,10.0,14.0,2.0
63,8,0,8,3232235834,1257.0,1.0,14.0,2.0
24,7,0,8,3232235784,1325.0,1.0,15.0,2.0
24,6,0,8,3232235784,1526.0,4.0,15.0,2.0
24,0,0,8,3232235784,5924.0,4.0,15.0,2.0
24,8,0,8,3232235784,1367.0,1.0,15.0,2.0
23,6,0,1,3232235907,5480.0,7.0,15.0,2.0
23,0,0,1,3232235907,3063.0,7.0,15.0,2.0
23,8,0,1,3232235907,1452.0,1.0,16.0,2.0
31,7,0,0,3232235865,1063.0,1.0,16.0,2.0
31,6,0,0,3232235865,839.0,3.0,16.0,2.0
31,0,0,0,3232235865,4623.0,2.0,16.0,2.0
31,8,0,0,3232235865,1055.0,45.0,16.0,2.0
48,7,0,1,3232235975,1288.0,1.0,16.0,2.0
48,6,0,1,3232235975,3686.0,98.0,16.0,2.0
48,5,0,1,3232235975,1059.0,9.0,16.0,2.0
48,2,0,1,3232235975,8824.0,6.0,17.0,2.0
48,9,0,1,3232235975,7453.0,10.0,17.0,2.0
48,8,0,1,3232235975,565.0,1.0,17.0,2.0
52,7,0,7,3232235875,1816.0,1.0,0.0,3.0
20,7,0,8,3232235886,904.0,1.0,7.0,3.0
20,6,0,8,3232235886,3903.0,3.0,7.0,3.0
20,0,0,8,3232235886,2144.0,3.0,7.0,3.0
20,8,0,8,3232235886,1304.0,1.0,7.0,3.0
18,7,0,7,3232235951,1525.0,1.0,7.0,3.0
18,6,0,7,3232235951,991.0,6.0,7.0,3.0
18,0,0,7,3232235951,4975.0,2.0,7.0,3.0
18,8,0,7,3232235951,872.0,1.0,7.0,3.0
27,7,0,1,3232235892,1139.0,1.0,8.0,3.0
27,6,0,1,3232235892,1112.0,8.0,8.0,3.0
27,0,0,1,3232235892,2671.0,6.0,8.0,3.0
27,8,0,1,3232235892,1476.0,1.0,8.0,3.0
43,7,0,8,3232235853,1831.0,1.0,9.0,3.0
43,6,0,8,3232235853,5590.0,6.0,9.0,3.0
43,0,0,8,3232235853,4405.0,9.0,9.0,3.0
43,8,0,8,3232235853,1439.0,1.0,9.0,3.0
61,7,0,0,3232235875,490.0,1.0,9.0,3.0
61,6,0,0,3232235875,4384.0,4.0,9.0,3.0
61,0,0,0,3232235875,5739.0,1.0,9.0,3.0
61,8,0,0,3232235875,1355.0,1.0,9.0,3.0
25,7,0,8,3232235828,1014.0,1.0,11.0,3.0
25,6,0,8,3232235828,2006.0,1.0,11.0,3.0
25,0,0,8,3232235828,4366.0,3.0,11.0,3.0
25,8,0,8,3232235828,213.0,1.0,11.0,3.0
63,7,1,8,3232235834,1563.0,1.0,11.0,3.0
63,6,0,8,3232235834,2759.0,7.0,11.0,3.0
63,0,0,8,3232235834,2304.0,1.0,11.0,3.0
63,8,0,8,3232235834,290.0,1.0,11.0,3.0
32,7,0,4,3232235817,1154.0,1.0,14.0,3.0
32,6,0,4,3232235817,1861.0,6.0,14.0,3.0
32,0,0,4,3232235817,872.0,6.0,14.0,3.0
32,8,0,4,3232235817,316.0,1.0,14.0,3.0
56,7,0,1,3232235949,10816.0,1.0,16.0,3.0
56,6,0,1,3232235949,924.0,9.0,16.0,3.0
56,0,0,1,3232235949,3563.0,9.0,16.0,3.0
56,8,0,1,3232235949,305.0,1.0,16.0,3.0
52,6,0,7,3232235875,3453.0,10.0,16.0,3.0
52,0,0,7,3232235875,4997.0,5.0,16.0,3.0
52,8,0,3,3232235875,840.0,1.0,16.0,3.0
63,7,1,8,3232235834,1312.0,1.0,16.0,3.0
63,6,0,8,3232235834,4258.0,2.0,16.0,3.0
63,0,0,8,3232235834,2102.0,9.0,16.0,3.0
63,8,0,8,3232235834,1274.0,1.0,16.0,3.0
47,7,0,7,3232235789,944.0,1.0,3.0,4.0
56,7,1,1,3232235949,860.0,1.0,7.0,4.0
71,7,0,4,3232235832,1784.0,1.0,7.0,4.0
56,6,0,1,3232235949,4550.0,4.0,7.0,4.0
71,6,0,4,3232235832,858.0,10.0,7.0,4.0
56,0,0,1,3232235949,2293.0,4.0,7.0,4.0
56,8,0,1,3232235949,662.0,1.0,7.0,4.0
71,0,0,4,3232235832,616.0,59.0,7.0,4.0
71,8,0,4,3232235832,899.0,1.0,7.0,4.0
63,7,0,8,3232235834,1871.0,1.0,9.0,4.0
63,6,0,8,3232235834,4349.0,5.0,9.0,4.0
63,0,0,8,3232235834,1348.0,99.0,9.0,4.0
63,8,0,8,3232235834,213.0,1.0,9.0,4.0
79,7,0,8,3232235880,1731.0,1.0,10.0,4.0
79,6,0,8,3232235880,1879.0,7.0,10.0,4.0
79,0,0,8,3232235880,2196.0,4.0,10.0,4.0
79,8,0,8,3232235880,843.0,1.0,10.0,4.0
24,7,0,2,3232235784,1882.0,1.0,10.0,4.0
24,6,0,8,3232235784,3440.0,3.0,11.0,4.0
24,0,0,8,3232235784,5127.0,9.0,11.0,4.0
24,8,0,8,3232235784,1124.0,1.0,11.0,4.0
29,7,0,7,3232235972,1704.0,1.0,11.0,4.0
29,6,0,7,3232235972,1177.0,5.0,11.0,4.0
29,0,0,7,3232235972,2119.0,10.0,11.0,4.0
29,8,0,7,3232235972,236.0,1.0,11.0,4.0
33,7,0,1,3232236023,1688.0,1.0,13.0,4.0
33,6,0,1,3232236023,3023.0,1.0,13.0,4.0
33,0,0,1,3232236023,3790.0,10.0,13.0,4.0
33,8,0,1,3232236023,651.0,1.0,13.0,4.0
47,6,0,7,3232235789,2717.0,10.0,14.0,4.0
47,0,0,7,3232235789,1117.0,2.0,14.0,4.0
47,8,0,7,3232235789,311.0,1.0,14.0,4.0
32,7,0,4,3232235817,1482.0,1.0,15.0,4.0
32,6,0,4,3232235817,1855.0,7.0,15.0,4.0
32,0,0,4,3232235817,4646.0,3.0,15.0,4.0
32,8,0,4,3232235817,680.0,1.0,15.0,4.0
61,7,0,0,3232235875,1824.0,1.0,16.0,4.0
61,6,0,0,3232235875,2321.0,3.0,16.0,4.0
61,0,0,0,3232235875,1666.0,4.0,16.0,4.0
61,8,0,0,3232235875,829.0,1.0,16.0,4.0
40,7,0,0,3232235915,1244.0,1.0,9.0,5.0
40,6,0,0,3232235915,1876.0,10.0,9.0,5.0
40,0,0,0,3232235915,4048.0,7.0,9.0,5.0
40,8,0,0,3232235915,1216.0,1.0,9.0,5.0
40,7,0,0,3232235915,1683.0,1.0,9.0,5.0
40,6,0,0,3232235915,55.0,3.0,9.0,5.0
40,0,0,0,3232235915,3732.0,9.0,9.0,5.0
40,8,0,0,3232235915,1144.0,1.0,9.0,5.0
56,7,0,1,3232235949,522.0,1.0,10.0,5.0
56,6,0,1,3232235949,3182.0,8.0,10.0,5.0
56,0,0,1,3232235949,5783.0,1.0,10.0,5.0
56,8,0,1,3232235949,385.0,1.0,10.0,5.0
48,7,0,1,3232235975,458.0,1.0,14.0,5.0
48,6,0,1,3232235975,4206.0,4.0,14.0,5.0
48,5,0,1,3232235975,4291.0,9.0,14.0,5.0
48,2,1,1,3232235975,2586.0,6.0,14.0,5.0
49,7,0,4,3232236030,721.0,1.0,14.0,5.0
48,9,0,1,3232235975,2061.0,6.0,14.0,5.0
49,6,0,4,3232236030,3861.0,2.0,14.0,5.0
48,8,0,1,3232235975,1211.0,1.0,14.0,5.0
49,0,0,4,3232236030,601.0,10.0,14.0,5.0
49,8,0,4,3232236030,730.0,1.0,14.0,5.0
45,7,0,4,3232235925,543.0,1.0,15.0,5.0
45,6,0,4,2334122220,5852.0,1.0,15.0,5.0
45,0,0,4,3232235925,1340.0,7.0,15.0,5.0
45,8,0,4,3232235925,1044.0,1.0,15.0,5.0
86,7,0,0,3232235930,1526.0,1.0,16.0,5.0
86,6,0,0,3232235930,2357.0,8.0,16.0,5.0
86,0,0,0,3232235930,1417.0,7.0,16.0,5.0
86,8,0,0,3232235930,416.0,1.0,16.0,5.0
73,7,0,0,3232235814,1287.0,1.0,16.0,5.0
73,6,0,0,3232235814,4864.0,2.0,16.0,5.0
73,0,0,0,3232235814,5487.0,1.0,16.0,5.0
73,8,0,0,3232235814,934.0,1.0,16.0,5.0
65,7,0,7,3232235836,936.0,1.0,3.0,6.0
1,7,1,7,3232235784,1465.0,1.0,8.0,6.0
1,1,0,7,3232235784,4269.0,4.0,8.0,6.0
1,4,0,7,3232235784,1640.0,2.0,8.0,6.0
1,3,0,7,3232235784,5717.0,8.0,8.0,6.0
1,8,0,7,3232235784,910.0,1.0,8.0,6.0
59,7,0,1,3232235914,891.0,1.0,8.0,6.0
59,6,0,1,3232235914,3972.0,7.0,8.0,6.0
59,0,0,1,3232235914,1643.0,10.0,8.0,6.0
59,8,0,1,3232235914,1424.0,1.0,8.0,6.0
65,6,0,7,3232235836,1677.0,2.0,13.0,6.0
65,0,0,7,3232235836,1281.0,9.0,13.0,6.0
65,8,0,7,3232235836,546.0,1.0,13.0,6.0
57,7,0,4,3232235957,8533.0,1.0,15.0,6.0
57,6,0,4,3232235957,3387.0,2.0,15.0,6.0
57,0,0,4,3232235957,3483.0,7.0,15.0,6.0
57,8,0,4,3232235957,526.0,1.0,15.0,6.0
60,7,0,1,3232235819,1097.0,1.0,15.0,6.0
60,6,0,1,3232235819,3939.0,9.0,15.0,6.0
60,0,0,1,3232235819,4393.0,5.0,15.0,6.0
60,8,0,1,3232235819,251.0,1.0,15.0,6.0
43,7,0,8,3232235853,1360.0,1.0,15.0,6.0
43,6,0,8,3232235853,3571.0,3.0,15.0,6.0
43,0,0,8,3232235853,4291.0,4.0,15.0,6.0
43,8,0,8,3232235853,696.0,1.0,15.0,6.0
77,7,0,4,3232235969,1862.0,1.0,16.0,6.0
77,6,0,4,3232235969,4230.0,6.0,16.0,6.0
77,0,0,4,3232235969,2045.0,4.0,16.0,6.0
77,8,0,4,3232235969,1371.0,1.0,16.0,6.0
39,7,0,7,3232235964,1802.0,1.0,3.0,0.0
28,7,0,8,3232235849,1838.0,1.0,8.0,0.0
28,6,0,8,3232235849,1466.0,8.0,8.0,0.0
28,0,0,8,3232235849,1263.0,4.0,8.0,0.0
28,8,0,8,3232235849,717.0,1.0,8.0,0.0
20,7,0,8,3232235886,534.0,1.0,9.0,0.0
20,6,0,8,3232235886,1801.0,8.0,9.0,0.0
20,0,0,8,3232235886,1044.0,3.0,9.0,0.0
20,8,0,8,3232235886,1299.0,1.0,9.0,0.0
31,7,0,0,3232235865,1520.0,1.0,9.0,0.0
31,6,0,0,3232235865,5543.0,1.0,9.0,0.0
31,0,0,0,3232235865,639.0,8.0,9.0,0.0
31,8,0,0,3232235865,327.0,1.0,9.0,0.0
30,7,0,1,3232235956,387.0,1.0,10.0,0.0
30,6,0,1,3232235956,1141.0,7.0,10.0,0.0
30,0,0,1,3232235956,2154.0,3.0,10.0,0.0
30,8,0,1,3232235956,1418.0,1.0,10.0,0.0
82,7,1,0,3232235801,1528.0,1.0,10.0,0.0
82,6,0,0,1743574993,2175.0,10.0,10.0,0.0
82,0,0,0,3232235801,4804.0,3.0,11.0,0.0
82,8,0,0,3232235801,754.0,1.0,11.0,0.0
64,7,0,4,3232235993,517.0,1.0,11.0,0.0
64,6,0,4,3232235993,1985.0,7.0,11.0,0.0
64,0,0,4,3232235993,1575.0,1.0,11.0,0.0
64,8,0,4,3232235993,670.0,1.0,11.0,0.0
79,7,0,8,3232235880,1795.0,1.0,12.0,0.0
79,6,0,8,3232235880,4353.0,8.0,12.0,0.0
79,0,0,8,3232235880,3982.0,2.0,12.0,0.0
79,8,0,8,3232235880,1245.0,1.0,12.0,0.0
39,6,0,7,3232235964,4192.0,44.0,12.0,0.0
39,0,0,7,3232235964,3761.0,4.0,12.0,0.0
39,8,0,7,3232235964,19.0,1.0,12.0,0.0
40,7,0,0,3232235915,1842.0,1.0,13.0,0.0
40,6,0,0,3232235915,1489.0,6.0,13.0,0.0
40,0,0,0,3232235915,1027.0,1.0,13.0,0.0
40,8,0,0,3232235915,1436.0,1.0,13.0,0.0
41,7,0,7,3232236027,1646.0,1.0,15.0,0.0
41,6,0,7,3232236027,3792.0,2.0,15.0,0.0
41,0,0,7,3232236027,5992.0,7.0,15.0,0.0
41,8,0,7,3232236027,1402.0,1.0,15.0,0.0
76,7,0,8,3232235915,1959.0,1.0,9.0,1.0
76,6,0,8,3232235915,5400.0,9.0,9.0,1.0
76,0,0,8,3232235915,3623.0,5.0,9.0,1.0
76,8,0,8,3232235915,558.0,1.0,9.0,1.0
77,7,1,4,3232235969,404.0,1.0,11.0,1.0
77,6,0,4,3232235969,564.0,2.0,11.0,1.0
77,0,0,4,3232235969,5664.0,7.0,11.0,1.0
77,8,0,4,3232235969,1051.0,1.0,11.0,1.0
23,7,0,1,3232235907,301.0,1.0,12.0,1.0
23,6,0,1,3232235907,2019.0,1.0,12.0,1.0
23,0,0,1,3232235907,5576.0,6.0,12.0,1.0
23,8,0,1,3232235907,1470.0,1.0,12.0,1.0
63,7,0,8,3232235834,1342.0,1.0,13.0,1.0
63,6,0,8,3232235834,5066.0,6.0,13.0,1.0
63,0,0,8,1743334868,3647.0,9.0,13.0,1.0
63,8,0,8,3232235834,937.0,1.0,13.0,1.0
55,7,0,4,3232235868,672.0,1.0,15.0,1.0
55,6,0,4,3232235868,4044.0,9.0,15.0,1.0
55,5,0,4,3232235868,953.0,2.0,15.0,1.0
55,2,0,4,3232235868,9988.0,3.0,15.0,1.0
55,9,0,4,3232235868,5982.0,3.0,15.0,1.0
55,8,0,4,3232235868,531.0,1.0,15.0,1.0
82,7,0,0,3232235801,1127.0,1.0,16.0,1.0
82,6,0,0,3232235801,2736.0,3.0,16.0,1.0
82,0,0,2,3232235801,564.0,9.0,16.0,1.0
82,8,0,0,3232235801,676.0,1.0,16.0,1.0
79,7,0,8,3232235880,583.0,1.0,16.0,1.0
79,6,0,8,3232235880,3267.0,9.0,16.0,1.0
79,0,0,8,3232235880,22841.0,5.0,16.0,1.0
79,8,0,8,3232235880,1308.0,1.0,16.0,1.0
29,7,0,7,1915020318,376.0,1.0,16.0,1.0
29,6,0,7,3232235972,4289.0,2.0,17.0,1.0
29,0,0,7,3232235972,3816.0,10.0,17.0,1.0
29,8,0,7,3232235972,1279.0,1.0,17.0,1.0
38,7,0,4,3232235984,1039.0,1.0,7.0,2.0
38,6,0,4,3232235984,2282.0,7.0,7.0,2.0
38,0,0,4,3232235984,659.0,9.0,7.0,2.0
38,8,0,4,3232235984,323.0,1.0,7.0,2.0
79,7,0,8,3232235880,483.0,1.0,9.0,2.0
79,6,0,8,3232235880,4563.0,2.0,9.0,2.0
79,0,0,8,3232235880,3975.0,1.0,9.0,2.0
79,8,0,8,3232235880,768.0,1.0,9.0,2.0
71,7,0,4,3232235832,1671.0,1.0,9.0,2.0
71,6,0,4,3232235832,3183.0,2.0,9.0,2.0
71,0,0,4,3232235832,1250.0,1.0,9.0,2.0
71,8,0,4,3232235832,1368.0,1.0,9.0,2.0
85,7,0,1,3232235980,1682.0,1.0,10.0,2.0
85,6,0,1,3232235980,4647.0,8.0,10.0,2.0
85,5,0,1,3232235980,1066.0,9.0,11.0,2.0
85,2,0,1,3232235980,4469.0,8.0,11.0,2.0
85,9,0,1,3232235980,5501.0,10.0,11.0,2.0
85,8,0,1,3232235980,994.0,1.0,11.0,2.0
28,7,0,8,3232235849,744.0,1.0,12.0,2.0
28,6,0,8,3232235849,5019.0,3.0,12.0,2.0
28,0,0,8,3232235849,5903.0,7.0,12.0,2.0
28,8,0,8,3232235849,1259.0,1.0,12.0,2.0
46,7,0,1,3232235958,510.0,1.0,13.0,2.0
46,6,0,1,3232235958,1419.0,5.0,13.0,2.0
46,0,0,1,3232235958,2416.0,9.0,13.0,2.0
46,8,0,1,3232235958,756.0,1.0,13.0,2.0
66,7,1,7,3232235984,1320.0,1.0,14.0,2.0
66,6,0,7,3232235984,4500.0,5.0,14.0,2.0
66,0,0,7,3232235984,3480.0,1.0,14.0,2.0
66,8,0,7,3232235984,1337.0,1.0,14.0,2.0
44,7,0,8,3232236004,457.0,1.0,15.0,2.0
44,6,0,2,3232236004,5274.0,1.0,15.0,2.0
44,0,0,8,3232236004,3737.0,6.0,15.0,2.0
44,8,0,8,3232236004,401.0,1.0,15.0,2.0
25,7,0,8,3232235828,1203.0,1.0,16.0,2.0
25,6,0,8,3232235828,3424.0,3.0,16.0,2.0
25,0,0,8,3232235828,2427.0,9.0,17.0,2.0
25,8,0,8,3232235828,1022.0,1.0,17.0,2.0
81,7,0,1,3232235908,1310.0,1.0,3.0,3.0
82,7,0,0,3232235801,711.0,1.0,6.0,3.0
53,7,0,4,3232235894,1305.0,1.0,7.0,3.0
53,6,0,4,3232235894,4270.0,9.0,7.0,3.0
53,0,0,4,3232235894,5531.0,7.0,7.0,3.0
53,8,0,4,3232235894,1262.0,1.0,7.0,3.0
59,7,0,1,3232235914,788.0,1.0,10.0,3.0
59,6,0,1,3232235914,2400.0,2.0,11.0,3.0
59,0,0,1,3232235914,3085.0,9.0,11.0,3.0
59,8,0,1,3232235914,758.0,1.0,11.0,3.0
75,7,1,1,3232235968,596.0,1.0,11.0,3.0
75,6,0,1,3232235968,2970.0,5.0,11.0,3.0
75,0,0,1,3232235968,1579.0,3.0,11.0,3.0
75,8,0,1,3232235968,938.0,1.0,11.0,3.0
81,6,0,1,3232235908,1211.0,3.0,12.0,3.0
81,0,0,1,3232235908,2781.0,2.0,12.0,3.0
81,8,0,1,3232235908,924.0,1.0,12.0,3.0
82,6,0,0,3232235801,4406.0,7.0,13.0,3.0
82,0,0,0,3232235801,2708.0,3.0,13.0,3.0
82,8,0,0,3232235801,1183.0,1.0,13.0,3.0
67,7,0,4,3232235880,940.0,1.0,14.0,3.0
67,6,0,4,3232235880,3566.0,3.0,14.0,3.0
67,0,0,4,3232235880,4385.0,2.0,14.0,3.0
67,8,0,3,3232235880,386.0,1.0,14.0,3.0
85,7,0,1,3232235980,1324.0,1.0,15.0,3.0
85,6,0,1,3232235980,4306.0,2.0,15.0,3.0
85,5,0,1,3232235980,1555.0,4.0,16.0,3.0
85,2,0,1,3232235980,11436.0,9.0,16.0,3.0
85,9,0,1,3232235980,2376.0,9.0,16.0,3.0
85,8,0,1,3232235980,1375.0,1.0,16.0,3.0
81,7,0,1,3232235908,1805.0,1.0,7.0,4.0
81,6,0,1,3232235908,5068.0,7.0,7.0,4.0
83,7,0,7,3232235998,1506.0,1.0,7.0,4.0
81,0,0,1,3232235908,4728.0,1.0,7.0,4.0
83,6,0,7,3232235998,4387.0,7.0,7.0,4.0
83,0,0,7,3232235998,4297.0,10.0,7.0,4.0
83,8,0,7,3232235998,1371.0,1.0,7.0,4.0
81,8,0,1,3232235908,588.0,1.0,7.0,4.0
74,7,0,4,3232235813,1209.0,1.0,7.0,4.0
74,6,0,6,3232235813,5593.0,6.0,7.0,4.0
74,0,0,4,3232235813,5786.0,1.0,7.0,4.0
74,8,0,4,3232235813,1023.0,1.0,8.0,4.0
38,7,0,4,3232235984,984.0,1.0,9.0,4.0
38,6,0,4,3232235984,1954.0,5.0,9.0,4.0
38,0,0,4,758253261,1130.0,3.0,9.0,4.0
38,8,0,4,3232235984,219.0,1.0,9.0,4.0
6,7,0,4,3232235840,1098.0,1.0,11.0,4.0
6,6,0,4,3232235840,4707.0,3.0,11.0,4.0
6,5,0,4,3232235840,3307.0,3.0,11.0,4.0
6,2,0,4,3232235840,8300.0,4.0,11.0,4.0
6,9,0,4,3032021136,8714.0,10.0,11.0,4.0
6,8,0,4,3232235840,741.0,1.0,11.0,4.0
66,7,0,7,3232235984,878.0,1.0,12.0,4.0
66,6,0,7,3232235984,2459.0,3.0,12.0,4.0
66,0,0,7,3232235984,858.0,5.0,12.0,4.0
66,8,0,7,3232235984,703.0,1.0,12.0,4.0
35,7,0,7,3232235875,566.0,1.0,13.0,4.0
35,6,0,7,3232235875,2217.0,9.0,13.0,4.0
35,0,0,7,3232235875,617.0,8.0,13.0,4.0
35,8,0,7,3232235875,1315.0,1.0,13.0,4.0
58,7,0,7,3232235933,977.0,1.0,13.0,4.0
58,6,0,7,3232235933,2204.0,5.0,13.0,4.0
58,0,0,7,3232235933,4630.0,2.0,13.0,4.0
58,8,0,7,3232235933,1456.0,1.0,13.0,4.0
66,7,0,7,3232235984,1781.0,1.0,14.0,4.0
66,6,0,7,3232235984,4792.0,4.0,14.0,4.0
66,0,0,7,3232235984,2095.0,5.0,14.0,4.0
66,8,0,7,3232235984,744.0,1.0,14.0,4.0
78,7,1,8,3232235887,1172.0,1.0,14.0,4.0
78,6,0,8,3232235887,1428.0,3.0,14.0,4.0
78,0,0,8,3232235887,4258.0,7.0,14.0,4.0
78,8,0,8,3232235887,964.0,1.0,14.0,4.0
27,7,0,1,3232235892,1728.0,1.0,15.0,4.0
27,6,0,1,3232235892,563.0,1.0,15.0,4.0
27,0,0,1,3232235892,1361.0,10.0,15.0,4.0
27,8,0,1,3232235892,362.0,1.0,15.0,4.0
67,7,0,4,3232235880,1877.0,1.0,0.0,5.0
28,7,0,8,3232235849,1899.0,1.0,7.0,5.0
28,6,0,8,3232235849,5597.0,5.0,7.0,5.0
28,0,0,8,3232235849,5764.0,5.0,7.0,5.0
28,8,0,8,3232235849,940.0,1.0,7.0,5.0
66,7,0,7,3232235984,1532.0,1.0,7.0,5.0
66,6,0,7,3232235984,648.0,9.0,7.0,5.0
66,0,0,6,3232235984,1967.0,5.0,7.0,5.0
66,8,0,7,3232235984,1294.0,1.0,7.0,5.0
65,7,0,7,3232235836,1020.0,1.0,8.0,5.0
65,6,0,7,3232235836,3105.0,2.0,8.0,5.0
65,0,0,7,3232235836,3706.0,8.0,8.0,5.0
65,8,0,6,3232235836,975.0,1.0,8.0,5.0
27,7,0,1,3232235892,1011.0,1.0,9.0,5.0
27,6,0,6,3232235892,4207.0,7.0,9.0,5.0
27,0,0,1,3232235892,5032.0,2.0,9.0,5.0
27,8,0,1,3232235892,1233.0,1.0,9.0,5.0
6,7,0,4,3232235840,1779.0,1.0,9.0,5.0
6,6,0,4,3232235840,4190.0,3.0,9.0,5.0
6,5,0,4,3232235840,5696.0,8.0,9.0,5.0
6,2,0,4,3232235840,11968.0,173.0,9.0,5.0
6,9,0,4,3232235840,2596.0,1.0,9.0,5.0
6,8,0,4,3232235840,647.0,75.0,9.0,5.0
24,7,0,8,3232235784,1626.0,1.0,10.0,5.0
24,6,0,8,3232235784,2652.0,3.0,10.0,5.0
24,0,0,8,3232235784,768.0,5.0,10.0,5.0
24,8,0,8,3232235784,1480.0,1.0,10.0,5.0
38,7,0,4,3232235984,758.0,1.0,10.0,5.0
38,6,0,4,3232235984,4109.0,3.0,10.0,5.0
38,0,0,4,3232235984,5113.0,5.0,10.0,5.0
38,8,0,4,3232235984,1108.0,1.0,10.0,5.0
65,7,0,7,3232235836,1834.0,1.0,14.0,5.0
65,6,0,7,3232235836,3035.0,9.0,14.0,5.0
65,0,0,7,3232235836,2368.0,9.0,14.0,5.0
65,8,0,7,3232235836,1442.0,1.0,14.0,5.0
54,7,1,4,3232235819,546.0,1.0,14.0,5.0
54,6,0,4,3232235819,3488.0,3.0,14.0,5.0
54,5,0,4,1110951596,3617.0,5.0,14.0,5.0
54,2,0,4,3232235819,3567.0,6.0,14.0,5.0
54,9,0,4,3232235819,4450.0,2.0,14.0,5.0
54,8,0,4,3232235819,1118.0,1.0,14.0,5.0
67,6,0,4,3232235880,4738.0,2.0,16.0,5.0
67,0,0,4,3232235880,1194.0,6.0,16.0,5.0
67,8,0,4,3232235880,844.0,1.0,16.0,5.0
35,7,0,7,3232235875,1442.0,1.0,7.0,6.0
35,6,0,7,3232235875,4370.0,9.0,7.0,6.0
35,0,0,6,3232235875,5910.0,8.0,7.0,6.0
35,8,0,7,3232235875,1458.0,1.0,7.0,6.0
77,7,1,4,3232235969,1183.0,1.0,8.0,6.0
77,6,0,4,3232235969,4290.0,10.0,8.0,6.0
77,0,0,4,3232235969,5970.0,5.0,8.0,6.0
77,8,0,4,3232235969,923.0,1.0,8.0,6.0
77,7,0,4,3232235969,1510.0,1.0,8.0,6.0
77,6,0,4,3232235969,5021.0,8.0,8.0,6.0
77,0,0,4,3232235969,4400.0,4.0,8.0,6.0
77,8,0,4,3232235969,54.0,1.0,8.0,6.0
21,7,0,7,3232235785,1605.0,1.0,9.0,6.0
21,6,0,7,3232235785,4061.0,5.0,9.0,6.0
21,0,0,7,3232235785,3814.0,10.0,9.0,6.0
21,8,0,7,3232235785,639.0,1.0,9.0,6.0
84,7,0,7,3232235817,1513.0,1.0,15.0,6.0
84,1,0,7,3232235817,4384.0,1.0,15.0,6.0
84,4,0,7,3232235817,3984.0,10.0,15.0,6.0
84,3,0,7,3232235817,7294.0,10.0,15.0,6.0
84,8,0,7,3232235817,1431.0,1.0,15.0,6.0
41,7,0,7,3232236027,1447.0,1.0,1.0,0.0
33,7,1,1,3232236023,1977.0,1.0,7.0,0.0
33,6,0,1,3232236023,3293.0,10.0,7.0,0.0
33,0,0,1,3232236023,1889.0,9.0,7.0,0.0
33,8,0,1,3232236023,658.0,1.0,7.0,0.0
55,7,0,4,3232235868,1766.0,1.0,9.0,0.0
55,6,0,4,3232235868,2289.0,3.0,10.0,0.0
55,5,0,4,3232235868,2666.0,4.0,10.0,0.0
55,2,0,4,3232235868,9512.0,1.0,10.0,0.0
55,9,0,4,3232235868,4123.0,10.0,10.0,0.0
55,8,0,4,3232235868,361.0,1.0,10.0,0.0
41,6,0,7,3232236027,2589.0,6.0,10.0,0.0
41,0,0,7,3232236027,1070.0,59.0,10.0,0.0
41,8,0,7,3232236027,325.0,1.0,10.0,0.0
58,7,0,7,3232235933,1261.0,1.0,10.0,0.0
58,6,0,7,3232235933,4984.0,9.0,10.0,0.0
58,0,0,7,3232235933,2637.0,1.0,11.0,0.0
58,8,0,7,3232235933,1104.0,1.0,11.0,0.0
86,7,0,0,3232235930,1611.0,1.0,11.0,0.0
86,6,0,0,3232235930,3740.0,1.0,11.0,0.0
86,0,0,0,3232235930,5530.0,4.0,11.0,0.0
86,8,0,2,3232235930,1120.0,1.0,11.0,0.0
61,7,0,0,3232235875,1735.0,1.0,11.0,0.0
61,6,0,0,3232235875,2036.0,10.0,11.0,0.0
61,0,0,0,3232235875,1670.0,6.0,11.0,0.0
61,8,0,0,3232235875,1408.0,1.0,11.0,0.0
31,7,0,0,3232235865,1752.0,1.0,12.0,0.0
31,6,0,0,3232235865,2310.0,2.0,12.0,0.0
31,0,0,0,3232235865,5508.0,5.0,12.0,0.0
31,8,0,0,3232235865,1447.0,1.0,12.0,0.0
41,7,0,7,3232236027,1992.0,1.0,1.0,1.0
1,7,0,7,3232235784,465.0,1.0,4.0,1.0
48,7,0,1,3232235975,445.0,1.0,6.0,1.0
84,7,0,7,3232235817,634.0,1.0,7.0,1.0
84,1,0,7,3232235817,3611.0,1.0,7.0,1.0
84,4,0,7,3232235817,4585.0,7.0,7.0,1.0
84,3,0,7,3232235817,4898.0,9.0,7.0,1.0
84,8,0,7,3232235817,850.0,1.0,7.0,1.0
51,7,0,1,3232235999,1668.0,1.0,8.0,1.0
51,6,0,1,3232235999,2879.0,5.0,8.0,1.0
51,0,0,1,3232235999,1837.0,9.0,8.0,1.0
51,8,0,1,3232235999,1047.0,1.0,8.0,1.0
1,1,0,7,3232235784,3471.0,2.0,9.0,1.0
1,4,0,7,3232235784,8218.0,1.0,9.0,1.0
1,3,0,7,3232235784,3230.0,4.0,9.0,1.0
1,8,0,7,3232235784,289.0,1.0,9.0,1.0
48,6,0,1,3232235975,2093.0,9.0,9.0,1.0
48,5,0,1,3232235975,1481.0,7.0,9.0,1.0
22,7,0,7,3232235833,1284.0,1.0,9.0,1.0
48,2,0,1,3232235975,10180.0,5.0,9.0,1.0
22,6,0,7,3232235833,4441.0,1.0,9.0,1.0
48,9,0,1,3232235975,7768.0,1.0,9.0,1.0
22,0,0,7,3232235833,2273.0,2.0,9.0,1.0
22,8,0,7,3232235833,1196.0,1.0,9.0,1.0
48,8,0,1,3232235975,508.0,1.0,9.0,1.0
22,7,0,7,3232235833,1188.0,1.0,9.0,1.0
22,6,0,7,3232235833,4879.0,2.0,9.0,1.0
22,0,0,7,3232235833,963.0,8.0,9.0,1.0
22,8,0,7,3232235833,1027.0,1.0,9.0,1.0
83,7,0,7,3232235998,874.0,1.0,10.0,1.0
83,6,0,7,3232235998,5443.0,4.0,10.0,1.0
83,0,0,7,3232235998,5146.0,1.0,10.0,1.0
83,8,0,7,3232235998,1157.0,1.0,10.0,1.0
86,7,0,0,3232235930,1973.0,1.0,10.0,1.0
55,7,0,4,3232235868,1473.0,1.0,10.0,1.0
55,6,0,4,3232235868,4581.0,4.0,10.0,1.0
86,6,0,0,3232235930,5710.0,5.0,10.0,1.0
55,5,0,4,3232235868,5194.0,5.0,10.0,1.0
86,0,0,0,3232235930,6.0,1.0,10.0,1.0
55,2,0,4,3232235868,1808.0,6.0,10.0,1.0
55,9,1,4,3232235868,9986.0,1.0,10.0,1.0
86,8,0,0,3232235930,304.0,1.0,10.0,1.0
55,8,0,4,3232235868,487.0,1.0,10.0,1.0
41,6,0,7,3232236027,2261.0,6.0,11.0,1.0
41,0,0,7,3232236027,1715.0,2.0,11.0,1.0
41,8,0,7,3232236027,708.0,1.0,11.0,1.0
28,7,0,8,3232235849,547.0,1.0,13.0,1.0
28,6,0,8,3232235849,1373.0,7.0,13.0,1.0
28,0,0,8,3232235849,1846.0,1.0,13.0,1.0
28,8,0,8,3232235849,803.0,1.0,13.0,1.0
29,7,0,7,1740904840,1957.0,1.0,14.0,1.0
29,6,0,7,3232235972,3051.0,8.0,14.0,1.0
29,0,0,7,3232235972,51.0,5.0,14.0,1.0
29,8,0,7,3232235972,462.0,1.0,14.0,1.0
73,7,0,0,3232235814,1554.0,1.0,16.0,1.0
73,6,0,0,3232235814,4988.0,8.0,16.0,1.0
73,0,0,0,3232235814,1803.0,8.0,16.0,1.0
73,8,0,0,3232235814,1121.0,1.0,16.0,1.0
58,7,0,7,3232235933,1148.0,1.0,8.0,2.0
58,6,0,7,3232235933,2619.0,6.0,8.0,2.0
58,0,0,7,3232235933,1276.0,5.0,8.0,2.0
58,8,0,7,3232235933,847.0,1.0,8.0,2.0
81,7,0,1,3232235908,1945.0,1.0,8.0,2.0
81,6,0,1,3232235908,1817.0,6.0,8.0,2.0
81,0,0,1,3232235908,1554.0,10.0,8.0,2.0
81,8,0,1,3232235908,1238.0,1.0,8.0,2.0
71,7,0,4,3232235832,1880.0,1.0,8.0,2.0
71,6,0,4,3232235832,11.0,4.0,8.0,2.0
71,0,0,4,3232235832,4677.0,8.0,8.0,2.0
71,8,0,4,3232235832,1462.0,1.0,8.0,2.0
44,7,0,8,3232236004,1007.0,1.0,9.0,2.0
44,6,0,8,3232236004,3925.0,10.0,9.0,2.0
44,0,0,8,3232236004,5679.0,1.0,9.0,2.0
44,8,0,8,3232236004,1391.0,1.0,9.0,2.0
72,7,0,0,3232235879,664.0,1.0,10.0,2.0
72,6,0,0,3232235879,5437.0,1.0,10.0,2.0
72,0,0,0,3232235879,3575.0,1.0,10.0,2.0
72,8,0,0,3232235879,951.0,1.0,10.0,2.0
74,7,0,4,3232235813,1102.0,1.0,14.0,2.0
74,6,0,4,3232235813,99.0,6.0,14.0,2.0
74,0,0,4,3232235813,5801.0,5.0,14.0,2.0
74,8,0,4,3232235813,664.0,1.0,14.0,2.0
47,7,0,7,3232235789,1151.0,1.0,15.0,2.0
27,7,0,1,3232235892,947.0,1.0,15.0,2.0
47,6,0,7,3232235789,2510.0,3.0,15.0,2.0
27,6,0,1,3232235892,5758.0,1.0,15.0,2.0
47,0,0,7,3232235789,5743.0,2.0,15.0,2.0
27,0,0,5,3232235892,4529.0,9.0,15.0,2.0
47,8,0,7,3232235789,805.0,1.0,15.0,2.0
27,8,0,1,3232235892,1294.0,1.0,15.0,2.0
40,7,0,0,3232235915,1367.0,1.0,16.0,2.0
40,6,0,0,3232235915,2261.0,3.0,16.0,2.0
40,0,0,0,3232235915,1921.0,8.0,16.0,2.0
40,8,0,0,3232235915,973.0,1.0,16.0,2.0
19,7,0,8,3232235800,1650.0,1.0,2.0,3.0
35,7,0,7,3232235875,475.0,1.0,4.0,3.0
50,7,0,7,3232235996,743.0,1.0,7.0,3.0
50,6,0,7,3232235996,2460.0,10.0,7.0,3.0
50,0,0,7,3232235996,3193.0,10.0,7.0,3.0
50,8,0,7,3232235996,798.0,1.0,7.0,3.0
23,7,1,1,3232235907,1777.0,1.0,7.0,3.0
23,6,0,1,3232235907,4494.0,10.0,7.0,3.0
23,0,0,1,3232235907,1489.0,2.0,7.0,3.0
23,8,0,1,3232235907,1053.0,1.0,7.0,3.0
18,7,0,7,3232235951,859.0,1.0,11.0,3.0
18,6,0,7,3232235951,2851.0,6.0,11.0,3.0
18,0,0,7,3232235951,2423.0,7.0,11.0,3.0
42,7,0,0,3232235798,1687.0,1.0,11.0,3.0
18,8,0,7,3232235951,801.0,1.0,11.0,3.0
42,6,0,0,3232235798,2591.0,10.0,11.0,3.0
42,0,0,0,3232235798,689.0,138.0,11.0,3.0
42,8,0,0,3232235798,444.0,1.0,11.0,3.0
35,6,0,7,3232235875,4946.0,5.0,11.0,3.0
35,0,0,7,3232235875,3265.0,10.0,11.0,3.0
35,8,0,7,3232235875,1008.0,1.0,11.0,3.0
42,7,0,0,3232235798,1459.0,1.0,11.0,3.0
42,6,0,0,3232235798,4778.0,4.0,11.0,3.0
42,0,0,0,3232235798,3484.0,8.0,11.0,3.0
42,8,0,0,3232235798,502.0,1.0,12.0,3.0
19,6,0,8,3232235800,4748.0,10.0,15.0,3.0
19,0,0,8,3232235800,856.0,5.0,15.0,3.0
19,8,0,8,3232235800,409.0,1.0,15.0,3.0
65,7,0,7,3232235836,1654.0,1.0,15.0,3.0
65,6,0,7,3232235836,32536.0,2.0,15.0,3.0
65,0,0,7,3232235836,4952.0,4.0,15.0,3.0
65,8,0,7,3232235836,1152.0,1.0,15.0,3.0
55,7,0,4,3232235868,1283.0,1.0,0.0,4.0
47,7,0,7,3232235789,555.0,1.0,4.0,4.0
55,6,0,4,3232235868,4856.0,3.0,7.0,4.0
55,5,0,4,3232235868,5747.0,4.0,7.0,4.0
55,2,0,4,3232235868,2809.0,8.0,7.0,4.0
55,9,0,4,3232235868,2040.0,5.0,7.0,4.0
55,8,0,4,3232235868,999.0,1.0,7.0,4.0
49,7,0,4,3232236030,960.0,1.0,7.0,4.0
49,6,0,4,3232236030,4500.0,2.0,7.0,4.0
49,0,0,4,3232236030,2186.0,6.0,7.0,4.0
49,8,0,4,3232236030,1217.0,1.0,7.0,4.0
41,7,0,7,3232236027,1838.0,1.0,8.0,4.0
41,6,0,7,3232236027,4584.0,9.0,8.0,4.0
41,0,0,7,3232236027,4303.0,3.0,8.0,4.0
41,8,0,7,3232236027,859.0,1.0,8.0,4.0
73,7,0,0,3232235814,653.0,1.0,9.0,4.0
73,6,0,0,3232235814,1276.0,3.0,9.0,4.0
73,0,0,0,3232235814,1208.0,9.0,9.0,4.0
73,8,0,0,3232235814,263.0,1.0,9.0,4.0
54,7,1,4,3232235819,1329.0,1.0,10.0,4.0
54,6,0,4,3232235819,1827.0,4.0,10.0,4.0
54,5,0,4,3232235819,5453.0,3.0,10.0,4.0
54,2,0,4,3232235819,5596.0,1.0,10.0,4.0
54,9,1,4,3232235819,8873.0,6.0,10.0,4.0
75,7,0,1,3232235968,1174.0,1.0,10.0,4.0
54,8,0,4,3232235819,1335.0,1.0,10.0,4.0
75,6,0,1,3232235968,2659.0,5.0,10.0,4.0
75,0,0,1,3232235968,2260.0,6.0,10.0,4.0
47,7,0,7,3232235789,404.0,1.0,10.0,4.0
75,8,0,1,3232235968,1115.0,1.0,10.0,4.0
47,6,0,7,3232235789,2903.0,2.0,10.0,4.0
47,0,0,7,3232235789,4570.0,6.0,10.0,4.0
47,8,0,7,3232235789,1079.0,1.0,10.0,4.0
47,6,0,7,3232235789,2559.0,1.0,11.0,4.0
47,0,0,7,3232235789,742.0,4.0,11.0,4.0
47,8,0,7,3232235789,724.0,1.0,11.0,4.0
6,7,0,4,3232235840,1903.0,1.0,11.0,4.0
6,6,0,4,3232235840,2766.0,6.0,11.0,4.0
6,5,0,4,3232235840,4289.0,5.0,11.0,4.0
6,2,0,4,3232235840,6574.0,5.0,11.0,4.0
6,9,1,4,3232235840,2807.0,1.0,11.0,4.0
6,8,0,4,2332636550,1125.0,1.0,11.0,4.0
76,7,0,8,3232235915,501.0,1.0,12.0,4.0
76,6,0,8,3232235915,1348.0,8.0,12.0,4.0
76,0,0,8,3232235915,1612.0,90.0,12.0,4.0
76,8,0,8,3232235915,747.0,1.0,12.0,4.0
69,7,1,3,3232236011,574.0,1.0,12.0,4.0
69,6,0,1,3232236011,825.0,8.0,12.0,4.0
69,0,0,1,3232236011,5827.0,6.0,12.0,4.0
69,8,0,1,3232236011,565.0,1.0,12.0,4.0
73,7,0,0,3232235814,643.0,1.0,13.0,4.0
73,6,0,0,3232235814,5395.0,5.0,13.0,4.0
73,0,0,0,3232235814,5117.0,5.0,13.0,4.0
73,8,0,0,3232235814,325.0,1.0,13.0,4.0
76,7,0,8,3232235915,587.0,1.0,15.0,4.0
76,6,0,8,3232235915,1550.0,8.0,15.0,4.0
76,0,0,8,3232235915,5845.0,9.0,15.0,4.0
76,8,0,8,3232235915,998.0,1.0,15.0,4.0
38,7,0,4,3232235984,617.0,1.0,7.0,5.0
38,6,0,4,3232235984,5336.0,9.0,7.0,5.0
38,0,0,4,3232235984,1669.0,2.0,7.0,5.0
38,8,0,4,1118701413,233.0,1.0,7.0,5.0
21,7,1,7,3232235785,1173.0,1.0,7.0,5.0
21,6,0,7,3232235785,1966.0,10.0,7.0,5.0
21,0,0,7,3232235785,5355.0,8.0,7.0,5.0
21,8,0,7,3232235785,13158.0,1.0,7.0,5.0
44,7,0,8,3232236004,591.0,1.0,7.0,5.0
44,6,0,8,3232236004,2556.0,1.0,7.0,5.0
44,0,0,8,3232236004,2174.0,8.0,8.0,5.0
44,8,0,8,3232236004,222.0,1.0,8.0,5.0
55,7,0,4,3232235868,620.0,1.0,8.0,5.0
55,6,0,4,3232235868,3745.0,3.0,8.0,5.0
55,5,0,4,3232235868,1793.0,10.0,8.0,5.0
55,2,0,4,3232235868,4074.0,6.0,8.0,5.0
55,9,0,4,3232235868,9461.0,8.0,9.0,5.0
55,8,0,4,3232235868,1419.0,1.0,9.0,5.0
61,7,0,0,3232235875,1097.0,1.0,9.0,5.0
61,6,0,0,3232235875,5415.0,85.0,9.0,5.0
61,0,0,0,3232235875,4215.0,7.0,9.0,5.0
61,8,0,0,3232235875,1220.0,1.0,9.0,5.0
81,7,0,1,3232235908,338.0,1.0,10.0,5.0
81,6,0,1,3232235908,5824.0,10.0,10.0,5.0
81,0,0,1,3232235908,3450.0,2.0,10.0,5.0
81,8,0,1,3232235908,1265.0,1.0,10.0,5.0
64,7,0,4,3232235993,820.0,1.0,12.0,5.0
64,6,0,4,3232235993,2781.0,5.0,12.0,5.0
64,0,0,4,3232235993,1026.0,1.0,12.0,5.0
64,8,0,4,3232235993,997.0,1.0,12.0,5.0
6,7,0,4,3232235840,1158.0,1.0,13.0,5.0
6,6,0,4,3232235840,3136.0,4.0,13.0,5.0
6,5,0,4,3232235840,3909.0,6.0,13.0,5.0
6,2,0,4,3232235840,5944.0,2.0,13.0,5.0
6,9,0,6,3232235840,7108.0,2.0,13.0,5.0
64,7,0,4,1122774444,741.0,1.0,13.0,5.0
64,6,0,4,3232235993,3866.0,9.0,13.0,5.0
64,0,0,4,3232235993,3357.0,8.0,13.0,5.0
64,8,0,4,3232235993,839.0,1.0,13.0,5.0
6,8,0,4,3232235840,1228.0,1.0,13.0,5.0
18,7,0,7,3232235951,729.0,1.0,14.0,5.0
18,6,0,7,3232235951,3704.0,5.0,14.0,5.0
18,0,0,7,3232235951,3061.0,4.0,14.0,5.0
18,8,0,7,2650499668,1333.0,1.0,14.0,5.0
42,7,1,0,3232235798,592.0,1.0,15.0,5.0
42,6,0,0,3232235798,5605.0,9.0,15.0,5.0
42,0,0,0,3232235798,2666.0,3.0,15.0,5.0
42,8,0,0,3232235798,901.0,1.0,15.0,5.0
22,7,0,7,3232235833,505.0,1.0,16.0,5.0
22,6,0,7,3232235833,5881.0,4.0,16.0,5.0
22,0,0,7,3232235833,2683.0,9.0,16.0,5.0
22,8,0,7,3232235833,314.0,1.0,16.0,5.0
1,7,0,7,3232235784,1062.0,1.0,3.0,6.0
84,7,0,7,3232235817,433.0,1.0,7.0,6.0
84,1,0,7,3232235817,2652.0,3.0,7.0,6.0
84,4,0,7,3232235817,8776.0,7.0,7.0,6.0
84,3,0,7,3232235817,9308.0,4.0,7.0,6.0
84,8,0,7,3232235817,481.0,1.0,7.0,6.0
68,7,0,4,3232235794,474.0,1.0,8.0,6.0
68,6,0,4,3232235794,5379.0,7.0,8.0,6.0
68,0,0,4,3232235794,1249.0,2.0,8.0,6.0
68,8,0,4,3232235794,523.0,1.0,8.0,6.0
67,7,0,4,3232235880,1027.0,64.0,9.0,6.0
67,6,0,4,3232235880,4025.0,5.0,9.0,6.0
67,0,0,4,3232235880,4593.0,2.0,9.0,6.0
67,8,0,4,3232235880,577.0,1.0,9.0,6.0
33,7,1,1,3232236023,1719.0,1.0,12.0,6.0
33,6,0,1,3232236023,1038.0,9.0,12.0,6.0
33,0,0,1,3232236023,1235.0,8.0,12.0,6.0
33,8,0,1,3232236023,818.0,1.0,12.0,6.0
1,1,0,7,3232235784,3454.0,2.0,13.0,6.0
1,4,0,7,3232235784,3483.0,9.0,13.0,6.0
1,3,0,7,3232235784,7909.0,4.0,13.0,6.0
1,8,0,7,3232235784,482.0,1.0,13.0,6.0
84,7,0,7,3232235817,687.0,1.0,13.0,6.0
84,1,0,7,3232235817,680.0,2.0,13.0,6.0
84,4,0,7,3232235817,9513.0,6.0,13.0,6.0
84,3,0,7,3232235817,7745.0,10.0,13.0,6.0
84,8,0,7,3232235817,902.0,1.0,13.0,6.0
66,7,0,7,3232235984,1919.0,1.0,13.0,6.0
66,6,0,7,3232235984,868.0,6.0,13.0,6.0
66,0,0,7,3232235984,3108.0,5.0,13.0,6.0
66,8,0,6,3232235984,1364.0,1.0,13.0,6.0
53,7,0,4,3232235894,1729.0,1.0,13.0,6.0
53,6,0,4,3232235894,1804.0,5.0,13.0,6.0
53,0,0,4,3232235894,4117.0,5.0,13.0,6.0
53,8,0,4,3232235894,1006.0,1.0,13.0,6.0
30,7,0,1,3232235956,727.0,1.0,15.0,6.0
30,6,0,1,3232235956,3337.0,8.0,15.0,6.0
30,0,0,1,3232235956,5578.0,9.0,15.0,6.0
30,8,0,1,3232235956,978.0,1.0,15.0,6.0
57,7,0,4,3232235957,736.0,1.0,15.0,6.0
57,6,0,4,3232235957,4614.0,9.0,15.0,6.0
57,0,0,4,3232235957,4867.0,3.0,15.0,6.0
57,8,0,4,3232235957,600.0,1.0,15.0,6.0
49,7,0,4,3232236030,1955.0,1.0,16.0,6.0
49,6,0,4,3232236030,5977.0,3.0,16.0,6.0
49,0,0,4,3232236030,3857.0,1.0,16.0,6.0
49,8,0,4,3232236030,580.0,1.0,16.0,6.0
63,7,0,8,3232235834,1839.0,1.0,7.0,0.0
63,6,0,8,3232235834,2264.0,2.0,7.0,0.0
63,0,0,8,3232235834,2389.0,10.0,7.0,0.0
63,8,0,8,2637113381,521.0,1.0,7.0,0.0
32,7,1,4,3232235817,1149.0,1.0,7.0,0.0
32,6,0,4,3232235817,1320.0,5.0,7.0,0.0
32,0,0,4,3232235817,3206.0,10.0,7.0,0.0
32,8,0,4,3232235817,251.0,1.0,7.0,0.0
67,7,0,4,3232235880,1204.0,1.0,12.0,0.0
67,6,0,4,3232235880,3998.0,8.0,12.0,0.0
67,0,0,4,3232235880,3737.0,6.0,12.0,0.0
67,8,0,4,3232235880,765.0,1.0,12.0,0.0
54,7,0,4,3232235819,1194.0,1.0,14.0,0.0
54,6,0,4,3232235819,2713.0,1.0,14.0,0.0
54,5,0,4,3232235819,1895.0,7.0,14.0,0.0
54,2,0,4,3232235819,3531.0,4.0,14.0,0.0
54,9,0,4,3232235819,6772.0,4.0,14.0,0.0
54,8,0,4,3232235819,778.0,1.0,14.0,0.0
66,7,0,7,3232235984,1769.0,1.0,15.0,0.0
66,6,0,7,3232235984,5456.0,1.0,15.0,0.0
66,0,0,7,3232235984,5601.0,2.0,15.0,0.0
66,8,0,7,3232235984,914.0,1.0,15.0,0.0
33,7,0,1,1918077312,481.0,1.0,16.0,0.0
33,6,0,1,3232236023,3854.0,5.0,16.0,0.0
33,0,0,1,3232236023,3895.0,3.0,16.0,0.0
33,8,0,1,3232236023,1338.0,1.0,16.0,0.0
64,7,1,4,3232235993,609.0,1.0,1.0,1.0
86,7,1,0,3232235930,1679.0,1.0,4.0,1.0
70,7,0,8,3232236002,845.0,1.0,4.0,1.0
69,7,0,1,3232236011,1413.0,1.0,8.0,1.0
69,6,0,1,3232236011,981.0,2.0,8.0,1.0
69,0,0,1,3232236011,3153.0,8.0,8.0,1.0
69,8,0,1,3232236011,402.0,1.0,8.0,1.0
70,7,0,8,3232236002,611.0,1.0,9.0,1.0
70,6,0,8,3232236002,5362.0,10.0,9.0,1.0
70,6,0,8,3232236002,4450.0,3.0,9.0,1.0
70,0,0,5,3232236002,5894.0,10.0,9.0,1.0
70,8,0,8,3232236002,544.0,1.0,9.0,1.0
70,0,0,8,3232236002,3530.0,8.0,9.0,1.0
70,8,0,8,3232236002,976.0,1.0,9.0,1.0
33,7,0,1,3232236023,669.0,1.0,10.0,1.0
33,6,0,1,3232236023,1942.0,3.0,10.0,1.0
33,0,0,1,3232236023,5771.0,3.0,10.0,1.0
33,8,0,1,3232236023,1187.0,1.0,10.0,1.0
86,6,0,0,3025561862,3924.0,5.0,11.0,1.0
86,0,0,0,3232235930,5187.0,8.0,11.0,1.0
86,8,0,0,3232235930,621.0,1.0,11.0,1.0
38,7,0,4,3232235984,782.0,1.0,12.0,1.0
38,6,0,4,3232235984,2687.0,6.0,12.0,1.0
38,0,0,4,3232235984,2973.0,10.0,12.0,1.0
38,8,0,4,3232235984,1373.0,1.0,12.0,1.0
64,7,0,4,3232235993,1537.0,1.0,14.0,1.0
64,6,0,4,3232235993,1975.0,10.0,14.0,1.0
64,0,0,4,3232235993,868.0,5.0,14.0,1.0
64,8,0,4,3232235993,1077.0,1.0,14.0,1.0
64,6,0,4,3232235993,4483.0,2.0,14.0,1.0
64,0,0,4,3232235993,4916.0,6.0,14.0,1.0
64,8,0,4,3232235993,1399.0,1.0,14.0,1.0
58,7,0,7,3232235933,1315.0,1.0,3.0,2.0
20,7,0,8,2348343629,956.0,1.0,8.0,2.0
20,6,0,8,343003611,4975.0,4.0,8.0,2.0
20,0,0,8,3232235886,14070.0,6.0,8.0,2.0
20,8,0,8,3232235886,477.0,1.0,8.0,2.0
25,7,0,8,3232235828,1317.0,1.0,9.0,2.0
25,6,0,8,3232235828,5827.0,6.0,9.0,2.0
25,0,0,8,3232235828,4034.0,8.0,9.0,2.0
25,8,0,8,3232235828,821.0,1.0,9.0,2.0
25,7,0,8,3232235828,1755.0,1.0,10.0,2.0
25,6,0,8,3232235828,1715.0,6.0,10.0,2.0
25,0,0,8,3232235828,3719.0,8.0,11.0,2.0
25,8,0,8,3232235828,1082.0,1.0,11.0,2.0
30,7,0,1,3232235956,1430.0,1.0,11.0,2.0
30,6,0,1,3232235956,2818.0,7.0,11.0,2.0
30,0,0,1,338324904,4319.0,9.0,11.0,2.0
30,8,0,1,3232235956,935.0,1.0,11.0,2.0
81,7,0,1,3232235908,1870.0,1.0,11.0,2.0
81,6,0,1,3232235908,1567.0,1.0,11.0,2.0
81,0,0,1,3232235908,3779.0,4.0,11.0,2.0
81,8,0,1,3232235908,416.0,1.0,11.0,2.0
29,7,0,7,3232235972,789.0,1.0,12.0,2.0
29,6,0,7,3232235972,1801.0,1.0,12.0,2.0
29,0,0,7,3232235972,2539.0,5.0,12.0,2.0
29,8,0,7,3232235972,739.0,1.0,12.0,2.0
82,7,0,0,3232235801,1794.0,1.0,13.0,2.0
82,6,0,0,3232235801,4860.0,1.0,13.0,2.0
82,0,0,0,1927950422,4278.0,9.0,13.0,2.0
82,8,0,0,3232235801,917.0,1.0,13.0,2.0
49,7,0,4,3232236030,709.0,1.0,13.0,2.0
49,6,0,4,3232236030,5684.0,10.0,13.0,2.0
49,0,0,4,3232236030,5362.0,1.0,13.0,2.0
49,8,0,4,3232236030,326.0,1.0,13.0,2.0
34,7,0,4,3232235804,1522.0,1.0,14.0,2.0
34,6,0,4,3232235804,3373.0,4.0,14.0,2.0
34,0,0,4,3232235804,2941.0,2.0,14.0,2.0
34,8,0,4,3232235804,355.0,1.0,14.0,2.0
58,6,0,7,3232235933,2927.0,1.0,15.0,2.0
61,7,0,0,3232235875,1993.0,1.0,15.0,2.0
58,0,0,7,3232235933,4997.0,4.0,15.0,2.0
49,7,0,4,3232236030,591.0,1.0,15.0,2.0
58,8,0,7,3232235933,1340.0,1.0,15.0,2.0
61,6,0,0,3232235875,976.0,5.0,15.0,2.0
49,6,0,4,3232236030,1754.0,9.0,15.0,2.0
49,0,0,4,3232236030,3009.0,3.0,15.0,2.0
61,0,0,0,3232235875,2352.0,4.0,15.0,2.0
61,8,0,0,3232235875,1069.0,1.0,15.0,2.0
49,8,0,4,3232236030,1016.0,1.0,15.0,2.0
29,7,0,7,3232235972,1141.0,1.0,15.0,2.0
29,6,0,7,3232235972,2496.0,1.0,15.0,2.0
29,0,0,7,3232235972,1547.0,10.0,15.0,2.0
29,8,0,7,3232235972,1413.0,1.0,15.0,2.0
82,7,0,0,3232235801,1171.0,1.0,2.0,3.0
63,7,0,8,3232235834,616.0,1.0,8.0,3.0
63,6,0,8,3232235834,534.0,1.0,8.0,3.0
63,0,0,8,3232235834,4601.0,6.0,8.0,3.0
63,8,0,8,3232235834,1206.0,1.0,8.0,3.0
40,7,0,0,3232235915,1264.0,1.0,8.0,3.0
40,6,0,0,3232235915,3962.0,9.0,8.0,3.0
40,0,0,0,3232235915,5492.0,7.0,8.0,3.0
40,8,0,0,3232235915,519.0,1.0,8.0,3.0
78,7,0,8,3232235887,1060.0,1.0,8.0,3.0
78,6,0,8,3036571940,4985.0,8.0,9.0,3.0
78,0,0,8,3232235887,1759.0,1.0,9.0,3.0
78,8,0,8,3232235887,411.0,1.0,9.0,3.0
77,7,0,4,3232235969,879.0,1.0,10.0,3.0
77,6,0,4,3232235969,4470.0,5.0,10.0,3.0
77,0,0,4,3232235969,699.0,7.0,10.0,3.0
77,8,0,4,3232235969,2635.0,1.0,10.0,3.0
82,6,0,0,3232235801,21.0,8.0,13.0,3.0
85,7,0,1,3232235980,1461.0,1.0,13.0,3.0
85,6,0,1,3232235980,4960.0,4.0,13.0,3.0
82,0,0,0,3232235801,2404.0,2.0,14.0,3.0
85,5,0,1,3232235980,1917.0,2.0,14.0,3.0
85,2,0,1,3232235980,64.0,8.0,14.0,3.0
82,8,0,0,3232235801,780.0,1.0,14.0,3.0
85,9,0,1,3232235980,2873.0,10.0,14.0,3.0
85,8,0,1,3232235980,1420.0,1.0,14.0,3.0
68,7,0,4,3232235794,340.0,1.0,15.0,3.0
68,6,0,4,3232235794,1861.0,90.0,15.0,3.0
68,0,0,4,3232235794,1839.0,5.0,15.0,3.0
68,8,0,4,3232235794,1152.0,1.0,15.0,3.0
22,7,0,7,3232235833,915.0,1.0,16.0,3.0
22,6,0,7,3232235833,1107.0,3.0,16.0,3.0
22,0,0,7,3232235833,5983.0,5.0,16.0,3.0
22,8,0,7,3232235833,633.0,1.0,16.0,3.0
73,7,0,0,3232235814,837.0,1.0,16.0,3.0
73,6,0,0,3232235814,1143.0,8.0,16.0,3.0
73,0,0,0,3232235814,2000.0,8.0,17.0,3.0
73,8,0,0,3232235814,888.0,1.0,17.0,3.0
41,7,0,7,3232236027,533.0,1.0,0.0,4.0
36,7,0,7,3232235869,1196.0,1.0,1.0,4.0
78,7,0,8,3232235887,1947.0,1.0,7.0,4.0
78,6,0,8,3232235887,1926.0,2.0,7.0,4.0
78,0,0,8,3232235887,4214.0,9.0,7.0,4.0
78,8,0,8,3232235887,1418.0,1.0,7.0,4.0
73,7,0,0,3232235814,1803.0,1.0,8.0,4.0
73,6,0,0,3232235814,5824.0,7.0,8.0,4.0
73,0,0,0,3232235814,3699.0,1.0,8.0,4.0
73,8,0,0,3232235814,807.0,1.0,8.0,4.0
50,7,0,7,3232235996,1315.0,1.0,8.0,4.0
50,6,0,7,3232235996,4250.0,2.0,8.0,4.0
50,0,0,7,3232235996,1609.0,5.0,8.0,4.0
50,8,0,7,3232235996,213.0,1.0,8.0,4.0
68,7,0,4,3232235794,1086.0,1.0,9.0,4.0
68,6,0,4,3232235794,4697.0,3.0,9.0,4.0
68,0,0,4,3232235794,5852.0,1.0,9.0,4.0
68,8,0,4,3232235794,618.0,47.0,9.0,4.0
24,7,0,8,3232235784,1615.0,1.0,10.0,4.0
24,6,0,8,3232235784,806.0,10.0,10.0,4.0
24,0,0,8,3232235784,3625.0,2.0,10.0,4.0
24,8,0,8,3232235784,314.0,1.0,10.0,4.0
36,6,0,7,3232235869,731.0,8.0,11.0,4.0
36,0,0,7,3232235869,3278.0,10.0,11.0,4.0
36,8,0,7,3232235869,1286.0,1.0,11.0,4.0
6,7,0,4,3232235840,1096.0,1.0,13.0,4.0
6,6,0,4,3232235840,4125.0,6.0,13.0,4.0
6,5,0,4,3232235840,4075.0,10.0,13.0,4.0
6,2,0,4,3232235840,11483.0,51.0,13.0,4.0
6,9,0,4,3232235840,2137.0,4.0,13.0,4.0
6,8,0,4,134276992,1328.0,1.0,13.0,4.0
50,7,0,7,3232235996,1714.0,1.0,14.0,4.0
50,6,0,7,3232235996,1780.0,4.0,14.0,4.0
50,0,0,7,3232235996,1496.0,10.0,14.0,4.0
50,8,0,7,3232235996,1139.0,1.0,14.0,4.0
41,6,0,7,3232236027,1950.0,7.0,14.0,4.0
41,0,0,7,3232236027,4226.0,2.0,14.0,4.0
41,8,0,7,3232236027,707.0,1.0,14.0,4.0
23,7,0,1,3232235907,1272.0,1.0,15.0,4.0
59,7,0,1,3232235914,546.0,1.0,15.0,4.0
23,6,0,1,3232235907,5316.0,6.0,15.0,4.0
23,0,0,1,3232235907,11420.0,2.0,15.0,4.0
59,6,0,1,3232235914,1387.0,7.0,15.0,4.0
59,0,0,1,3232235914,3488.0,10.0,15.0,4.0
23,8,0,1,3232235907,553.0,1.0,15.0,4.0
59,8,0,1,3232235914,1089.0,1.0,15.0,4.0
79,7,1,8,3232235880,1800.0,1.0,16.0,4.0
79,6,0,8,3232235880,3181.0,3.0,16.0,4.0
79,0,0,8,3232235880,1304.0,9.0,16.0,4.0
79,8,0,8,3232235880,471.0,1.0,16.0,4.0
47,7,0,7,3232235789,688.0,1.0,0.0,5.0
51,7,0,1,3232235999,1705.0,1.0,4.0,5.0
24,7,0,8,3232235784,1882.0,1.0,4.0,5.0
79,7,0,8,3232235880,771.0,1.0,7.0,5.0
79,6,0,8,3232235880,776.0,5.0,7.0,5.0
79,0,0,8,3232235880,1512.0,7.0,7.0,5.0
79,8,0,8,3232235880,1020.0,1.0,7.0,5.0
60,7,0,1,3232235819,1637.0,1.0,9.0,5.0
60,6,0,1,3232235819,3851.0,8.0,9.0,5.0
60,0,0,1,3232235819,3904.0,8.0,9.0,5.0
60,8,0,1,3232235819,1200.0,1.0,9.0,5.0
24,6,0,8,3232235784,859.0,5.0,11.0,5.0
24,0,0,8,3232235784,1996.0,4.0,11.0,5.0
24,8,0,8,3232235784,896.0,1.0,11.0,5.0
51,6,0,1,3232235999,3230.0,8.0,12.0,5.0
51,0,0,1,3232235999,1581.0,9.0,12.0,5.0
51,8,0,1,3232235999,1435.0,1.0,12.0,5.0
60,7,0,1,3232235819,853.0,1.0,13.0,5.0
60,6,0,1,3232235819,713.0,6.0,13.0,5.0
60,0,0,1,3232235819,5391.0,4.0,13.0,5.0
60,8,0,1,3232235819,260.0,1.0,13.0,5.0
48,7,1,1,3232235975,332.0,1.0,13.0,5.0
48,6,0,1,3232235975,2054.0,10.0,13.0,5.0
48,5,0,1,3232235975,3043.0,9.0,13.0,5.0
48,2,0,1,3232235975,10682.0,5.0,13.0,5.0
48,9,0,1,3232235975,9818.0,3.0,13.0,5.0
48,8,0,1,3232235975,15.0,1.0,13.0,5.0
47,6,0,7,3232235789,4953.0,6.0,15.0,5.0
47,0,0,7,3232235789,3151.0,8.0,15.0,5.0
47,8,0,7,3232235789,763.0,1.0,15.0,5.0
54,7,1,4,3232235819,1633.0,1.0,16.0,5.0
54,6,0,4,3232235819,5693.0,1.0,16.0,5.0
54,5,0,4,3232235819,3451.0,7.0,16.0,5.0
54,2,0,4,3232235819,11305.0,6.0,16.0,5.0
54,9,1,4,3232235819,7802.0,3.0,16.0,5.0
54,8,0,4,3232235819,847.0,1.0,16.0,5.0
43,7,0,8,3232235853,1623.0,1.0,1.0,6.0
66,7,0,7,3232235984,1538.0,1.0,2.0,6.0
69,7,0,1,3232236011,333.0,1.0,5.0,6.0
1,7,1,7,3232235784,549.0,1.0,6.0,6.0
18,7,0,7,3232235951,959.0,1.0,7.0,6.0
18,6,0,7,3232235951,2174.0,5.0,7.0,6.0
18,0,0,7,3232235951,5020.0,2.0,7.0,6.0
18,8,0,7,3232235951,454.0,1.0,7.0,6.0
69,6,0,1,3232236011,762.0,9.0,7.0,6.0
69,0,0,1,3232236011,3179.0,9.0,7.0,6.0
69,8,0,1,3232236011,1207.0,1.0,7.0,6.0
35,7,0,7,3232235875,1747.0,1.0,8.0,6.0
35,6,0,7,3232235875,3909.0,8.0,8.0,6.0
35,0,0,7,3232235875,1539.0,4.0,8.0,6.0
35,8,0,7,3232235875,493.0,1.0,8.0,6.0
43,6,0,8,3232235853,2005.0,10.0,8.0,6.0
43,0,0,8,3232235853,5808.0,6.0,8.0,6.0
43,8,0,8,3232235853,1081.0,1.0,8.0,6.0
1,1,0,7,3232235784,1688.0,4.0,8.0,6.0
1,4,0,7,3232235784,2330.0,10.0,9.0,6.0
1,3,0,7,3232235784,2557.0,9.0,9.0,6.0
31,7,0,0,3232235865,835.0,1.0,9.0,6.0
1,8,0,7,3232235784,1413.0,1.0,9.0,6.0
31,6,0,0,3232235865,601.0,9.0,9.0,6.0
31,0,0,0,3232235865,5223.0,10.0,9.0,6.0
31,8,0,0,3232235865,658.0,1.0,9.0,6.0
86,7,0,0,3232235930,1486.0,1.0,9.0,6.0
86,6,0,0,3232235930,3069.0,1.0,9.0,6.0
86,0,0,0,3232235930,910.0,10.0,9.0,6.0
86,8,0,0,3232235930,1176.0,1.0,9.0,6.0
69,7,0,1,3232236011,578.0,1.0,11.0,6.0
69,6,0,1,3232236011,1299.0,2.0,11.0,6.0
22,7,0,7,3232235833,865.0,1.0,11.0,6.0
69,0,0,1,3232236011,5922.0,1.0,11.0,6.0
22,6,0,7,1742273442,2392.0,8.0,11.0,6.0
69,8,0,1,3232236011,804.0,1.0,11.0,6.0
22,0,0,7,3232235833,5476.0,4.0,11.0,6.0
22,8,0,7,3232235833,1031.0,1.0,11.0,6.0
66,6,0,7,3232235984,5202.0,5.0,14.0,6.0
66,0,0,7,3232235984,1373.0,7.0,14.0,6.0
66,8,0,7,3232235984,973.0,1.0,14.0,6.0
27,7,0,1,1743190538,1234.0,1.0,16.0,6.0
27,6,0,1,3232235892,1724.0,3.0,16.0,6.0
68,7,0,4,3232235794,743.0,1.0,16.0,6.0
68,6,0,4,3232235794,1646.0,9.0,16.0,6.0
27,0,0,1,3232235892,1658.0,7.0,16.0,6.0
68,0,0,4,3232235794,10404.0,8.0,16.0,6.0
68,8,0,4,3232235794,329.0,1.0,16.0,6.0
27,8,0,1,3232235892,829.0,1.0,16.0,6.0
38,7,1,4,3232235984,1863.0,1.0,16.0,6.0
38,6,0,4,3232235984,1017.0,6.0,17.0,6.0
38,0,0,4,3232235984,3994.0,1.0,17.0,6.0
38,8,0,4,3232235984,1312.0,1.0,17.0,6.0
44,7,0,8,3232236004,1914.0,1.0,0.0,0.0
54,7,0,4,3232235819,1018.0,1.0,6.0,0.0
54,6,0,4,3232235819,4518.0,4.0,7.0,0.0
54,5,0,4,3232235819,5964.0,4.0,7.0,0.0
54,2,0,4,3232235819,7477.0,9.0,7.0,0.0
54,9,0,4,3232235819,4213.0,7.0,7.0,0.0
54,8,0,4,3232235819,490.0,1.0,7.0,0.0
68,7,0,4,3232235794,752.0,1.0,9.0,0.0
68,6,0,4,3232235794,744.0,3.0,9.0,0.0
68,0,0,4,3232235794,4189.0,7.0,9.0,0.0
68,8,0,4,3232235794,1114.0,1.0,9.0,0.0
44,6,0,8,3232236004,5963.0,1.0,9.0,0.0
44,0,0,8,3232236004,2479.0,9.0,9.0,0.0
44,8,0,8,3232236004,258.0,1.0,9.0,0.0
32,7,0,4,3232235817,369.0,1.0,10.0,0.0
32,6,0,4,3232235817,5974.0,1.0,10.0,0.0
32,0,0,4,3232235817,552.0,7.0,10.0,0.0
32,8,0,4,3232235817,481.0,1.0,10.0,0.0
53,7,0,4,3232235894,1754.0,1.0,10.0,0.0
53,6,0,4,3232235894,2475.0,8.0,10.0,0.0
53,0,0,4,3232235894,5981.0,8.0,10.0,0.0
53,8,0,4,3232235894,798.0,1.0,11.0,0.0
75,7,0,1,3232235968,1461.0,1.0,11.0,0.0
75,6,0,1,3232235968,2370.0,9.0,11.0,0.0
75,0,0,1,3232235968,4621.0,3.0,11.0,0.0
75,8,0,1,3232235968,500.0,1.0,11.0,0.0
55,7,0,4,3232235868,1457.0,1.0,12.0,0.0
55,6,0,4,3232235868,4147.0,2.0,12.0,0.0
55,5,0,4,3232235868,5681.0,1.0,12.0,0.0
55,2,0,4,3232235868,9876.0,1.0,12.0,0.0
55,9,0,4,3232235868,1025.0,5.0,12.0,0.0
55,8,0,4,3232235868,1492.0,1.0,13.0,0.0
58,7,0,7,3232235933,767.0,1.0,13.0,0.0
58,6,0,7,3232235933,1574.0,4.0,13.0,0.0
58,0,0,3,3232235933,679.0,10.0,13.0,0.0
58,8,0,7,3232235933,1233.0,1.0,13.0,0.0
52,7,1,7,3232235875,905.0,1.0,14.0,0.0
52,6,0,7,3232235875,2293.0,2.0,14.0,0.0
52,0,0,7,3232235875,2853.0,7.0,14.0,0.0
52,8,0,7,3232235875,1115.0,1.0,14.0,0.0
18,7,0,7,3232235951,1016.0,1.0,15.0,0.0
18,6,0,7,3232235951,1839.0,5.0,15.0,0.0
18,0,0,7,3232235951,1240.0,5.0,15.0,0.0
18,8,0,7,3232235951,256.0,1.0,15.0,0.0
39,7,0,7,3232235964,1976.0,1.0,15.0,0.0
39,6,0,7,3232235964,2148.0,10.0,15.0,0.0
39,0,0,7,3232235964,2498.0,2.0,15.0,0.0
39,8,0,7,3232235964,1003.0,1.0,15.0,0.0
18,7,0,7,3232235951,332.0,1.0,16.0,0.0
18,6,0,7,3232235951,4495.0,5.0,16.0,0.0
18,0,0,7,3232235951,2643.0,4.0,16.0,0.0
18,8,0,7,3232235951,215.0,1.0,16.0,0.0
8,7,0,2,3232235813,1453.0,1.0,16.0,0.0
8,6,0,1,340076583,2596.0,4.0,16.0,0.0
8,0,0,1,3232235813,4229.0,6.0,16.0,0.0
8,8,0,1,3232235813,1473.0,1.0,16.0,0.0
80,7,0,4,3232235834,762.0,1.0,2.0,1.0
83,7,0,7,3232235998,432.0,1.0,8.0,1.0
83,6,0,7,3232235998,3588.0,7.0,8.0,1.0
83,0,0,7,3232235998,5856.0,9.0,8.0,1.0
83,8,0,7,3232235998,1094.0,1.0,8.0,1.0
51,7,1,6,3232235999,653.0,1.0,10.0,1.0
51,6,0,1,3232235999,1219.0,6.0,10.0,1.0
51,0,0,1,3232235999,5970.0,6.0,10.0,1.0
51,8,0,1,3232235999,332.0,1.0,10.0,1.0
51,7,0,1,3232235999,1543.0,1.0,11.0,1.0
51,6,0,1,3232235999,1294.0,7.0,11.0,1.0
51,0,0,1,3232235999,2288.0,4.0,11.0,1.0
51,8,0,1,3232235999,426.0,1.0,11.0,1.0
58,7,0,7,3232235933,694.0,1.0,12.0,1.0
58,6,0,7,3232235933,2493.0,8.0,12.0,1.0
58,0,0,7,3232235933,3244.0,10.0,12.0,1.0
58,8,0,7,3232235933,210.0,1.0,12.0,1.0
82,7,0,0,3232235801,1741.0,1.0,12.0,1.0
82,6,0,0,3232235801,703.0,1.0,12.0,1.0
82,0,0,0,3232235801,5129.0,7.0,12.0,1.0
82,8,0,0,3232235801,572.0,1.0,12.0,1.0
70,7,0,8,3232236002,1670.0,1.0,13.0,1.0
70,6,0,8,3232236002,5020.0,3.0,13.0,1.0
70,0,0,8,3232236002,3213.0,6.0,13.0,1.0
70,8,0,8,3232236002,940.0,172.0,13.0,1.0
61,7,0,0,3232235875,822.0,1.0,14.0,1.0
61,6,0,0,3232235875,2372.0,5.0,14.0,1.0
61,0,0,0,3232235875,3503.0,5.0,15.0,1.0
61,8,0,0,3232235875,1180.0,1.0,15.0,1.0
56,7,0,1,3232235949,1097.0,1.0,15.0,1.0
56,6,0,1,3232235949,2762.0,3.0,15.0,1.0
56,0,0,1,3232235949,92.0,1.0,15.0,1.0
56,8,0,1,3232235949,1170.0,1.0,15.0,1.0
25,7,0,8,3232235828,1988.0,1.0,15.0,1.0
65,7,0,7,3232235836,1503.0,1.0,15.0,1.0
25,6,0,8,3232235828,2637.0,9.0,15.0,1.0
65,6,0,7,3232235836,603.0,5.0,15.0,1.0
65,0,0,7,3232235836,3112.0,5.0,15.0,1.0
38,7,0,4,3232235984,366.0,1.0,15.0,1.0
25,0,0,8,3232235828,1043.0,6.0,15.0,1.0
38,6,0,4,3232235984,622.0,5.0,15.0,1.0
65,8,0,7,3232235836,440.0,1.0,15.0,1.0
38,0,0,4,3232235984,3883.0,4.0,15.0,1.0
25,8,0,8,3232235828,1061.0,1.0,15.0,1.0
38,8,0,4,3232235984,615.0,1.0,15.0,1.0
80,6,0,4,3232235834,3649.0,8.0,15.0,1.0
80,0,0,4,3232235834,1492.0,79.0,15.0,1.0
80,8,0,4,3232235834,1296.0,1.0,15.0,1.0
35,7,0,7,3232235875,834.0,1.0,16.0,1.0
35,6,0,7,3232235875,1905.0,10.0,16.0,1.0
35,0,0,3,3232235875,4973.0,6.0,16.0,1.0
35,8,0,7,3232235875,1206.0,1.0,16.0,1.0
36,7,1,7,3232235869,1790.0,1.0,4.0,2.0
33,7,0,1,3232236023,389.0,1.0,5.0,2.0
33,6,0,5,3232236023,3190.0,2.0,7.0,2.0
33,0,0,6,3232236023,2362.0,8.0,7.0,2.0
33,8,0,1,3232236023,1248.0,1.0,7.0,2.0
70,7,0,8,3232236002,1006.0,1.0,8.0,2.0
70,6,0,2,3232236002,4562.0,8.0,8.0,2.0
70,0,0,8,3232236002,3340.0,3.0,8.0,2.0
70,8,0,8,3232236002,933.0,1.0,8.0,2.0
36,6,0,7,3232235869,4341.0,5.0,9.0,2.0
36,0,0,7,3232235869,5227.0,9.0,9.0,2.0
36,8,0,7,3232235869,1322.0,1.0,9.0,2.0
48,7,0,1,3232235975,590.0,1.0,13.0,2.0
48,6,0,1,3232235975,1457.0,6.0,13.0,2.0
48,5,0,1,3232235975,861.0,3.0,13.0,2.0
48,2,0,1,3232235975,9679.0,5.0,13.0,2.0
48,9,0,1,3232235975,6907.0,7.0,13.0,2.0
48,8,0,1,3232235975,779.0,1.0,13.0,2.0
26,7,0,8,3232235885,1279.0,1.0,14.0,2.0
26,6,0,8,3232235885,3156.0,8.0,14.0,2.0
26,0,0,8,3232235885,2651.0,3.0,14.0,2.0
26,8,0,8,3232235885,497.0,1.0,14.0,2.0
48,7,0,1,3232235975,1784.0,144.0,15.0,2.0
48,6,0,1,3232235975,1075.0,10.0,15.0,2.0
48,5,0,1,3232235975,1634.0,3.0,15.0,2.0
8,7,0,6,3232235813,1658.0,1.0,15.0,2.0
48,2,0,1,3232235975,2676.0,9.0,15.0,2.0
8,6,0,1,3232235813,4231.0,8.0,15.0,2.0
48,9,0,1,3232235975,9961.0,3.0,15.0,2.0
8,0,0,1,3232235813,4658.0,2.0,15.0,2.0
48,8,0,1,3232235975,486.0,1.0,15.0,2.0
8,8,0,1,3232235813,223.0,1.0,15.0,2.0
59,7,0,1,3232235914,1419.0,1.0,4.0,3.0
81,7,0,1,3232235908,413.0,1.0,7.0,3.0
81,6,0,1,3232235908,5369.0,6.0,7.0,3.0
81,0,0,1,3232235908,4620.0,7.0,7.0,3.0
81,8,0,1,3232235908,1126.0,1.0,7.0,3.0
74,7,1,4,3232235813,1237.0,1.0,7.0,3.0
74,6,0,4,3232235813,1421.0,3.0,7.0,3.0
53,7,0,4,3232235894,1735.0,1.0,7.0,3.0
74,0,0,4,3232235813,1512.0,6.0,7.0,3.0
53,6,0,4,3232235894,3143.0,6.0,7.0,3.0
53,0,0,4,3232235894,1296.0,7.0,7.0,3.0
74,8,0,4,3232235813,391.0,1.0,7.0,3.0
53,8,0,4,3232235894,1367.0,1.0,7.0,3.0
8,7,0,1,3232235813,1049.0,1.0,8.0,3.0
8,6,0,1,3232235813,618.0,5.0,8.0,3.0
8,0,0,1,3232235813,3367.0,8.0,8.0,3.0
8,8,0,2,3232235813,705.0,1.0,8.0,3.0
59,6,0,1,3232235914,5205.0,9.0,9.0,3.0
59,0,0,1,3232235914,4467.0,9.0,9.0,3.0
59,8,0,1,3232235914,408.0,1.0,9.0,3.0
79,7,0,8,3232235880,977.0,1.0,10.0,3.0
79,6,0,8,3232235880,912.0,9.0,10.0,3.0
79,0,0,8,3232235880,2324.0,9.0,10.0,3.0
79,8,0,8,3232235880,975.0,1.0,10.0,3.0
24,7,0,8,3232235784,392.0,1.0,10.0,3.0
24,6,0,8,3232235784,2187.0,2.0,10.0,3.0
24,0,0,8,3232235784,2879.0,1.0,10.0,3.0
24,8,0,8,3232235784,692.0,1.0,10.0,3.0
21,7,0,7,3232235785,1900.0,1.0,11.0,3.0
21,6,0,7,3232235785,14.0,3.0,11.0,3.0
21,0,0,7,3232235785,4006.0,8.0,11.0,3.0
21,8,0,7,3232235785,1060.0,1.0,12.0,3.0
37,7,0,4,3232235932,842.0,1.0,12.0,3.0
37,6,0,4,3232235932,1912.0,7.0,12.0,3.0
37,0,0,4,3232235932,1316.0,2.0,12.0,3.0
37,8,0,4,3232235932,1292.0,1.0,12.0,3.0
18,7,0,7,3232235951,1414.0,1.0,13.0,3.0
18,6,0,7,3232235951,2822.0,3.0,13.0,3.0
18,0,0,7,3232235951,3630.0,4.0,13.0,3.0
18,8,0,7,3232235951,600.0,1.0,13.0,3.0
60,7,0,1,3232235819,1959.0,1.0,13.0,3.0
60,6,0,1,3232235819,5734.0,8.0,13.0,3.0
60,0,0,1,3232235819,2049.0,6.0,13.0,3.0
60,8,0,1,3232235819,1308.0,1.0,13.0,3.0
1,7,0,7,3232235784,320.0,1.0,13.0,3.0
1,1,0,7,3232235784,1907.0,5.0,13.0,3.0
1,4,0,7,3232235784,1761.0,3.0,13.0,3.0
1,3,0,7,3232235784,4050.0,2.0,13.0,3.0
1,8,0,7,3232235784,960.0,1.0,13.0,3.0
49,7,0,4,3232236030,632.0,1.0,15.0,3.0
49,6,0,4,3232236030,4178.0,3.0,15.0,3.0
49,0,0,4,3232236030,3803.0,7.0,15.0,3.0
49,8,0,4,3232236030,466.0,1.0,15.0,3.0
70,7,0,8,3232236002,1763.0,1.0,15.0,3.0
70,6,0,8,3232236002,516.0,2.0,15.0,3.0
70,0,0,8,3232236002,4395.0,5.0,15.0,3.0
43,7,0,8,3232235853,1119.0,1.0,15.0,3.0
70,8,0,8,3232236002,659.0,1.0,15.0,3.0
43,6,0,8,3232235853,527.0,9.0,15.0,3.0
43,0,0,8,3232235853,3236.0,8.0,15.0,3.0
43,8,0,8,3232235853,41.0,1.0,15.0,3.0
82,7,0,0,3232235801,1919.0,1.0,15.0,3.0
72,7,0,0,3232235879,833.0,1.0,15.0,3.0
82,6,0,0,3232235801,2197.0,4.0,15.0,3.0
72,6,0,0,3232235879,741.0,2.0,15.0,3.0
72,0,0,0,3232235879,4535.0,5.0,15.0,3.0
72,8,0,0,3232235879,376.0,1.0,15.0,3.0
82,0,0,0,3232235801,2162.0,8.0,15.0,3.0
82,8,0,0,3232235801,680.0,1.0,15.0,3.0
38,7,0,4,3232235984,1143.0,1.0,4.0,4.0
21,7,0,7,3232235785,1603.0,1.0,6.0,4.0
78,7,1,8,3232235887,793.0,1.0,7.0,4.0
78,6,0,8,3232235887,5278.0,6.0,7.0,4.0
78,0,0,8,3232235887,898.0,1.0,7.0,4.0
78,8,0,8,3232235887,776.0,1.0,7.0,4.0
53,7,1,4,3232235894,1262.0,1.0,8.0,4.0
79,7,0,8,3232235880,1806.0,1.0,8.0,4.0
53,6,0,4,3232235894,1441.0,1.0,8.0,4.0
79,6,0,8,3232235880,3802.0,1.0,8.0,4.0
53,0,0,4,3232235894,1462.0,9.0,8.0,4.0
79,0,0,8,3232235880,2423.0,7.0,8.0,4.0
53,8,0,4,3232235894,1148.0,1.0,8.0,4.0
79,8,0,8,3232235880,1067.0,1.0,8.0,4.0
78,7,0,8,3232235887,1716.0,1.0,10.0,4.0
78,6,0,8,3232235887,3297.0,3.0,10.0,4.0
78,0,0,8,3232235887,2323.0,8.0,10.0,4.0
78,8,0,8,3232235887,1147.0,1.0,10.0,4.0
30,7,0,1,3232235956,1811.0,1.0,11.0,4.0
30,6,0,1,3232235956,1058.0,8.0,11.0,4.0
30,0,0,1,3232235956,5752.0,3.0,11.0,4.0
30,8,0,1,3232235956,983.0,1.0,11.0,4.0
38,6,0,4,3232235984,2054.0,4.0,11.0,4.0
38,0,0,4,3232235984,5890.0,10.0,11.0,4.0
38,8,0,4,3232235984,853.0,1.0,11.0,4.0
54,7,0,4,3232235819,1141.0,1.0,11.0,4.0
54,6,0,4,3232235819,3794.0,1.0,11.0,4.0
54,5,0,4,3232235819,530.0,8.0,11.0,4.0
54,2,1,4,3232235819,7687.0,3.0,11.0,4.0
54,9,0,4,3232235819,3655.0,9.0,11.0,4.0
54,8,0,4,3232235819,516.0,1.0,11.0,4.0
21,6,0,7,3232235785,5586.0,5.0,12.0,4.0
21,0,0,7,3232235785,5900.0,3.0,12.0,4.0
21,8,0,7,3232235785,1486.0,1.0,12.0,4.0
48,7,0,1,3232235975,1147.0,1.0,15.0,4.0
48,6,0,1,3232235975,5108.0,4.0,15.0,4.0
70,7,0,8,3232236002,670.0,1.0,15.0,4.0
48,5,0,1,3232235975,6572.0,3.0,15.0,4.0
70,6,0,8,3232236002,1309.0,3.0,15.0,4.0
48,2,0,1,3232235975,1765.0,5.0,15.0,4.0
48,9,0,1,3232235975,26.0,5.0,15.0,4.0
70,0,0,8,3232236002,2970.0,3.0,15.0,4.0
70,8,0,8,3232236002,420.0,1.0,15.0,4.0
48,8,0,1,3232235975,512.0,1.0,15.0,4.0
51,7,0,1,3232235999,852.0,1.0,8.0,5.0
51,6,0,1,3232235999,3227.0,2.0,8.0,5.0
51,0,0,1,3232235999,2818.0,10.0,8.0,5.0
51,8,0,1,3232235999,457.0,1.0,8.0,5.0
74,7,0,4,3232235813,944.0,1.0,9.0,5.0
74,6,0,4,3232235813,4647.0,10.0,9.0,5.0
74,0,0,4,3232235813,3928.0,7.0,9.0,5.0
74,8,0,4,3232235813,614.0,1.0,9.0,5.0
86,7,0,0,3232235930,1398.0,1.0,10.0,5.0
86,6,0,0,3232235930,5461.0,2.0,10.0,5.0
86,0,0,0,3232235930,5530.0,9.0,10.0,5.0
86,8,0,0,3232235930,1037.0,1.0,10.0,5.0
45,7,1,4,3232235925,781.0,1.0,10.0,5.0
45,6,0,4,3232235925,5073.0,41.0,10.0,5.0
45,0,0,4,3232235925,1180.0,8.0,10.0,5.0
45,8,0,4,3232235925,1039.0,1.0,10.0,5.0
73,7,0,0,3232235814,565.0,1.0,12.0,5.0
73,6,0,0,3232235814,5712.0,7.0,12.0,5.0
73,0,0,0,3232235814,2744.0,10.0,12.0,5.0
73,8,0,0,3232235814,1184.0,1.0,12.0,5.0
22,7,0,7,3232235833,1614.0,1.0,12.0,5.0
22,6,0,7,3232235833,2450.0,10.0,12.0,5.0
22,0,0,7,3232235833,4135.0,6.0,12.0,5.0
22,8,0,7,3232235833,474.0,1.0,12.0,5.0
82,7,0,0,3232235801,883.0,1.0,12.0,5.0
82,6,0,0,3232235801,2013.0,2.0,12.0,5.0
82,0,0,0,3232235801,1625.0,9.0,12.0,5.0
82,8,0,0,3232235801,1434.0,1.0,12.0,5.0
48,7,0,1,3232235975,387.0,1.0,0.0,6.0
74,7,0,4,3232235813,1670.0,1.0,7.0,6.0
74,6,0,4,3232235813,2090.0,3.0,7.0,6.0
74,0,0,4,3232235813,2247.0,7.0,7.0,6.0
74,8,0,4,3232235813,581.0,1.0,7.0,6.0
48,6,0,1,3232235975,1792.0,5.0,11.0,6.0
48,5,0,1,3232235975,1649.0,7.0,11.0,6.0
48,2,0,1,3232235975,3422.0,1.0,11.0,6.0
48,9,0,1,3232235975,4856.0,4.0,11.0,6.0
48,8,0,1,3232235975,510.0,80.0,11.0,6.0
45,7,0,4,3232235925,1968.0,1.0,12.0,6.0
45,6,0,4,615051014,5046.0,5.0,12.0,6.0
45,0,0,4,3232235925,2347.0,3.0,12.0,6.0
45,8,0,4,3232235925,899.0,1.0,12.0,6.0
52,7,0,7,3232235875,744.0,1.0,12.0,6.0
52,6,0,7,3232235875,13020.0,8.0,12.0,6.0
52,0,0,7,3232235875,1109.0,8.0,12.0,6.0
52,8,0,7,3232235875,740.0,1.0,12.0,6.0
47,7,0,7,3232235789,919.0,1.0,13.0,6.0
47,6,0,7,3232235789,521.0,4.0,13.0,6.0
47,0,0,6,3232235789,3181.0,10.0,13.0,6.0
47,8,0,7,3232235789,737.0,1.0,13.0,6.0
51,7,0,1,3232235999,1184.0,1.0,0.0,0.0
51,6,0,1,3232235999,2882.0,4.0,9.0,0.0
51,0,0,1,3232235999,763.0,8.0,9.0,0.0
51,8,0,1,3232235999,926.0,1.0,9.0,0.0
79,7,0,8,3232235880,866.0,1.0,10.0,0.0
79,6,0,8,3232235880,4118.0,8.0,10.0,0.0
79,0,0,8,3232235880,3888.0,5.0,10.0,0.0
79,8,0,8,3232235880,1376.0,1.0,10.0,0.0
53,7,0,4,3232235894,1938.0,1.0,10.0,0.0
53,6,0,4,3232235894,3634.0,5.0,10.0,0.0
53,0,0,6,3232235894,3825.0,3.0,10.0,0.0
53,8,0,4,3232235894,1306.0,1.0,10.0,0.0
52,7,0,7,3232235875,1373.0,1.0,13.0,0.0
52,6,0,7,3232235875,4389.0,1.0,13.0,0.0
52,0,0,7,3232235875,2271.0,7.0,13.0,0.0
52,8,0,7,3232235875,870.0,1.0,13.0,0.0
64,7,0,4,3232235993,800.0,1.0,16.0,0.0
64,6,0,4,3232235993,4766.0,6.0,16.0,0.0
64,0,0,4,3232235993,3676.0,7.0,16.0,0.0
64,8,0,4,3232235993,777.0,1.0,16.0,0.0
54,7,0,4,3232235819,1413.0,1.0,16.0,0.0
54,6,0,4,3232235819,4943.0,3.0,16.0,0.0
54,5,0,4,3232235819,4295.0,3.0,16.0,0.0
54,2,0,4,3232235819,11328.0,2.0,16.0,0.0
54,9,0,4,3232235819,5051.0,7.0,16.0,0.0
54,8,0,4,3232235819,1136.0,1.0,16.0,0.0
73,7,0,0,3232235814,1765.0,1.0,16.0,0.0
73,6,0,0,3232235814,1367.0,1.0,16.0,0.0
73,0,0,0,3232235814,817.0,8.0,16.0,0.0
73,8,0,0,3232235814,486.0,1.0,16.0,0.0
66,7,0,7,3232235984,1310.0,1.0,4.0,1.0
42,7,0,0,3232235798,414.0,1.0,7.0,1.0
42,6,0,0,3232235798,5742.0,10.0,7.0,1.0
42,0,0,0,3232235798,5234.0,8.0,7.0,1.0
42,8,0,0,3232235798,821.0,1.0,7.0,1.0
73,7,0,0,3232235814,324.0,1.0,7.0,1.0
73,6,0,0,3232235814,3803.0,9.0,7.0,1.0
73,0,0,0,3232235814,3103.0,7.0,7.0,1.0
73,8,0,0,3232235814,777.0,1.0,7.0,1.0
1,7,0,7,3232235784,1847.0,1.0,8.0,1.0
1,1,0,7,3232235784,2981.0,2.0,9.0,1.0
1,4,0,7,3232235784,9879.0,2.0,9.0,1.0
1,3,0,7,3232235784,4129.0,1.0,9.0,1.0
1,8,0,7,3232235784,233.0,1.0,9.0,1.0
22,7,0,7,3232235833,971.0,1.0,10.0,1.0
22,6,0,7,3232235833,1452.0,4.0,10.0,1.0
22,0,0,7,3232235833,5277.0,8.0,10.0,1.0
22,8,0,7,3232235833,386.0,1.0,10.0,1.0
65,7,0,7,3232235836,1844.0,1.0,12.0,1.0
65,6,0,7,3232235836,4422.0,5.0,12.0,1.0
65,0,0,7,3232235836,2778.0,10.0,12.0,1.0
65,8,0,7,3232235836,974.0,1.0,12.0,1.0
63,7,0,8,3232235834,1417.0,1.0,12.0,1.0
63,6,0,8,3232235834,5418.0,10.0,12.0,1.0
63,0,0,8,3232235834,4923.0,8.0,12.0,1.0
63,8,0,8,3232235834,788.0,1.0,12.0,1.0
27,7,0,1,3232235892,978.0,1.0,13.0,1.0
27,6,0,1,3232235892,1164.0,4.0,13.0,1.0
27,0,0,1,3232235892,1830.0,10.0,13.0,1.0
27,8,0,1,3232235892,1185.0,1.0,13.0,1.0
66,6,0,7,3232235984,5171.0,2.0,13.0,1.0
66,0,0,7,3232235984,4421.0,9.0,13.0,1.0
66,8,0,7,3232235984,1484.0,1.0,13.0,1.0
45,7,0,4,3232235925,1251.0,1.0,14.0,1.0
45,6,0,4,3232235925,1036.0,8.0,14.0,1.0
45,0,0,4,3232235925,736.0,7.0,14.0,1.0
45,8,0,4,3232235925,1497.0,1.0,14.0,1.0
24,7,0,8,3232235784,1656.0,1.0,14.0,1.0
24,6,0,8,3232235784,2636.0,10.0,14.0,1.0
24,0,0,8,3232235784,1980.0,4.0,14.0,1.0
24,8,0,8,3232235784,781.0,1.0,14.0,1.0
86,7,0,0,3232235930,1073.0,1.0,8.0,2.0
86,6,0,0,3232235930,2830.0,6.0,8.0,2.0
86,0,0,0,3232235930,1003.0,1.0,8.0,2.0
86,8,0,0,3232235930,1409.0,1.0,8.0,2.0
79,7,0,8,3232235880,1714.0,1.0,8.0,2.0
79,6,0,8,3232235880,3044.0,1.0,8.0,2.0
79,0,0,8,3232235880,3414.0,9.0,8.0,2.0
79,8,0,8,3232235880,782.0,1.0,8.0,2.0
48,7,0,1,3232235975,1944.0,1.0,8.0,2.0
48,6,0,1,3232235975,4906.0,92.0,8.0,2.0
48,5,0,1,3232235975,2549.0,8.0,8.0,2.0
48,2,0,1,3232235975,7678.0,10.0,9.0,2.0
48,9,0,1,3232235975,8923.0,4.0,9.0,2.0
48,8,0,1,3232235975,895.0,1.0,9.0,2.0
62,7,0,4,3232236014,800.0,1.0,9.0,2.0
62,6,0,4,3232236014,5863.0,7.0,9.0,2.0
62,0,0,4,3232236014,3493.0,4.0,9.0,2.0
62,8,0,4,3232236014,900.0,1.0,9.0,2.0
18,7,0,7,3232235951,835.0,1.0,10.0,2.0
18,6,0,7,3232235951,3868.0,7.0,10.0,2.0
18,0,0,7,3232235951,4120.0,7.0,10.0,2.0
18,8,0,7,3232235951,1016.0,1.0,10.0,2.0
82,7,0,0,3232235801,759.0,1.0,14.0,2.0
82,6,0,0,3232235801,3346.0,3.0,14.0,2.0
82,0,0,0,3232235801,4552.0,1.0,14.0,2.0
82,8,0,0,3232235801,732.0,1.0,14.0,2.0
48,7,0,1,3232235975,1379.0,1.0,6.0,3.0
42,7,0,0,3232235798,425.0,1.0,7.0,3.0
42,6,0,0,3232235798,1003.0,5.0,7.0,3.0
42,0,0,0,3232235798,2482.0,2.0,7.0,3.0
48,6,0,1,3232235975,4040.0,2.0,7.0,3.0
48,5,0,1,3232235975,4328.0,4.0,7.0,3.0
42,8,0,0,3232235798,913.0,1.0,7.0,3.0
48,2,0,1,3232235975,5797.0,7.0,7.0,3.0
74,7,1,4,3232235813,410.0,1.0,7.0,3.0
48,9,1,1,3232235975,1556.0,9.0,7.0,3.0
48,8,0,1,3232235975,1136.0,1.0,7.0,3.0
74,6,0,4,3232235813,2377.0,6.0,7.0,3.0
74,0,0,4,3232235813,1152.0,1.0,7.0,3.0
74,8,0,4,3232235813,789.0,1.0,7.0,3.0
48,7,0,1,3232235975,1061.0,1.0,12.0,3.0
48,6,0,1,3232235975,3194.0,7.0,12.0,3.0
48,5,0,1,3232235975,2236.0,4.0,12.0,3.0
48,2,0,1,3232235975,9403.0,1.0,12.0,3.0
48,9,0,1,2646637778,8002.0,10.0,12.0,3.0
48,8,0,1,3232235975,885.0,1.0,12.0,3.0
33,7,0,1,3232236023,580.0,1.0,14.0,3.0
33,6,0,1,3232236023,4380.0,9.0,14.0,3.0
33,0,0,1,3232236023,4243.0,3.0,14.0,3.0
33,8,0,1,3232236023,1441.0,1.0,14.0,3.0
24,7,0,8,3232235784,1131.0,1.0,14.0,3.0
24,6,0,8,3232235784,4541.0,2.0,14.0,3.0
24,0,0,8,3232235784,5357.0,3.0,14.0,3.0
24,8,0,8,3232235784,1344.0,1.0,14.0,3.0
41,7,0,7,3232236027,1695.0,1.0,3.0,4.0
44,7,0,8,3232236004,651.0,1.0,8.0,4.0
44,6,0,8,3232236004,29277.0,1.0,8.0,4.0
44,0,0,8,3232236004,4561.0,6.0,8.0,4.0
44,8,0,8,3232236004,293.0,1.0,8.0,4.0
79,7,1,8,3232235880,532.0,1.0,8.0,4.0
79,6,0,8,3232235880,4584.0,10.0,8.0,4.0
79,0,0,8,3232235880,5884.0,7.0,8.0,4.0
79,8,0,8,3232235880,838.0,1.0,8.0,4.0
20,7,0,8,3232235886,1715.0,1.0,8.0,4.0
20,6,0,8,3232235886,1874.0,10.0,8.0,4.0
20,0,0,8,3232235886,4126.0,2.0,8.0,4.0
20,8,0,8,3232235886,1460.0,67.0,8.0,4.0
61,7,0,0,3232235875,782.0,1.0,8.0,4.0
73,7,0,0,3232235814,776.0,1.0,8.0,4.0
61,6,0,0,3232235875,1029.0,5.0,8.0,4.0
73,6,0,0,3232235814,3288.0,4.0,8.0,4.0
61,0,0,0,3232235875,5766.0,3.0,8.0,4.0
73,0,0,0,3232235814,5653.0,4.0,8.0,4.0
73,8,0,0,3232235814,303.0,1.0,8.0,4.0
61,8,0,0,3232235875,733.0,1.0,8.0,4.0
65,7,0,7,3232235836,1802.0,1.0,10.0,4.0
65,6,0,7,3232235836,4805.0,10.0,10.0,4.0
65,0,0,7,3232235836,1743.0,10.0,10.0,4.0
65,8,0,7,3232235836,1286.0,1.0,10.0,4.0
65,7,0,7,3232235836,656.0,1.0,10.0,4.0
65,6,0,7,3232235836,5554.0,6.0,10.0,4.0
65,0,0,7,3232235836,5511.0,9.0,10.0,4.0
65,8,0,7,3232235836,414.0,1.0,10.0,4.0
34,7,1,4,3232235804,638.0,1.0,14.0,4.0
34,6,0,4,3232235804,2321.0,5.0,14.0,4.0
34,0,0,4,3232235804,2402.0,6.0,14.0,4.0
34,8,0,4,3232235804,714.0,1.0,14.0,4.0
61,7,0,0,3232235875,837.0,1.0,15.0,4.0
61,6,0,0,3232235875,1884.0,6.0,15.0,4.0
61,0,0,0,3232235875,19.0,6.0,15.0,4.0
61,8,0,0,3232235875,490.0,1.0,15.0,4.0
73,7,0,0,3232235814,1102.0,1.0,15.0,4.0
73,6,0,0,3232235814,608.0,4.0,15.0,4.0
73,0,0,0,3232235814,2810.0,4.0,15.0,4.0
73,8,0,0,3232235814,1277.0,1.0,15.0,4.0
41,6,0,7,3232236027,4472.0,7.0,16.0,4.0
41,0,0,7,3232236027,5735.0,8.0,16.0,4.0
41,8,0,7,3232236027,1228.0,1.0,16.0,4.0
34,7,0,4,3232235804,1490.0,1.0,4.0,5.0
30,7,0,1,3232235956,1953.0,1.0,7.0,5.0
30,6,0,1,3232235956,5985.0,2.0,7.0,5.0
30,0,0,1,1918961106,4222.0,1.0,7.0,5.0
30,8,0,1,3232235956,1192.0,1.0,7.0,5.0
18,7,0,7,3232235951,715.0,1.0,9.0,5.0
18,6,0,7,3232235951,2558.0,8.0,9.0,5.0
18,0,0,7,3232235951,4517.0,2.0,9.0,5.0
18,8,0,7,3232235951,1296.0,1.0,9.0,5.0
82,7,0,0,3232235801,1874.0,1.0,10.0,5.0
82,6,0,0,3232235801,4288.0,4.0,10.0,5.0
82,0,0,0,3232235801,4045.0,6.0,10.0,5.0
82,8,0,0,3232235801,783.0,1.0,10.0,5.0
52,7,0,7,3232235875,868.0,1.0,11.0,5.0
52,6,0,7,3232235875,88.0,10.0,11.0,5.0
52,0,0,7,3232235875,1615.0,10.0,11.0,5.0
52,8,0,7,3232235875,636.0,1.0,11.0,5.0
49,7,0,4,3232236030,1903.0,1.0,12.0,5.0
49,6,0,4,3232236030,4316.0,9.0,12.0,5.0
49,0,0,4,3232236030,1414.0,7.0,12.0,5.0
49,8,0,4,3232236030,1165.0,1.0,12.0,5.0
34,6,0,4,3232235804,2586.0,5.0,14.0,5.0
86,7,1,0,3232235930,1883.0,1.0,14.0,5.0
34,0,0,4,3232235804,5874.0,1.0,14.0,5.0
34,8,0,4,3232235804,1103.0,1.0,14.0,5.0
86,6,0,0,3232235930,2423.0,10.0,14.0,5.0
86,0,0,0,3232235930,4329.0,7.0,14.0,5.0
86,8,0,0,3232235930,697.0,1.0,14.0,5.0
22,7,0,7,3232235833,1246.0,1.0,14.0,5.0
22,6,0,7,3232235833,678.0,7.0,14.0,5.0
22,0,0,7,3232235833,2584.0,1.0,14.0,5.0
22,8,0,7,3232235833,646.0,1.0,14.0,5.0
37,7,0,4,3232235932,1826.0,1.0,14.0,5.0
37,6,0,4,3232235932,5278.0,6.0,14.0,5.0
37,0,0,4,3232235932,2527.0,7.0,14.0,5.0
37,8,0,4,3232235932,1129.0,1.0,14.0,5.0
20,7,0,8,3232235886,1964.0,1.0,15.0,5.0
20,6,0,8,3232235886,3851.0,9.0,15.0,5.0
20,0,0,8,3232235886,5411.0,1.0,15.0,5.0
20,8,0,8,3232235886,756.0,1.0,15.0,5.0
46,7,0,1,3232235958,1920.0,1.0,7.0,6.0
46,6,0,1,3232235958,700.0,3.0,8.0,6.0
46,0,0,1,3232235958,2670.0,5.0,8.0,6.0
46,8,0,1,3232235958,208.0,1.0,8.0,6.0
29,7,0,7,3232235972,1274.0,1.0,8.0,6.0
29,6,0,7,3232235972,781.0,5.0,8.0,6.0
29,0,0,7,3232235972,1656.0,6.0,8.0,6.0
29,8,0,7,3232235972,1474.0,1.0,8.0,6.0
34,7,0,4,3232235804,516.0,1.0,8.0,6.0
34,6,0,4,3232235804,5107.0,1.0,8.0,6.0
34,0,0,4,3232235804,32585.0,2.0,8.0,6.0
34,8,0,4,3232235804,542.0,1.0,8.0,6.0
30,7,1,1,3232235956,1434.0,1.0,9.0,6.0
30,6,0,1,3232235956,1322.0,8.0,9.0,6.0
30,0,0,1,3232235956,3765.0,5.0,9.0,6.0
30,8,0,1,3232235956,384.0,1.0,9.0,6.0
44,7,0,8,3232236004,1905.0,1.0,9.0,6.0
44,6,0,8,3232236004,1485.0,7.0,9.0,6.0
44,0,0,8,3232236004,1598.0,2.0,9.0,6.0
44,8,0,8,3232236004,1298.0,1.0,9.0,6.0
62,7,0,4,3232236014,1722.0,1.0,10.0,6.0
62,6,0,4,3232236014,4624.0,6.0,10.0,6.0
62,0,0,4,3232236014,2574.0,6.0,10.0,6.0
62,8,0,4,3232236014,749.0,1.0,10.0,6.0
19,7,1,8,3232235800,616.0,1.0,11.0,6.0
19,6,0,8,3232235800,4528.0,5.0,11.0,6.0
19,0,0,8,3232235800,4930.0,8.0,11.0,6.0
19,8,0,8,3232235800,1038.0,1.0,11.0,6.0
71,7,0,4,3232235832,1578.0,1.0,13.0,6.0
71,6,0,4,3232235832,1814.0,6.0,13.0,6.0
71,0,0,4,3232235832,1573.0,6.0,13.0,6.0
71,8,0,4,3232235832,493.0,1.0,13.0,6.0
83,7,1,7,3232235998,1328.0,1.0,14.0,6.0
83,6,0,7,3232235998,2978.0,5.0,14.0,6.0
83,0,0,7,3232235998,14382.0,1.0,14.0,6.0
83,8,0,7,3232235998,1014.0,1.0,14.0,6.0
37,7,0,4,3232235932,1884.0,1.0,6.0,0.0
37,6,0,4,3232235932,3181.0,64.0,7.0,0.0
37,0,0,4,3232235932,5030.0,8.0,7.0,0.0
37,8,0,4,3232235932,216.0,1.0,7.0,0.0
29,7,0,7,3232235972,313.0,1.0,8.0,0.0
29,6,0,7,3232235972,707.0,7.0,8.0,0.0
29,0,0,7,3232235972,5512.0,10.0,8.0,0.0
29,8,0,7,3232235972,365.0,1.0,8.0,0.0
30,7,0,1,3232235956,1419.0,1.0,10.0,0.0
30,6,0,1,3232235956,3760.0,2.0,10.0,0.0
30,0,0,1,3232235956,527.0,4.0,10.0,0.0
30,8,0,1,3232235956,1097.0,1.0,10.0,0.0
76,7,1,8,3232235915,1086.0,1.0,10.0,0.0
76,6,0,8,3232235915,1989.0,10.0,10.0,0.0
76,0,0,8,3232235915,2250.0,2.0,10.0,0.0
76,8,0,8,3232235915,960.0,1.0,10.0,0.0
49,7,0,4,3232236030,519.0,1.0,12.0,0.0
49,6,0,4,3232236030,2816.0,5.0,12.0,0.0
49,0,0,4,3232236030,2501.0,9.0,12.0,0.0
49,8,0,4,3232236030,1456.0,1.0,12.0,0.0
64,7,0,4,3232235993,466.0,1.0,16.0,0.0
64,6,0,4,3232235993,5676.0,2.0,16.0,0.0
64,0,0,4,3232235993,4812.0,8.0,16.0,0.0
64,8,0,4,3232235993,1140.0,1.0,16.0,0.0
55,7,0,4,3232235868,1256.0,1.0,2.0,1.0
82,7,0,0,3232235801,480.0,1.0,5.0,1.0
73,7,0,0,3232235814,621.0,1.0,7.0,1.0
73,6,0,0,3232235814,1557.0,9.0,7.0,1.0
73,0,0,0,3232235814,3927.0,8.0,7.0,1.0
73,8,0,0,3232235814,340.0,1.0,7.0,1.0
51,7,0,1,3232235999,739.0,1.0,9.0,1.0
51,6,0,1,136442077,677.0,5.0,9.0,1.0
51,0,0,1,3232235999,5035.0,9.0,9.0,1.0
51,8,0,1,3232235999,1339.0,1.0,9.0,1.0
59,7,0,1,3232235914,1992.0,1.0,10.0,1.0
59,6,0,1,3232235914,1190.0,8.0,10.0,1.0
59,0,0,1,3232235914,1254.0,10.0,10.0,1.0
59,8,0,1,3232235914,203.0,1.0,10.0,1.0
50,7,0,7,3232235996,1214.0,1.0,10.0,1.0
50,6,0,7,3232235996,5841.0,1.0,10.0,1.0
50,0,0,7,3232235996,4435.0,6.0,10.0,1.0
50,8,0,7,3232235996,72.0,1.0,10.0,1.0
22,7,0,7,3232235833,1376.0,1.0,10.0,1.0
22,6,0,7,3232235833,3070.0,3.0,10.0,1.0
22,0,0,7,3232235833,4265.0,9.0,10.0,1.0
22,8,0,7,3232235833,901.0,1.0,10.0,1.0
43,7,0,8,3232235853,1881.0,1.0,11.0,1.0
43,6,0,8,3232235853,3325.0,1.0,11.0,1.0
43,0,0,8,3232235853,4454.0,2.0,11.0,1.0
43,8,0,8,3232235853,805.0,1.0,11.0,1.0
43,7,0,8,3232235853,1428.0,1.0,12.0,1.0
43,6,0,8,3232235853,1525.0,5.0,12.0,1.0
43,0,0,8,3232235853,5533.0,9.0,12.0,1.0
43,8,0,8,3232235853,391.0,1.0,12.0,1.0
26,7,0,8,3232235885,1234.0,1.0,13.0,1.0
26,6,0,8,3232235885,1913.0,4.0,13.0,1.0
26,0,0,8,3232235885,3084.0,3.0,13.0,1.0
26,8,0,8,3232235885,1423.0,1.0,13.0,1.0
55,6,0,4,3232235868,562.0,9.0,13.0,1.0
55,5,0,4,3232235868,5122.0,8.0,13.0,1.0
55,2,0,4,3232235868,3549.0,1.0,13.0,1.0
55,9,0,4,3232235868,8482.0,4.0,13.0,1.0
55,8,0,4,3232235868,1337.0,1.0,13.0,1.0
19,7,0,8,3232235800,1852.0,1.0,16.0,1.0
19,6,0,8,3232235800,5667.0,5.0,16.0,1.0
82,6,0,0,3232235801,3519.0,6.0,16.0,1.0
19,0,0,5,3232235800,4564.0,5.0,16.0,1.0
82,0,0,0,3232235801,5020.0,4.0,16.0,1.0
19,8,0,8,3232235800,699.0,1.0,16.0,1.0
82,8,0,0,3232235801,1423.0,1.0,16.0,1.0
39,7,0,7,3232235964,917.0,1.0,5.0,2.0
6,7,0,4,3232235840,975.0,1.0,7.0,2.0
6,6,0,4,3232235840,4976.0,2.0,7.0,2.0
6,5,0,4,3232235840,2693.0,1.0,7.0,2.0
6,2,0,4,3232235840,4655.0,4.0,7.0,2.0
6,9,0,4,3232235840,5630.0,1.0,7.0,2.0
6,8,0,4,3232235840,896.0,1.0,7.0,2.0
73,7,1,0,3232235814,604.0,1.0,8.0,2.0
73,6,0,0,3232235814,2460.0,6.0,8.0,2.0
73,0,0,0,3232235814,1349.0,2.0,8.0,2.0
73,8,0,0,3232235814,350.0,1.0,8.0,2.0
81,7,0,1,3232235908,883.0,1.0,8.0,2.0
81,6,0,1,3232235908,2249.0,6.0,8.0,2.0
81,0,0,1,3232235908,2771.0,6.0,8.0,2.0
81,8,0,1,3232235908,903.0,1.0,8.0,2.0
39,7,0,7,3232235964,2000.0,1.0,10.0,2.0
39,6,0,7,3232235964,5898.0,4.0,10.0,2.0
39,0,0,7,3232235964,4658.0,1.0,10.0,2.0
39,8,0,7,3232235964,787.0,1.0,10.0,2.0
35,7,1,7,3232235875,1680.0,1.0,11.0,2.0
35,6,0,7,3232235875,2025.0,6.0,11.0,2.0
35,0,0,7,3232235875,47241.0,4.0,11.0,2.0
35,8,0,7,3232235875,408.0,1.0,11.0,2.0
47,7,1,7,3232235789,893.0,1.0,12.0,2.0
47,6,0,7,3232235789,1101.0,10.0,12.0,2.0
47,0,0,7,3232235789,1499.0,5.0,12.0,2.0
47,8,0,7,3232235789,1141.0,1.0,12.0,2.0
55,7,0,4,3232235868,801.0,1.0,14.0,2.0
55,6,0,4,3232235868,1878.0,7.0,14.0,2.0
55,5,0,4,3232235868,755.0,6.0,14.0,2.0
55,2,0,4,3232235868,10488.0,7.0,14.0,2.0
55,9,0,4,3232235868,5586.0,3.0,14.0,2.0
55,8,0,4,3232235868,1140.0,1.0,14.0,2.0
32,7,0,4,3232235817,583.0,1.0,14.0,2.0
32,6,0,4,3232235817,721.0,1.0,14.0,2.0
32,0,0,4,3232235817,4743.0,5.0,14.0,2.0
32,8,0,4,3232235817,1230.0,1.0,14.0,2.0
39,6,0,7,3232235964,1876.0,8.0,16.0,2.0
39,0,0,7,3232235964,1447.0,8.0,16.0,2.0
39,8,0,7,3232235964,1307.0,1.0,16.0,2.0
41,7,0,7,3232236027,1262.0,1.0,5.0,3.0
41,6,0,7,3232236027,5840.0,6.0,8.0,3.0
41,0,0,7,3232236027,4694.0,4.0,8.0,3.0
41,8,0,7,3232236027,679.0,1.0,8.0,3.0
21,7,0,7,3232235785,1608.0,1.0,8.0,3.0
21,6,0,7,3232235785,3684.0,2.0,8.0,3.0
21,0,0,7,3232235785,1342.0,8.0,8.0,3.0
21,8,0,7,3232235785,1155.0,1.0,8.0,3.0
19,7,1,8,3232235800,478.0,1.0,9.0,3.0
19,6,0,8,3232235800,4324.0,1.0,9.0,3.0
19,0,0,8,3232235800,1344.0,9.0,9.0,3.0
19,8,0,8,3232235800,839.0,1.0,9.0,3.0
6,7,0,4,3232235840,1380.0,1.0,11.0,3.0
6,6,0,4,3232235840,4173.0,5.0,11.0,3.0
6,5,0,4,3232235840,1840.0,3.0,11.0,3.0
70,7,1,8,3232236002,1192.0,1.0,11.0,3.0
6,2,0,4,3232235840,10924.0,9.0,11.0,3.0
6,9,0,4,3232235840,4970.0,6.0,11.0,3.0
6,8,0,4,3232235840,1462.0,1.0,11.0,3.0
70,6,0,8,145856203,3140.0,4.0,11.0,3.0
70,0,0,8,3232236002,10881.0,5.0,12.0,3.0
70,8,0,8,3232236002,1123.0,1.0,12.0,3.0
77,7,0,4,3232235969,1708.0,1.0,13.0,3.0
77,6,0,4,3232235969,5928.0,1.0,13.0,3.0
77,0,0,4,3232235969,2442.0,1.0,13.0,3.0
77,8,0,4,3232235969,585.0,1.0,13.0,3.0
49,7,0,4,3232236030,414.0,1.0,13.0,3.0
49,6,0,4,3232236030,8.0,3.0,13.0,3.0
49,0,0,4,3232236030,5081.0,10.0,13.0,3.0
49,8,0,4,3232236030,358.0,1.0,13.0,3.0
33,7,0,1,3232236023,1959.0,1.0,14.0,3.0
33,6,0,1,3232236023,1552.0,4.0,14.0,3.0
33,0,0,1,3232236023,1861.0,2.0,14.0,3.0
33,8,0,1,3232236023,740.0,1.0,14.0,3.0
78,7,0,8,3232235887,1021.0,1.0,14.0,3.0
78,6,0,8,3232235887,1910.0,5.0,14.0,3.0
78,0,0,8,3232235887,4352.0,7.0,14.0,3.0
78,8,0,8,3232235887,762.0,1.0,14.0,3.0
42,7,0,0,3232235798,68.0,1.0,16.0,3.0
42,6,0,0,3232235798,626.0,7.0,16.0,3.0
42,0,0,0,3232235798,4144.0,6.0,16.0,3.0
42,8,0,0,3232235798,437.0,1.0,16.0,3.0
53,7,1,4,3232235894,1239.0,1.0,7.0,4.0
53,6,0,4,3232235894,953.0,5.0,7.0,4.0
53,0,0,4,3232235894,1215.0,6.0,7.0,4.0
53,8,0,4,3232235894,202.0,1.0,7.0,4.0
18,7,0,7,3232235951,472.0,1.0,8.0,4.0
18,6,0,7,3232235951,3034.0,4.0,8.0,4.0
18,0,0,7,3232235951,2526.0,5.0,8.0,4.0
18,8,0,7,3232235951,1107.0,1.0,8.0,4.0
68,7,0,4,3232235794,393.0,1.0,8.0,4.0
68,6,0,4,3232235794,5585.0,5.0,8.0,4.0
68,0,0,4,3232235794,1726.0,2.0,8.0,4.0
68,8,0,4,3232235794,780.0,1.0,8.0,4.0
30,7,0,1,3232235956,1652.0,1.0,8.0,4.0
35,7,0,7,3232235875,610.0,1.0,8.0,4.0
30,6,0,1,3232235956,2947.0,2.0,8.0,4.0
35,6,0,7,3232235875,1127.0,10.0,8.0,4.0
35,0,0,7,3232235875,5970.0,10.0,8.0,4.0
30,0,0,1,3232235956,4933.0,10.0,8.0,4.0
35,8,0,7,3232235875,1142.0,1.0,8.0,4.0
30,8,0,1,3232235956,1130.0,1.0,8.0,4.0
70,7,0,8,3232236002,322.0,1.0,10.0,4.0
70,6,0,8,3232236002,2345.0,6.0,10.0,4.0
70,0,0,8,3232236002,1130.0,3.0,10.0,4.0
70,8,0,8,1742822968,255.0,1.0,10.0,4.0
1,7,0,7,3232235784,896.0,1.0,15.0,4.0
1,1,0,7,3232235784,3427.0,1.0,15.0,4.0
1,4,0,7,3232235784,7794.0,7.0,15.0,4.0
1,3,0,7,3232235784,6781.0,5.0,15.0,4.0
1,8,0,7,3232235784,865.0,1.0,15.0,4.0
20,7,0,8,3232235886,913.0,1.0,16.0,4.0
20,6,0,8,3232235886,4604.0,7.0,16.0,4.0
20,0,0,8,3232235886,5204.0,4.0,16.0,4.0
20,8,0,8,3232235886,291.0,1.0,16.0,4.0
43,7,0,8,3232235853,1942.0,1.0,5.0,5.0
52,7,0,7,3232235875,1246.0,1.0,8.0,5.0
52,6,0,7,3232235875,1789.0,9.0,8.0,5.0
52,0,0,7,3232235875,1287.0,8.0,8.0,5.0
52,8,0,7,141472616,1442.0,1.0,8.0,5.0
50,7,1,7,3232235996,93.0,1.0,8.0,5.0
50,6,0,7,3232235996,967.0,4.0,8.0,5.0
50,0,0,7,3232235996,4038.0,7.0,8.0,5.0
50,8,0,7,3232235996,1039.0,1.0,8.0,5.0
36,7,0,7,3232235869,11562.0,1.0,9.0,5.0
36,6,0,7,3232235869,1995.0,4.0,9.0,5.0
36,0,0,7,3232235869,5619.0,4.0,9.0,5.0
36,8,0,7,3232235869,851.0,1.0,9.0,5.0
52,7,0,7,3232235875,601.0,1.0,12.0,5.0
52,6,0,7,3232235875,5128.0,3.0,12.0,5.0
52,0,0,7,3232235875,5755.0,8.0,12.0,5.0
52,8,0,7,3232235875,1492.0,1.0,12.0,5.0
62,7,0,4,3232236014,1927.0,1.0,14.0,5.0
62,6,0,4,3232236014,2070.0,9.0,14.0,5.0
62,0,0,4,3232236014,3598.0,6.0,14.0,5.0
62,8,0,4,3232236014,851.0,1.0,14.0,5.0
43,6,0,8,1116313956,1490.0,10.0,15.0,5.0
43,0,0,8,3232235853,2475.0,8.0,15.0,5.0
43,8,0,8,3232235853,1454.0,1.0,15.0,5.0
31,7,0,0,3232235865,86.0,1.0,16.0,5.0
31,6,0,0,3232235865,1052.0,7.0,16.0,5.0
31,0,0,0,3232235865,4777.0,1.0,17.0,5.0
31,8,0,0,3232235865,987.0,1.0,17.0,5.0
36,7,0,7,3232235869,356.0,1.0,7.0,6.0
36,6,0,7,3232235869,1068.0,3.0,7.0,6.0
36,0,0,7,3232235869,2044.0,10.0,7.0,6.0
36,8,0,7,3232235869,1220.0,1.0,7.0,6.0
83,7,1,7,3232235998,1365.0,1.0,7.0,6.0
83,6,0,7,3232235998,3096.0,5.0,7.0,6.0
83,0,0,7,3232235998,2097.0,10.0,8.0,6.0
83,8,0,7,3232235998,800.0,1.0,8.0,6.0
6,7,0,4,3232235840,1914.0,1.0,9.0,6.0
6,6,0,4,3232235840,3328.0,7.0,9.0,6.0
6,5,0,4,1120819493,6852.0,4.0,9.0,6.0
6,2,0,4,3232235840,6440.0,2.0,9.0,6.0
6,9,0,5,3232235840,1605.0,9.0,9.0,6.0
6,8,0,4,3232235840,885.0,1.0,9.0,6.0
49,7,0,4,3232236030,1478.0,1.0,11.0,6.0
49,6,0,4,3232236030,5211.0,93.0,11.0,6.0
49,0,0,4,3232236030,3927.0,8.0,11.0,6.0
49,8,0,4,3232236030,1023.0,1.0,11.0,6.0
61,7,0,0,1926536594,1017.0,1.0,11.0,6.0
61,6,0,0,3232235875,5830.0,3.0,11.0,6.0
61,0,0,0,3232235875,2326.0,5.0,11.0,6.0
61,8,0,0,3232235875,618.0,1.0,11.0,6.0
18,7,0,5,3232235951,1284.0,1.0,15.0,6.0
18,6,0,7,3232235951,5714.0,9.0,15.0,6.0
18,0,0,7,3232235951,1480.0,3.0,15.0,6.0
18,8,0,7,3232235951,1428.0,1.0,15.0,6.0
1,7,0,7,3232235784,1255.0,1.0,15.0,6.0
1,1,0,7,3232235784,3819.0,3.0,15.0,6.0
1,4,0,7,3232235784,9576.0,7.0,15.0,6.0
1,3,0,7,3232235784,3734.0,9.0,16.0,6.0
1,8,0,7,3232235784,1223.0,1.0,16.0,6.0
68,7,0,4,3232235794,344.0,1.0,5.0,0.0
35,7,0,7,3232235875,529.0,1.0,7.0,0.0
35,6,0,7,3232235875,3019.0,4.0,7.0,0.0
35,0,0,7,3232235875,974.0,4.0,7.0,0.0
35,8,0,7,3232235875,1361.0,1.0,7.0,0.0
82,7,0,0,3232235801,1786.0,1.0,7.0,0.0
54,7,0,4,3232235819,964.0,1.0,7.0,0.0
54,6,0,4,3232235819,1983.0,7.0,7.0,0.0
82,6,0,0,3232235801,5447.0,8.0,7.0,0.0
54,5,0,4,3232235819,908.0,3.0,7.0,0.0
82,0,0,0,3232235801,4746.0,4.0,7.0,0.0
54,2,1,4,3232235819,10718.0,3.0,7.0,0.0
54,9,0,4,3232235819,6444.0,5.0,7.0,0.0
82,8,0,0,3232235801,224.0,1.0,7.0,0.0
54,8,0,4,3232235819,1007.0,1.0,7.0,0.0
84,7,0,7,3232235817,928.0,1.0,9.0,0.0
84,1,0,7,3232235817,3263.0,5.0,9.0,0.0
84,4,0,7,3232235817,5710.0,9.0,9.0,0.0
84,3,0,7,3232235817,9236.0,3.0,9.0,0.0
84,8,0,7,3232235817,99.0,1.0,9.0,0.0
81,7,1,1,3232235908,767.0,1.0,10.0,0.0
81,6,0,1,3232235908,3204.0,3.0,10.0,0.0
81,0,0,1,3232235908,1750.0,10.0,10.0,0.0
81,8,0,1,3232235908,624.0,1.0,10.0,0.0
1,7,0,7,3232235784,1908.0,1.0,10.0,0.0
1,1,0,7,3232235784,3900.0,2.0,10.0,0.0
64,7,1,4,3232235993,1746.0,1.0,10.0,0.0
1,4,0,7,3232235784,3606.0,2.0,10.0,0.0
64,6,0,4,147379795,4343.0,5.0,10.0,0.0
1,3,0,7,3232235784,9641.0,10.0,10.0,0.0
64,0,0,4,3232235993,5348.0,1.0,10.0,0.0
1,8,0,7,3232235784,775.0,1.0,10.0,0.0
64,8,0,4,3232235993,5530.0,1.0,10.0,0.0
41,7,0,7,3232236027,1489.0,1.0,11.0,0.0
41,6,0,7,3232236027,5668.0,8.0,11.0,0.0
41,0,0,7,3232236027,675.0,10.0,11.0,0.0
41,8,0,7,3232236027,596.0,1.0,11.0,0.0
34,7,0,4,3232235804,1140.0,1.0,11.0,0.0
34,6,0,4,3232235804,2452.0,4.0,11.0,0.0
34,0,0,4,3232235804,5867.0,5.0,11.0,0.0
34,8,0,4,3232235804,1109.0,1.0,11.0,0.0
66,7,0,7,3232235984,1053.0,1.0,12.0,0.0
66,6,0,7,3232235984,4310.0,4.0,12.0,0.0
66,0,0,7,3232235984,1005.0,5.0,12.0,0.0
63,7,0,8,3232235834,503.0,1.0,12.0,0.0
66,8,0,7,3232235984,639.0,1.0,12.0,0.0
63,6,0,8,3232235834,1.0,9.0,12.0,0.0
63,0,0,8,3232235834,2261.0,7.0,12.0,0.0
63,8,0,8,3232235834,1124.0,1.0,12.0,0.0
68,6,0,4,3232235794,1509.0,7.0,12.0,0.0
68,0,0,4,3232235794,5597.0,5.0,12.0,0.0
68,8,0,4,3232235794,722.0,1.0,12.0,0.0
65,7,0,7,3232235836,1710.0,1.0,13.0,0.0
65,6,0,7,3232235836,20.0,8.0,13.0,0.0
65,0,0,7,3232235836,2362.0,6.0,13.0,0.0
65,8,0,7,3232235836,594.0,1.0,13.0,0.0
37,7,0,4,3232235932,1623.0,1.0,15.0,0.0
37,6,0,4,3232235932,1409.0,4.0,16.0,0.0
37,0,0,5,3232235932,1443.0,1.0,16.0,0.0
37,8,0,4,3232235932,273.0,1.0,16.0,0.0
73,7,0,0,3232235814,941.0,1.0,16.0,0.0
73,6,0,0,3232235814,1049.0,10.0,16.0,0.0
73,0,0,0,3232235814,5654.0,3.0,16.0,0.0
73,8,0,0,3232235814,389.0,1.0,16.0,0.0
19,7,0,8,3232235800,1388.0,1.0,0.0,1.0
33,7,0,1,3232236023,822.0,1.0,7.0,1.0
33,6,0,1,1737989734,3482.0,9.0,7.0,1.0
33,0,0,1,3232236023,3049.0,7.0,7.0,1.0
33,8,0,1,3232236023,1062.0,1.0,7.0,1.0
54,7,0,4,3232235819,432.0,1.0,7.0,1.0
54,6,0,4,3232235819,4954.0,10.0,7.0,1.0
54,5,0,4,3232235819,6693.0,3.0,7.0,1.0
54,2,0,4,3232235819,11739.0,1.0,7.0,1.0
54,9,0,4,3232235819,5.0,1.0,7.0,1.0
54,8,0,4,3232235819,737.0,1.0,7.0,1.0
18,7,0,3,3232235951,909.0,1.0,8.0,1.0
18,6,0,7,3232235951,1259.0,1.0,8.0,1.0
18,0,0,7,3232235951,864.0,3.0,8.0,1.0
18,8,0,7,3232235951,338.0,1.0,8.0,1.0
19,6,0,8,3232235800,3288.0,3.0,13.0,1.0
19,0,0,8,3232235800,1279.0,2.0,13.0,1.0
19,8,0,8,3232235800,1306.0,1.0,13.0,1.0
50,7,0,7,3232235996,985.0,1.0,15.0,1.0
50,6,0,7,3232235996,5184.0,1.0,15.0,1.0
50,0,0,7,2638280608,2348.0,7.0,15.0,1.0
50,8,0,7,3232235996,352.0,1.0,15.0,1.0
37,7,0,4,3232235932,1407.0,1.0,16.0,1.0
37,6,0,4,3232235932,3165.0,9.0,16.0,1.0
37,0,0,4,3232235932,4166.0,3.0,16.0,1.0
37,8,0,4,3232235932,632.0,1.0,16.0,1.0
56,7,0,1,3232235949,1877.0,1.0,3.0,2.0
23,7,0,1,3232235907,1432.0,1.0,8.0,2.0
23,6,0,1,3232235907,730.0,3.0,8.0,2.0
23,0,0,1,3232235907,4460.0,9.0,8.0,2.0
23,8,0,1,3232235907,883.0,1.0,9.0,2.0
86,7,0,0,3232235930,1824.0,1.0,9.0,2.0
86,6,0,2,3232235930,1563.0,5.0,9.0,2.0
86,0,0,0,3232235930,5537.0,9.0,9.0,2.0
86,8,0,0,3232235930,1062.0,1.0,9.0,2.0
23,7,0,1,3232235907,1528.0,1.0,9.0,2.0
23,6,0,1,3232235907,4040.0,3.0,9.0,2.0
23,0,0,1,3232235907,2660.0,7.0,9.0,2.0
23,8,0,1,3232235907,1434.0,1.0,9.0,2.0
49,7,0,4,3232236030,1404.0,1.0,11.0,2.0
49,6,0,4,3232236030,4250.0,3.0,11.0,2.0
49,0,0,4,3232236030,3669.0,1.0,11.0,2.0
49,8,0,4,3232236030,574.0,1.0,11.0,2.0
56,6,0,1,3232235949,4009.0,5.0,12.0,2.0
56,0,0,1,3232235949,3307.0,5.0,12.0,2.0
56,8,0,1,3232235949,320.0,1.0,12.0,2.0
84,7,0,7,3232235817,1238.0,1.0,12.0,2.0
84,1,0,7,3232235817,1778.0,1.0,12.0,2.0
84,4,0,7,3232235817,9948.0,9.0,12.0,2.0
84,3,0,7,3232235817,6427.0,5.0,12.0,2.0
84,8,0,7,3232235817,1170.0,1.0,12.0,2.0
71,7,0,4,3232235832,347.0,1.0,12.0,2.0
71,6,0,4,3232235832,4080.0,3.0,12.0,2.0
71,0,0,4,3232235832,3899.0,1.0,12.0,2.0
71,8,0,4,3232235832,1281.0,1.0,12.0,2.0
68,7,1,4,3232235794,1699.0,1.0,16.0,2.0
68,6,0,4,3232235794,4352.0,6.0,16.0,2.0
68,0,0,4,3232235794,5610.0,1.0,16.0,2.0
68,8,0,4,3232235794,782.0,1.0,16.0,2.0
45,7,0,4,3232235925,1891.0,1.0,1.0,3.0
8,7,0,1,3232235813,1403.0,1.0,5.0,3.0
22,7,0,7,3232235833,1111.0,1.0,7.0,3.0
22,6,0,7,3232235833,4551.0,9.0,7.0,3.0
22,0,0,7,3232235833,1547.0,4.0,7.0,3.0
22,8,0,7,3232235833,362.0,1.0,7.0,3.0
34,7,0,4,3232235804,1363.0,1.0,8.0,3.0
34,6,0,4,3232235804,797.0,1.0,8.0,3.0
34,0,0,4,3232235804,1745.0,8.0,8.0,3.0
34,8,0,4,136086349,564.0,1.0,8.0,3.0
49,7,0,4,3232236030,1466.0,1.0,8.0,3.0
49,6,0,2,3232236030,2436.0,6.0,8.0,3.0
49,0,0,4,3232236030,4052.0,1.0,8.0,3.0
49,8,0,4,3232236030,473.0,1.0,8.0,3.0
54,7,0,4,3232235819,1659.0,1.0,10.0,3.0
54,6,0,4,3232235819,1373.0,7.0,10.0,3.0
54,5,0,4,3232235819,575.0,9.0,10.0,3.0
54,2,0,4,3232235819,9046.0,6.0,10.0,3.0
54,9,0,4,3232235819,3370.0,5.0,10.0,3.0
54,8,0,4,3232235819,6480.0,1.0,10.0,3.0
54,7,0,4,3232235819,785.0,1.0,10.0,3.0
54,6,0,4,3232235819,1267.0,8.0,10.0,3.0
54,5,0,4,3232235819,4124.0,5.0,10.0,3.0
54,2,1,4,3232235819,10732.0,2.0,10.0,3.0
54,9,0,4,3232235819,2948.0,8.0,10.0,3.0
54,8,0,4,3232235819,1091.0,1.0,11.0,3.0
47,7,0,7,3232235789,642.0,1.0,11.0,3.0
47,6,0,7,3232235789,4510.0,4.0,11.0,3.0
47,0,0,7,3232235789,3873.0,6.0,11.0,3.0
47,8,0,7,3232235789,404.0,1.0,11.0,3.0
34,7,0,4,3232235804,913.0,1.0,13.0,3.0
34,6,0,4,3232235804,5048.0,9.0,13.0,3.0
34,0,0,4,3232235804,653.0,4.0,13.0,3.0
34,8,0,4,3232235804,1382.0,1.0,13.0,3.0
74,7,0,4,3232235813,955.0,1.0,14.0,3.0
74,6,0,4,3232235813,82.0,4.0,14.0,3.0
74,0,0,5,3232235813,4654.0,7.0,14.0,3.0
74,8,0,4,3232235813,725.0,1.0,14.0,3.0
45,6,0,4,3232235925,5272.0,2.0,14.0,3.0
45,0,0,4,3232235925,3510.0,10.0,15.0,3.0
45,8,0,4,3232235925,909.0,1.0,15.0,3.0
27,7,0,1,3232235892,1492.0,1.0,15.0,3.0
27,6,0,1,3232235892,3158.0,2.0,15.0,3.0
27,0,0,1,3232235892,1031.0,5.0,15.0,3.0
27,8,0,1,3232235892,668.0,1.0,15.0,3.0
8,6,0,1,3232235813,2199.0,2.0,16.0,3.0
8,0,0,1,3232235813,1980.0,10.0,16.0,3.0
8,8,0,1,3232235813,568.0,1.0,16.0,3.0
85,7,0,1,3232235980,824.0,1.0,6.0,4.0
53,7,0,4,3232235894,1559.0,1.0,6.0,4.0
76,7,0,8,3232235915,1906.0,1.0,8.0,4.0
76,6,0,8,3232235915,3774.0,8.0,8.0,4.0
76,0,0,8,3232235915,2407.0,9.0,8.0,4.0
76,8,0,8,3232235915,1000.0,1.0,8.0,4.0
85,6,0,1,3232235980,5831.0,4.0,8.0,4.0
85,5,0,1,3232235980,2370.0,8.0,8.0,4.0
85,2,0,1,3232235980,4407.0,1.0,8.0,4.0
85,9,0,1,3232235980,5354.0,9.0,8.0,4.0
85,8,0,5,3232235980,768.0,1.0,8.0,4.0
53,6,0,4,3232235894,1366.0,3.0,9.0,4.0
53,0,0,4,3232235894,3202.0,6.0,9.0,4.0
53,8,0,4,3232235894,1244.0,1.0,9.0,4.0
21,7,0,7,3232235785,1542.0,1.0,11.0,4.0
21,6,0,7,3232235785,2478.0,9.0,11.0,4.0
21,0,0,7,3232235785,5024.0,2.0,11.0,4.0
21,8,0,7,3232235785,894.0,1.0,11.0,4.0
56,7,0,1,3232235949,1494.0,1.0,11.0,4.0
56,6,0,1,3232235949,2244.0,7.0,11.0,4.0
56,0,0,1,3232235949,4560.0,5.0,11.0,4.0
56,8,0,1,3232235949,1337.0,1.0,11.0,4.0
18,7,1,7,3232235951,583.0,1.0,12.0,4.0
18,6,0,7,3232235951,5316.0,8.0,12.0,4.0
18,0,0,7,3232235951,3806.0,10.0,12.0,4.0
18,8,0,7,3232235951,771.0,1.0,12.0,4.0
76,7,0,8,3232235915,336.0,1.0,13.0,4.0
76,6,0,8,3232235915,3608.0,3.0,14.0,4.0
76,0,0,8,3232235915,5389.0,7.0,14.0,4.0
76,8,0,8,3232235915,1470.0,1.0,14.0,4.0
82,7,0,0,3232235801,683.0,1.0,14.0,4.0
82,6,0,0,3232235801,600.0,1.0,14.0,4.0
82,0,0,0,3232235801,32.0,8.0,14.0,4.0
82,8,0,0,3232235801,332.0,1.0,14.0,4.0
63,7,0,8,3026178351,1069.0,1.0,15.0,4.0
63,6,0,8,3232235834,35.0,1.0,15.0,4.0
63,0,0,8,3232235834,5020.0,4.0,15.0,4.0
63,8,0,8,3232235834,200.0,1.0,15.0,4.0
86,7,0,0,3232235930,1727.0,1.0,5.0,5.0
26,7,0,8,3232235885,1088.0,1.0,7.0,5.0
26,6,0,8,3232235885,1904.0,8.0,7.0,5.0
26,0,0,8,3232235885,3827.0,7.0,7.0,5.0
26,8,0,8,3232235885,471.0,1.0,7.0,5.0
57,7,0,4,3232235957,1022.0,1.0,7.0,5.0
57,6,0,4,3232235957,5865.0,1.0,7.0,5.0
57,0,0,4,3232235957,4748.0,4.0,7.0,5.0
57,8,0,2,3232235957,941.0,1.0,7.0,5.0
18,7,0,7,3232235951,626.0,1.0,7.0,5.0
18,6,0,7,3232235951,1730.0,9.0,7.0,5.0
18,0,0,7,3232235951,1856.0,10.0,7.0,5.0
18,8,0,7,3232235951,1049.0,1.0,7.0,5.0
86,6,0,0,3232235930,3340.0,10.0,7.0,5.0
86,0,0,0,3232235930,4683.0,6.0,7.0,5.0
86,8,0,0,3232235930,1251.0,1.0,7.0,5.0
75,7,0,1,3232235968,1899.0,1.0,7.0,5.0
75,6,0,1,3232235968,754.0,4.0,7.0,5.0
75,0,0,1,3232235968,2133.0,1.0,7.0,5.0
75,8,0,1,3232235968,1472.0,1.0,8.0,5.0
33,7,0,1,3232236023,998.0,1.0,9.0,5.0
33,6,0,1,3232236023,1923.0,9.0,9.0,5.0
33,0,0,1,3232236023,2987.0,6.0,9.0,5.0
33,8,0,1,3232236023,1143.0,1.0,9.0,5.0
74,7,0,4,3232235813,597.0,1.0,9.0,5.0
74,6,0,4,3232235813,4925.0,3.0,9.0,5.0
74,0,0,4,3232235813,5199.0,3.0,10.0,5.0
74,8,0,4,3232235813,621.0,1.0,10.0,5.0
64,7,0,4,3232235993,1079.0,1.0,10.0,5.0
64,6,0,4,3232235993,5530.0,2.0,10.0,5.0
64,0,0,4,3232235993,5643.0,8.0,10.0,5.0
64,8,0,4,3232235993,1213.0,1.0,10.0,5.0
60,7,0,1,3232235819,1309.0,1.0,10.0,5.0
60,6,0,1,3232235819,1374.0,7.0,10.0,5.0
60,0,0,1,3232235819,3823.0,6.0,10.0,5.0
60,8,0,1,3232235819,315.0,1.0,10.0,5.0
23,7,0,1,3232235907,1538.0,1.0,11.0,5.0
23,6,0,1,3232235907,11.0,4.0,11.0,5.0
56,7,0,1,3232235949,728.0,1.0,11.0,5.0
56,6,0,1,3232235949,1778.0,9.0,11.0,5.0
23,0,0,1,3232235907,552.0,3.0,11.0,5.0
56,0,0,1,3232235949,1839.0,2.0,11.0,5.0
23,8,0,1,3232235907,1255.0,1.0,11.0,5.0
56,8,0,1,3232235949,406.0,1.0,11.0,5.0
31,7,0,0,3232235865,939.0,57.0,12.0,5.0
31,6,0,0,3232235865,5707.0,3.0,12.0,5.0
31,0,0,0,3232235865,691.0,1.0,12.0,5.0
31,8,0,0,3232235865,1305.0,1.0,12.0,5.0
70,7,0,8,3232236002,773.0,1.0,12.0,5.0
70,6,0,8,3232236002,547.0,5.0,12.0,5.0
70,0,0,8,3232236002,4027.0,1.0,12.0,5.0
70,8,0,8,3232236002,661.0,1.0,12.0,5.0
77,7,0,4,3232235969,375.0,1.0,12.0,5.0
77,6,0,4,3232235969,959.0,6.0,12.0,5.0
77,0,0,4,3232235969,850.0,7.0,12.0,5.0
77,8,0,4,3232235969,442.0,1.0,12.0,5.0
56,7,0,1,3232235949,1764.0,1.0,12.0,5.0
56,6,0,1,3232235949,2070.0,8.0,12.0,5.0
56,0,0,1,1743497242,694.0,4.0,12.0,5.0
56,8,0,1,3232235949,1126.0,1.0,12.0,5.0
76,7,0,8,3232235915,1401.0,1.0,14.0,5.0
76,6,0,8,3232235915,2867.0,6.0,14.0,5.0
76,0,0,8,3232235915,2253.0,4.0,14.0,5.0
76,8,0,8,3232235915,741.0,1.0,14.0,5.0
82,7,0,0,3232235801,1301.0,1.0,16.0,5.0
82,6,0,0,3232235801,2415.0,2.0,16.0,5.0
82,0,0,0,3232235801,2553.0,2.0,16.0,5.0
82,8,0,0,3232235801,1437.0,1.0,16.0,5.0
84,7,0,7,3232235817,1221.0,1.0,16.0,5.0
84,1,0,7,3232235817,3582.0,4.0,16.0,5.0
84,4,0,7,1925580189,8531.0,1.0,16.0,5.0
84,3,0,7,3232235817,1538.0,200.0,16.0,5.0
84,8,0,7,3232235817,1340.0,1.0,17.0,5.0
85,7,0,1,3232235980,1278.0,1.0,2.0,6.0
31,7,0,0,3232235865,687.0,1.0,4.0,6.0
57,7,0,4,3232235957,1269.0,1.0,6.0,6.0
24,7,0,8,3232235784,719.0,1.0,8.0,6.0
24,6,0,8,3232235784,3600.0,7.0,8.0,6.0
24,0,0,8,3232235784,1870.0,2.0,8.0,6.0
24,8,0,8,3232235784,950.0,92.0,8.0,6.0
85,6,0,1,3232235980,41096.0,3.0,8.0,6.0
85,5,0,1,3232235980,2523.0,7.0,8.0,6.0
85,2,0,1,3232235980,11750.0,6.0,8.0,6.0
85,9,0,1,3232235980,4692.0,5.0,8.0,6.0
85,8,0,1,3232235980,1032.0,1.0,8.0,6.0
57,6,0,4,3232235957,4705.0,100.0,8.0,6.0
57,0,0,4,3232235957,3262.0,9.0,8.0,6.0
57,8,0,4,3232235957,816.0,1.0,8.0,6.0
34,7,0,4,3232235804,1681.0,1.0,10.0,6.0
34,6,0,4,3232235804,3442.0,7.0,10.0,6.0
34,0,0,4,3232235804,5893.0,8.0,10.0,6.0
34,8,0,4,3232235804,1375.0,1.0,10.0,6.0
34,7,0,4,3232235804,1090.0,1.0,11.0,6.0
34,6,0,4,3232235804,2820.0,7.0,11.0,6.0
34,0,0,4,3232235804,5066.0,6.0,11.0,6.0
34,8,0,4,3232235804,708.0,42.0,11.0,6.0
36,7,0,7,3232235869,983.0,1.0,12.0,6.0
36,6,0,7,3232235869,4819.0,9.0,12.0,6.0
36,0,0,7,1926506602,2073.0,9.0,12.0,6.0
36,8,0,7,3232235869,551.0,1.0,12.0,6.0
39,7,0,7,3232235964,1329.0,1.0,12.0,6.0
39,6,0,7,3232235964,659.0,2.0,12.0,6.0
39,0,0,7,3232235964,4848.0,8.0,12.0,6.0
39,8,0,7,3232235964,531.0,1.0,12.0,6.0
20,7,0,8,3232235886,1170.0,1.0,13.0,6.0
20,6,0,8,3232235886,2613.0,7.0,13.0,6.0
20,0,0,8,3232235886,2506.0,1.0,13.0,6.0
20,8,0,8,3232235886,303.0,1.0,13.0,6.0
68,7,0,4,3232235794,1910.0,1.0,13.0,6.0
68,6,0,4,3232235794,5107.0,1.0,13.0,6.0
68,0,0,4,3232235794,1249.0,2.0,13.0,6.0
68,8,0,4,3232235794,1376.0,1.0,13.0,6.0
85,7,0,1,3232235980,1737.0,1.0,14.0,6.0
85,6,0,1,3232235980,1217.0,2.0,14.0,6.0
85,5,0,1,3232235980,1234.0,1.0,14.0,6.0
85,2,0,1,3232235980,11596.0,7.0,15.0,6.0
85,9,0,1,3232235980,2698.0,8.0,15.0,6.0
85,8,0,1,3232235980,1477.0,80.0,15.0,6.0
45,7,0,4,3232235925,2000.0,1.0,16.0,6.0
45,6,0,4,3232235925,4156.0,3.0,16.0,6.0
45,0,0,4,3232235925,1087.0,1.0,16.0,6.0
45,8,0,4,3232235925,842.0,1.0,16.0,6.0
39,7,0,7,3232235964,963.0,1.0,16.0,6.0
39,6,0,7,3232235964,838.0,3.0,16.0,6.0
39,0,0,7,3232235964,4817.0,8.0,16.0,6.0
39,8,0,7,3232235964,839.0,1.0,16.0,6.0
31,6,0,0,3232235865,2534.0,5.0,16.0,6.0
31,0,0,0,3232235865,48.0,8.0,16.0,6.0
31,8,0,0,3232235865,1068.0,1.0,16.0,6.0
80,7,0,4,3232235834,1210.0,1.0,0.0,0.0
57,7,0,4,3232235957,1064.0,1.0,1.0,0.0
18,7,0,7,3232235951,1229.0,1.0,6.0,0.0
18,6,0,7,3232235951,2028.0,4.0,8.0,0.0
18,0,0,7,3232235951,5845.0,4.0,8.0,0.0
18,8,0,7,3232235951,808.0,1.0,8.0,0.0
73,7,1,0,3232235814,1407.0,1.0,9.0,0.0
73,6,0,0,3232235814,3127.0,6.0,10.0,0.0
73,0,0,0,3232235814,3834.0,3.0,10.0,0.0
73,8,0,0,3232235814,1388.0,1.0,10.0,0.0
79,7,0,8,3232235880,915.0,1.0,10.0,0.0
79,6,0,8,3232235880,4755.0,5.0,10.0,0.0
18,7,0,7,3232235951,348.0,1.0,10.0,0.0
18,6,0,7,3232235951,3716.0,8.0,10.0,0.0
79,0,0,8,3232235880,5899.0,9.0,10.0,0.0
79,8,0,8,1914891781,1111.0,1.0,10.0,0.0
18,0,0,7,3232235951,3363.0,6.0,10.0,0.0
18,8,0,7,3232235951,736.0,1.0,10.0,0.0
43,7,0,8,3232235853,1068.0,1.0,13.0,0.0
43,6,0,8,3232235853,3233.0,3.0,13.0,0.0
43,0,0,8,3232235853,5538.0,5.0,13.0,0.0
43,8,0,8,3232235853,1054.0,1.0,13.0,0.0
29,7,0,7,3232235972,747.0,1.0,13.0,0.0
29,6,0,7,3232235972,1338.0,4.0,13.0,0.0
29,0,0,7,3232235972,2938.0,1.0,13.0,0.0
29,8,0,7,3232235972,1121.0,1.0,13.0,0.0
80,6,0,4,3232235834,1741.0,7.0,14.0,0.0
80,0,0,4,3232235834,3135.0,3.0,14.0,0.0
80,8,0,4,3232235834,1445.0,55.0,14.0,0.0
57,6,0,4,3232235957,1380.0,10.0,14.0,0.0
57,0,0,4,3232235957,2322.0,3.0,14.0,0.0
57,8,0,4,3232235957,780.0,1.0,14.0,0.0
83,7,0,7,3232235998,1245.0,1.0,7.0,1.0
83,6,0,7,3232235998,1293.0,5.0,7.0,1.0
83,0,0,7,3232235998,1152.0,8.0,7.0,1.0
83,8,0,7,3232235998,754.0,1.0,7.0,1.0
20,7,0,8,3232235886,1718.0,121.0,7.0,1.0
20,6,0,8,3232235886,2305.0,9.0,7.0,1.0
20,0,0,8,3232235886,2003.0,51.0,7.0,1.0
20,8,0,8,3232235886,960.0,1.0,7.0,1.0
26,7,0,8,3232235885,1371.0,1.0,8.0,1.0
26,6,0,8,3232235885,5871.0,2.0,8.0,1.0
26,0,0,8,3232235885,4684.0,3.0,8.0,1.0
26,8,0,8,3232235885,254.0,1.0,8.0,1.0
54,7,0,4,3232235819,1722.0,1.0,10.0,1.0
54,6,0,4,3232235819,3771.0,8.0,10.0,1.0
54,5,0,4,3232235819,2495.0,5.0,10.0,1.0
54,2,0,4,3232235819,7614.0,10.0,10.0,1.0
54,9,0,4,3232235819,6535.0,8.0,10.0,1.0
54,8,0,4,139062461,1021.0,1.0,10.0,1.0
78,7,0,8,3232235887,1948.0,1.0,12.0,1.0
78,6,0,8,3232235887,2936.0,8.0,12.0,1.0
78,0,0,8,3232235887,1097.0,1.0,12.0,1.0
78,8,0,8,3232235887,523.0,1.0,12.0,1.0
32,7,1,4,3232235817,1593.0,1.0,13.0,1.0
32,6,0,4,3232235817,1604.0,2.0,13.0,1.0
32,0,0,4,3232235817,4249.0,1.0,13.0,1.0
27,7,0,1,3232235892,1776.0,1.0,13.0,1.0
32,8,0,4,3232235817,800.0,1.0,13.0,1.0
27,6,0,1,3232235892,858.0,3.0,13.0,1.0
27,0,0,1,3232235892,100.0,7.0,13.0,1.0
27,8,0,1,3232235892,1327.0,1.0,13.0,1.0
18,7,0,7,3232235951,1699.0,1.0,0.0,2.0
73,7,0,0,3232235814,992.0,1.0,6.0,2.0
64,7,0,4,3232235993,1931.0,1.0,8.0,2.0
64,6,0,4,3232235993,2865.0,79.0,8.0,2.0
64,0,0,4,3232235993,2427.0,9.0,8.0,2.0
64,7,0,4,3232235993,1025.0,1.0,8.0,2.0
64,8,0,4,3232235993,792.0,1.0,8.0,2.0
64,6,0,4,3232235993,5276.0,2.0,8.0,2.0
65,7,0,7,3232235836,1862.0,1.0,8.0,2.0
65,6,0,7,3232235836,2362.0,4.0,8.0,2.0
64,0,0,4,3232235993,4356.0,1.0,8.0,2.0
65,0,0,7,3232235836,962.0,9.0,8.0,2.0
64,8,0,4,3232235993,527.0,1.0,8.0,2.0
65,8,0,7,3232235836,249.0,66.0,8.0,2.0
18,6,0,7,3232235951,1911.0,2.0,9.0,2.0
18,0,0,7,3232235951,1880.0,5.0,9.0,2.0
18,8,0,7,3232235951,785.0,1.0,9.0,2.0
56,7,0,1,3232235949,922.0,1.0,10.0,2.0
56,6,0,1,3232235949,3365.0,5.0,10.0,2.0
56,0,0,1,3232235949,969.0,5.0,10.0,2.0
56,8,0,1,3232235949,1217.0,1.0,10.0,2.0
79,7,0,8,3232235880,776.0,1.0,12.0,2.0
79,6,0,8,3232235880,4630.0,5.0,12.0,2.0
79,0,0,8,3232235880,4073.0,8.0,12.0,2.0
79,8,0,8,3232235880,1449.0,1.0,12.0,2.0
45,7,0,4,3232235925,838.0,1.0,12.0,2.0
45,6,0,4,3232235925,2020.0,3.0,12.0,2.0
45,0,0,4,3232235925,5109.0,9.0,12.0,2.0
45,8,0,4,3232235925,1174.0,1.0,12.0,2.0
22,7,0,7,3232235833,791.0,1.0,13.0,2.0
66,7,0,7,3232235984,1803.0,1.0,13.0,2.0
22,6,0,7,3232235833,1230.0,1.0,13.0,2.0
66,6,0,7,3232235984,1248.0,5.0,13.0,2.0
66,0,0,7,3232235984,2785.0,3.0,13.0,2.0
22,0,0,7,3232235833,2205.0,3.0,13.0,2.0
66,8,0,7,3232235984,1478.0,1.0,13.0,2.0
22,8,0,7,3232235833,995.0,1.0,14.0,2.0
73,6,0,0,3232235814,3495.0,3.0,14.0,2.0
73,0,0,0,3232235814,2461.0,8.0,14.0,2.0
73,8,0,0,3232235814,585.0,1.0,14.0,2.0
42,7,0,0,3232235798,905.0,1.0,14.0,2.0
42,6,0,0,3232235798,3207.0,4.0,14.0,2.0
42,0,0,0,3232235798,2296.0,4.0,14.0,2.0
42,8,0,0,3232235798,815.0,1.0,14.0,2.0
32,7,0,4,3232235817,1632.0,1.0,4.0,3.0
84,7,0,7,3232235817,1977.0,1.0,7.0,3.0
84,1,0,7,3232235817,4590.0,2.0,7.0,3.0
84,4,0,7,3232235817,5961.0,4.0,7.0,3.0
84,3,0,7,3232235817,5139.0,3.0,7.0,3.0
84,8,0,7,3232235817,1066.0,1.0,7.0,3.0
31,7,0,3,3232235865,357.0,1.0,7.0,3.0
31,6,0,0,3232235865,5959.0,2.0,7.0,3.0
31,0,0,0,3232235865,894.0,1.0,7.0,3.0
31,8,0,0,3232235865,1004.0,1.0,8.0,3.0
84,7,0,7,3232235817,1552.0,1.0,8.0,3.0
84,1,0,7,3232235817,3204.0,4.0,8.0,3.0
84,4,0,7,3232235817,6959.0,4.0,8.0,3.0
84,3,0,7,3232235817,8974.0,7.0,8.0,3.0
84,8,0,7,3232235817,752.0,1.0,8.0,3.0
32,7,0,4,3232235817,664.0,1.0,9.0,3.0
32,6,0,4,3232235817,5970.0,7.0,9.0,3.0
32,0,0,4,3232235817,5383.0,1.0,9.0,3.0
32,8,0,4,3232235817,1009.0,1.0,9.0,3.0
48,7,0,1,3232235975,1944.0,1.0,9.0,3.0
48,6,0,1,3232235975,5712.0,2.0,9.0,3.0
48,5,0,1,3232235975,4743.0,3.0,9.0,3.0
48,2,1,1,3232235975,11737.0,8.0,9.0,3.0
48,9,0,1,3232235975,2170.0,7.0,9.0,3.0
48,8,0,1,3232235975,1498.0,1.0,9.0,3.0
70,7,0,8,3232236002,1685.0,1.0,9.0,3.0
70,6,0,8,3232236002,4056.0,5.0,9.0,3.0
70,0,0,8,3232236002,1265.0,9.0,9.0,3.0
70,8,0,8,3232236002,4915.0,1.0,9.0,3.0
32,6,0,4,3232235817,2853.0,6.0,9.0,3.0
32,0,0,4,3232235817,2838.0,1.0,9.0,3.0
32,8,0,4,3232235817,383.0,1.0,9.0,3.0
56,7,1,1,3232235949,560.0,1.0,10.0,3.0
56,6,0,1,3232235949,2276.0,2.0,10.0,3.0
56,0,0,1,3232235949,2237.0,3.0,10.0,3.0
56,8,0,1,3232235949,1000.0,1.0,10.0,3.0
45,7,0,4,3232235925,1782.0,1.0,10.0,3.0
45,6,0,4,3232235925,2320.0,7.0,10.0,3.0
45,0,0,4,3232235925,574.0,4.0,10.0,3.0
45,8,0,4,3232235925,1300.0,1.0,10.0,3.0
23,7,0,1,3232235907,1970.0,1.0,12.0,3.0
23,6,0,1,3232235907,2353.0,10.0,12.0,3.0
23,0,0,1,3232235907,2093.0,8.0,12.0,3.0
23,8,0,1,3232235907,1027.0,1.0,12.0,3.0
72,7,0,0,3232235879,1999.0,1.0,12.0,3.0
72,6,0,0,3232235879,32624.0,3.0,12.0,3.0
72,0,0,0,3232235879,4514.0,10.0,12.0,3.0
72,8,0,0,3232235879,1080.0,1.0,12.0,3.0
41,7,1,7,3232236027,801.0,1.0,12.0,3.0
41,6,0,7,3232236027,1083.0,5.0,12.0,3.0
41,0,0,7,3232236027,5523.0,6.0,12.0,3.0
41,8,0,7,3232236027,1307.0,1.0,12.0,3.0
54,7,0,4,3232235819,625.0,1.0,13.0,3.0
54,6,0,4,3232235819,5715.0,8.0,13.0,3.0
54,5,0,4,3232235819,6973.0,1.0,13.0,3.0
54,2,0,4,3232235819,4794.0,6.0,13.0,3.0
54,9,1,4,3232235819,5120.0,8.0,13.0,3.0
54,8,0,4,3232235819,1082.0,1.0,13.0,3.0
59,7,0,1,3232235914,1746.0,1.0,14.0,3.0
59,6,0,1,3232235914,1284.0,7.0,14.0,3.0
59,0,0,1,3232235914,1552.0,6.0,14.0,3.0
59,8,0,1,3232235914,473.0,1.0,14.0,3.0
65,7,0,7,3232235836,939.0,1.0,15.0,3.0
65,6,0,7,346960381,3181.0,6.0,15.0,3.0
65,0,0,7,3232235836,5319.0,5.0,15.0,3.0
65,8,0,7,3232235836,842.0,1.0,15.0,3.0
29,7,0,7,3232235972,999.0,1.0,15.0,3.0
29,6,0,7,3232235972,1504.0,7.0,15.0,3.0
29,0,0,7,3232235972,1784.0,2.0,15.0,3.0
29,8,0,7,3232235972,1201.0,1.0,15.0,3.0
62,7,0,4,3232236014,1693.0,1.0,15.0,3.0
62,6,0,4,3232236014,4804.0,8.0,15.0,3.0
62,0,0,4,3232236014,4826.0,6.0,15.0,3.0
62,8,0,4,3232236014,359.0,1.0,15.0,3.0
78,7,0,8,3232235887,581.0,1.0,15.0,3.0
78,6,0,8,3232235887,2133.0,9.0,15.0,3.0
78,0,0,8,3232235887,2541.0,9.0,15.0,3.0
78,8,0,8,3232235887,239.0,1.0,15.0,3.0
58,7,0,7,3232235933,1884.0,1.0,16.0,3.0
58,6,0,7,3232235933,1793.0,2.0,16.0,3.0
58,7,0,7,3232235933,1814.0,1.0,16.0,3.0
58,0,0,7,3232235933,3872.0,7.0,16.0,3.0
58,8,0,7,3232235933,964.0,1.0,16.0,3.0
58,6,0,7,3232235933,5963.0,7.0,16.0,3.0
58,0,0,7,3232235933,4729.0,7.0,16.0,3.0
58,8,0,7,3232235933,1080.0,1.0,16.0,3.0
56,7,0,1,3232235949,1489.0,1.0,16.0,3.0
56,6,0,1,2640011766,3104.0,10.0,16.0,3.0
56,0,0,1,3232235949,4886.0,2.0,16.0,3.0
56,8,0,1,3232235949,477.0,1.0,16.0,3.0
42,7,0,0,3232235798,1887.0,1.0,1.0,4.0
67,7,0,4,3232235880,947.0,1.0,2.0,4.0
34,7,0,4,3232235804,1074.0,1.0,2.0,4.0
81,7,0,1,3232235908,1014.0,1.0,8.0,4.0
81,6,0,1,3232235908,2742.0,1.0,8.0,4.0
81,0,0,1,3232235908,3116.0,1.0,8.0,4.0
81,8,0,1,3232235908,347.0,1.0,8.0,4.0
74,7,1,4,3232235813,1115.0,1.0,9.0,4.0
74,6,0,4,3232235813,4806.0,7.0,9.0,4.0
74,0,0,4,3232235813,3854.0,10.0,9.0,4.0
74,8,0,4,3232235813,351.0,1.0,9.0,4.0
67,6,0,4,3232235880,3957.0,1.0,9.0,4.0
67,0,0,4,3232235880,1181.0,4.0,9.0,4.0
79,7,0,8,3232235880,806.0,1.0,9.0,4.0
67,8,0,4,3232235880,1286.0,1.0,9.0,4.0
79,6,0,8,3232235880,5316.0,8.0,9.0,4.0
79,0,0,8,3232235880,4232.0,4.0,9.0,4.0
79,8,0,8,3232235880,1389.0,1.0,9.0,4.0
66,7,0,7,3232235984,966.0,1.0,10.0,4.0
66,6,0,7,3232235984,3242.0,3.0,11.0,4.0
66,0,0,7,3232235984,1150.0,4.0,11.0,4.0
66,8,0,7,3232235984,931.0,1.0,11.0,4.0
42,6,0,0,3232235798,3496.0,7.0,11.0,4.0
42,0,0,0,3232235798,2329.0,10.0,11.0,4.0
42,8,0,0,3232235798,795.0,1.0,11.0,4.0
34,6,0,4,3232235804,3892.0,3.0,11.0,4.0
34,0,0,4,3232235804,5212.0,6.0,11.0,4.0
34,8,0,4,3232235804,308.0,1.0,11.0,4.0
46,7,0,1,3232235958,1014.0,1.0,13.0,4.0
46,6,0,1,3232235958,3509.0,4.0,13.0,4.0
46,0,0,1,3232235958,1662.0,5.0,13.0,4.0
46,8,0,1,3232235958,571.0,1.0,13.0,4.0
55,7,0,4,3232235868,386.0,1.0,14.0,4.0
55,6,0,4,3232235868,1504.0,6.0,14.0,4.0
55,5,0,4,3232235868,4769.0,10.0,14.0,4.0
55,2,0,4,3232235868,5130.0,4.0,14.0,4.0
55,9,0,4,3232235868,4550.0,6.0,14.0,4.0
55,8,0,4,3232235868,468.0,1.0,14.0,4.0
63,7,0,8,3232235834,1306.0,1.0,15.0,4.0
63,6,0,8,3232235834,616.0,2.0,15.0,4.0
63,0,0,8,3232235834,5476.0,3.0,15.0,4.0
63,8,0,8,3232235834,944.0,1.0,15.0,4.0
21,7,1,7,3232235785,1426.0,1.0,15.0,4.0
21,6,0,7,3232235785,5651.0,7.0,15.0,4.0
21,0,0,7,3232235785,5794.0,6.0,15.0,4.0
21,8,0,7,3232235785,1010.0,1.0,15.0,4.0
66,7,0,7,3232235984,532.0,1.0,6.0,5.0
19,7,0,8,3232235800,1131.0,1.0,9.0,5.0
19,6,0,8,3232235800,5831.0,7.0,9.0,5.0
19,0,0,8,3232235800,3040.0,10.0,9.0,5.0
19,8,0,8,3232235800,830.0,1.0,9.0,5.0
23,7,0,1,1743081600,1885.0,1.0,10.0,5.0
23,6,0,1,3232235907,5382.0,1.0,10.0,5.0
23,0,0,1,3232235907,2771.0,3.0,10.0,5.0
81,7,0,1,3232235908,781.0,1.0,10.0,5.0
81,6,0,1,3232235908,5824.0,8.0,10.0,5.0
23,8,0,1,3232235907,3728.0,1.0,10.0,5.0
81,0,0,1,3232235908,1435.0,1.0,10.0,5.0
81,8,0,1,3232235908,1221.0,1.0,10.0,5.0
66,6,0,7,3232235984,1046.0,5.0,11.0,5.0
66,0,0,7,3232235984,1831.0,5.0,11.0,5.0
66,8,0,7,3232235984,437.0,1.0,11.0,5.0
30,7,1,1,3232235956,349.0,1.0,15.0,5.0
30,6,0,1,3232235956,1098.0,3.0,15.0,5.0
30,0,0,1,3232235956,4718.0,9.0,15.0,5.0
30,8,0,1,3232235956,994.0,1.0,15.0,5.0
80,7,0,4,3232235834,1555.0,1.0,15.0,5.0
80,6,0,4,3232235834,2849.0,4.0,15.0,5.0
80,0,0,4,3232235834,2836.0,9.0,15.0,5.0
80,8,0,4,3232235834,884.0,1.0,15.0,5.0
31,7,0,0,3232235865,1535.0,1.0,0.0,6.0
18,7,0,7,2643558391,1615.0,1.0,7.0,6.0
18,6,0,7,3232235951,2475.0,8.0,7.0,6.0
18,0,0,7,3232235951,1375.0,3.0,7.0,6.0
18,8,0,7,3232235951,1056.0,1.0,7.0,6.0
43,7,0,8,3232235853,666.0,1.0,7.0,6.0
43,6,0,8,3232235853,4525.0,3.0,7.0,6.0
43,0,0,8,3232235853,2072.0,4.0,7.0,6.0
43,8,0,8,3232235853,1444.0,1.0,7.0,6.0
80,7,1,4,3232235834,729.0,1.0,8.0,6.0
80,6,0,4,3232235834,2933.0,9.0,8.0,6.0
80,0,0,4,3232235834,3691.0,10.0,8.0,6.0
80,8,0,4,3232235834,1347.0,1.0,8.0,6.0
1,7,0,7,3232235784,11.0,1.0,9.0,6.0
1,1,0,7,3232235784,2589.0,3.0,9.0,6.0
1,4,0,7,3232235784,9611.0,9.0,9.0,6.0
1,3,0,7,3232235784,8021.0,5.0,9.0,6.0
1,8,0,7,3232235784,431.0,1.0,9.0,6.0
31,6,0,0,3232235865,5526.0,10.0,10.0,6.0
31,0,0,0,3232235865,4339.0,9.0,10.0,6.0
31,8,0,0,3232235865,645.0,1.0,10.0,6.0
20,7,0,8,3232235886,1664.0,1.0,11.0,6.0
27,7,1,1,3232235892,1097.0,1.0,11.0,6.0
20,6,0,8,3232235886,1612.0,7.0,11.0,6.0
27,6,0,1,3232235892,931.0,10.0,11.0,6.0
20,0,0,8,3232235886,4721.0,2.0,11.0,6.0
27,0,0,1,3232235892,2485.0,1.0,11.0,6.0
27,8,0,1,3232235892,1163.0,1.0,11.0,6.0
20,8,0,8,3232235886,1198.0,1.0,11.0,6.0
28,7,0,8,3232235849,1931.0,1.0,12.0,6.0
28,6,0,8,3232235849,4948.0,1.0,12.0,6.0
28,0,0,8,3232235849,3461.0,7.0,12.0,6.0
28,8,0,8,3232235849,710.0,1.0,12.0,6.0
51,7,0,1,3232235999,1191.0,1.0,13.0,6.0
51,6,0,1,3232235999,2125.0,2.0,13.0,6.0
51,0,0,1,3232235999,4349.0,1.0,13.0,6.0
51,8,0,1,3232235999,1251.0,1.0,13.0,6.0
75,7,0,1,3232235968,1672.0,1.0,14.0,6.0
75,6,0,1,3232235968,1600.0,1.0,14.0,6.0
75,0,0,1,3232235968,1087.0,1.0,14.0,6.0
75,8,0,1,3232235968,494.0,1.0,14.0,6.0
37,7,0,4,3232235932,1885.0,1.0,15.0,6.0
37,6,0,4,3232235932,1631.0,2.0,15.0,6.0
37,0,0,4,3232235932,2382.0,8.0,15.0,6.0
56,7,0,1,3232235949,606.0,1.0,15.0,6.0
37,8,0,4,3232235932,531.0,1.0,15.0,6.0
56,6,0,1,3232235949,1206.0,5.0,15.0,6.0
56,0,0,1,3232235949,5293.0,10.0,15.0,6.0
56,8,0,1,3232235949,316.0,1.0,15.0,6.0
31,7,0,0,3232235865,782.0,1.0,5.0,0.0
61,7,0,0,3232235875,1088.0,1.0,7.0,0.0
61,6,0,0,3232235875,4243.0,10.0,7.0,0.0
61,0,0,0,3232235875,3055.0,8.0,7.0,0.0
61,8,0,0,3232235875,662.0,1.0,7.0,0.0
72,7,0,0,3232235879,935.0,1.0,9.0,0.0
72,6,0,0,3232235879,2324.0,8.0,9.0,0.0
72,0,0,0,3232235879,1347.0,8.0,9.0,0.0
72,8,0,0,3232235879,694.0,1.0,9.0,0.0
74,7,0,4,3232235813,352.0,1.0,10.0,0.0
74,6,0,4,3232235813,13192.0,5.0,10.0,0.0
74,0,0,5,3232235813,3813.0,5.0,10.0,0.0
74,8,0,4,3232235813,688.0,1.0,10.0,0.0
72,7,0,0,3232235879,1557.0,1.0,10.0,0.0
72,6,0,0,3232235879,5661.0,5.0,10.0,0.0
72,0,0,0,3232235879,1248.0,8.0,10.0,0.0
72,8,0,0,3232235879,1082.0,1.0,10.0,0.0
31,6,0,0,3232235865,5153.0,2.0,11.0,0.0
31,0,0,0,3232235865,1736.0,2.0,11.0,0.0
31,8,0,0,3232235865,1325.0,1.0,11.0,0.0
26,7,0,8,3232235885,1970.0,1.0,12.0,0.0
26,6,0,8,3232235885,63.0,7.0,12.0,0.0
26,0,0,8,3232235885,4640.0,8.0,12.0,0.0
26,8,0,8,3232235885,731.0,1.0,12.0,0.0
27,7,0,1,3232235892,1356.0,1.0,16.0,0.0
27,6,0,1,3232235892,4823.0,2.0,16.0,0.0
27,0,0,1,3232235892,1316.0,10.0,16.0,0.0
27,8,0,1,3232235892,1470.0,1.0,16.0,0.0
68,7,0,4,3232235794,1711.0,1.0,0.0,1.0
61,7,0,0,3232235875,553.0,1.0,1.0,1.0
21,7,0,7,3232235785,858.0,1.0,5.0,1.0
60,7,0,1,3232235819,337.0,1.0,7.0,1.0
60,6,0,1,3032366104,5273.0,6.0,7.0,1.0
60,0,0,1,3232235819,2998.0,8.0,7.0,1.0
60,8,0,1,3232235819,4200.0,1.0,7.0,1.0
22,7,0,7,3232235833,1611.0,1.0,7.0,1.0
22,6,0,7,3232235833,1060.0,6.0,8.0,1.0
22,0,0,7,3232235833,2051.0,8.0,8.0,1.0
22,8,0,7,3232235833,1157.0,1.0,8.0,1.0
43,7,0,8,3232235853,586.0,1.0,8.0,1.0
43,6,0,8,3232235853,2301.0,1.0,8.0,1.0
43,0,0,8,3232235853,4694.0,5.0,8.0,1.0
43,8,0,8,3232235853,598.0,1.0,8.0,1.0
32,7,0,4,3232235817,1233.0,1.0,10.0,1.0
32,6,0,4,3232235817,2307.0,6.0,10.0,1.0
32,0,0,4,3232235817,2867.0,9.0,10.0,1.0
20,7,0,8,3232235886,821.0,1.0,10.0,1.0
20,6,0,8,3232235886,3021.0,5.0,10.0,1.0
32,8,0,4,3232235817,1224.0,1.0,10.0,1.0
20,0,0,8,3232235886,83.0,9.0,10.0,1.0
20,8,0,8,2347737196,863.0,1.0,10.0,1.0
36,7,0,7,3232235869,1826.0,1.0,10.0,1.0
36,6,0,7,3232235869,1498.0,42.0,11.0,1.0
36,0,0,7,3232235869,4973.0,2.0,11.0,1.0
36,8,0,7,3232235869,975.0,1.0,11.0,1.0
21,6,0,7,3232235785,830.0,6.0,11.0,1.0
21,0,0,7,3232235785,4677.0,4.0,11.0,1.0
21,8,0,7,3232235785,859.0,1.0,11.0,1.0
61,6,0,0,3232235875,1390.0,6.0,11.0,1.0
61,0,0,0,3232235875,5972.0,10.0,11.0,1.0
61,8,0,0,3232235875,89.0,1.0,11.0,1.0
84,7,1,7,3232235817,1270.0,1.0,12.0,1.0
84,1,0,7,3232235817,699.0,3.0,12.0,1.0
84,4,0,7,3232235817,6145.0,4.0,12.0,1.0
84,3,0,7,3232235817,6285.0,2.0,13.0,1.0
84,8,0,7,3232235817,645.0,1.0,13.0,1.0
68,6,0,4,3232235794,2956.0,6.0,13.0,1.0
68,0,0,4,3232235794,689.0,3.0,13.0,1.0
68,8,0,4,3232235794,1351.0,1.0,13.0,1.0
31,7,0,0,3232235865,314.0,1.0,15.0,1.0
31,6,0,0,3232235865,1354.0,10.0,15.0,1.0
31,0,0,0,3232235865,4123.0,5.0,15.0,1.0
31,8,0,0,3232235865,735.0,1.0,15.0,1.0
39,7,0,7,3232235964,717.0,1.0,15.0,1.0
39,6,0,7,3232235964,840.0,10.0,15.0,1.0
39,0,0,7,3232235964,2512.0,7.0,15.0,1.0
39,8,0,7,3232235964,356.0,1.0,15.0,1.0
35,7,0,7,3232235875,1282.0,1.0,16.0,1.0
35,6,0,7,3232235875,2537.0,10.0,16.0,1.0
35,0,0,7,3232235875,3997.0,10.0,16.0,1.0
35,8,0,7,3232235875,1064.0,1.0,16.0,1.0
27,7,0,1,3232235892,1433.0,1.0,2.0,2.0
86,7,0,0,3232235930,1588.0,1.0,2.0,2.0
85,7,0,1,3232235980,1492.0,1.0,7.0,2.0
85,6,0,1,3232235980,4020.0,3.0,7.0,2.0
85,5,0,1,3232235980,842.0,5.0,7.0,2.0
85,2,0,1,3232235980,7474.0,1.0,7.0,2.0
85,9,0,1,3232235980,6862.0,4.0,7.0,2.0
85,8,0,1,3232235980,711.0,1.0,7.0,2.0
29,7,0,7,3232235972,1728.0,1.0,8.0,2.0
29,6,0,7,3232235972,1782.0,6.0,8.0,2.0
29,0,0,7,3232235972,5711.0,2.0,8.0,2.0
29,8,0,7,3232235972,1111.0,1.0,8.0,2.0
27,6,0,1,3232235892,1481.0,10.0,9.0,2.0
27,0,0,1,3232235892,766.0,6.0,9.0,2.0
27,8,0,1,3232235892,703.0,1.0,9.0,2.0
86,6,0,0,3232235930,4836.0,4.0,9.0,2.0
86,0,0,0,3232235930,2821.0,5.0,9.0,2.0
86,8,0,0,3232235930,876.0,1.0,9.0,2.0
82,7,0,0,3232235801,331.0,1.0,11.0,2.0
82,6,0,0,3232235801,1914.0,8.0,11.0,2.0
82,0,0,0,3232235801,5172.0,6.0,12.0,2.0
82,8,0,0,3232235801,1380.0,1.0,12.0,2.0
75,7,0,1,3232235968,1601.0,1.0,12.0,2.0
75,6,0,1,3232235968,2975.0,7.0,13.0,2.0
75,0,0,1,3232235968,1455.0,3.0,13.0,2.0
75,8,0,1,3232235968,292.0,1.0,13.0,2.0
71,7,0,4,3232235832,1028.0,1.0,13.0,2.0
71,6,0,4,3232235832,5663.0,7.0,13.0,2.0
71,0,0,4,3232235832,2754.0,9.0,13.0,2.0
71,8,0,4,3232235832,1319.0,1.0,13.0,2.0
74,7,0,4,3232235813,1510.0,1.0,13.0,2.0
74,6,0,4,3232235813,4667.0,5.0,13.0,2.0
74,0,0,4,3232235813,4733.0,2.0,13.0,2.0
74,8,0,4,3232235813,1157.0,1.0,14.0,2.0
1,7,0,7,3232235784,1794.0,1.0,14.0,2.0
1,1,0,2,3232235784,2794.0,3.0,14.0,2.0
1,4,0,7,3232235784,2091.0,2.0,14.0,2.0
1,3,0,7,3232235784,7128.0,10.0,14.0,2.0
1,8,0,7,3232235784,210.0,1.0,14.0,2.0
41,7,0,7,3232236027,916.0,1.0,16.0,2.0
41,6,0,7,3232236027,552.0,8.0,16.0,2.0
41,0,0,7,3232236027,5609.0,4.0,16.0,2.0
41,8,0,7,3232236027,434.0,1.0,16.0,2.0
74,7,0,4,3232235813,1747.0,1.0,9.0,3.0
74,6,0,4,3232235813,2930.0,4.0,9.0,3.0
74,0,0,4,3232235813,1518.0,7.0,9.0,3.0
74,8,0,4,3232235813,316.0,1.0,9.0,3.0
34,7,0,4,3232235804,1865.0,1.0,12.0,3.0
34,6,0,4,3232235804,5466.0,10.0,12.0,3.0
34,0,0,4,3232235804,5566.0,4.0,12.0,3.0
34,8,0,4,3232235804,1270.0,1.0,12.0,3.0
21,7,0,7,3232235785,1226.0,1.0,14.0,3.0
21,6,0,7,3232235785,5791.0,6.0,14.0,3.0
21,0,0,7,3232235785,1906.0,8.0,14.0,3.0
21,8,0,7,3232235785,540.0,1.0,14.0,3.0
32,7,0,4,3232235817,4312.0,1.0,15.0,3.0
32,6,0,4,3232235817,957.0,9.0,15.0,3.0
32,0,0,4,3232235817,2691.0,9.0,15.0,3.0
32,8,0,4,3232235817,452.0,1.0,15.0,3.0
49,7,0,4,3232236030,1114.0,1.0,15.0,3.0
49,6,0,4,3232236030,744.0,1.0,15.0,3.0
49,0,0,4,3232236030,4574.0,7.0,15.0,3.0
49,8,0,4,3232236030,1153.0,1.0,15.0,3.0
57,7,0,4,3232235957,479.0,1.0,16.0,3.0
57,6,0,4,3232235957,5361.0,10.0,16.0,3.0
57,0,0,4,3232235957,3969.0,5.0,16.0,3.0
57,8,0,4,3232235957,543.0,1.0,16.0,3.0
6,7,0,4,3232235840,1954.0,1.0,0.0,4.0
31,7,1,0,3232235865,1351.0,1.0,2.0,4.0
69,7,0,1,3232236011,368.0,1.0,7.0,4.0
69,6,0,1,3232236011,5081.0,5.0,7.0,4.0
69,0,0,1,3232236011,4611.0,4.0,7.0,4.0
69,8,0,1,1123423432,1070.0,1.0,7.0,4.0
31,6,0,0,3232235865,1855.0,8.0,8.0,4.0
31,0,0,0,3232235865,4672.0,7.0,8.0,4.0
31,8,0,0,3232235865,1351.0,1.0,8.0,4.0
43,7,0,8,3232235853,816.0,1.0,9.0,4.0
43,6,0,8,3232235853,771.0,10.0,9.0,4.0
43,0,0,8,3232235853,3788.0,8.0,9.0,4.0
43,8,0,8,3232235853,997.0,1.0,9.0,4.0
85,7,1,1,3232235980,1467.0,1.0,10.0,4.0
85,6,0,1,3232235980,4785.0,5.0,10.0,4.0
85,5,0,1,3232235980,2071.0,1.0,10.0,4.0
85,2,0,1,3232235980,10231.0,10.0,10.0,4.0
85,9,1,1,3232235980,5143.0,9.0,10.0,4.0
85,8,0,1,3232235980,1129.0,1.0,10.0,4.0
46,7,0,1,3232235958,1083.0,1.0,10.0,4.0
46,6,0,1,3232235958,4576.0,10.0,10.0,4.0
46,0,0,1,3232235958,1672.0,4.0,10.0,4.0
46,8,0,1,3232235958,1144.0,1.0,10.0,4.0
86,7,0,0,3232235930,1793.0,1.0,11.0,4.0
86,6,0,0,3232235930,4531.0,8.0,11.0,4.0
86,0,0,0,3232235930,5346.0,9.0,11.0,4.0
86,8,0,0,3232235930,539.0,1.0,11.0,4.0
31,7,0,0,3232235865,1672.0,1.0,12.0,4.0
31,6,0,0,3232235865,4291.0,9.0,12.0,4.0
31,0,0,0,2340128611,4270.0,1.0,12.0,4.0
31,8,0,0,3232235865,373.0,1.0,12.0,4.0
23,7,0,1,3232235907,386.0,1.0,12.0,4.0
23,6,0,1,3232235907,4302.0,10.0,13.0,4.0
23,0,0,1,3232235907,4661.0,10.0,13.0,4.0
23,8,0,1,3232235907,396.0,1.0,13.0,4.0
71,7,0,4,3232235832,1855.0,1.0,13.0,4.0
71,6,0,4,3232235832,1146.0,6.0,13.0,4.0
71,0,0,4,3232235832,1409.0,6.0,13.0,4.0
71,8,0,4,3232235832,639.0,1.0,13.0,4.0
86,7,0,0,3232235930,386.0,1.0,13.0,4.0
6,6,0,4,3232235840,1497.0,9.0,13.0,4.0
86,6,0,0,3232235930,5336.0,2.0,13.0,4.0
6,5,0,4,3232235840,1991.0,3.0,13.0,4.0
6,2,1,4,3232235840,10946.0,3.0,13.0,4.0
86,0,0,0,3232235930,5215.0,2.0,13.0,4.0
6,9,1,4,3232235840,4981.0,3.0,13.0,4.0
86,8,0,0,3232235930,440.0,1.0,13.0,4.0
6,8,0,4,3232235840,745.0,1.0,13.0,4.0
46,7,0,1,3232235958,621.0,1.0,14.0,4.0
46,6,0,1,3232235958,4614.0,5.0,14.0,4.0
46,0,0,1,3232235958,5603.0,3.0,14.0,4.0
46,8,0,1,3232235958,317.0,1.0,14.0,4.0
71,7,0,4,3232235832,612.0,1.0,14.0,4.0
71,6,0,4,3232235832,2094.0,6.0,14.0,4.0
71,0,0,4,3232235832,1317.0,9.0,14.0,4.0
71,8,0,4,3232235832,1440.0,1.0,14.0,4.0
68,7,1,4,3232235794,788.0,1.0,16.0,4.0
68,6,0,4,3232235794,3742.0,3.0,16.0,4.0
68,0,0,4,3232235794,5787.0,5.0,16.0,4.0
68,8,0,4,3232235794,1136.0,1.0,16.0,4.0
65,7,0,7,3232235836,897.0,1.0,8.0,5.0
65,6,0,7,3232235836,3080.0,7.0,8.0,5.0
65,0,0,7,3232235836,3172.0,6.0,8.0,5.0
65,8,0,7,3232235836,1127.0,1.0,8.0,5.0
26,7,0,8,3232235885,498.0,1.0,8.0,5.0
26,6,0,8,3232235885,652.0,2.0,8.0,5.0
26,0,0,8,3232235885,4265.0,10.0,8.0,5.0
26,8,0,8,3232235885,570.0,1.0,8.0,5.0
82,7,0,0,3232235801,485.0,1.0,9.0,5.0
82,6,0,0,3232235801,1658.0,6.0,9.0,5.0
82,0,0,0,3232235801,4257.0,7.0,9.0,5.0
82,8,0,0,3232235801,538.0,1.0,9.0,5.0
69,7,0,1,3232236011,490.0,1.0,10.0,5.0
69,6,0,1,3232236011,3240.0,3.0,10.0,5.0
69,0,0,1,3232236011,844.0,3.0,10.0,5.0
69,8,0,1,3232236011,691.0,1.0,10.0,5.0
37,7,0,4,2334321131,1937.0,1.0,10.0,5.0
37,6,0,4,3232235932,5884.0,10.0,10.0,5.0
37,0,0,4,3232235932,1117.0,5.0,10.0,5.0
37,8,0,4,1117678734,683.0,1.0,10.0,5.0
34,7,0,4,3232235804,1119.0,1.0,11.0,5.0
34,6,0,4,3232235804,596.0,7.0,11.0,5.0
34,0,0,4,3232235804,2114.0,7.0,11.0,5.0
34,8,0,4,3232235804,1490.0,1.0,11.0,5.0
35,7,0,3,3232235875,1270.0,1.0,13.0,5.0
35,6,0,7,3232235875,3037.0,5.0,13.0,5.0
35,0,0,7,3232235875,1440.0,7.0,13.0,5.0
35,8,0,7,3232235875,217.0,1.0,13.0,5.0
67,7,1,4,3232235880,1561.0,1.0,14.0,5.0
67,6,0,4,3232235880,1067.0,3.0,14.0,5.0
67,0,0,4,3232235880,1725.0,10.0,14.0,5.0
67,8,0,4,3232235880,1247.0,1.0,14.0,5.0
76,7,0,8,3232235915,1541.0,1.0,15.0,5.0
76,6,0,8,3232235915,2568.0,2.0,15.0,5.0
76,0,0,8,3232235915,3584.0,9.0,15.0,5.0
76,8,0,8,3232235915,1005.0,1.0,15.0,5.0
19,7,0,8,2638330136,1714.0,1.0,15.0,5.0
19,6,0,8,3232235800,1663.0,9.0,15.0,5.0
19,0,0,8,3232235800,2789.0,8.0,15.0,5.0
19,8,0,8,3232235800,1258.0,1.0,15.0,5.0
55,7,0,4,3232235868,317.0,1.0,1.0,6.0
78,7,0,8,3232235887,384.0,1.0,6.0,6.0
57,7,0,4,3232235957,827.0,1.0,6.0,6.0
49,7,0,4,3232236030,944.0,1.0,7.0,6.0
26,7,0,8,3232235885,1953.0,1.0,7.0,6.0
26,6,0,8,3232235885,3592.0,5.0,7.0,6.0
49,6,0,4,3232236030,3028.0,1.0,7.0,6.0
26,0,0,8,3232235885,2226.0,1.0,7.0,6.0
49,0,0,4,3232236030,3421.0,5.0,7.0,6.0
49,8,0,4,3232236030,1015.0,1.0,7.0,6.0
26,8,0,8,3232235885,1326.0,1.0,7.0,6.0
78,6,0,8,3232235887,1305.0,5.0,8.0,6.0
78,0,0,8,3232235887,5966.0,1.0,8.0,6.0
78,8,0,8,3232235887,994.0,1.0,8.0,6.0
38,7,0,4,3232235984,1792.0,1.0,8.0,6.0
38,6,0,4,3232235984,1887.0,9.0,8.0,6.0
38,0,0,4,3232235984,2454.0,7.0,8.0,6.0
38,8,0,4,617980516,210.0,1.0,8.0,6.0
38,7,0,4,3232235984,1635.0,1.0,10.0,6.0
38,6,0,4,3232235984,4104.0,1.0,10.0,6.0
38,0,0,4,3232235984,4234.0,2.0,10.0,6.0
38,8,0,4,3232235984,1003.0,1.0,10.0,6.0
57,6,0,4,3232235957,5756.0,8.0,11.0,6.0
64,7,0,6,3232235993,902.0,1.0,11.0,6.0
64,6,0,4,3232235993,4599.0,5.0,11.0,6.0
57,0,0,4,3232235957,4275.0,3.0,11.0,6.0
64,0,0,4,3232235993,5165.0,10.0,11.0,6.0
51,7,0,1,3232235999,693.0,1.0,11.0,6.0
51,6,0,1,3232235999,4906.0,10.0,11.0,6.0
64,8,0,4,3232235993,598.0,1.0,11.0,6.0
57,8,0,4,3232235957,921.0,1.0,11.0,6.0
51,0,0,1,3232235999,1810.0,3.0,11.0,6.0
51,8,0,1,3232235999,32.0,1.0,11.0,6.0
41,7,0,7,3232236027,644.0,1.0,13.0,6.0
41,6,0,7,3232236027,2897.0,5.0,13.0,6.0
41,0,0,7,3232236027,5191.0,5.0,13.0,6.0
41,8,0,7,3232236027,1253.0,1.0,13.0,6.0
55,6,0,4,3232235868,2007.0,3.0,14.0,6.0
55,5,0,4,3232235868,3171.0,2.0,14.0,6.0
55,2,0,4,3232235868,5851.0,6.0,14.0,6.0
55,9,0,4,3232235868,6785.0,8.0,14.0,6.0
55,8,0,4,3232235868,1403.0,1.0,14.0,6.0
85,7,1,1,3232235980,1858.0,1.0,15.0,6.0
85,6,0,1,3232235980,506.0,3.0,15.0,6.0
85,5,0,1,3232235980,6678.0,5.0,15.0,6.0
85,2,0,1,3232235980,5469.0,7.0,15.0,6.0
85,9,0,1,3232235980,6214.0,3.0,15.0,6.0
40,7,0,0,3232235915,1298.0,1.0,15.0,6.0
40,6,0,0,3232235915,5669.0,3.0,15.0,6.0
85,8,0,1,3232235980,831.0,1.0,15.0,6.0
40,0,0,0,3232235915,3067.0,1.0,15.0,6.0
40,8,0,0,3232235915,209.0,1.0,15.0,6.0
58,7,0,7,3232235933,1116.0,1.0,1.0,0.0
36,7,0,7,3232235869,1143.0,1.0,6.0,0.0
58,6,0,7,3232235933,1568.0,3.0,7.0,0.0
58,0,0,7,3232235933,4439.0,9.0,7.0,0.0
58,8,0,7,3232235933,605.0,1.0,7.0,0.0
36,6,0,7,3232235869,1715.0,9.0,8.0,0.0
36,0,0,7,3232235869,4025.0,6.0,8.0,0.0
36,8,0,7,3232235869,616.0,1.0,8.0,0.0
50,7,0,7,3232235996,1946.0,1.0,9.0,0.0
50,6,0,7,3232235996,5049.0,7.0,9.0,0.0
50,0,0,7,3232235996,3620.0,4.0,9.0,0.0
50,8,0,7,3232235996,498.0,1.0,9.0,0.0
28,7,0,8,3028713308,1304.0,1.0,9.0,0.0
28,6,0,8,3232235849,3889.0,1.0,9.0,0.0
28,0,0,8,3232235849,1190.0,1.0,9.0,0.0
28,8,0,8,3232235849,233.0,1.0,9.0,0.0
71,7,0,4,3232235832,978.0,1.0,10.0,0.0
71,6,0,4,3232235832,5961.0,10.0,10.0,0.0
71,0,0,4,3232235832,4338.0,9.0,10.0,0.0
71,8,0,4,2335779539,1219.0,1.0,10.0,0.0
18,7,0,7,3232235951,1418.0,1.0,10.0,0.0
18,6,0,7,3232235951,5065.0,5.0,10.0,0.0
18,0,0,7,3232235951,4414.0,2.0,10.0,0.0
18,8,0,7,3232235951,579.0,1.0,10.0,0.0
21,7,0,7,3232235785,851.0,1.0,10.0,0.0
21,6,0,7,3232235785,4704.0,1.0,10.0,0.0
21,0,0,7,3232235785,572.0,8.0,10.0,0.0
21,8,0,7,3232235785,470.0,1.0,10.0,0.0
29,7,0,7,3232235972,1060.0,1.0,12.0,0.0
29,6,0,7,3232235972,3567.0,5.0,12.0,0.0
29,0,0,7,3232235972,2908.0,8.0,12.0,0.0
29,8,0,7,3232235972,257.0,1.0,12.0,0.0
81,7,0,1,3232235908,1011.0,1.0,12.0,0.0
81,6,0,1,3232235908,1103.0,2.0,12.0,0.0
81,0,0,1,3232235908,797.0,6.0,12.0,0.0
81,8,0,1,3232235908,1323.0,1.0,12.0,0.0
39,7,0,7,3232235964,1444.0,1.0,15.0,0.0
40,7,0,0,3232235915,600.0,1.0,15.0,0.0
40,6,0,0,3232235915,5215.0,5.0,15.0,0.0
39,6,0,7,3232235964,1050.0,8.0,15.0,0.0
40,0,0,0,3232235915,1071.0,1.0,15.0,0.0
39,0,0,7,146241570,4002.0,7.0,15.0,0.0
40,8,0,0,3232235915,381.0,1.0,15.0,0.0
39,8,0,6,3232235964,345.0,1.0,15.0,0.0
71,7,0,4,3232235832,602.0,1.0,0.0,1.0
45,7,0,4,3232235925,506.0,1.0,8.0,1.0
45,6,0,4,3232235925,3627.0,4.0,8.0,1.0
45,0,0,4,3232235925,3284.0,10.0,8.0,1.0
39,7,0,7,3232235964,615.0,1.0,8.0,1.0
45,8,0,4,3232235925,360.0,1.0,8.0,1.0
39,6,0,7,3232235964,5994.0,4.0,9.0,1.0
39,0,0,7,3232235964,2074.0,6.0,9.0,1.0
39,8,0,7,3232235964,1003.0,1.0,9.0,1.0
48,7,0,1,3232235975,515.0,1.0,9.0,1.0
48,6,0,1,3232235975,984.0,2.0,9.0,1.0
48,5,0,1,3232235975,4691.0,7.0,9.0,1.0
48,2,0,1,3232235975,6225.0,4.0,9.0,1.0
48,9,0,1,3232235975,3226.0,4.0,10.0,1.0
48,8,0,1,3232235975,371.0,1.0,10.0,1.0
1,7,0,3,3232235784,766.0,1.0,11.0,1.0
1,1,0,7,3232235784,4070.0,2.0,11.0,1.0
1,4,0,7,3232235784,5235.0,7.0,11.0,1.0
1,3,0,7,3232235784,8856.0,3.0,11.0,1.0
1,8,0,7,3232235784,1279.0,1.0,11.0,1.0
6,7,0,4,3232235840,1614.0,1.0,11.0,1.0
6,6,0,4,3232235840,3639.0,5.0,11.0,1.0
6,5,0,4,3232235840,5146.0,8.0,11.0,1.0
6,2,0,4,3232235840,2948.0,10.0,11.0,1.0
6,9,0,4,3232235840,7717.0,8.0,11.0,1.0
6,8,0,4,3232235840,252.0,1.0,11.0,1.0
56,7,0,1,3232235949,844.0,1.0,11.0,1.0
56,6,0,1,3232235949,995.0,2.0,11.0,1.0
56,0,0,1,3232235949,628.0,5.0,12.0,1.0
56,8,0,1,3232235949,498.0,1.0,12.0,1.0
74,7,0,4,3232235813,1216.0,1.0,13.0,1.0
74,6,0,4,3232235813,5971.0,9.0,13.0,1.0
74,0,0,4,3232235813,2930.0,5.0,13.0,1.0
74,8,0,4,3232235813,741.0,1.0,13.0,1.0
80,7,0,4,3232235834,1003.0,1.0,13.0,1.0
80,6,0,4,3232235834,5411.0,9.0,13.0,1.0
80,0,0,4,3232235834,22715.0,6.0,13.0,1.0
59,7,0,1,3232235914,1584.0,1.0,13.0,1.0
80,8,0,4,3232235834,1354.0,1.0,13.0,1.0
59,6,0,3,3232235914,2693.0,10.0,13.0,1.0
59,0,0,1,3232235914,1441.0,7.0,13.0,1.0
46,7,0,1,3232235958,1029.0,1.0,13.0,1.0
46,6,0,1,3232235958,1254.0,6.0,13.0,1.0
59,8,0,1,3232235914,330.0,1.0,13.0,1.0
46,0,0,1,3232235958,1954.0,7.0,13.0,1.0
46,8,0,2,3232235958,1027.0,1.0,13.0,1.0
71,6,0,4,3232235832,4025.0,3.0,14.0,1.0
71,0,0,4,3232235832,4612.0,2.0,14.0,1.0
71,8,0,4,3232235832,1461.0,1.0,14.0,1.0
32,7,0,4,3232235817,890.0,1.0,15.0,1.0
32,6,0,4,3232235817,3175.0,8.0,15.0,1.0
32,0,0,4,3232235817,1253.0,5.0,15.0,1.0
32,8,0,4,3232235817,824.0,1.0,15.0,1.0
42,7,0,0,3232235798,1466.0,1.0,0.0,2.0
79,7,0,8,3232235880,1842.0,1.0,2.0,2.0
44,7,0,8,3232236004,1263.0,1.0,7.0,2.0
44,6,0,8,3232236004,2778.0,3.0,7.0,2.0
44,0,0,8,3232236004,5295.0,7.0,7.0,2.0
44,8,0,8,3232236004,1500.0,1.0,7.0,2.0
31,7,0,0,3232235865,649.0,1.0,9.0,2.0
31,6,0,0,3232235865,4927.0,7.0,9.0,2.0
31,0,0,0,3232235865,2839.0,95.0,9.0,2.0
57,7,0,4,3232235957,361.0,1.0,9.0,2.0
31,8,0,0,3232235865,1297.0,1.0,9.0,2.0
57,6,0,4,3232235957,3904.0,7.0,9.0,2.0
57,0,0,4,3232235957,2311.0,2.0,9.0,2.0
57,8,0,4,3232235957,1064.0,1.0,9.0,2.0
43,7,0,8,3232235853,1824.0,1.0,10.0,2.0
43,6,0,8,3232235853,5339.0,4.0,10.0,2.0
43,0,0,8,3232235853,4724.0,8.0,10.0,2.0
43,8,0,8,3232235853,596.0,1.0,10.0,2.0
55,7,0,4,3232235868,1836.0,1.0,12.0,2.0
55,6,0,4,3232235868,943.0,9.0,12.0,2.0
55,5,0,4,3232235868,3966.0,8.0,12.0,2.0
79,6,0,8,3232235880,5057.0,3.0,12.0,2.0
79,0,0,8,3232235880,720.0,2.0,12.0,2.0
55,2,0,4,3232235868,10359.0,1.0,12.0,2.0
55,9,0,4,3232235868,9232.0,6.0,12.0,2.0
79,8,0,8,3232235880,1484.0,1.0,12.0,2.0
55,8,0,4,3232235868,1006.0,1.0,12.0,2.0
68,7,0,4,3232235794,1405.0,1.0,12.0,2.0
68,6,0,4,3232235794,4998.0,1.0,12.0,2.0
68,0,0,4,3232235794,3167.0,3.0,12.0,2.0
68,8,0,4,3232235794,1226.0,1.0,12.0,2.0
8,7,0,1,3232235813,1129.0,1.0,12.0,2.0
8,6,0,1,3232235813,5251.0,3.0,12.0,2.0
8,0,0,1,3232235813,5778.0,5.0,12.0,2.0
8,8,0,1,3232235813,1347.0,1.0,12.0,2.0
42,6,0,0,3232235798,2881.0,2.0,13.0,2.0
84,7,0,7,3232235817,1690.0,126.0,13.0,2.0
42,0,0,0,2342738899,3759.0,5.0,13.0,2.0
84,1,0,2,3232235817,1288.0,4.0,13.0,2.0
42,8,0,0,3232235798,3.0,1.0,13.0,2.0
84,4,0,7,3232235817,5052.0,8.0,13.0,2.0
84,3,0,7,3232235817,1592.0,6.0,13.0,2.0
84,8,0,7,3232235817,1325.0,1.0,13.0,2.0
65,7,0,7,3232235836,1125.0,1.0,2.0,3.0
79,7,0,8,3232235880,960.0,1.0,3.0,3.0
48,7,0,1,3232235975,1460.0,1.0,3.0,3.0
58,7,0,7,3232235933,570.0,1.0,4.0,3.0
37,7,0,4,3232235932,1772.0,1.0,7.0,3.0
37,6,0,4,3232235932,2160.0,5.0,7.0,3.0
37,0,0,4,3232235932,699.0,5.0,7.0,3.0
37,8,0,4,3232235932,585.0,1.0,7.0,3.0
48,6,0,1,3232235975,3512.0,3.0,8.0,3.0
48,5,0,1,3232235975,2589.0,2.0,8.0,3.0
48,2,0,1,3232235975,10902.0,2.0,8.0,3.0
48,9,0,1,3232235975,4742.0,9.0,8.0,3.0
48,8,0,1,3232235975,205.0,1.0,8.0,3.0
41,7,0,7,3232236027,1890.0,1.0,9.0,3.0
41,6,0,7,3232236027,1806.0,9.0,9.0,3.0
41,0,0,7,3232236027,4571.0,4.0,9.0,3.0
41,8,0,7,3232236027,356.0,1.0,9.0,3.0
80,7,0,4,3232235834,585.0,1.0,10.0,3.0
80,6,0,5,3232235834,2328.0,3.0,10.0,3.0
80,0,0,4,3232235834,1406.0,1.0,10.0,3.0
80,8,0,4,3232235834,1166.0,1.0,10.0,3.0
76,7,0,8,3232235915,903.0,1.0,11.0,3.0
76,6,0,8,3232235915,3110.0,5.0,11.0,3.0
76,0,0,8,3232235915,1357.0,2.0,11.0,3.0
76,8,0,8,3232235915,900.0,1.0,11.0,3.0
84,7,0,7,3232235817,415.0,1.0,11.0,3.0
84,1,0,7,3232235817,1683.0,1.0,11.0,3.0
84,4,0,7,3232235817,9232.0,6.0,11.0,3.0
84,3,0,7,3232235817,1775.0,6.0,11.0,3.0
84,8,0,7,3232235817,985.0,1.0,11.0,3.0
22,7,0,7,3232235833,794.0,1.0,11.0,3.0
22,6,0,7,3232235833,5785.0,1.0,11.0,3.0
22,0,0,7,3232235833,1730.0,6.0,11.0,3.0
22,8,0,7,3232235833,835.0,1.0,11.0,3.0
19,7,0,8,3232235800,372.0,1.0,11.0,3.0
19,6,0,8,3232235800,5952.0,2.0,11.0,3.0
58,6,0,7,3232235933,1972.0,4.0,11.0,3.0
19,0,0,8,3232235800,3268.0,2.0,11.0,3.0
58,0,0,7,3232235933,3176.0,10.0,12.0,3.0
19,8,0,8,3232235800,623.0,1.0,12.0,3.0
58,8,0,7,3232235933,969.0,1.0,12.0,3.0
79,6,0,8,3232235880,1263.0,2.0,14.0,3.0
79,0,0,8,3232235880,710.0,7.0,14.0,3.0
79,8,0,8,3232235880,223.0,1.0,14.0,3.0
36,7,1,7,3232235869,674.0,1.0,14.0,3.0
36,6,0,7,3232235869,4643.0,5.0,14.0,3.0
36,0,0,7,3232235869,2105.0,1.0,14.0,3.0
36,8,0,7,3232235869,221.0,1.0,14.0,3.0
65,6,0,7,3232235836,4737.0,3.0,14.0,3.0
65,0,0,7,3232235836,4083.0,4.0,14.0,3.0
65,8,0,7,3232235836,403.0,1.0,14.0,3.0
66,7,0,7,3232235984,1114.0,1.0,7.0,4.0
66,6,0,7,3232235984,2358.0,4.0,7.0,4.0
66,0,0,7,3232235984,4386.0,4.0,7.0,4.0
66,8,0,7,3232235984,1256.0,1.0,7.0,4.0
45,7,0,4,3232235925,1707.0,1.0,8.0,4.0
45,6,0,4,3232235925,5615.0,6.0,8.0,4.0
45,0,0,4,3232235925,1771.0,2.0,8.0,4.0
45,8,0,4,3232235925,1239.0,1.0,8.0,4.0
52,7,0,7,3232235875,1675.0,1.0,10.0,4.0
52,6,0,7,3232235875,3420.0,3.0,10.0,4.0
52,0,0,7,3232235875,889.0,9.0,10.0,4.0
52,8,0,7,3232235875,1401.0,1.0,10.0,4.0
57,7,0,4,3232235957,1619.0,1.0,11.0,4.0
57,6,0,4,3232235957,2218.0,8.0,11.0,4.0
57,0,0,4,3232235957,5875.0,1.0,11.0,4.0
57,8,0,4,3232235957,945.0,1.0,11.0,4.0
22,7,0,7,3232235833,584.0,1.0,11.0,4.0
22,6,0,7,3232235833,4498.0,4.0,11.0,4.0
22,0,0,7,3232235833,1633.0,1.0,11.0,4.0
22,8,0,7,3232235833,968.0,1.0,11.0,4.0
33,7,0,1,3232236023,1730.0,1.0,11.0,4.0
33,6,0,1,3232236023,2802.0,1.0,11.0,4.0
33,0,0,1,3232236023,4909.0,8.0,11.0,4.0
33,8,0,1,3232236023,1248.0,1.0,11.0,4.0
67,7,1,4,3232235880,1472.0,1.0,13.0,4.0
67,6,0,2,3232235880,1867.0,2.0,13.0,4.0
67,0,0,4,3232235880,5600.0,4.0,13.0,4.0
67,8,0,4,3232235880,1223.0,1.0,13.0,4.0
26,7,0,8,762874197,1438.0,1.0,15.0,4.0
26,6,0,8,3232235885,878.0,10.0,15.0,4.0
26,0,0,8,3232235885,2.0,2.0,15.0,4.0
26,8,0,8,3232235885,1060.0,1.0,15.0,4.0
54,7,0,4,3232235819,1905.0,1.0,16.0,4.0
54,6,0,4,3232235819,4173.0,4.0,16.0,4.0
54,5,0,4,3232235819,5124.0,3.0,16.0,4.0
54,2,0,4,3232235819,11883.0,1.0,16.0,4.0
54,9,0,4,3232235819,7176.0,1.0,16.0,4.0
54,8,0,4,3232235819,762.0,1.0,16.0,4.0
48,7,0,1,3232235975,1755.0,1.0,16.0,4.0
48,6,0,1,3232235975,4285.0,10.0,16.0,4.0
48,5,0,1,3232235975,6267.0,10.0,16.0,4.0
48,2,0,1,3232235975,8531.0,6.0,16.0,4.0
48,9,0,1,3232235975,83646.0,6.0,16.0,4.0
48,8,0,1,3232235975,1122.0,1.0,16.0,4.0
28,7,0,8,3232235849,962.0,1.0,0.0,5.0
50,7,0,7,3232235996,1665.0,1.0,3.0,5.0
22,7,0,7,3232235833,1559.0,1.0,8.0,5.0
22,6,0,7,3232235833,5566.0,4.0,8.0,5.0
22,0,0,7,3232235833,645.0,8.0,8.0,5.0
22,8,0,7,3232235833,769.0,1.0,8.0,5.0
1,7,0,7,3232235784,711.0,1.0,8.0,5.0
1,1,0,7,3232235784,4380.0,1.0,8.0,5.0
1,4,0,3,3232235784,7071.0,6.0,8.0,5.0
1,3,0,7,3232235784,8725.0,9.0,8.0,5.0
1,8,0,7,3232235784,857.0,1.0,8.0,5.0
38,7,0,4,3232235984,811.0,126.0,9.0,5.0
38,6,0,4,3232235984,1091.0,7.0,9.0,5.0
38,0,0,4,3232235984,1589.0,4.0,9.0,5.0
38,8,0,4,3232235984,766.0,1.0,9.0,5.0
1,7,0,7,3232235784,1363.0,1.0,9.0,5.0
1,1,0,7,343659620,3746.0,1.0,9.0,5.0
1,4,0,7,3232235784,8247.0,4.0,9.0,5.0
1,3,0,7,3232235784,3527.0,7.0,9.0,5.0
1,8,0,7,3232235784,833.0,1.0,9.0,5.0
37,7,0,2,3232235932,1326.0,1.0,9.0,5.0
37,6,0,5,3232235932,709.0,4.0,9.0,5.0
37,0,0,4,3232235932,4353.0,6.0,9.0,5.0
37,8,0,4,3232235932,962.0,1.0,9.0,5.0
39,7,0,7,3232235964,1971.0,1.0,10.0,5.0
39,6,0,7,3232235964,4518.0,2.0,10.0,5.0
39,0,0,7,3232235964,5102.0,3.0,10.0,5.0
39,8,0,7,3232235964,1057.0,1.0,10.0,5.0
50,6,0,7,3232235996,4469.0,9.0,12.0,5.0
50,0,0,7,3232235996,2784.0,3.0,12.0,5.0
50,8,0,7,3232235996,1131.0,1.0,12.0,5.0
22,7,0,7,3232235833,765.0,1.0,12.0,5.0
22,6,0,7,3232235833,1711.0,5.0,12.0,5.0
22,0,0,7,3232235833,1947.0,7.0,12.0,5.0
22,8,0,7,3232235833,742.0,1.0,12.0,5.0
25,7,0,8,3232235828,1267.0,1.0,12.0,5.0
25,6,0,8,3232235828,2666.0,8.0,12.0,5.0
25,0,0,8,3232235828,3801.0,4.0,12.0,5.0
25,8,0,8,3232235828,1427.0,1.0,12.0,5.0
67,7,0,4,3232235880,565.0,1.0,14.0,5.0
67,6,0,4,3232235880,1285.0,2.0,14.0,5.0
67,0,0,4,3232235880,3438.0,1.0,14.0,5.0
67,8,0,4,3232235880,850.0,1.0,14.0,5.0
28,6,0,8,3232235849,5754.0,10.0,14.0,5.0
28,0,0,8,3232235849,3826.0,7.0,14.0,5.0
28,8,0,8,3232235849,824.0,1.0,14.0,5.0
76,7,0,8,3232235915,630.0,1.0,15.0,5.0
76,6,0,8,3232235915,1372.0,8.0,15.0,5.0
76,0,0,8,3232235915,1517.0,2.0,15.0,5.0
76,8,0,8,3232235915,10.0,1.0,15.0,5.0
70,7,0,8,3232236002,894.0,1.0,15.0,5.0
70,6,0,8,3232236002,5024.0,1.0,15.0,5.0
70,0,0,8,3232236002,1317.0,6.0,15.0,5.0
70,8,0,8,3232236002,394.0,1.0,15.0,5.0
41,7,1,7,3232236027,576.0,1.0,16.0,5.0
26,7,0,8,3232235885,403.0,1.0,16.0,5.0
41,6,0,7,3232236027,1689.0,10.0,16.0,5.0
26,6,0,8,3232235885,3464.0,2.0,16.0,5.0
41,0,0,7,3232236027,1794.0,6.0,16.0,5.0
26,0,0,8,3232235885,4789.0,7.0,16.0,5.0
41,8,0,7,3232236027,338.0,1.0,16.0,5.0
26,8,0,8,3232235885,483.0,1.0,16.0,5.0
23,7,0,1,3232235907,573.0,1.0,0.0,6.0
42,7,0,0,3232235798,460.0,1.0,7.0,6.0
42,6,0,0,3232235798,2339.0,10.0,7.0,6.0
42,0,0,0,3232235798,4624.0,10.0,7.0,6.0
42,8,0,0,3232235798,1490.0,1.0,7.0,6.0
64,7,0,4,3232235993,1907.0,1.0,10.0,6.0
64,6,0,4,3232235993,3436.0,9.0,10.0,6.0
64,0,0,4,3232235993,2959.0,3.0,10.0,6.0
64,8,0,4,3232235993,1343.0,1.0,10.0,6.0
48,7,0,1,3232235975,1940.0,1.0,12.0,6.0
48,6,0,1,3232235975,5838.0,5.0,12.0,6.0
48,5,0,1,3232235975,3233.0,10.0,12.0,6.0
48,2,0,1,3232235975,9007.0,10.0,12.0,6.0
48,9,0,1,3232235975,9899.0,3.0,12.0,6.0
68,7,0,4,3232235794,1828.0,1.0,12.0,6.0
48,8,0,1,3232235975,583.0,1.0,12.0,6.0
68,6,0,4,3232235794,3678.0,5.0,12.0,6.0
68,0,0,4,3232235794,3836.0,159.0,12.0,6.0
68,8,0,4,3232235794,899.0,1.0,12.0,6.0
29,7,0,7,3232235972,79.0,1.0,12.0,6.0
29,6,0,7,3232235972,920.0,10.0,12.0,6.0
29,0,0,7,3232235972,4435.0,3.0,12.0,6.0
29,8,0,7,3232235972,1273.0,1.0,12.0,6.0
47,7,1,7,3232235789,914.0,1.0,14.0,6.0
47,6,0,7,3232235789,3648.0,8.0,14.0,6.0
47,0,0,7,3232235789,2585.0,7.0,14.0,6.0
47,8,0,7,3232235789,561.0,1.0,14.0,6.0
24,7,1,8,3232235784,1592.0,1.0,15.0,6.0
24,6,0,8,3232235784,1627.0,5.0,15.0,6.0
24,0,0,8,3232235784,4832.0,9.0,15.0,6.0
24,8,0,8,3232235784,584.0,1.0,15.0,6.0
31,7,0,0,3232235865,542.0,1.0,16.0,6.0
31,6,0,0,3232235865,2756.0,4.0,16.0,6.0
31,0,0,0,3232235865,3972.0,6.0,16.0,6.0
31,8,0,0,3232235865,1325.0,1.0,16.0,6.0
23,6,0,1,3232235907,2451.0,6.0,16.0,6.0
23,0,0,1,3232235907,2712.0,2.0,16.0,6.0
23,8,0,1,3232235907,1016.0,1.0,16.0,6.0
36,7,0,7,3232235869,1738.0,1.0,5.0,0.0
66,7,0,2,3232235984,342.0,1.0,7.0,0.0
66,6,0,7,3232235984,2627.0,9.0,7.0,0.0
66,0,0,7,3232235984,2559.0,8.0,7.0,0.0
66,8,0,7,3232235984,1213.0,1.0,7.0,0.0
54,7,0,4,1118558757,1769.0,1.0,10.0,0.0
54,6,0,4,3232235819,5525.0,8.0,10.0,0.0
54,5,0,4,3232235819,5805.0,8.0,10.0,0.0
54,2,0,4,3232235819,5356.0,2.0,10.0,0.0
54,9,0,4,3232235819,8445.0,4.0,10.0,0.0
54,8,0,4,3232235819,1363.0,1.0,10.0,0.0
8,7,0,1,3232235813,568.0,1.0,10.0,0.0
8,6,0,1,3232235813,2967.0,7.0,10.0,0.0
8,0,0,1,3232235813,5880.0,6.0,10.0,0.0
8,8,0,1,3232235813,208.0,1.0,10.0,0.0
34,7,0,4,3232235804,1048.0,1.0,11.0,0.0
34,6,0,4,3232235804,3755.0,4.0,11.0,0.0
34,0,0,4,3232235804,3885.0,9.0,11.0,0.0
34,8,0,4,3232235804,1341.0,1.0,11.0,0.0
46,7,0,1,3232235958,1711.0,1.0,13.0,0.0
46,6,0,1,3232235958,3075.0,2.0,13.0,0.0
46,0,0,1,3232235958,1210.0,9.0,13.0,0.0
46,8,0,1,3232235958,408.0,1.0,13.0,0.0
81,7,0,1,3232235908,881.0,1.0,13.0,0.0
81,6,0,1,3232235908,3872.0,8.0,13.0,0.0
81,0,0,1,3232235908,1150.0,5.0,13.0,0.0
81,8,0,1,3232235908,993.0,1.0,13.0,0.0
36,6,0,7,3232235869,3341.0,5.0,14.0,0.0
36,0,0,7,3232235869,2199.0,6.0,14.0,0.0
36,8,0,7,3232235869,1231.0,1.0,14.0,0.0
68,7,1,4,3232235794,1879.0,1.0,15.0,0.0
68,6,0,4,3232235794,1641.0,2.0,15.0,0.0
68,0,0,4,3232235794,2392.0,1.0,15.0,0.0
68,8,0,4,3232235794,296.0,1.0,15.0,0.0
66,7,0,5,3232235984,1370.0,1.0,16.0,0.0
66,6,0,7,3232235984,4442.0,3.0,16.0,0.0
66,0,0,7,3232235984,3100.0,4.0,16.0,0.0
66,8,0,7,3232235984,316.0,1.0,16.0,0.0
36,7,0,7,3232235869,1081.0,1.0,16.0,0.0
36,6,0,7,3232235869,893.0,4.0,16.0,0.0
36,0,0,7,3232235869,1237.0,3.0,16.0,0.0
36,8,0,7,3232235869,389.0,1.0,16.0,0.0
8,7,0,1,3232235813,923.0,1.0,8.0,1.0
8,6,0,1,3232235813,4153.0,2.0,8.0,1.0
8,0,0,1,3232235813,5708.0,9.0,8.0,1.0
8,8,0,1,3232235813,616.0,98.0,8.0,1.0
78,7,0,8,3232235887,389.0,1.0,9.0,1.0
78,6,0,8,3232235887,3751.0,3.0,9.0,1.0
78,0,0,8,3232235887,3932.0,1.0,9.0,1.0
78,8,0,8,3232235887,262.0,1.0,9.0,1.0
32,7,1,4,3232235817,1606.0,1.0,11.0,1.0
32,6,0,4,3232235817,930.0,2.0,11.0,1.0
32,0,0,4,3232235817,3885.0,6.0,11.0,1.0
32,8,0,4,3232235817,1167.0,1.0,11.0,1.0
19,7,0,8,3232235800,1221.0,1.0,14.0,1.0
19,6,0,8,3232235800,1265.0,6.0,14.0,1.0
19,0,0,8,3232235800,2439.0,10.0,14.0,1.0
19,8,0,8,3232235800,443.0,1.0,14.0,1.0
49,7,0,4,3232236030,332.0,1.0,15.0,1.0
49,6,0,4,3232236030,5256.0,2.0,15.0,1.0
49,0,0,4,142172249,5468.0,9.0,15.0,1.0
49,8,0,4,2343842757,390.0,1.0,15.0,1.0
28,7,0,8,3232235849,895.0,1.0,0.0,2.0
18,7,0,7,3232235951,1905.0,1.0,1.0,2.0
62,7,0,4,3232236014,1966.0,1.0,9.0,2.0
62,6,0,4,3232236014,931.0,5.0,9.0,2.0
62,0,0,4,3232236014,5830.0,9.0,9.0,2.0
62,8,0,4,612812277,1395.0,1.0,9.0,2.0
50,7,0,7,3232235996,1560.0,1.0,12.0,2.0
71,7,0,4,3232235832,998.0,1.0,12.0,2.0
71,6,0,4,3232235832,5121.0,9.0,12.0,2.0
50,6,0,7,3232235996,2255.0,9.0,12.0,2.0
71,0,0,4,3232235832,4802.0,10.0,12.0,2.0
50,0,0,7,3232235996,636.0,4.0,12.0,2.0
71,8,0,4,3232235832,1240.0,1.0,12.0,2.0
50,8,0,7,3232235996,874.0,1.0,12.0,2.0
41,7,0,7,3232236027,922.0,1.0,12.0,2.0
41,6,0,7,3232236027,4521.0,5.0,12.0,2.0
41,0,0,7,3232236027,1237.0,3.0,12.0,2.0
41,8,0,7,3232236027,1095.0,1.0,12.0,2.0
28,6,0,8,3232235849,4762.0,10.0,12.0,2.0
28,0,0,8,3232235849,4793.0,6.0,12.0,2.0
28,8,0,8,3232235849,1088.0,1.0,12.0,2.0
77,7,0,4,3232235969,368.0,1.0,12.0,2.0
77,6,0,4,3232235969,981.0,4.0,12.0,2.0
77,0,0,4,3232235969,1184.0,6.0,12.0,2.0
77,8,0,4,3232235969,332.0,1.0,12.0,2.0
42,7,0,0,3232235798,1493.0,1.0,14.0,2.0
42,6,0,0,3232235798,9492.0,1.0,14.0,2.0
42,0,0,0,3232235798,5454.0,5.0,14.0,2.0
42,8,0,0,3232235798,885.0,1.0,14.0,2.0
26,7,0,8,3232235885,922.0,1.0,14.0,2.0
26,6,0,8,3232235885,3935.0,5.0,14.0,2.0
26,0,0,8,3232235885,5786.0,2.0,14.0,2.0
26,8,0,8,3232235885,1449.0,1.0,14.0,2.0
29,7,0,7,3232235972,376.0,1.0,15.0,2.0
29,6,0,7,3232235972,5866.0,5.0,15.0,2.0
60,7,0,1,3232235819,1065.0,1.0,15.0,2.0
29,0,0,7,3232235972,5296.0,4.0,15.0,2.0
60,6,0,1,3232235819,4208.0,1.0,15.0,2.0
29,8,0,7,3232235972,1313.0,1.0,15.0,2.0
60,0,0,1,3232235819,4642.0,9.0,15.0,2.0
60,8,0,1,3232235819,1090.0,1.0,16.0,2.0
18,6,0,7,3232235951,5782.0,6.0,16.0,2.0
18,0,0,7,3232235951,634.0,6.0,16.0,2.0
18,8,0,7,3232235951,332.0,1.0,16.0,2.0
64,7,0,4,3232235993,1883.0,1.0,3.0,3.0
82,7,0,0,3232235801,1770.0,1.0,11.0,3.0
82,6,0,0,3232235801,607.0,4.0,11.0,3.0
82,0,0,0,3232235801,5871.0,8.0,11.0,3.0
82,8,0,0,3232235801,363.0,1.0,11.0,3.0
76,7,0,8,3232235915,856.0,1.0,12.0,3.0
76,6,0,8,3232235915,918.0,3.0,12.0,3.0
76,0,0,8,3232235915,3634.0,4.0,12.0,3.0
76,8,0,8,3232235915,507.0,1.0,12.0,3.0
28,7,0,8,3232235849,801.0,1.0,13.0,3.0
28,6,0,8,3232235849,2183.0,2.0,13.0,3.0
28,0,0,8,3232235849,2059.0,5.0,13.0,3.0
28,8,0,8,3232235849,316.0,1.0,13.0,3.0
23,7,1,1,3232235907,1620.0,1.0,14.0,3.0
23,6,0,1,3232235907,3481.0,10.0,14.0,3.0
23,0,0,1,762779777,3352.0,6.0,14.0,3.0
23,8,0,1,3232235907,1354.0,95.0,14.0,3.0
61,7,1,0,3232235875,1466.0,1.0,14.0,3.0
61,6,0,0,3232235875,3588.0,1.0,14.0,3.0
61,0,0,0,3232235875,5371.0,4.0,14.0,3.0
61,8,0,0,3232235875,459.0,1.0,14.0,3.0
64,6,0,4,3232235993,1157.0,118.0,15.0,3.0
64,0,0,4,3232235993,2139.0,1.0,15.0,3.0
64,8,0,4,3232235993,978.0,118.0,15.0,3.0
65,7,0,7,3232235836,884.0,1.0,4.0,4.0
37,7,0,4,3232235932,696.0,1.0,4.0,4.0
76,7,1,8,3232235915,811.0,1.0,4.0,4.0
46,7,1,1,3232235958,1119.0,1.0,5.0,4.0
26,7,0,8,3232235885,660.0,1.0,7.0,4.0
26,6,0,8,3232235885,3811.0,8.0,7.0,4.0
26,0,0,8,3232235885,5457.0,2.0,7.0,4.0
26,8,0,8,3232235885,436.0,1.0,7.0,4.0
37,6,0,4,3232235932,1598.0,6.0,8.0,4.0
37,0,0,4,3232235932,1427.0,2.0,8.0,4.0
37,8,0,4,3232235932,485.0,1.0,8.0,4.0
45,7,0,4,3232235925,647.0,1.0,8.0,4.0
45,6,0,4,3232235925,4910.0,6.0,8.0,4.0
45,0,0,4,3232235925,806.0,8.0,8.0,4.0
45,8,0,4,3232235925,1065.0,1.0,8.0,4.0
38,7,0,4,3232235984,1283.0,1.0,10.0,4.0
38,6,0,4,3232235984,3626.0,7.0,10.0,4.0
38,0,0,4,3232235984,5276.0,7.0,10.0,4.0
38,8,0,4,3232235984,1428.0,1.0,10.0,4.0
80,7,1,4,3232235834,1805.0,1.0,11.0,4.0
80,6,0,4,3232235834,1653.0,6.0,11.0,4.0
80,0,0,4,3232235834,2914.0,8.0,11.0,4.0
80,8,0,4,3232235834,500.0,1.0,11.0,4.0
41,7,0,7,3232236027,339.0,1.0,11.0,4.0
41,6,0,7,3232236027,2341.0,1.0,11.0,4.0
41,0,0,7,3232236027,4782.0,7.0,11.0,4.0
41,8,0,7,3232236027,721.0,1.0,11.0,4.0
65,6,0,7,3232235836,3994.0,5.0,12.0,4.0
65,0,0,7,3232235836,3324.0,4.0,12.0,4.0
65,8,0,7,3232235836,1286.0,1.0,12.0,4.0
26,7,0,8,3232235885,824.0,1.0,13.0,4.0
26,6,0,8,3232235885,5635.0,6.0,13.0,4.0
26,0,0,6,3232235885,1651.0,3.0,13.0,4.0
26,8,0,8,3232235885,396.0,1.0,13.0,4.0
53,7,0,4,3232235894,1089.0,1.0,15.0,4.0
53,6,0,4,3232235894,3994.0,1.0,15.0,4.0
53,0,0,4,3232235894,2604.0,6.0,15.0,4.0
53,8,0,4,3232235894,267.0,1.0,15.0,4.0
76,6,0,8,3232235915,5470.0,10.0,15.0,4.0
76,0,0,3,3232235915,3572.0,1.0,15.0,4.0
76,8,0,8,3232235915,407.0,1.0,15.0,4.0
49,7,0,4,3232236030,1289.0,1.0,16.0,4.0
46,6,0,1,3232235958,1272.0,8.0,16.0,4.0
49,6,0,4,3232236030,5954.0,4.0,16.0,4.0
46,0,0,1,3232235958,4448.0,6.0,16.0,4.0
49,0,0,4,3232236030,682.0,7.0,16.0,4.0
49,8,0,4,3232236030,1164.0,1.0,16.0,4.0
46,8,0,1,3232235958,1345.0,1.0,16.0,4.0
48,7,0,1,3232235975,1059.0,1.0,7.0,5.0
48,6,0,1,3232235975,2885.0,5.0,7.0,5.0
48,5,0,1,3232235975,6364.0,3.0,7.0,5.0
48,2,0,1,2346645053,10800.0,5.0,7.0,5.0
48,9,0,1,3232235975,8787.0,8.0,7.0,5.0
48,8,0,1,3232235975,803.0,1.0,7.0,5.0
53,7,0,4,3232235894,1027.0,1.0,7.0,5.0
53,6,0,4,3232235894,1798.0,4.0,7.0,5.0
55,7,0,4,3232235868,1548.0,82.0,8.0,5.0
53,0,0,4,3232235894,4112.0,3.0,8.0,5.0
53,8,0,4,3232235894,723.0,1.0,8.0,5.0
55,6,0,4,3232235868,1906.0,6.0,8.0,5.0
55,5,0,4,3232235868,5227.0,2.0,8.0,5.0
55,2,0,4,3232235868,19945.0,1.0,8.0,5.0
55,9,0,4,3232235868,5365.0,7.0,8.0,5.0
55,8,0,4,3232235868,682.0,1.0,8.0,5.0
6,7,0,4,3232235840,1754.0,1.0,8.0,5.0
6,6,0,4,3232235840,4374.0,2.0,8.0,5.0
6,5,0,4,3232235840,2155.0,4.0,8.0,5.0
6,2,0,4,3232235840,11343.0,10.0,8.0,5.0
6,9,1,4,3232235840,80840.0,3.0,8.0,5.0
6,8,0,4,3232235840,1145.0,1.0,8.0,5.0
66,7,0,7,3232235984,1003.0,1.0,9.0,5.0
66,6,0,7,3232235984,5238.0,3.0,9.0,5.0
66,0,0,7,3232235984,3693.0,8.0,9.0,5.0
66,8,0,7,3232235984,1169.0,1.0,9.0,5.0
57,7,1,4,3232235957,454.0,1.0,9.0,5.0
57,6,0,4,3232235957,5936.0,9.0,9.0,5.0
57,0,0,4,3232235957,3303.0,9.0,9.0,5.0
57,8,0,4,3232235957,404.0,1.0,9.0,5.0
58,7,0,7,3232235933,1470.0,1.0,11.0,5.0
58,6,0,7,3232235933,4490.0,5.0,11.0,5.0
58,0,0,7,3232235933,1660.0,10.0,11.0,5.0
58,8,0,7,3232235933,761.0,1.0,11.0,5.0
22,7,1,7,3232235833,1748.0,1.0,16.0,5.0
22,6,0,7,3232235833,5310.0,3.0,16.0,5.0
22,0,0,7,3232235833,5921.0,3.0,16.0,5.0
22,8,0,7,3232235833,1257.0,1.0,16.0,5.0
39,7,0,7,3232235964,1936.0,1.0,6.0,6.0
79,7,1,8,3232235880,1898.0,1.0,7.0,6.0
79,6,0,8,3232235880,5592.0,6.0,7.0,6.0
79,0,0,8,3232235880,2941.0,8.0,7.0,6.0
79,8,0,8,3232235880,1072.0,1.0,7.0,6.0
36,7,1,7,3232235869,1648.0,1.0,8.0,6.0
36,6,0,7,3232235869,1248.0,2.0,8.0,6.0
36,0,0,7,3232235869,4369.0,4.0,8.0,6.0
36,8,0,7,3232235869,493.0,1.0,8.0,6.0
39,6,0,7,3232235964,33.0,7.0,9.0,6.0
39,0,0,7,3232235964,3965.0,1.0,9.0,6.0
39,8,0,7,3232235964,810.0,1.0,9.0,6.0
63,7,0,8,3232235834,1363.0,1.0,10.0,6.0
63,6,0,8,3232235834,3856.0,9.0,10.0,6.0
63,0,0,8,3232235834,4402.0,33.0,10.0,6.0
63,8,0,8,3232235834,1479.0,1.0,10.0,6.0
54,7,0,4,3232235819,1677.0,1.0,11.0,6.0
54,6,0,4,3232235819,1001.0,10.0,11.0,6.0
54,5,0,4,3232235819,1850.0,4.0,11.0,6.0
54,2,0,4,3232235819,3260.0,10.0,11.0,6.0
54,9,0,4,3232235819,6815.0,1.0,11.0,6.0
54,8,0,4,3232235819,1167.0,1.0,11.0,6.0
24,7,0,8,3232235784,425.0,1.0,13.0,6.0
24,6,0,8,3232235784,1629.0,4.0,13.0,6.0
33,7,0,1,3232236023,855.0,1.0,13.0,6.0
24,0,0,8,3232235784,3598.0,5.0,13.0,6.0
33,6,0,1,3232236023,2249.0,2.0,13.0,6.0
33,0,0,1,3232236023,5375.0,10.0,14.0,6.0
24,8,0,8,3232235784,827.0,1.0,14.0,6.0
33,8,0,1,3232236023,1180.0,1.0,14.0,6.0
57,7,1,4,3232235957,1132.0,1.0,14.0,6.0
57,6,0,4,3232235957,3321.0,6.0,14.0,6.0
57,0,0,4,3232235957,1869.0,6.0,14.0,6.0
57,8,0,4,3232235957,559.0,1.0,14.0,6.0
23,7,0,1,3232235907,1693.0,1.0,15.0,6.0
23,6,0,1,3232235907,4898.0,5.0,15.0,6.0
23,0,0,1,3232235907,28750.0,6.0,15.0,6.0
23,8,0,1,3232235907,428.0,1.0,15.0,6.0
74,7,0,4,3232235813,1073.0,1.0,7.0,0.0
74,6,0,4,3232235813,5715.0,6.0,7.0,0.0
74,0,0,4,3232235813,1226.0,6.0,7.0,0.0
74,8,0,4,3232235813,1256.0,1.0,7.0,0.0
77,7,0,4,3232235969,1283.0,1.0,9.0,0.0
77,6,0,4,3232235969,3867.0,7.0,9.0,0.0
77,0,0,4,3232235969,5669.0,6.0,9.0,0.0
77,8,0,4,3232235969,764.0,1.0,9.0,0.0
41,7,0,7,3232236027,1226.0,1.0,12.0,0.0
41,6,0,7,3232236027,4384.0,6.0,12.0,0.0
41,0,0,7,3232236027,1896.0,3.0,12.0,0.0
41,8,0,7,3232236027,934.0,1.0,12.0,0.0
58,7,0,7,3232235933,1546.0,1.0,12.0,0.0
58,6,0,7,3232235933,535.0,1.0,12.0,0.0
58,0,0,7,3232235933,1921.0,7.0,12.0,0.0
58,8,0,7,3232235933,1338.0,1.0,13.0,0.0
86,7,0,0,3232235930,1406.0,1.0,15.0,0.0
86,6,0,0,3232235930,1096.0,1.0,15.0,0.0
86,0,0,0,3232235930,2958.0,2.0,15.0,0.0
86,8,0,0,3232235930,1473.0,1.0,15.0,0.0
24,7,0,8,3232235784,1716.0,1.0,15.0,0.0
24,6,0,8,3232235784,4953.0,1.0,15.0,0.0
24,0,0,8,3232235784,3445.0,9.0,15.0,0.0
24,8,0,8,3232235784,1416.0,1.0,15.0,0.0
57,7,1,4,3232235957,1245.0,1.0,0.0,1.0
66,7,0,7,3232235984,1461.0,1.0,2.0,1.0
56,7,1,1,3232235949,829.0,1.0,8.0,1.0
56,6,0,1,3232235949,1520.0,9.0,8.0,1.0
56,0,0,1,1920372728,4784.0,4.0,8.0,1.0
56,8,0,1,3232235949,209.0,1.0,8.0,1.0
39,7,0,7,3232235964,1792.0,1.0,10.0,1.0
39,6,0,7,3232235964,3218.0,2.0,10.0,1.0
39,0,0,7,3232235964,1271.0,7.0,10.0,1.0
39,8,0,7,3232235964,1375.0,1.0,10.0,1.0
66,6,0,7,3232235984,615.0,9.0,11.0,1.0
66,0,0,7,3232235984,4064.0,8.0,11.0,1.0
66,8,0,7,3232235984,1212.0,1.0,11.0,1.0
37,7,0,4,3232235932,747.0,1.0,12.0,1.0
37,6,0,4,3232235932,5685.0,4.0,12.0,1.0
37,0,0,4,3232235932,5958.0,2.0,12.0,1.0
37,8,0,4,3232235932,611.0,1.0,12.0,1.0
57,6,0,4,3232235957,1364.0,7.0,12.0,1.0
57,0,0,4,1739699118,3992.0,3.0,12.0,1.0
57,8,0,4,3232235957,604.0,1.0,12.0,1.0
47,7,0,7,3232235789,659.0,1.0,12.0,1.0
47,6,0,7,3232235789,5958.0,8.0,12.0,1.0
47,0,0,7,3232235789,1053.0,6.0,12.0,1.0
47,8,0,7,3232235789,236.0,1.0,12.0,1.0
19,7,0,8,3232235800,1083.0,1.0,13.0,1.0
19,6,0,8,3232235800,2953.0,6.0,13.0,1.0
19,0,0,8,3232235800,695.0,6.0,13.0,1.0
19,8,0,8,3232235800,1197.0,1.0,13.0,1.0
62,7,1,4,3232236014,438.0,1.0,13.0,1.0
62,6,0,4,3232236014,1844.0,4.0,13.0,1.0
62,0,0,4,3232236014,2396.0,1.0,13.0,1.0
62,8,0,4,3232236014,569.0,1.0,13.0,1.0
49,7,0,4,3232236030,1787.0,1.0,14.0,1.0
49,6,0,4,3232236030,5239.0,8.0,14.0,1.0
49,0,0,4,3232236030,5944.0,1.0,14.0,1.0
49,8,0,4,3232236030,747.0,1.0,14.0,1.0
86,7,0,0,3232235930,499.0,1.0,15.0,1.0
86,6,0,0,3232235930,517.0,6.0,15.0,1.0
86,0,0,0,3232235930,3409.0,5.0,15.0,1.0
86,8,0,0,3232235930,1321.0,1.0,15.0,1.0
77,7,0,4,3232235969,1894.0,1.0,3.0,2.0
26,7,0,8,3232235885,410.0,1.0,6.0,2.0
76,7,0,8,3232235915,380.0,1.0,6.0,2.0
62,7,0,4,3232236014,344.0,1.0,7.0,2.0
62,6,0,4,3232236014,1078.0,8.0,7.0,2.0
62,0,0,4,3232236014,2603.0,2.0,7.0,2.0
62,8,0,4,3232236014,1494.0,1.0,7.0,2.0
74,7,0,4,349145145,1088.0,1.0,7.0,2.0
74,6,0,4,1917573451,2372.0,7.0,7.0,2.0
74,0,0,4,3232235813,5832.0,10.0,7.0,2.0
74,8,0,4,3232235813,6576.0,1.0,7.0,2.0
77,6,0,4,3232235969,3307.0,10.0,8.0,2.0
77,0,0,4,3232235969,3508.0,96.0,8.0,2.0
77,8,0,4,3232235969,1459.0,1.0,8.0,2.0
39,7,0,7,3232235964,1715.0,1.0,10.0,2.0
39,6,0,7,3232235964,3400.0,4.0,10.0,2.0
39,0,0,7,3232235964,1558.0,4.0,10.0,2.0
39,8,0,7,344857097,1066.0,1.0,10.0,2.0
76,6,0,8,3232235915,857.0,10.0,10.0,2.0
76,0,0,8,3232235915,855.0,1.0,11.0,2.0
76,8,0,8,3232235915,1066.0,1.0,11.0,2.0
30,7,0,1,3232235956,1484.0,45.0,11.0,2.0
30,6,0,1,3232235956,2835.0,4.0,11.0,2.0
30,0,0,6,3232235956,5209.0,5.0,11.0,2.0
30,8,0,1,3232235956,1039.0,1.0,11.0,2.0
26,6,0,8,3232235885,5324.0,3.0,12.0,2.0
26,0,0,8,3232235885,2345.0,10.0,12.0,2.0
26,8,0,8,3232235885,925.0,1.0,12.0,2.0
25,7,0,8,3232235828,1006.0,1.0,12.0,2.0
25,6,0,8,3232235828,5286.0,9.0,12.0,2.0
25,0,0,8,3232235828,3373.0,2.0,12.0,2.0
25,8,0,8,3232235828,982.0,1.0,12.0,2.0
56,7,0,1,3232235949,1646.0,1.0,13.0,2.0
81,7,0,1,3232235908,1163.0,1.0,13.0,2.0
81,6,0,1,3232235908,5726.0,2.0,13.0,2.0
56,6,0,1,3232235949,2832.0,1.0,13.0,2.0
56,0,0,1,3232235949,3323.0,7.0,13.0,2.0
81,0,0,1,3232235908,2795.0,5.0,13.0,2.0
56,8,0,1,3232235949,2205.0,1.0,13.0,2.0
81,8,0,1,3232235908,715.0,1.0,13.0,2.0
1,7,0,7,3232235784,1730.0,1.0,14.0,2.0
1,1,0,7,3232235784,2557.0,4.0,14.0,2.0
1,4,0,7,3232235784,35574.0,9.0,14.0,2.0
1,3,0,7,3232235784,1445.0,2.0,14.0,2.0
1,8,0,7,3232235784,513.0,1.0,15.0,2.0
39,7,1,7,3232235964,602.0,1.0,16.0,2.0
39,6,0,7,3232235964,3528.0,7.0,16.0,2.0
39,0,0,7,3232235964,3554.0,1.0,16.0,2.0
39,8,0,7,3232235964,782.0,1.0,16.0,2.0
66,7,0,7,3232235984,1306.0,1.0,0.0,3.0
76,7,0,8,3232235915,1376.0,1.0,3.0,3.0
32,7,0,4,3232235817,1522.0,1.0,3.0,3.0
66,6,0,7,3232235984,22.0,3.0,7.0,3.0
66,0,0,7,3232235984,1652.0,4.0,7.0,3.0
66,8,0,7,3232235984,734.0,1.0,7.0,3.0
31,7,0,0,3232235865,524.0,1.0,7.0,3.0
31,6,0,0,3232235865,4117.0,6.0,7.0,3.0
31,0,0,0,3232235865,5410.0,4.0,7.0,3.0
31,8,0,0,3232235865,1361.0,1.0,7.0,3.0
18,7,0,7,3232235951,532.0,1.0,8.0,3.0
18,6,0,7,3232235951,2048.0,7.0,8.0,3.0
18,0,0,7,3232235951,2626.0,1.0,8.0,3.0
18,8,0,7,3232235951,692.0,1.0,8.0,3.0
27,7,1,1,3232235892,6912.0,1.0,10.0,3.0
27,6,0,1,3232235892,4759.0,4.0,10.0,3.0
27,0,0,1,3232235892,4738.0,6.0,10.0,3.0
27,8,0,6,3232235892,1368.0,1.0,10.0,3.0
82,7,0,0,3232235801,1195.0,1.0,10.0,3.0
82,6,0,0,3232235801,31598.0,5.0,10.0,3.0
82,0,0,0,3232235801,1485.0,9.0,10.0,3.0
82,8,0,0,3232235801,1091.0,1.0,10.0,3.0
83,7,0,7,3232235998,1252.0,1.0,11.0,3.0
83,6,0,7,3232235998,5204.0,1.0,11.0,3.0
61,7,0,0,3232235875,1995.0,1.0,11.0,3.0
83,0,0,7,3232235998,4270.0,10.0,11.0,3.0
61,6,0,0,3232235875,4904.0,4.0,11.0,3.0
61,0,0,0,3232235875,3839.0,10.0,11.0,3.0
83,8,0,7,3232235998,1096.0,1.0,11.0,3.0
61,8,0,0,3232235875,482.0,1.0,11.0,3.0
76,6,0,5,3232235915,1562.0,10.0,12.0,3.0
76,0,0,8,3232235915,5109.0,8.0,12.0,3.0
76,8,0,8,3232235915,1264.0,1.0,12.0,3.0
32,6,0,4,3232235817,749.0,4.0,16.0,3.0
32,0,0,4,3232235817,2208.0,5.0,16.0,3.0
32,8,0,4,3232235817,561.0,1.0,16.0,3.0
67,7,0,4,3232235880,662.0,1.0,1.0,4.0
79,7,0,8,3232235880,988.0,1.0,6.0,4.0
57,7,0,4,3232235957,1121.0,1.0,7.0,4.0
57,6,0,4,3232235957,5063.0,8.0,7.0,4.0
57,0,0,4,3232235957,1574.0,4.0,7.0,4.0
57,8,0,4,3232235957,317.0,1.0,7.0,4.0
8,7,0,1,3232235813,1431.0,1.0,7.0,4.0
8,6,0,1,3232235813,3033.0,6.0,7.0,4.0
8,0,0,1,3232235813,1499.0,9.0,7.0,4.0
8,8,0,1,3232235813,684.0,1.0,7.0,4.0
76,7,0,8,3232235915,1972.0,1.0,7.0,4.0
76,6,0,8,3232235915,1131.0,10.0,7.0,4.0
76,0,0,8,3232235915,976.0,10.0,7.0,4.0
76,8,0,8,3232235915,840.0,1.0,7.0,4.0
79,7,1,8,3232235880,1371.0,1.0,7.0,4.0
79,6,0,8,3232235880,5344.0,4.0,7.0,4.0
79,0,0,8,3232235880,1944.0,1.0,7.0,4.0
79,8,0,8,3232235880,885.0,1.0,8.0,4.0
67,6,0,4,3232235880,2473.0,5.0,10.0,4.0
67,0,0,4,3232235880,5726.0,5.0,10.0,4.0
67,8,0,4,3232235880,1081.0,1.0,10.0,4.0
24,7,0,8,3232235784,1331.0,1.0,10.0,4.0
24,6,0,8,3232235784,1826.0,4.0,10.0,4.0
24,0,0,8,3232235784,941.0,7.0,10.0,4.0
24,8,0,8,3232235784,884.0,1.0,10.0,4.0
36,7,0,7,3232235869,902.0,1.0,10.0,4.0
36,6,0,7,3232235869,1074.0,3.0,10.0,4.0
36,0,0,7,3232235869,1194.0,4.0,10.0,4.0
36,8,0,7,3232235869,762.0,1.0,10.0,4.0
32,7,0,4,3232235817,358.0,1.0,11.0,4.0
32,6,0,4,3232235817,3822.0,8.0,11.0,4.0
79,6,0,8,3232235880,2764.0,4.0,11.0,4.0
32,0,0,4,3232235817,3999.0,8.0,11.0,4.0
79,0,0,8,3232235880,4355.0,8.0,11.0,4.0
32,8,0,4,3232235817,401.0,1.0,11.0,4.0
79,8,0,8,338116066,1409.0,1.0,11.0,4.0
63,7,0,8,3232235834,1184.0,1.0,11.0,4.0
63,6,0,8,3232235834,1714.0,1.0,11.0,4.0
63,0,0,8,3232235834,1282.0,1.0,11.0,4.0
63,8,0,8,3232235834,1327.0,1.0,11.0,4.0
59,7,1,1,3232235914,1463.0,1.0,11.0,4.0
59,6,0,1,3232235914,4616.0,3.0,11.0,4.0
59,0,0,1,3232235914,5471.0,5.0,11.0,4.0
59,8,0,1,3232235914,1302.0,1.0,11.0,4.0
70,7,1,8,3232236002,1346.0,1.0,12.0,4.0
70,6,0,8,3232236002,1890.0,2.0,12.0,4.0
70,0,0,8,3232236002,2824.0,9.0,12.0,4.0
70,8,0,8,3232236002,1496.0,1.0,12.0,4.0
66,7,1,7,3232235984,470.0,1.0,13.0,4.0
66,6,0,7,3232235984,4068.0,7.0,13.0,4.0
66,0,0,7,3232235984,2626.0,4.0,13.0,4.0
66,8,0,7,3232235984,272.0,1.0,13.0,4.0
55,7,0,4,3232235868,1843.0,1.0,16.0,4.0
69,7,0,1,3232236011,885.0,1.0,16.0,4.0
55,6,0,5,3232235868,4661.0,4.0,16.0,4.0
69,6,0,1,3232236011,1608.0,8.0,16.0,4.0
55,5,0,4,3232235868,2132.0,8.0,16.0,4.0
69,0,0,1,3232236011,2535.0,10.0,16.0,4.0
69,8,0,1,3232236011,1341.0,1.0,16.0,4.0
55,2,1,4,3232235868,106760.0,9.0,16.0,4.0
55,9,0,4,3232235868,2770.0,5.0,16.0,4.0
55,8,0,4,3232235868,1206.0,1.0,16.0,4.0
64,7,0,4,3232235993,448.0,1.0,1.0,5.0
66,7,0,7,3232235984,400.0,1.0,5.0,5.0
74,7,0,4,3232235813,1012.0,1.0,6.0,5.0
64,6,0,4,3232235993,2243.0,2.0,8.0,5.0
64,0,0,4,3232235993,1937.0,4.0,8.0,5.0
64,8,0,4,3232235993,720.0,1.0,8.0,5.0
81,7,0,1,3232235908,1062.0,1.0,9.0,5.0
81,6,0,1,3232235908,4434.0,8.0,9.0,5.0
81,0,0,1,3232235908,503.0,8.0,9.0,5.0
81,8,0,1,3232235908,933.0,1.0,9.0,5.0
27,7,0,1,3232235892,60.0,1.0,10.0,5.0
27,6,0,1,3232235892,535.0,6.0,10.0,5.0
27,0,0,1,3232235892,5132.0,2.0,10.0,5.0
27,8,0,1,3232235892,1088.0,1.0,10.0,5.0
56,7,0,1,3232235949,415.0,1.0,10.0,5.0
56,6,0,1,3232235949,2782.0,9.0,10.0,5.0
56,0,0,1,3232235949,1926.0,45.0,10.0,5.0
56,8,0,1,3232235949,1087.0,1.0,11.0,5.0
86,7,0,0,3232235930,988.0,1.0,12.0,5.0
86,6,0,0,3232235930,5747.0,6.0,12.0,5.0
86,0,0,0,3232235930,2768.0,5.0,12.0,5.0
86,8,0,0,3232235930,811.0,1.0,12.0,5.0
6,7,0,4,3232235840,816.0,1.0,12.0,5.0
6,6,0,4,3232235840,4323.0,5.0,12.0,5.0
6,5,0,4,3232235840,6047.0,9.0,12.0,5.0
6,2,0,4,3232235840,11717.0,7.0,12.0,5.0
6,9,0,4,3232235840,2676.0,39.0,12.0,5.0
6,8,0,4,3232235840,1247.0,1.0,12.0,5.0
74,6,0,4,3232235813,5898.0,1.0,14.0,5.0
74,0,0,4,3232235813,1359.0,8.0,14.0,5.0
74,8,0,4,3232235813,272.0,1.0,14.0,5.0
66,6,0,7,3232235984,2700.0,6.0,14.0,5.0
66,0,0,7,3232235984,665.0,6.0,14.0,5.0
66,8,0,7,3232235984,820.0,1.0,14.0,5.0
33,7,0,1,3232236023,349.0,1.0,0.0,6.0
70,7,0,8,3232236002,1237.0,1.0,3.0,6.0
44,7,0,8,3232236004,574.0,1.0,5.0,6.0
44,6,0,8,3232236004,2699.0,5.0,7.0,6.0
44,0,0,8,3232236004,1043.0,1.0,7.0,6.0
44,8,0,8,3232236004,315.0,1.0,7.0,6.0
52,7,0,7,3232235875,845.0,1.0,9.0,6.0
52,6,0,7,3232235875,2651.0,4.0,9.0,6.0
52,0,0,7,3232235875,5761.0,6.0,9.0,6.0
52,8,0,7,3232235875,302.0,1.0,9.0,6.0
33,6,0,1,3232236023,2508.0,9.0,9.0,6.0
33,0,0,1,3232236023,4067.0,7.0,9.0,6.0
33,8,0,1,3232236023,1078.0,1.0,9.0,6.0
25,7,0,8,3232235828,835.0,114.0,10.0,6.0
25,6,0,8,3232235828,3621.0,6.0,10.0,6.0
25,0,0,8,3232235828,1567.0,8.0,10.0,6.0
25,8,0,8,3232235828,542.0,1.0,10.0,6.0
19,7,0,8,3232235800,1890.0,51.0,10.0,6.0
19,6,0,8,3232235800,3192.0,2.0,10.0,6.0
35,7,0,7,3232235875,490.0,1.0,10.0,6.0
19,0,0,8,3232235800,3928.0,7.0,10.0,6.0
35,6,0,7,3232235875,3144.0,6.0,10.0,6.0
19,8,0,8,3232235800,1240.0,1.0,10.0,6.0
35,0,0,7,3232235875,3604.0,2.0,10.0,6.0
35,8,0,7,3232235875,1075.0,1.0,10.0,6.0
63,7,0,8,3232235834,1878.0,1.0,10.0,6.0
63,6,0,8,3232235834,19420.0,8.0,10.0,6.0
63,0,0,8,3232235834,3234.0,7.0,10.0,6.0
63,8,0,8,3232235834,810.0,1.0,10.0,6.0
78,7,0,8,3232235887,349.0,1.0,11.0,6.0
78,6,0,8,3232235887,5623.0,2.0,11.0,6.0
78,0,0,8,3232235887,2198.0,10.0,11.0,6.0
78,8,0,8,3232235887,1049.0,1.0,11.0,6.0
70,6,0,8,3232236002,5677.0,6.0,15.0,6.0
70,0,0,8,3232236002,2709.0,4.0,15.0,6.0
70,8,0,2,3232236002,887.0,1.0,15.0,6.0
81,7,0,1,3232235908,1145.0,1.0,5.0,0.0
56,7,0,1,3232235949,1078.0,1.0,7.0,0.0
56,6,0,1,3232235949,4129.0,2.0,7.0,0.0
56,0,0,1,3232235949,3994.0,9.0,7.0,0.0
56,8,0,1,3232235949,1396.0,1.0,7.0,0.0
43,7,0,8,3232235853,765.0,1.0,7.0,0.0
43,6,0,8,3232235853,1208.0,7.0,7.0,0.0
43,0,0,8,3232235853,4718.0,6.0,7.0,0.0
43,8,0,8,3232235853,500.0,1.0,7.0,0.0
73,7,0,0,3232235814,1522.0,1.0,7.0,0.0
73,6,0,0,3232235814,5203.0,2.0,8.0,0.0
73,0,0,0,3232235814,713.0,4.0,8.0,0.0
73,8,0,0,3232235814,560.0,1.0,8.0,0.0
41,7,1,7,3232236027,1284.0,1.0,8.0,0.0
41,6,0,7,3232236027,24860.0,7.0,8.0,0.0
41,0,0,7,3232236027,1806.0,7.0,8.0,0.0
41,8,0,7,3232236027,1000.0,1.0,8.0,0.0
49,7,0,4,3232236030,1035.0,1.0,11.0,0.0
49,6,0,4,3232236030,4404.0,3.0,11.0,0.0
49,0,0,4,3232236030,4615.0,10.0,11.0,0.0
49,8,0,4,3232236030,1160.0,1.0,11.0,0.0
45,7,0,4,3232235925,613.0,1.0,11.0,0.0
45,6,0,4,3232235925,4894.0,6.0,11.0,0.0
45,0,0,4,3232235925,16331.0,3.0,11.0,0.0
45,8,0,4,3232235925,787.0,1.0,11.0,0.0
81,6,0,1,3232235908,1060.0,3.0,11.0,0.0
81,0,0,1,3232235908,1619.0,5.0,12.0,0.0
81,8,0,1,3232235908,426.0,1.0,12.0,0.0
40,7,0,0,3232235915,572.0,1.0,12.0,0.0
40,6,0,0,3232235915,3706.0,4.0,12.0,0.0
40,0,0,0,3232235915,2093.0,9.0,12.0,0.0
40,8,0,0,3232235915,1372.0,1.0,12.0,0.0
52,7,0,7,3232235875,942.0,1.0,13.0,0.0
52,6,0,7,3232235875,3323.0,8.0,13.0,0.0
52,0,0,7,3232235875,843.0,3.0,13.0,0.0
52,8,0,7,3232235875,275.0,1.0,13.0,0.0
58,7,0,7,3232235933,1628.0,1.0,13.0,0.0
58,6,0,7,3232235933,5654.0,7.0,13.0,0.0
58,0,0,7,3232235933,1597.0,10.0,13.0,0.0
58,8,0,7,3232235933,1493.0,1.0,13.0,0.0
46,7,1,1,3232235958,1567.0,1.0,14.0,0.0
46,6,0,1,3232235958,1642.0,2.0,14.0,0.0
46,0,0,1,3232235958,5068.0,10.0,14.0,0.0
46,8,0,1,3232235958,2275.0,1.0,14.0,0.0
84,7,0,7,3232235817,1602.0,1.0,14.0,0.0
84,1,0,7,3232235817,2013.0,2.0,15.0,0.0
84,4,0,7,3232235817,4943.0,3.0,15.0,0.0
84,3,0,7,3232235817,9380.0,9.0,15.0,0.0
84,8,0,7,3232235817,610.0,1.0,15.0,0.0
44,7,1,8,3232236004,837.0,1.0,3.0,1.0
44,7,0,8,3232236004,915.0,1.0,4.0,1.0
68,7,0,4,3232235794,1524.0,1.0,7.0,1.0
68,6,0,4,3232235794,94.0,9.0,7.0,1.0
68,0,0,4,3232235794,4331.0,10.0,7.0,1.0
68,8,0,4,3232235794,543.0,1.0,7.0,1.0
50,7,0,7,3232235996,1152.0,1.0,7.0,1.0
50,6,0,7,3232235996,3173.0,3.0,7.0,1.0
50,0,0,7,3232235996,4380.0,7.0,7.0,1.0
50,8,0,7,3232235996,1452.0,1.0,7.0,1.0
65,7,0,7,3232235836,1265.0,1.0,7.0,1.0
65,6,0,7,3232235836,1988.0,8.0,7.0,1.0
65,0,0,7,3232235836,730.0,3.0,7.0,1.0
65,8,0,7,3232235836,1315.0,1.0,7.0,1.0
69,7,0,1,3232236011,1979.0,1.0,8.0,1.0
69,6,0,1,3232236011,1783.0,2.0,8.0,1.0
69,0,0,1,3232236011,5363.0,9.0,8.0,1.0
69,8,0,1,3232236011,704.0,1.0,8.0,1.0
84,7,0,7,3232235817,749.0,1.0,8.0,1.0
84,1,0,7,3232235817,1668.0,2.0,8.0,1.0
84,4,0,7,3232235817,2346.0,2.0,8.0,1.0
84,3,0,2,3232235817,7616.0,5.0,8.0,1.0
84,8,0,7,3232235817,1459.0,1.0,8.0,1.0
78,7,0,8,3232235887,1282.0,1.0,11.0,1.0
78,6,0,8,3232235887,4117.0,2.0,11.0,1.0
78,0,0,8,3232235887,2695.0,9.0,11.0,1.0
78,8,0,8,3232235887,245.0,1.0,11.0,1.0
44,6,0,8,3232236004,1593.0,3.0,11.0,1.0
44,0,0,8,3232236004,3386.0,6.0,11.0,1.0
44,8,0,8,3232236004,1159.0,197.0,11.0,1.0
35,7,0,7,3232235875,1132.0,1.0,11.0,1.0
35,6,0,7,3232235875,2482.0,8.0,11.0,1.0
35,0,0,7,3232235875,59.0,3.0,11.0,1.0
35,8,0,7,3232235875,555.0,1.0,11.0,1.0
44,6,0,8,3232236004,535.0,7.0,12.0,1.0
44,0,0,8,3232236004,638.0,4.0,12.0,1.0
44,8,0,8,3232236004,543.0,1.0,12.0,1.0
49,7,0,4,3232236030,894.0,1.0,13.0,1.0
49,6,0,4,3232236030,5529.0,6.0,13.0,1.0
49,0,0,4,3232236030,4754.0,10.0,13.0,1.0
49,8,0,4,3232236030,714.0,1.0,13.0,1.0
24,7,1,8,3232235784,1904.0,1.0,14.0,1.0
24,6,0,8,3232235784,4519.0,4.0,14.0,1.0
24,0,0,8,770379295,3414.0,9.0,14.0,1.0
24,8,0,8,3232235784,968.0,1.0,14.0,1.0
24,7,0,8,3232235784,790.0,1.0,15.0,1.0
24,6,0,8,3232235784,1627.0,8.0,15.0,1.0
24,0,0,8,3232235784,3995.0,3.0,15.0,1.0
24,8,0,8,3232235784,905.0,1.0,15.0,1.0
52,7,0,7,3232235875,435.0,1.0,16.0,1.0
52,6,0,7,3232235875,5710.0,5.0,16.0,1.0
52,0,0,7,3232235875,1574.0,2.0,16.0,1.0
52,8,0,7,3232235875,463.0,1.0,16.0,1.0
86,7,1,0,3232235930,679.0,1.0,8.0,2.0
86,6,0,0,3232235930,1701.0,8.0,8.0,2.0
86,0,0,0,3232235930,3622.0,3.0,8.0,2.0
86,8,0,0,3232235930,512.0,1.0,8.0,2.0
51,7,0,1,3232235999,1319.0,1.0,9.0,2.0
51,6,0,1,3232235999,1438.0,7.0,9.0,2.0
51,0,0,1,3232235999,5339.0,4.0,9.0,2.0
33,7,1,1,3232236023,1163.0,1.0,9.0,2.0
51,8,0,1,3232235999,718.0,1.0,9.0,2.0
33,6,0,1,3232236023,4982.0,5.0,9.0,2.0
33,0,0,1,3232236023,3976.0,81.0,9.0,2.0
33,8,0,1,3232236023,227.0,1.0,9.0,2.0
46,7,0,1,2345690262,806.0,1.0,10.0,2.0
46,6,0,1,3232235958,5656.0,5.0,10.0,2.0
46,0,0,1,3232235958,1535.0,9.0,10.0,2.0
41,7,0,7,3232236027,515.0,1.0,10.0,2.0
46,8,0,1,3232235958,1396.0,1.0,10.0,2.0
41,6,0,7,3232236027,3167.0,1.0,10.0,2.0
41,0,0,7,3232236027,5675.0,5.0,10.0,2.0
41,8,0,7,3232236027,1221.0,1.0,10.0,2.0
81,7,0,1,3232235908,1609.0,1.0,11.0,2.0
81,6,0,1,3232235908,701.0,7.0,11.0,2.0
81,0,0,1,3232235908,4438.0,4.0,11.0,2.0
81,8,0,1,3232235908,650.0,1.0,11.0,2.0
81,7,0,1,3232235908,1736.0,1.0,11.0,2.0
37,7,0,4,3232235932,318.0,1.0,11.0,2.0
81,6,0,1,1736448719,1270.0,7.0,11.0,2.0
37,6,0,4,3232235932,5326.0,3.0,11.0,2.0
1,7,1,7,3232235784,484.0,1.0,11.0,2.0
81,0,0,1,3232235908,4299.0,7.0,11.0,2.0
1,1,0,7,3232235784,4845.0,5.0,11.0,2.0
37,0,0,4,3232235932,653.0,6.0,11.0,2.0
81,8,0,1,3232235908,495.0,1.0,11.0,2.0
1,4,0,7,3232235784,3292.0,6.0,11.0,2.0
37,8,0,4,3232235932,704.0,1.0,11.0,2.0
1,3,0,7,3232235784,85.0,5.0,11.0,2.0
1,8,0,7,3232235784,1450.0,1.0,11.0,2.0
22,7,1,7,3232235833,1224.0,1.0,13.0,2.0
22,6,0,7,3232235833,3966.0,5.0,13.0,2.0
22,0,0,7,3232235833,5602.0,2.0,13.0,2.0
22,8,0,7,3232235833,959.0,1.0,13.0,2.0
27,7,0,1,3232235892,1208.0,1.0,14.0,2.0
27,6,0,1,3232235892,2434.0,6.0,14.0,2.0
27,0,0,1,3232235892,1313.0,6.0,14.0,2.0
27,8,0,1,3232235892,1315.0,1.0,14.0,2.0
64,7,0,4,3232235993,1591.0,1.0,14.0,2.0
64,6,0,4,3232235993,1667.0,2.0,14.0,2.0
64,0,0,4,3232235993,667.0,1.0,14.0,2.0
64,8,0,4,3232235993,288.0,1.0,14.0,2.0
19,7,0,3,3232235800,766.0,1.0,16.0,2.0
19,6,0,8,3232235800,1919.0,4.0,16.0,2.0
19,0,0,8,3232235800,2797.0,4.0,16.0,2.0
19,8,0,8,3232235800,1287.0,1.0,16.0,2.0
45,7,0,4,3232235925,347.0,1.0,2.0,3.0
85,7,0,1,3232235980,929.0,1.0,6.0,3.0
54,7,0,4,3232235819,1182.0,1.0,7.0,3.0
54,6,0,4,3232235819,3090.0,4.0,7.0,3.0
54,5,0,4,3232235819,6025.0,9.0,7.0,3.0
54,2,0,4,3232235819,6212.0,8.0,7.0,3.0
54,9,0,4,3232235819,7655.0,7.0,7.0,3.0
54,8,0,4,3232235819,1438.0,1.0,7.0,3.0
21,7,0,7,3232235785,1168.0,1.0,7.0,3.0
21,6,0,7,3232235785,5473.0,8.0,7.0,3.0
21,0,0,7,3232235785,3892.0,5.0,7.0,3.0
21,8,0,7,3232235785,75.0,1.0,7.0,3.0
19,7,0,8,3232235800,1434.0,1.0,8.0,3.0
19,6,0,8,3232235800,1337.0,7.0,8.0,3.0
19,0,0,8,3232235800,934.0,9.0,8.0,3.0
19,8,0,8,3232235800,572.0,1.0,8.0,3.0
81,7,0,1,3232235908,512.0,1.0,10.0,3.0
81,6,0,1,3232235908,548.0,7.0,10.0,3.0
81,0,0,1,3232235908,528.0,10.0,10.0,3.0
81,8,0,1,3232235908,319.0,1.0,10.0,3.0
45,6,0,4,3232235925,2301.0,3.0,11.0,3.0
45,0,0,4,3232235925,3639.0,4.0,11.0,3.0
45,8,0,4,3232235925,1309.0,1.0,11.0,3.0
80,7,0,4,3232235834,974.0,1.0,12.0,3.0
80,6,0,4,3232235834,5932.0,6.0,12.0,3.0
80,0,0,4,3232235834,2353.0,1.0,12.0,3.0
80,8,0,4,3232235834,1376.0,1.0,12.0,3.0
50,7,0,7,3232235996,904.0,1.0,12.0,3.0
50,6,0,7,3232235996,1365.0,8.0,12.0,3.0
50,0,0,7,3232235996,3506.0,8.0,12.0,3.0
50,8,0,7,3232235996,1300.0,1.0,12.0,3.0
85,6,0,1,3232235980,3717.0,1.0,14.0,3.0
85,5,0,1,3232235980,4482.0,6.0,14.0,3.0
85,2,0,1,3232235980,2841.0,3.0,14.0,3.0
85,9,0,1,3232235980,2426.0,1.0,14.0,3.0
85,8,0,1,3232235980,381.0,1.0,14.0,3.0
63,7,0,8,3232235834,321.0,1.0,14.0,3.0
63,6,0,8,3232235834,3645.0,8.0,14.0,3.0
63,0,0,8,3232235834,4007.0,10.0,14.0,3.0
63,8,0,8,3232235834,1468.0,1.0,14.0,3.0
70,7,0,8,3232236002,1560.0,1.0,16.0,3.0
70,6,0,8,3232236002,4495.0,8.0,16.0,3.0
70,0,0,8,3232236002,4462.0,3.0,16.0,3.0
70,8,0,8,3232236002,1103.0,1.0,16.0,3.0
70,7,0,8,3232236002,670.0,1.0,16.0,3.0
70,6,0,8,3232236002,4157.0,8.0,16.0,3.0
70,0,0,8,3232236002,2047.0,4.0,16.0,3.0
70,8,0,8,3232236002,1357.0,1.0,16.0,3.0
50,7,0,7,3232235996,1131.0,1.0,5.0,4.0
40,7,0,0,3232235915,656.0,1.0,7.0,4.0
40,6,0,0,3232235915,3191.0,4.0,7.0,4.0
40,0,0,0,3232235915,1558.0,8.0,7.0,4.0
40,8,0,0,3232235915,1172.0,1.0,7.0,4.0
44,7,0,8,3232236004,1422.0,1.0,7.0,4.0
44,6,0,8,3232236004,3967.0,3.0,7.0,4.0
44,0,0,8,3232236004,2435.0,1.0,8.0,4.0
58,7,1,7,3232235933,649.0,1.0,8.0,4.0
44,8,0,8,3232236004,600.0,1.0,8.0,4.0
58,6,0,5,3232235933,3205.0,6.0,8.0,4.0
58,0,0,7,3232235933,23.0,2.0,8.0,4.0
58,8,0,7,3232235933,971.0,1.0,8.0,4.0
52,7,0,7,3232235875,1558.0,1.0,9.0,4.0
52,6,0,7,3232235875,2049.0,2.0,9.0,4.0
52,0,0,7,3232235875,4200.0,9.0,9.0,4.0
52,8,0,7,3232235875,1236.0,1.0,9.0,4.0
50,6,0,7,3232235996,1578.0,8.0,9.0,4.0
50,0,0,7,3232235996,3117.0,1.0,9.0,4.0
50,8,0,7,3232235996,3200.0,1.0,9.0,4.0
56,7,0,1,3232235949,900.0,1.0,14.0,4.0
56,6,0,1,3232235949,4530.0,2.0,14.0,4.0
56,0,0,1,3232235949,2371.0,5.0,14.0,4.0
56,8,0,1,3232235949,377.0,1.0,14.0,4.0
42,7,0,0,3232235798,1899.0,1.0,15.0,4.0
42,6,0,0,3232235798,5066.0,8.0,15.0,4.0
42,0,0,0,3232235798,3672.0,6.0,15.0,4.0
42,8,0,0,3232235798,955.0,1.0,15.0,4.0
26,7,0,8,3232235885,1789.0,1.0,15.0,4.0
55,7,0,4,3232235868,1035.0,1.0,15.0,4.0
26,6,0,8,3232235885,2152.0,8.0,15.0,4.0
55,6,0,5,3232235868,5242.0,6.0,15.0,4.0
26,0,0,8,3232235885,4294.0,1.0,15.0,4.0
46,7,0,1,3232235958,7242.0,1.0,15.0,4.0
55,5,0,4,3232235868,6755.0,6.0,15.0,4.0
26,8,0,8,3232235885,764.0,1.0,15.0,4.0
55,2,0,4,3232235868,2605.0,10.0,16.0,4.0
46,6,0,1,3232235958,2692.0,10.0,16.0,4.0
46,0,0,1,3232235958,2340.0,10.0,16.0,4.0
46,8,0,1,3232235958,602.0,1.0,16.0,4.0
55,9,1,4,3232235868,3392.0,5.0,16.0,4.0
55,8,0,4,3232235868,1124.0,1.0,16.0,4.0
50,7,0,7,3232235996,852.0,1.0,0.0,5.0
51,7,0,1,3232235999,1807.0,1.0,2.0,5.0
51,6,0,1,3232235999,4830.0,7.0,8.0,5.0
51,0,0,1,3232235999,5931.0,7.0,8.0,5.0
51,8,0,1,3232235999,1159.0,1.0,8.0,5.0
24,7,0,8,3232235784,843.0,1.0,8.0,5.0
24,6,0,8,3232235784,3359.0,2.0,8.0,5.0
24,0,0,8,3232235784,2501.0,6.0,8.0,5.0
24,8,0,8,3232235784,783.0,1.0,8.0,5.0
61,7,0,0,3232235875,1350.0,1.0,9.0,5.0
61,6,0,0,3232235875,3439.0,2.0,9.0,5.0
61,0,0,0,3232235875,2871.0,2.0,9.0,5.0
61,8,0,0,3232235875,460.0,1.0,9.0,5.0
22,7,0,7,3232235833,1665.0,1.0,10.0,5.0
22,6,0,7,3232235833,1410.0,1.0,10.0,5.0
22,0,0,7,3232235833,1181.0,6.0,10.0,5.0
22,8,0,7,3232235833,1068.0,1.0,10.0,5.0
64,7,0,4,3232235993,1549.0,1.0,14.0,5.0
64,6,0,4,3232235993,3712.0,3.0,14.0,5.0
64,0,0,4,3232235993,4443.0,2.0,14.0,5.0
64,8,0,4,3232235993,765.0,1.0,14.0,5.0
18,7,1,7,3232235951,1094.0,1.0,14.0,5.0
18,6,0,7,3232235951,4880.0,8.0,14.0,5.0
18,0,0,7,3232235951,3972.0,10.0,14.0,5.0
18,8,0,7,3232235951,1363.0,1.0,14.0,5.0
50,6,0,7,3232235996,4377.0,8.0,15.0,5.0
50,0,0,7,3232235996,1159.0,3.0,15.0,5.0
50,8,0,7,3232235996,1384.0,1.0,15.0,5.0
66,7,1,7,3232235984,1296.0,1.0,15.0,5.0
66,6,0,7,3232235984,4495.0,2.0,15.0,5.0
66,0,0,7,3232235984,1417.0,10.0,15.0,5.0
66,8,0,7,3232235984,1279.0,1.0,15.0,5.0
72,7,0,0,3232235879,401.0,1.0,15.0,5.0
72,6,0,0,3232235879,2023.0,2.0,15.0,5.0
72,0,0,0,3232235879,2811.0,5.0,15.0,5.0
72,8,0,6,3232235879,456.0,1.0,16.0,5.0
34,7,0,4,3232235804,393.0,1.0,0.0,6.0
26,7,0,8,3232235885,1666.0,1.0,8.0,6.0
26,6,0,8,3232235885,722.0,4.0,8.0,6.0
26,0,0,8,3232235885,3107.0,7.0,8.0,6.0
26,8,0,8,3232235885,854.0,1.0,8.0,6.0
23,7,0,1,3232235907,1999.0,1.0,8.0,6.0
23,6,0,1,3232235907,5304.0,4.0,8.0,6.0
23,0,0,1,3232235907,3430.0,10.0,8.0,6.0
23,8,0,1,3232235907,534.0,1.0,8.0,6.0
34,7,0,4,3232235804,1923.0,1.0,8.0,6.0
34,6,0,4,3232235804,2154.0,5.0,8.0,6.0
34,0,0,4,3232235804,5923.0,8.0,8.0,6.0
34,8,0,4,3232235804,1204.0,1.0,8.0,6.0
61,7,0,0,3232235875,1614.0,1.0,9.0,6.0
61,6,0,0,3232235875,2561.0,7.0,9.0,6.0
61,0,0,0,3232235875,2861.0,3.0,9.0,6.0
61,8,0,0,3232235875,1401.0,1.0,9.0,6.0
23,7,0,1,3232235907,852.0,1.0,11.0,6.0
23,6,0,1,3232235907,4926.0,1.0,11.0,6.0
23,0,0,1,1117141115,2116.0,8.0,11.0,6.0
23,8,0,1,3232235907,769.0,1.0,11.0,6.0
48,7,0,1,3232235975,1859.0,1.0,12.0,6.0
48,6,0,1,3232235975,2614.0,5.0,12.0,6.0
48,5,0,1,3232235975,6101.0,9.0,12.0,6.0
48,2,0,1,3232235975,6061.0,4.0,12.0,6.0
48,9,1,1,3232235975,48192.0,9.0,12.0,6.0
48,8,0,1,3232235975,1090.0,1.0,12.0,6.0
34,6,0,4,3232235804,5834.0,4.0,13.0,6.0
34,0,0,4,3232235804,5186.0,7.0,13.0,6.0
34,8,0,4,3232235804,1465.0,1.0,13.0,6.0
35,7,0,7,3232235875,1562.0,1.0,14.0,6.0
35,6,0,7,3232235875,1664.0,1.0,14.0,6.0
35,0,0,7,3232235875,2335.0,9.0,14.0,6.0
35,8,0,7,3232235875,895.0,1.0,14.0,6.0
64,7,0,4,3232235993,955.0,1.0,14.0,6.0
64,6,0,4,3232235993,4546.0,1.0,14.0,6.0
64,0,0,4,3232235993,5769.0,9.0,15.0,6.0
64,8,0,4,3232235993,851.0,1.0,15.0,6.0
48,7,0,1,3232235975,844.0,1.0,0.0,0.0
77,7,0,4,3232235969,506.0,1.0,7.0,0.0
77,6,0,4,3232235969,1431.0,8.0,7.0,0.0
77,0,0,4,3232235969,3948.0,10.0,7.0,0.0
77,8,0,4,3232235969,989.0,1.0,7.0,0.0
48,6,0,1,3232235975,1084.0,1.0,10.0,0.0
48,5,0,1,3232235975,1859.0,5.0,10.0,0.0
48,2,0,1,3232235975,11249.0,10.0,10.0,0.0
48,9,0,1,3232235975,5728.0,8.0,10.0,0.0
48,8,0,1,3232235975,454.0,56.0,10.0,0.0
75,7,1,1,3232235968,324.0,1.0,11.0,0.0
75,6,0,1,3232235968,5579.0,8.0,11.0,0.0
75,0,0,1,3232235968,3485.0,10.0,11.0,0.0
75,8,0,1,3232235968,1435.0,1.0,11.0,0.0
56,7,0,1,3232235949,449.0,1.0,12.0,0.0
56,6,0,1,3232235949,4804.0,4.0,12.0,0.0
56,0,0,1,3232235949,2006.0,9.0,12.0,0.0
56,8,0,1,3232235949,339.0,1.0,12.0,0.0
57,7,1,4,3232235957,324.0,1.0,12.0,0.0
57,6,0,4,3232235957,2798.0,7.0,12.0,0.0
57,0,0,4,3232235957,2600.0,5.0,13.0,0.0
57,8,0,4,3232235957,469.0,1.0,13.0,0.0
39,7,0,7,3232235964,1478.0,1.0,13.0,0.0
39,6,0,7,3232235964,5358.0,4.0,13.0,0.0
39,0,0,7,3232235964,5221.0,7.0,13.0,0.0
39,8,0,7,3232235964,1290.0,1.0,13.0,0.0
62,7,0,4,3232236014,810.0,1.0,14.0,0.0
62,6,0,4,3232236014,746.0,2.0,14.0,0.0
62,0,0,4,3232236014,2671.0,1.0,14.0,0.0
62,8,0,4,3232236014,1459.0,1.0,14.0,0.0
40,7,0,0,3232235915,1304.0,1.0,14.0,0.0
40,6,0,0,3232235915,4524.0,2.0,14.0,0.0
40,0,0,0,3232235915,3133.0,9.0,14.0,0.0
40,8,0,0,3232235915,1191.0,1.0,14.0,0.0
59,7,0,1,3232235914,559.0,1.0,16.0,0.0
59,6,0,1,3232235914,4885.0,5.0,16.0,0.0
59,0,0,1,3232235914,1346.0,8.0,16.0,0.0
59,8,0,1,3232235914,1334.0,1.0,16.0,0.0
30,7,0,1,3232235956,1628.0,1.0,7.0,1.0
30,6,0,1,3232235956,5181.0,7.0,7.0,1.0
30,0,0,1,3232235956,2813.0,10.0,7.0,1.0
30,8,0,1,3232235956,992.0,1.0,7.0,1.0
61,7,0,0,3232235875,757.0,1.0,9.0,1.0
61,6,0,0,3232235875,4842.0,3.0,9.0,1.0
61,0,0,0,3232235875,1477.0,1.0,9.0,1.0
61,8,0,0,3232235875,1167.0,1.0,9.0,1.0
56,7,0,1,3232235949,1205.0,1.0,12.0,1.0
56,6,0,1,1918105323,2750.0,10.0,12.0,1.0
56,0,0,1,3232235949,960.0,6.0,12.0,1.0
56,8,0,1,3232235949,1239.0,1.0,12.0,1.0
82,7,0,0,3232235801,1776.0,1.0,13.0,1.0
82,6,0,0,3232235801,2995.0,2.0,13.0,1.0
82,0,0,0,3232235801,5844.0,2.0,13.0,1.0
82,8,0,0,3232235801,861.0,1.0,13.0,1.0
51,7,0,1,3232235999,485.0,1.0,14.0,1.0
51,6,0,1,3232235999,5998.0,3.0,14.0,1.0
51,0,0,1,3232235999,3303.0,7.0,14.0,1.0
51,8,0,1,3232235999,464.0,1.0,14.0,1.0
64,7,0,4,3232235993,714.0,1.0,6.0,2.0
26,7,0,8,3232235885,1036.0,1.0,8.0,2.0
26,6,0,8,3232235885,5155.0,9.0,8.0,2.0
26,0,0,8,3232235885,1089.0,6.0,8.0,2.0
26,8,0,8,3232235885,579.0,1.0,8.0,2.0
1,7,0,7,3232235784,803.0,1.0,9.0,2.0
1,1,0,7,3232235784,984.0,1.0,9.0,2.0
1,4,0,7,3232235784,5289.0,3.0,9.0,2.0
1,3,0,7,3232235784,2505.0,6.0,9.0,2.0
1,8,0,7,3232235784,1015.0,1.0,9.0,2.0
23,7,1,1,3232235907,1997.0,1.0,10.0,2.0
23,6,0,1,3232235907,5796.0,2.0,10.0,2.0
23,0,0,1,3232235907,1759.0,1.0,10.0,2.0
23,8,0,1,3232235907,1140.0,1.0,10.0,2.0
64,6,0,4,3232235993,4326.0,1.0,12.0,2.0
64,0,0,4,3232235993,5939.0,8.0,12.0,2.0
64,8,0,4,3232235993,982.0,1.0,12.0,2.0
1,7,0,7,3232235784,1488.0,1.0,7.0,3.0
1,1,0,7,3232235784,2271.0,2.0,7.0,3.0
1,4,0,7,3232235784,69968.0,7.0,7.0,3.0
1,3,0,7,3232235784,3382.0,7.0,7.0,3.0
1,8,0,7,3232235784,1350.0,1.0,7.0,3.0
31,7,0,0,3232235865,649.0,1.0,7.0,3.0
31,6,0,0,3232235865,1371.0,2.0,7.0,3.0
31,0,0,0,3232235865,81.0,10.0,7.0,3.0
31,8,0,0,3232235865,1460.0,1.0,7.0,3.0
51,7,0,1,3232235999,1748.0,1.0,8.0,3.0
51,6,0,1,3232235999,783.0,4.0,8.0,3.0
51,0,0,1,3232235999,1278.0,1.0,8.0,3.0
51,8,0,1,3232235999,400.0,1.0,8.0,3.0
6,7,0,4,3232235840,1321.0,1.0,10.0,3.0
6,6,0,4,3232235840,1519.0,9.0,10.0,3.0
6,5,0,4,3232235840,6899.0,4.0,10.0,3.0
6,2,0,4,3232235840,11769.0,2.0,10.0,3.0
6,9,0,4,3232235840,4908.0,8.0,10.0,3.0
6,8,0,4,3232235840,1208.0,1.0,10.0,3.0
19,7,0,8,3232235800,772.0,1.0,10.0,3.0
19,6,0,8,3232235800,2921.0,5.0,10.0,3.0
19,0,0,8,3232235800,2564.0,3.0,10.0,3.0
19,8,0,8,3232235800,1431.0,1.0,10.0,3.0
31,7,1,0,3232235865,1300.0,1.0,11.0,3.0
31,6,0,0,3232235865,658.0,6.0,11.0,3.0
31,0,0,0,3232235865,4685.0,2.0,11.0,3.0
31,8,0,0,3232235865,986.0,1.0,11.0,3.0
71,7,0,4,3232235832,875.0,1.0,13.0,3.0
71,6,0,4,3232235832,2251.0,8.0,13.0,3.0
71,0,0,4,3232235832,4492.0,10.0,13.0,3.0
71,8,0,4,3232235832,1065.0,1.0,13.0,3.0
52,7,0,7,3232235875,881.0,1.0,13.0,3.0
52,6,0,7,3232235875,2293.0,5.0,13.0,3.0
52,0,0,7,3232235875,1927.0,6.0,13.0,3.0
52,8,0,7,3232235875,1335.0,1.0,13.0,3.0
52,7,0,7,3232235875,354.0,1.0,7.0,4.0
52,6,0,7,3232235875,5755.0,10.0,7.0,4.0
52,0,0,7,3232235875,3998.0,3.0,7.0,4.0
52,8,0,7,3232235875,1418.0,1.0,7.0,4.0
66,7,0,7,3232235984,1159.0,1.0,7.0,4.0
66,6,0,7,3232235984,3292.0,3.0,7.0,4.0
66,0,0,7,3232235984,3531.0,5.0,7.0,4.0
66,8,0,7,3232235984,864.0,1.0,7.0,4.0
70,7,0,8,3232236002,394.0,1.0,8.0,4.0
70,6,0,3,3232236002,959.0,5.0,8.0,4.0
70,0,0,8,3232236002,3436.0,6.0,8.0,4.0
70,8,0,8,147765879,1082.0,1.0,8.0,4.0
57,7,0,4,3232235957,448.0,1.0,8.0,4.0
57,6,0,4,3232235957,3911.0,7.0,8.0,4.0
57,0,0,4,3232235957,5632.0,8.0,8.0,4.0
57,8,0,4,3232235957,1317.0,1.0,8.0,4.0
36,7,0,7,3232235869,1263.0,1.0,9.0,4.0
36,6,0,7,606510853,1880.0,5.0,9.0,4.0
36,0,0,7,3232235869,791.0,73.0,9.0,4.0
36,8,0,7,3232235869,937.0,1.0,9.0,4.0
62,7,1,4,3232236014,1420.0,1.0,9.0,4.0
24,7,0,8,3232235784,1200.0,1.0,9.0,4.0
24,6,0,8,3232235784,4699.0,10.0,9.0,4.0
24,0,0,8,609960445,4451.0,7.0,9.0,4.0
62,6,0,4,3232236014,1426.0,4.0,9.0,4.0
62,0,0,4,3232236014,2406.0,85.0,9.0,4.0
24,8,0,8,3232235784,532.0,1.0,9.0,4.0
62,8,0,4,3232236014,1012.0,1.0,9.0,4.0
31,7,0,0,3232235865,1366.0,1.0,12.0,4.0
31,6,0,0,3232235865,4931.0,9.0,13.0,4.0
31,0,0,0,3232235865,31.0,3.0,13.0,4.0
31,8,0,0,3232235865,1251.0,1.0,13.0,4.0
34,7,0,4,3232235804,1087.0,1.0,13.0,4.0
34,6,0,4,3232235804,1454.0,9.0,13.0,4.0
34,0,0,4,3232235804,2045.0,7.0,13.0,4.0
34,8,0,4,3232235804,972.0,1.0,13.0,4.0
56,7,1,1,3232235949,1157.0,1.0,13.0,4.0
56,6,0,1,3232235949,814.0,2.0,13.0,4.0
56,0,0,1,3232235949,5424.0,3.0,13.0,4.0
56,8,0,1,3232235949,647.0,80.0,13.0,4.0
46,7,0,1,3232235958,1468.0,1.0,16.0,4.0
46,6,0,1,3232235958,2197.0,5.0,16.0,4.0
46,0,0,1,3232235958,5099.0,4.0,16.0,4.0
46,8,0,1,3232235958,308.0,1.0,16.0,4.0
57,7,0,4,3232235957,994.0,1.0,4.0,5.0
32,7,1,4,3232235817,1388.0,1.0,7.0,5.0
32,6,0,4,3232235817,3694.0,10.0,7.0,5.0
79,7,1,8,3232235880,541.0,1.0,7.0,5.0
32,0,0,4,3232235817,5234.0,8.0,7.0,5.0
32,8,0,4,3232235817,600.0,1.0,7.0,5.0
79,6,0,8,3232235880,4319.0,10.0,7.0,5.0
79,0,0,8,3232235880,1205.0,10.0,7.0,5.0
79,8,0,8,3232235880,1148.0,1.0,7.0,5.0
44,7,0,8,3232236004,1811.0,1.0,7.0,5.0
44,6,0,8,3232236004,1351.0,4.0,7.0,5.0
44,0,0,8,3232236004,4840.0,4.0,7.0,5.0
44,8,0,8,3232236004,1059.0,1.0,7.0,5.0
44,7,0,8,3232236004,731.0,1.0,7.0,5.0
44,6,0,8,3232236004,5205.0,9.0,7.0,5.0
44,0,0,8,3232236004,3104.0,10.0,7.0,5.0
44,8,0,8,3232236004,974.0,1.0,7.0,5.0
67,7,1,4,3232235880,1157.0,1.0,13.0,5.0
67,6,0,4,3232235880,4913.0,9.0,13.0,5.0
67,0,0,4,3232235880,4535.0,9.0,13.0,5.0
67,8,0,4,3232235880,1298.0,1.0,13.0,5.0
71,7,0,4,3232235832,957.0,1.0,13.0,5.0
71,6,0,4,3232235832,905.0,6.0,13.0,5.0
71,0,0,4,3232235832,5362.0,8.0,13.0,5.0
71,8,0,4,3232235832,216.0,1.0,13.0,5.0
73,7,0,0,3232235814,934.0,1.0,14.0,5.0
73,6,0,0,3232235814,4445.0,9.0,14.0,5.0
73,0,0,0,1913559160,2360.0,2.0,15.0,5.0
73,8,0,0,3232235814,1104.0,1.0,15.0,5.0
40,7,0,0,3232235915,1998.0,1.0,15.0,5.0
40,6,0,0,3232235915,4135.0,8.0,15.0,5.0
40,0,0,0,3232235915,3264.0,7.0,15.0,5.0
40,8,0,0,3232235915,1315.0,1.0,15.0,5.0
57,6,0,4,3232235957,1318.0,8.0,15.0,5.0
57,0,0,4,3232235957,4538.0,2.0,15.0,5.0
57,8,0,4,3232235957,1195.0,1.0,15.0,5.0
31,7,0,0,3232235865,1706.0,1.0,16.0,5.0
31,6,0,0,3232235865,2800.0,7.0,16.0,5.0
31,0,0,0,3232235865,1366.0,2.0,16.0,5.0
31,8,0,0,3232235865,704.0,1.0,16.0,5.0
69,7,0,1,3232236011,1302.0,1.0,16.0,5.0
69,6,0,1,3232236011,1649.0,3.0,16.0,5.0
69,0,0,1,3232236011,3077.0,8.0,16.0,5.0
69,8,0,1,3232236011,1468.0,1.0,16.0,5.0
54,7,1,4,3232235819,625.0,1.0,0.0,6.0
50,7,1,7,3232235996,988.0,1.0,0.0,6.0
78,7,0,8,3232235887,1610.0,1.0,2.0,6.0
63,7,0,8,3232235834,1690.0,1.0,6.0,6.0
78,7,0,8,3232235887,1660.0,1.0,7.0,6.0
78,6,0,8,3232235887,3764.0,2.0,7.0,6.0
78,0,0,8,3232235887,3199.0,9.0,7.0,6.0
78,8,0,8,3232235887,337.0,1.0,7.0,6.0
84,7,0,7,3232235817,929.0,1.0,7.0,6.0
84,1,0,7,3232235817,4927.0,4.0,7.0,6.0
84,4,0,7,3232235817,9893.0,5.0,7.0,6.0
84,3,0,7,3232235817,9375.0,8.0,7.0,6.0
84,8,0,7,3232235817,756.0,1.0,7.0,6.0
50,6,0,7,3232235996,2873.0,6.0,7.0,6.0
50,0,0,7,3232235996,3413.0,10.0,7.0,6.0
50,8,0,7,3232235996,888.0,1.0,7.0,6.0
78,6,0,8,3232235887,38283.0,5.0,8.0,6.0
78,0,0,8,3232235887,4062.0,10.0,8.0,6.0
78,8,0,8,3232235887,3776.0,1.0,8.0,6.0
8,7,0,1,3232235813,1925.0,1.0,9.0,6.0
8,6,0,1,3232235813,3746.0,4.0,9.0,6.0
8,0,0,1,3232235813,1665.0,1.0,9.0,6.0
38,7,1,4,3232235984,954.0,1.0,9.0,6.0
8,8,0,1,3232235813,665.0,1.0,9.0,6.0
38,6,0,4,3232235984,2651.0,8.0,9.0,6.0
38,0,0,4,3232235984,5035.0,9.0,9.0,6.0
38,8,0,4,3232235984,1395.0,1.0,9.0,6.0
23,7,0,1,3232235907,336.0,1.0,10.0,6.0
23,6,0,1,3232235907,2263.0,8.0,10.0,6.0
23,0,0,1,3232235907,762.0,3.0,10.0,6.0
23,8,0,1,3232235907,261.0,1.0,10.0,6.0
63,6,0,8,3232235834,2347.0,4.0,10.0,6.0
63,0,0,8,3232235834,1827.0,7.0,10.0,6.0
63,8,0,8,3232235834,1282.0,1.0,10.0,6.0
44,7,0,8,3232236004,1383.0,1.0,10.0,6.0
44,6,0,8,3232236004,1418.0,8.0,10.0,6.0
44,0,0,8,3232236004,1475.0,6.0,10.0,6.0
44,8,0,8,3232236004,11112.0,1.0,10.0,6.0
54,6,0,4,3232235819,2003.0,6.0,12.0,6.0
54,5,0,4,3232235819,570.0,2.0,12.0,6.0
54,2,0,4,3232235819,77.0,3.0,12.0,6.0
54,9,0,4,3232235819,6778.0,7.0,12.0,6.0
54,8,0,4,3232235819,544.0,1.0,12.0,6.0
28,7,0,8,3232235849,1725.0,1.0,15.0,6.0
28,6,0,8,3232235849,5265.0,2.0,15.0,6.0
28,0,0,8,3232235849,642.0,6.0,15.0,6.0
28,8,0,8,3232235849,226.0,1.0,15.0,6.0
77,7,1,4,3232235969,1502.0,1.0,3.0,0.0
19,7,0,8,3232235800,727.0,1.0,8.0,0.0
19,6,0,8,3232235800,2091.0,9.0,8.0,0.0
19,0,0,8,3232235800,2611.0,10.0,8.0,0.0
19,8,0,8,3232235800,845.0,1.0,8.0,0.0
84,7,0,7,3232235817,435.0,1.0,8.0,0.0
84,1,0,7,3232235817,1966.0,1.0,8.0,0.0
84,4,0,7,3232235817,8393.0,6.0,8.0,0.0
84,3,0,7,3232235817,2989.0,9.0,8.0,0.0
84,8,0,5,3232235817,1294.0,1.0,8.0,0.0
30,7,1,1,3232235956,773.0,1.0,12.0,0.0
30,6,0,1,3232235956,4840.0,8.0,12.0,0.0
30,0,0,1,3232235956,3309.0,1.0,12.0,0.0
30,8,0,1,3232235956,1401.0,1.0,12.0,0.0
62,7,1,4,3232236014,1287.0,1.0,12.0,0.0
62,6,0,4,3232236014,5303.0,1.0,12.0,0.0
62,0,0,4,3232236014,709.0,5.0,12.0,0.0
62,8,0,4,3232236014,724.0,1.0,12.0,0.0
77,6,0,4,3232235969,3350.0,6.0,12.0,0.0
77,0,0,4,3232235969,4250.0,10.0,12.0,0.0
77,8,0,4,3232235969,553.0,1.0,12.0,0.0
62,7,0,4,3232236014,869.0,1.0,14.0,0.0
62,6,0,4,3232236014,636.0,6.0,14.0,0.0
62,0,0,4,3232236014,3850.0,7.0,15.0,0.0
62,8,0,4,3232236014,1380.0,1.0,15.0,0.0
34,7,0,4,3232235804,1154.0,1.0,15.0,0.0
34,6,0,4,3232235804,4529.0,4.0,15.0,0.0
34,0,0,4,3232235804,733.0,2.0,15.0,0.0
34,8,0,4,3232235804,767.0,1.0,15.0,0.0
59,7,0,1,3232235914,1970.0,1.0,16.0,0.0
59,6,0,1,3232235914,3837.0,4.0,16.0,0.0
59,0,0,2,3232235914,3135.0,7.0,16.0,0.0
59,8,0,1,3232235914,1280.0,1.0,16.0,0.0
21,7,0,7,3232235785,552.0,1.0,7.0,1.0
21,6,0,7,3232235785,1728.0,6.0,7.0,1.0
21,0,0,7,3232235785,5690.0,1.0,7.0,1.0
21,8,0,7,3232235785,330.0,1.0,7.0,1.0
62,7,0,4,3232236014,1634.0,1.0,7.0,1.0
62,6,0,4,3232236014,3001.0,10.0,7.0,1.0
62,0,0,4,3232236014,1818.0,7.0,8.0,1.0
62,8,0,4,3232236014,498.0,1.0,8.0,1.0
76,7,0,8,3232235915,1199.0,1.0,9.0,1.0
76,6,0,8,3232235915,666.0,1.0,9.0,1.0
76,0,0,8,3232235915,1703.0,10.0,9.0,1.0
76,8,0,8,3232235915,953.0,1.0,9.0,1.0
64,7,0,4,3232235993,1621.0,1.0,11.0,1.0
64,6,0,4,3232235993,1343.0,7.0,11.0,1.0
64,0,0,4,3232235993,5828.0,5.0,12.0,1.0
64,8,0,4,3232235993,1389.0,1.0,12.0,1.0
83,7,0,7,3232235998,1157.0,1.0,12.0,1.0
83,6,0,7,3232235998,5632.0,1.0,12.0,1.0
83,0,0,7,3232235998,908.0,10.0,12.0,1.0
83,8,0,7,3232235998,787.0,1.0,12.0,1.0
76,7,0,8,3232235915,1624.0,1.0,14.0,1.0
76,6,0,8,3232235915,2095.0,5.0,14.0,1.0
76,0,0,8,3232235915,1388.0,2.0,14.0,1.0
76,8,0,8,3232235915,359.0,1.0,14.0,1.0
75,7,0,1,3232235968,1420.0,95.0,15.0,1.0
75,6,0,1,3232235968,3154.0,5.0,15.0,1.0
75,0,0,1,3232235968,2240.0,5.0,15.0,1.0
75,8,0,1,3232235968,1041.0,1.0,15.0,1.0
58,7,0,7,3232235933,352.0,1.0,16.0,1.0
58,6,0,7,3232235933,3519.0,8.0,16.0,1.0
58,0,0,7,3232235933,1608.0,10.0,16.0,1.0
58,8,0,7,3232235933,1471.0,1.0,16.0,1.0
75,7,1,1,3232235968,1229.0,1.0,16.0,1.0
75,6,0,1,3232235968,5457.0,8.0,16.0,1.0
75,0,0,1,3232235968,3571.0,1.0,16.0,1.0
57,7,0,4,3232235957,1258.0,1.0,16.0,1.0
75,8,0,1,3232235968,926.0,1.0,16.0,1.0
57,6,0,4,139035883,2079.0,2.0,16.0,1.0
57,0,0,4,3232235957,3208.0,3.0,16.0,1.0
57,8,0,4,3232235957,1139.0,1.0,16.0,1.0
29,7,0,7,3232235972,592.0,1.0,7.0,2.0
29,6,0,7,3232235972,576.0,2.0,7.0,2.0
29,0,0,7,3232235972,4943.0,6.0,7.0,2.0
29,8,0,7,3232235972,374.0,1.0,7.0,2.0
60,7,0,1,3232235819,1437.0,1.0,10.0,2.0
60,6,0,1,3232235819,2431.0,6.0,10.0,2.0
60,0,0,1,3232235819,4612.0,8.0,10.0,2.0
60,8,0,1,3232235819,557.0,1.0,10.0,2.0
54,7,0,4,3232235819,312.0,1.0,16.0,2.0
54,6,0,4,3232235819,3191.0,5.0,16.0,2.0
54,5,0,4,3232235819,3399.0,2.0,16.0,2.0
54,2,0,4,3232235819,1584.0,6.0,16.0,2.0
54,9,0,4,3232235819,4050.0,7.0,16.0,2.0
54,8,0,4,3232235819,926.0,1.0,16.0,2.0
79,7,0,8,3232235880,494.0,1.0,7.0,3.0
79,6,0,8,3232235880,3351.0,2.0,7.0,3.0
79,0,0,8,3232235880,5415.0,9.0,7.0,3.0
79,8,0,8,3232235880,1321.0,1.0,7.0,3.0
22,7,0,7,3232235833,1549.0,1.0,8.0,3.0
22,6,0,7,3232235833,53703.0,4.0,8.0,3.0
22,0,0,7,3232235833,1653.0,4.0,8.0,3.0
22,8,0,7,3232235833,318.0,1.0,8.0,3.0
18,7,0,7,3232235951,820.0,1.0,9.0,3.0
18,6,0,7,3232235951,5432.0,10.0,9.0,3.0
18,0,0,7,3232235951,5928.0,3.0,9.0,3.0
18,8,0,7,3232235951,225.0,1.0,9.0,3.0
73,7,0,0,3232235814,1185.0,1.0,11.0,3.0
73,6,0,0,3232235814,4833.0,6.0,11.0,3.0
73,0,0,0,3232235814,3070.0,2.0,11.0,3.0
73,8,0,0,3232235814,1014.0,1.0,11.0,3.0
36,7,0,7,3232235869,797.0,1.0,12.0,3.0
36,6,0,7,3232235869,1569.0,6.0,12.0,3.0
36,0,0,7,3232235869,4828.0,7.0,12.0,3.0
36,8,0,7,3232235869,638.0,1.0,12.0,3.0
23,7,0,1,3232235907,1301.0,1.0,12.0,3.0
23,6,0,1,3232235907,3161.0,6.0,12.0,3.0
23,0,0,1,3232235907,2628.0,1.0,12.0,3.0
23,8,0,1,3232235907,781.0,1.0,12.0,3.0
29,7,0,7,3232235972,889.0,1.0,13.0,3.0
29,6,0,7,3232235972,4344.0,6.0,13.0,3.0
29,0,0,7,3232235972,4089.0,4.0,13.0,3.0
29,8,0,7,3232235972,1239.0,1.0,13.0,3.0
67,7,0,4,3232235880,880.0,1.0,14.0,3.0
67,6,0,4,3232235880,5895.0,5.0,14.0,3.0
67,0,0,4,3232235880,3018.0,7.0,14.0,3.0
67,8,0,4,3232235880,694.0,1.0,14.0,3.0
68,7,1,4,3232235794,1667.0,1.0,14.0,3.0
68,6,0,4,3232235794,4421.0,6.0,14.0,3.0
68,0,0,4,3232235794,3682.0,3.0,14.0,3.0
68,8,0,4,3232235794,1130.0,1.0,14.0,3.0
23,7,0,1,3232235907,669.0,1.0,15.0,3.0
23,6,0,1,3232235907,1560.0,6.0,15.0,3.0
23,0,0,1,3232235907,5323.0,10.0,15.0,3.0
23,8,0,1,3232235907,912.0,1.0,15.0,3.0
38,7,0,4,3232235984,1013.0,1.0,16.0,3.0
38,6,0,4,3232235984,5362.0,6.0,16.0,3.0
38,0,0,4,3232235984,2507.0,7.0,16.0,3.0
38,8,0,4,3232235984,1408.0,1.0,16.0,3.0
48,7,0,1,3232235975,384.0,1.0,16.0,3.0
48,6,0,1,3232235975,2122.0,7.0,16.0,3.0
48,5,0,1,3232235975,549.0,8.0,16.0,3.0
48,2,0,1,3232235975,6343.0,2.0,16.0,3.0
48,9,0,1,3232235975,9060.0,1.0,16.0,3.0
48,8,0,1,3232235975,1076.0,1.0,16.0,3.0
38,7,0,4,3232235984,1331.0,1.0,16.0,3.0
38,6,0,4,3232235984,4900.0,3.0,16.0,3.0
38,0,0,4,3232235984,4438.0,9.0,16.0,3.0
38,8,0,4,3232235984,735.0,1.0,16.0,3.0
75,7,0,1,3232235968,1555.0,1.0,3.0,4.0
31,7,0,0,3232235865,1256.0,1.0,10.0,4.0
31,6,0,0,3232235865,5732.0,8.0,10.0,4.0
31,0,0,0,3232235865,2764.0,7.0,10.0,4.0
31,8,0,0,3232235865,862.0,1.0,10.0,4.0
38,7,1,4,3232235984,900.0,1.0,10.0,4.0
38,6,0,4,3232235984,3017.0,5.0,10.0,4.0
38,0,0,4,3232235984,3720.0,3.0,10.0,4.0
38,8,0,4,3232235984,558.0,1.0,10.0,4.0
32,7,0,4,3232235817,682.0,1.0,11.0,4.0
32,6,0,4,3232235817,4028.0,2.0,11.0,4.0
32,0,0,4,3232235817,994.0,4.0,11.0,4.0
32,8,0,4,3232235817,938.0,1.0,11.0,4.0
79,7,0,8,3232235880,918.0,1.0,11.0,4.0
79,6,0,8,3232235880,790.0,4.0,11.0,4.0
79,0,0,8,3232235880,2141.0,7.0,11.0,4.0
79,8,0,8,3232235880,746.0,1.0,11.0,4.0
53,7,0,5,3232235894,552.0,1.0,13.0,4.0
53,6,0,4,3232235894,541.0,10.0,13.0,4.0
53,0,0,4,3232235894,5387.0,7.0,13.0,4.0
53,8,0,4,3232235894,1300.0,1.0,13.0,4.0
80,7,1,4,3232235834,1264.0,1.0,16.0,4.0
80,6,0,2,3232235834,1739.0,7.0,16.0,4.0
80,0,0,4,3232235834,2041.0,4.0,16.0,4.0
80,8,0,4,3232235834,828.0,1.0,16.0,4.0
75,6,0,1,3232235968,1949.0,3.0,16.0,4.0
75,0,0,1,3232235968,1178.0,7.0,16.0,4.0
75,8,0,1,3232235968,444.0,1.0,16.0,4.0
86,7,0,0,3232235930,1615.0,1.0,7.0,5.0
86,6,0,0,3232235930,826.0,6.0,7.0,5.0
86,0,0,0,3232235930,3624.0,2.0,7.0,5.0
86,8,0,0,3232235930,990.0,1.0,7.0,5.0
61,7,0,0,3232235875,1574.0,1.0,7.0,5.0
61,6,0,0,3232235875,3621.0,4.0,7.0,5.0
61,0,0,0,3232235875,2293.0,1.0,7.0,5.0
61,8,0,0,3232235875,1429.0,1.0,7.0,5.0
72,7,0,0,3232235879,1921.0,1.0,7.0,5.0
72,6,0,0,3232235879,887.0,5.0,7.0,5.0
72,0,0,0,3232235879,3482.0,2.0,7.0,5.0
72,8,0,0,3232235879,1424.0,1.0,7.0,5.0
69,7,0,1,3232236011,549.0,1.0,7.0,5.0
69,6,0,1,3232236011,4559.0,6.0,7.0,5.0
69,0,0,1,3232236011,4737.0,1.0,8.0,5.0
69,8,0,1,3232236011,659.0,1.0,8.0,5.0
65,7,0,7,3232235836,1022.0,1.0,8.0,5.0
65,6,0,7,3232235836,5425.0,6.0,8.0,5.0
65,0,0,7,3232235836,3668.0,3.0,8.0,5.0
65,8,0,7,3232235836,217.0,1.0,8.0,5.0
49,7,0,4,3232236030,1458.0,1.0,8.0,5.0
49,6,0,4,3232236030,3214.0,1.0,8.0,5.0
49,0,0,4,3232236030,1494.0,10.0,9.0,5.0
49,8,0,4,3232236030,1246.0,1.0,9.0,5.0
35,7,0,3,3232235875,1279.0,1.0,9.0,5.0
35,6,0,7,3232235875,2635.0,3.0,9.0,5.0
35,0,0,7,3232235875,5358.0,6.0,9.0,5.0
35,8,0,7,3232235875,777.0,1.0,9.0,5.0
47,7,0,7,3232235789,1598.0,1.0,9.0,5.0
47,6,0,7,3232235789,1198.0,9.0,9.0,5.0
47,0,0,7,3232235789,3646.0,9.0,10.0,5.0
47,8,0,7,3232235789,1453.0,1.0,10.0,5.0
8,7,0,1,3232235813,1103.0,1.0,10.0,5.0
8,6,0,1,3232235813,4940.0,10.0,10.0,5.0
8,0,0,1,3232235813,5180.0,9.0,10.0,5.0
8,8,0,1,3232235813,817.0,1.0,10.0,5.0
54,7,0,4,3232235819,529.0,1.0,11.0,5.0
54,6,0,4,3232235819,3791.0,5.0,11.0,5.0
31,7,0,0,3232235865,1523.0,1.0,11.0,5.0
54,5,0,4,3232235819,4514.0,7.0,11.0,5.0
31,6,0,0,3232235865,2690.0,3.0,11.0,5.0
54,2,0,4,3232235819,5679.0,10.0,11.0,5.0
31,0,0,0,3232235865,4267.0,9.0,11.0,5.0
54,9,0,4,3232235819,4029.0,8.0,11.0,5.0
31,8,0,0,3232235865,1373.0,1.0,11.0,5.0
54,8,0,4,3232235819,604.0,1.0,11.0,5.0
37,7,0,4,3232235932,1355.0,1.0,11.0,5.0
37,6,0,4,3232235932,3254.0,1.0,11.0,5.0
37,0,0,4,3232235932,2076.0,4.0,11.0,5.0
37,8,0,4,3232235932,1206.0,1.0,11.0,5.0
47,7,1,7,3232235789,1636.0,1.0,13.0,5.0
47,6,0,7,3232235789,3615.0,3.0,13.0,5.0
47,0,0,7,1120439642,896.0,9.0,13.0,5.0
47,8,0,7,3232235789,264.0,1.0,13.0,5.0
65,7,1,7,3232235836,931.0,1.0,13.0,5.0
65,6,0,7,3232235836,4689.0,8.0,13.0,5.0
65,0,0,7,3232235836,3662.0,10.0,13.0,5.0
65,8,0,7,3232235836,1347.0,1.0,13.0,5.0
28,7,0,8,3232235849,946.0,1.0,14.0,5.0
28,6,0,8,3232235849,5391.0,9.0,14.0,5.0
28,0,0,8,3232235849,1221.0,3.0,14.0,5.0
28,8,0,8,3232235849,607.0,1.0,14.0,5.0
70,7,1,8,3232236002,1196.0,1.0,14.0,5.0
70,6,0,8,3232236002,1765.0,9.0,14.0,5.0
70,0,0,8,3232236002,1607.0,3.0,14.0,5.0
70,8,0,8,3232236002,248.0,1.0,14.0,5.0
75,7,0,1,3232235968,1915.0,1.0,4.0,6.0
35,7,0,7,3232235875,699.0,1.0,6.0,6.0
67,7,0,4,3232235880,1830.0,1.0,6.0,6.0
67,6,0,4,3232235880,1839.0,6.0,7.0,6.0
67,0,0,4,3232235880,1838.0,7.0,7.0,6.0
67,8,0,4,3232235880,764.0,1.0,7.0,6.0
30,7,0,1,3232235956,1576.0,1.0,7.0,6.0
30,6,0,1,3232235956,5365.0,1.0,7.0,6.0
30,0,0,3,3232235956,5922.0,2.0,7.0,6.0
30,8,0,1,3232235956,240.0,1.0,7.0,6.0
50,7,0,7,3232235996,985.0,1.0,9.0,6.0
50,6,0,7,3232235996,1865.0,9.0,9.0,6.0
50,0,0,7,3232235996,4058.0,2.0,9.0,6.0
50,8,0,7,3232235996,1155.0,1.0,9.0,6.0
33,7,0,1,3232236023,667.0,1.0,9.0,6.0
33,6,0,1,3232236023,1445.0,8.0,9.0,6.0
33,0,0,1,3232236023,5655.0,6.0,9.0,6.0
33,8,0,1,3232236023,788.0,1.0,9.0,6.0
56,7,0,1,3232235949,1373.0,1.0,9.0,6.0
56,6,0,1,3232235949,4935.0,4.0,9.0,6.0
56,0,0,1,3232235949,3001.0,10.0,9.0,6.0
56,8,0,1,3232235949,542.0,1.0,9.0,6.0
38,7,0,4,3232235984,1709.0,1.0,10.0,6.0
38,6,0,4,3232235984,9.0,7.0,10.0,6.0
38,0,0,4,3232235984,2512.0,3.0,10.0,6.0
38,8,0,4,3232235984,680.0,1.0,10.0,6.0
35,6,0,7,3232235875,5134.0,2.0,10.0,6.0
35,0,0,7,3232235875,4753.0,5.0,10.0,6.0
35,8,0,7,3232235875,941.0,1.0,10.0,6.0
75,6,0,1,3232235968,5770.0,1.0,10.0,6.0
75,0,0,1,3232235968,5177.0,5.0,10.0,6.0
75,8,0,1,3232235968,268.0,1.0,10.0,6.0
86,7,0,0,3232235930,506.0,1.0,12.0,6.0
86,6,0,0,3232235930,1493.0,1.0,12.0,6.0
86,0,0,0,3232235930,2582.0,1.0,12.0,6.0
86,8,0,0,3232235930,1158.0,1.0,12.0,6.0
85,7,0,5,3232235980,1285.0,1.0,16.0,6.0
85,6,0,1,3232235980,3785.0,1.0,16.0,6.0
85,5,0,1,3232235980,1848.0,7.0,16.0,6.0
85,2,0,1,3232235980,1535.0,7.0,16.0,6.0
85,9,0,1,3232235980,5345.0,8.0,16.0,6.0
85,8,0,1,3232235980,784.0,1.0,16.0,6.0
73,7,0,0,3232235814,829.0,1.0,1.0,0.0
51,7,0,1,3232235999,1807.0,1.0,2.0,0.0
82,7,0,0,3232235801,624.0,1.0,6.0,0.0
28,7,0,8,3232235849,859.0,1.0,9.0,0.0
28,6,0,8,3232235849,2903.0,10.0,9.0,0.0
28,0,0,8,3232235849,5788.0,5.0,9.0,0.0
28,8,0,8,3232235849,1190.0,1.0,9.0,0.0
54,7,0,4,3232235819,1825.0,1.0,9.0,0.0
54,6,0,4,3232235819,2713.0,7.0,9.0,0.0
54,5,0,4,3232235819,2067.0,4.0,9.0,0.0
54,2,0,4,3232235819,6413.0,9.0,9.0,0.0
54,9,0,4,3232235819,9827.0,10.0,9.0,0.0
54,8,0,4,1735344852,671.0,1.0,9.0,0.0
51,6,0,1,3232235999,99.0,3.0,9.0,0.0
51,0,0,1,3232235999,3441.0,2.0,9.0,0.0
51,8,0,1,3232235999,952.0,1.0,9.0,0.0
28,7,0,8,3232235849,1106.0,1.0,10.0,0.0
28,6,0,8,3232235849,5513.0,8.0,10.0,0.0
28,0,0,8,3232235849,2994.0,7.0,11.0,0.0
28,8,0,8,3232235849,701.0,1.0,11.0,0.0
82,6,0,0,3232235801,5363.0,3.0,11.0,0.0
82,0,0,0,3232235801,5761.0,8.0,11.0,0.0
82,8,0,0,3232235801,1300.0,1.0,11.0,0.0
41,7,0,7,3232236027,1072.0,1.0,11.0,0.0
41,6,0,7,3232236027,2052.0,8.0,11.0,0.0
41,0,0,7,3232236027,2576.0,10.0,11.0,0.0
41,8,0,7,3232236027,221.0,1.0,12.0,0.0
39,7,0,7,3232235964,515.0,1.0,12.0,0.0
39,6,0,7,3232235964,3799.0,5.0,12.0,0.0
39,0,0,6,3232235964,4928.0,1.0,12.0,0.0
39,8,0,7,3232235964,522.0,1.0,12.0,0.0
26,7,0,8,3232235885,804.0,1.0,13.0,0.0
26,6,0,8,3232235885,3489.0,3.0,13.0,0.0
26,0,0,8,3232235885,4454.0,3.0,13.0,0.0
26,8,0,8,3232235885,1419.0,1.0,13.0,0.0
73,6,0,0,3232235814,5444.0,8.0,14.0,0.0
73,0,0,0,3232235814,4612.0,6.0,14.0,0.0
73,8,0,0,3232235814,1169.0,1.0,14.0,0.0
63,7,0,8,3232235834,469.0,1.0,15.0,0.0
63,6,0,8,3232235834,4507.0,9.0,15.0,0.0
63,0,0,8,2640364067,2342.0,1.0,15.0,0.0
63,8,0,8,3232235834,1401.0,1.0,15.0,0.0
40,7,0,0,3232235915,310.0,1.0,16.0,0.0
40,6,0,0,3232235915,4351.0,2.0,16.0,0.0
40,0,0,0,2346133594,2223.0,10.0,16.0,0.0
40,8,0,0,3232235915,1223.0,1.0,16.0,0.0
51,7,0,1,3232235999,1355.0,1.0,5.0,1.0
51,6,0,1,3232235999,666.0,6.0,11.0,1.0
51,0,0,1,3232235999,968.0,5.0,11.0,1.0
51,8,0,1,3232235999,1246.0,1.0,11.0,1.0
59,7,0,1,3232235914,365.0,1.0,11.0,1.0
59,6,0,1,3232235914,2814.0,1.0,11.0,1.0
59,0,0,1,3232235914,4533.0,2.0,11.0,1.0
59,8,0,1,3232235914,1107.0,1.0,11.0,1.0
28,7,0,8,3232235849,1453.0,1.0,2.0,2.0
38,7,0,4,3232235984,690.0,1.0,8.0,2.0
38,6,0,4,3232235984,5809.0,4.0,8.0,2.0
38,0,0,4,3232235984,5993.0,3.0,8.0,2.0
38,8,0,4,3232235984,1140.0,1.0,8.0,2.0
47,7,0,7,3232235789,589.0,1.0,9.0,2.0
47,6,0,7,3232235789,3041.0,7.0,9.0,2.0
47,0,0,7,3232235789,1556.0,10.0,9.0,2.0
47,8,0,7,3232235789,373.0,1.0,9.0,2.0
54,7,0,4,3232235819,1010.0,1.0,10.0,2.0
54,6,0,4,3232235819,1867.0,6.0,10.0,2.0
54,5,0,4,3232235819,1539.0,5.0,10.0,2.0
54,2,1,4,3232235819,3434.0,1.0,10.0,2.0
54,9,0,4,3232235819,6488.0,7.0,10.0,2.0
54,8,0,4,3232235819,757.0,1.0,10.0,2.0
36,7,0,7,3232235869,468.0,1.0,12.0,2.0
36,6,0,7,3232235869,4641.0,2.0,12.0,2.0
36,0,0,7,3232235869,2776.0,5.0,12.0,2.0
36,8,0,7,3232235869,471.0,1.0,12.0,2.0
63,7,0,8,3232235834,1827.0,1.0,12.0,2.0
63,6,0,8,3232235834,1234.0,9.0,12.0,2.0
63,0,0,8,3232235834,2921.0,3.0,12.0,2.0
63,8,0,8,3232235834,1296.0,1.0,12.0,2.0
56,7,0,1,3232235949,1468.0,1.0,13.0,2.0
56,6,0,1,3232235949,4613.0,2.0,13.0,2.0
28,6,0,8,3232235849,3216.0,7.0,13.0,2.0
78,7,0,8,3232235887,494.0,1.0,13.0,2.0
56,0,0,1,3232235949,4846.0,5.0,13.0,2.0
28,0,0,8,3232235849,1367.0,1.0,13.0,2.0
56,8,0,1,3232235949,1115.0,1.0,13.0,2.0
78,6,0,8,3232235887,1679.0,8.0,13.0,2.0
78,0,0,8,3232235887,567.0,5.0,13.0,2.0
78,8,0,8,3232235887,491.0,1.0,13.0,2.0
28,8,0,8,3232235849,401.0,1.0,13.0,2.0
49,7,0,4,3232236030,991.0,1.0,13.0,2.0
49,6,0,4,3232236030,3685.0,3.0,13.0,2.0
49,0,0,4,3232236030,5210.0,3.0,13.0,2.0
49,8,0,4,3232236030,438.0,1.0,13.0,2.0
65,7,0,7,3232235836,1806.0,1.0,14.0,2.0
65,6,0,7,3232235836,4745.0,8.0,14.0,2.0
65,0,0,7,3232235836,5872.0,7.0,14.0,2.0
65,8,0,7,3232235836,988.0,1.0,14.0,2.0
49,7,0,4,3232236030,364.0,1.0,15.0,2.0
49,6,0,4,3232236030,5613.0,1.0,15.0,2.0
49,0,0,4,3232236030,5199.0,1.0,15.0,2.0
49,8,0,4,3232236030,819.0,1.0,15.0,2.0
58,7,0,7,3232235933,1678.0,1.0,15.0,2.0
58,6,0,7,3232235933,4369.0,3.0,15.0,2.0
58,0,0,7,3232235933,5594.0,4.0,15.0,2.0
58,8,0,7,3232235933,778.0,1.0,15.0,2.0
45,7,0,4,3232235925,1531.0,1.0,2.0,3.0
21,7,1,7,3232235785,1922.0,1.0,3.0,3.0
19,7,0,8,3232235800,1798.0,1.0,7.0,3.0
19,6,0,8,3232235800,800.0,2.0,7.0,3.0
19,0,0,8,3232235800,1607.0,5.0,7.0,3.0
19,8,0,8,3232235800,793.0,1.0,7.0,3.0
24,7,0,8,3232235784,1511.0,1.0,7.0,3.0
24,6,0,8,3232235784,1222.0,2.0,7.0,3.0
24,0,0,8,3232235784,2085.0,9.0,8.0,3.0
24,8,0,8,3232235784,982.0,1.0,8.0,3.0
37,7,0,4,3232235932,447.0,1.0,8.0,3.0
37,6,0,4,3232235932,5138.0,6.0,8.0,3.0
37,0,0,4,3232235932,3202.0,7.0,8.0,3.0
37,8,0,4,3232235932,756.0,1.0,8.0,3.0
46,7,0,1,3232235958,968.0,1.0,8.0,3.0
54,7,0,4,3232235819,1081.0,1.0,8.0,3.0
46,6,0,1,3232235958,2796.0,4.0,8.0,3.0
54,6,0,4,3232235819,5522.0,10.0,8.0,3.0
46,0,0,1,3232235958,2610.0,8.0,8.0,3.0
46,8,0,1,3232235958,452.0,1.0,8.0,3.0
54,5,0,4,3232235819,3620.0,8.0,8.0,3.0
54,2,0,4,3232235819,5287.0,7.0,8.0,3.0
54,9,0,4,3232235819,8407.0,3.0,8.0,3.0
54,8,0,4,3232235819,274.0,1.0,8.0,3.0
79,7,0,8,3232235880,1634.0,1.0,10.0,3.0
79,6,0,8,3232235880,1945.0,1.0,10.0,3.0
79,0,0,8,3232235880,4109.0,7.0,10.0,3.0
79,8,0,8,3232235880,1368.0,1.0,10.0,3.0
40,7,0,0,3232235915,1230.0,1.0,10.0,3.0
40,6,0,0,3232235915,5973.0,4.0,10.0,3.0
40,0,0,0,3232235915,1364.0,3.0,10.0,3.0
40,8,0,0,3232235915,934.0,1.0,10.0,3.0
50,7,0,7,3232235996,928.0,1.0,11.0,3.0
50,6,0,7,3232235996,2666.0,3.0,11.0,3.0
50,0,0,7,3232235996,4135.0,8.0,11.0,3.0
50,8,0,7,3232235996,235.0,1.0,11.0,3.0
72,7,0,0,3232235879,1046.0,1.0,12.0,3.0
72,6,0,0,3232235879,4008.0,3.0,12.0,3.0
72,0,0,0,3232235879,539.0,6.0,12.0,3.0
72,8,0,0,3232235879,704.0,1.0,12.0,3.0
41,7,0,7,3232236027,364.0,1.0,14.0,3.0
41,6,0,7,3232236027,712.0,10.0,14.0,3.0
41,0,0,7,3232236027,32540.0,5.0,14.0,3.0
41,8,0,7,3232236027,1410.0,1.0,14.0,3.0
21,6,0,7,3232235785,5841.0,4.0,15.0,3.0
21,0,0,7,3232235785,776.0,5.0,15.0,3.0
73,7,0,0,3232235814,1331.0,1.0,15.0,3.0
21,8,0,7,3232235785,1355.0,1.0,15.0,3.0
73,6,0,0,3232235814,5358.0,4.0,15.0,3.0
73,0,0,0,1924177622,735.0,6.0,15.0,3.0
73,8,0,0,3232235814,843.0,1.0,15.0,3.0
45,6,0,4,3232235925,2504.0,9.0,15.0,3.0
45,0,0,4,3232235925,2778.0,10.0,15.0,3.0
45,8,0,4,3232235925,1487.0,1.0,15.0,3.0
76,7,0,8,3232235915,332.0,1.0,16.0,3.0
76,6,0,8,3232235915,3054.0,2.0,16.0,3.0
76,0,0,8,3232235915,830.0,6.0,16.0,3.0
56,7,0,1,3232235949,1868.0,1.0,16.0,3.0
71,7,0,4,3232235832,390.0,1.0,16.0,3.0
76,8,0,8,3232235915,1401.0,1.0,16.0,3.0
71,6,0,4,3232235832,4881.0,2.0,16.0,3.0
56,6,0,1,3232235949,5522.0,5.0,16.0,3.0
71,0,0,4,3232235832,2668.0,4.0,16.0,3.0
56,0,0,1,3232235949,3142.0,7.0,16.0,3.0
56,8,0,1,3232235949,859.0,1.0,16.0,3.0
71,8,0,4,3232235832,1072.0,1.0,16.0,3.0
1,7,0,7,3232235784,1335.0,1.0,3.0,4.0
22,7,0,7,3232235833,1467.0,1.0,7.0,4.0
22,6,0,7,3232235833,2836.0,4.0,7.0,4.0
22,0,0,7,3232235833,5887.0,6.0,7.0,4.0
22,8,0,7,3232235833,1114.0,1.0,7.0,4.0
39,7,0,7,3232235964,580.0,1.0,7.0,4.0
39,6,0,7,3232235964,2303.0,4.0,7.0,4.0
39,0,0,7,3232235964,2673.0,8.0,7.0,4.0
39,8,0,7,2334591282,510.0,1.0,7.0,4.0
31,7,0,0,3232235865,1431.0,1.0,9.0,4.0
31,6,0,0,3232235865,3561.0,9.0,9.0,4.0
31,0,0,0,3232235865,5201.0,2.0,9.0,4.0
31,8,0,0,3232235865,584.0,1.0,9.0,4.0
35,7,0,7,3232235875,1199.0,1.0,9.0,4.0
35,6,0,7,3232235875,2621.0,9.0,9.0,4.0
35,0,0,7,3232235875,4289.0,2.0,9.0,4.0
35,8,0,7,3232235875,1175.0,1.0,9.0,4.0
67,7,0,4,3232235880,1874.0,1.0,11.0,4.0
67,6,0,4,3232235880,1433.0,8.0,11.0,4.0
67,0,0,4,3232235880,1970.0,3.0,11.0,4.0
67,8,0,4,3232235880,1004.0,1.0,11.0,4.0
59,7,0,1,3232235914,325.0,1.0,13.0,4.0
59,6,0,1,3232235914,4515.0,2.0,13.0,4.0
59,0,0,1,3232235914,4051.0,6.0,13.0,4.0
59,8,0,1,3232235914,1141.0,1.0,13.0,4.0
38,7,0,4,3232235984,1760.0,1.0,13.0,4.0
38,6,0,4,3232235984,1172.0,5.0,13.0,4.0
38,0,0,4,3232235984,1763.0,7.0,13.0,4.0
38,8,0,4,3232235984,1498.0,1.0,13.0,4.0
1,1,0,7,3232235784,3970.0,5.0,14.0,4.0
1,4,0,5,3232235784,7344.0,1.0,14.0,4.0
1,3,0,7,3232235784,1225.0,7.0,14.0,4.0
29,7,1,7,3232235972,437.0,1.0,14.0,4.0
1,8,0,7,3232235784,1017.0,1.0,14.0,4.0
29,6,0,5,3232235972,5365.0,1.0,14.0,4.0
29,0,0,7,3232235972,4157.0,10.0,14.0,4.0
29,8,0,7,3232235972,299.0,1.0,14.0,4.0
6,7,0,4,3232235840,454.0,1.0,15.0,4.0
6,6,0,4,3232235840,5693.0,5.0,15.0,4.0
6,5,0,4,3232235840,3382.0,7.0,15.0,4.0
6,2,0,4,3232235840,4310.0,5.0,15.0,4.0
6,9,1,4,3232235840,5434.0,7.0,15.0,4.0
6,8,0,4,3232235840,574.0,1.0,15.0,4.0
25,7,0,8,3232235828,323.0,1.0,15.0,4.0
25,6,0,8,3232235828,5499.0,3.0,15.0,4.0
25,0,0,8,3232235828,5394.0,4.0,16.0,4.0
25,8,0,8,3232235828,533.0,1.0,16.0,4.0
34,7,0,4,3232235804,1481.0,1.0,16.0,4.0
34,6,0,4,3232235804,2884.0,5.0,16.0,4.0
34,0,0,4,3232235804,3907.0,7.0,16.0,4.0
34,8,0,4,3232235804,948.0,1.0,16.0,4.0
53,7,0,4,3232235894,424.0,1.0,16.0,4.0
53,6,0,4,3232235894,5628.0,7.0,16.0,4.0
53,0,0,4,3232235894,5053.0,8.0,16.0,4.0
53,8,0,4,3232235894,296.0,1.0,16.0,4.0
31,7,0,0,3232235865,512.0,1.0,9.0,5.0
31,6,0,0,3232235865,1570.0,5.0,9.0,5.0
31,0,0,0,3232235865,3328.0,10.0,9.0,5.0
31,8,0,0,3232235865,800.0,1.0,9.0,5.0
45,7,0,4,3232235925,309.0,1.0,15.0,5.0
45,6,0,4,3232235925,2496.0,3.0,15.0,5.0
45,0,0,4,3232235925,5828.0,7.0,15.0,5.0
45,8,0,4,3232235925,1449.0,1.0,15.0,5.0
57,7,0,4,3232235957,342.0,1.0,15.0,5.0
57,6,0,4,3232235957,3861.0,4.0,15.0,5.0
57,0,0,4,3232235957,5901.0,3.0,15.0,5.0
57,8,0,4,3232235957,931.0,1.0,15.0,5.0
36,7,0,7,3232235869,637.0,1.0,16.0,5.0
36,6,0,7,3232235869,1407.0,9.0,16.0,5.0
36,0,0,7,3232235869,2288.0,3.0,16.0,5.0
36,8,0,7,3232235869,702.0,1.0,16.0,5.0
56,7,0,1,3232235949,1196.0,1.0,0.0,6.0
26,7,0,8,3232235885,1407.0,1.0,0.0,6.0
78,7,0,8,3232235887,1987.0,1.0,4.0,6.0
56,6,0,1,3232235949,2603.0,1.0,8.0,6.0
56,0,0,1,3232235949,4352.0,8.0,8.0,6.0
78,6,0,8,3232235887,3011.0,1.0,8.0,6.0
56,8,0,1,3232235949,353.0,1.0,8.0,6.0
78,0,0,8,344756624,4504.0,4.0,8.0,6.0
78,8,0,8,3232235887,316.0,1.0,8.0,6.0
65,7,0,7,3232235836,714.0,1.0,10.0,6.0
65,6,0,7,3232235836,28.0,9.0,10.0,6.0
65,0,0,7,3232235836,2904.0,7.0,10.0,6.0
65,8,0,7,3232235836,285.0,1.0,10.0,6.0
61,7,0,0,3232235875,1774.0,1.0,13.0,6.0
61,6,0,0,3232235875,4654.0,5.0,13.0,6.0
61,0,0,0,3232235875,5963.0,7.0,13.0,6.0
61,8,0,0,3232235875,868.0,1.0,13.0,6.0
65,7,0,7,3232235836,637.0,1.0,13.0,6.0
65,6,0,7,3232235836,816.0,7.0,13.0,6.0
65,0,0,7,3232235836,1661.0,3.0,13.0,6.0
65,8,0,6,3232235836,439.0,1.0,13.0,6.0
45,7,1,4,3232235925,976.0,1.0,14.0,6.0
45,6,0,4,3232235925,525.0,8.0,14.0,6.0
45,0,0,4,3232235925,3791.0,3.0,14.0,6.0
45,8,0,4,3232235925,252.0,1.0,14.0,6.0
26,6,0,8,3232235885,5992.0,8.0,14.0,6.0
26,0,0,8,3232235885,2772.0,2.0,14.0,6.0
26,8,0,8,3232235885,539.0,1.0,14.0,6.0
45,7,0,4,3232235925,1941.0,1.0,16.0,6.0
45,6,0,4,3232235925,33691.0,7.0,16.0,6.0
45,0,0,4,3232235925,4124.0,3.0,16.0,6.0
45,8,0,4,3232235925,1237.0,1.0,16.0,6.0
6,7,0,4,3232235840,1280.0,1.0,3.0,0.0
79,7,0,8,3232235880,926.0,1.0,4.0,0.0
56,7,0,1,3232235949,1968.0,1.0,5.0,0.0
66,7,0,7,3232235984,78.0,1.0,8.0,0.0
66,6,0,7,3232235984,1187.0,3.0,8.0,0.0
66,0,0,7,3232235984,4132.0,1.0,8.0,0.0
66,8,0,7,3232235984,764.0,1.0,8.0,0.0
76,7,0,8,3232235915,863.0,1.0,8.0,0.0
76,6,0,8,3232235915,3660.0,2.0,8.0,0.0
76,0,0,8,3232235915,4300.0,7.0,8.0,0.0
76,8,0,8,3232235915,1070.0,88.0,8.0,0.0
77,7,0,4,3232235969,16.0,1.0,10.0,0.0
77,6,0,4,3232235969,2011.0,3.0,10.0,0.0
77,0,0,4,3232235969,3864.0,10.0,10.0,0.0
77,8,0,4,3232235969,1469.0,1.0,10.0,0.0
8,7,0,1,3232235813,1880.0,1.0,12.0,0.0
8,6,0,1,3232235813,3518.0,9.0,12.0,0.0
8,0,0,1,135399908,5366.0,5.0,12.0,0.0
8,8,0,1,3232235813,1115.0,1.0,12.0,0.0
66,7,0,7,3232235984,1686.0,1.0,13.0,0.0
66,6,0,7,3232235984,943.0,6.0,13.0,0.0
66,0,0,7,3232235984,3263.0,2.0,13.0,0.0
66,8,0,7,3232235984,469.0,1.0,13.0,0.0
79,6,0,8,3232235880,2267.0,7.0,14.0,0.0
79,0,0,8,3232235880,696.0,9.0,14.0,0.0
79,8,0,8,3232235880,286.0,1.0,14.0,0.0
6,6,0,4,3022442498,4787.0,5.0,16.0,0.0
6,5,0,4,3232235840,1448.0,1.0,16.0,0.0
6,2,0,4,3232235840,10875.0,7.0,16.0,0.0
6,9,0,4,3232235840,1108.0,1.0,16.0,0.0
6,8,0,4,3232235840,1083.0,1.0,16.0,0.0
56,6,0,1,3232235949,4054.0,8.0,16.0,0.0
56,0,0,1,3232235949,2729.0,6.0,16.0,0.0
56,8,0,1,3232235949,1242.0,1.0,16.0,0.0
45,7,0,4,3232235925,1870.0,1.0,9.0,1.0
45,6,0,4,3232235925,1874.0,10.0,9.0,1.0
45,0,0,4,3232235925,5474.0,2.0,9.0,1.0
45,8,0,4,3232235925,535.0,1.0,9.0,1.0
71,7,1,4,3232235832,1427.0,44.0,9.0,1.0
71,6,0,4,3232235832,1046.0,100.0,9.0,1.0
71,0,0,4,3232235832,593.0,10.0,9.0,1.0
71,8,0,4,3232235832,1465.0,1.0,9.0,1.0
29,7,0,7,3232235972,1026.0,1.0,10.0,1.0
29,6,0,7,3232235972,630.0,10.0,10.0,1.0
29,0,0,7,3020437221,5335.0,7.0,10.0,1.0
29,8,0,7,3232235972,546.0,1.0,10.0,1.0
37,7,0,4,3232235932,1532.0,1.0,11.0,1.0
37,6,0,4,3232235932,5695.0,10.0,11.0,1.0
37,0,0,4,3232235932,2329.0,1.0,11.0,1.0
37,8,0,4,3232235932,1339.0,1.0,11.0,1.0
68,7,1,4,3232235794,1000.0,1.0,11.0,1.0
68,6,0,4,3232235794,1847.0,4.0,11.0,1.0
68,0,0,4,3232235794,3361.0,7.0,11.0,1.0
68,8,0,4,3232235794,1186.0,1.0,11.0,1.0
80,7,0,4,3232235834,661.0,1.0,12.0,1.0
80,6,0,4,3232235834,2050.0,9.0,12.0,1.0
80,0,0,4,3232235834,2550.0,1.0,12.0,1.0
80,8,0,4,3232235834,1470.0,1.0,12.0,1.0
30,7,0,1,3023932971,1516.0,1.0,13.0,1.0
30,6,0,1,3232235956,2564.0,4.0,13.0,1.0
30,0,0,1,3232235956,2108.0,2.0,13.0,1.0
30,8,0,1,3232235956,1217.0,1.0,13.0,1.0
74,7,0,4,3232235813,672.0,1.0,13.0,1.0
74,6,0,4,3232235813,2237.0,6.0,13.0,1.0
74,0,0,4,3232235813,2616.0,6.0,13.0,1.0
74,8,0,4,3232235813,772.0,1.0,13.0,1.0
59,7,0,1,3232235914,1907.0,1.0,16.0,1.0
59,6,0,1,3232235914,1193.0,5.0,16.0,1.0
59,0,0,1,3232235914,5997.0,10.0,16.0,1.0
59,8,0,1,3232235914,1150.0,1.0,16.0,1.0
78,7,0,8,1925621301,729.0,1.0,7.0,2.0
78,6,0,8,3232235887,2559.0,6.0,7.0,2.0
60,7,0,1,3232235819,1080.0,1.0,7.0,2.0
60,6,0,1,3232235819,3733.0,6.0,7.0,2.0
78,0,0,8,3232235887,5552.0,8.0,7.0,2.0
60,0,0,1,3232235819,1583.0,9.0,7.0,2.0
78,8,0,8,3232235887,288.0,1.0,7.0,2.0
60,8,0,1,3232235819,284.0,1.0,7.0,2.0
32,7,0,4,3232235817,907.0,1.0,10.0,2.0
32,6,0,4,3232235817,5011.0,5.0,10.0,2.0
32,0,0,4,3232235817,4508.0,6.0,10.0,2.0
32,8,0,4,3232235817,797.0,1.0,10.0,2.0
54,7,0,4,3232235819,431.0,1.0,13.0,2.0
54,6,0,4,3232235819,672.0,10.0,13.0,2.0
54,5,0,4,3232235819,5037.0,4.0,13.0,2.0
54,2,0,4,3232235819,11141.0,4.0,13.0,2.0
54,9,0,4,3232235819,1117.0,49.0,13.0,2.0
54,8,0,4,3232235819,1492.0,1.0,13.0,2.0
21,7,0,7,3232235785,744.0,1.0,7.0,3.0
21,6,0,7,3232235785,2211.0,6.0,7.0,3.0
21,0,0,7,3036228144,2983.0,1.0,7.0,3.0
21,8,0,7,3232235785,633.0,1.0,7.0,3.0
52,7,0,7,3232235875,1721.0,1.0,9.0,3.0
52,6,0,7,3232235875,1445.0,6.0,9.0,3.0
52,0,0,7,3232235875,5106.0,8.0,9.0,3.0
52,8,0,7,3232235875,1393.0,1.0,9.0,3.0
28,7,0,8,3232235849,762.0,1.0,10.0,3.0
28,6,0,8,3232235849,1172.0,9.0,10.0,3.0
28,0,0,8,3232235849,3828.0,7.0,10.0,3.0
28,8,0,8,3232235849,835.0,1.0,10.0,3.0
48,7,0,1,3232235975,880.0,1.0,11.0,3.0
48,6,0,1,3232235975,3107.0,10.0,11.0,3.0
48,5,0,1,3232235975,6951.0,7.0,11.0,3.0
48,2,0,1,3232235975,2320.0,1.0,11.0,3.0
48,9,0,1,3232235975,1087.0,2.0,12.0,3.0
48,8,0,1,3232235975,5.0,1.0,12.0,3.0
69,7,0,1,3232236011,1539.0,1.0,12.0,3.0
69,6,0,1,3232236011,3618.0,4.0,12.0,3.0
69,0,0,1,3232236011,2102.0,6.0,12.0,3.0
69,8,0,1,3232236011,734.0,1.0,12.0,3.0
83,7,0,7,3232235998,1299.0,1.0,12.0,3.0
83,6,0,7,3232235998,2070.0,10.0,12.0,3.0
83,0,0,7,3232235998,5420.0,1.0,12.0,3.0
83,8,0,7,3232235998,738.0,1.0,12.0,3.0
32,7,0,4,3232235817,1322.0,1.0,13.0,3.0
32,6,0,4,3232235817,2657.0,2.0,13.0,3.0
32,0,0,3,3232235817,1169.0,7.0,13.0,3.0
32,8,0,4,3232235817,230.0,1.0,13.0,3.0
50,7,0,7,3232235996,1862.0,1.0,13.0,3.0
50,6,0,7,3232235996,3518.0,4.0,13.0,3.0
50,0,0,7,3232235996,1786.0,4.0,13.0,3.0
50,8,0,7,3232235996,1163.0,1.0,13.0,3.0
24,7,0,8,3232235784,482.0,1.0,15.0,3.0
24,6,0,8,3232235784,1147.0,6.0,15.0,3.0
24,0,0,8,3232235784,4828.0,2.0,15.0,3.0
24,8,0,8,3232235784,979.0,1.0,15.0,3.0
49,7,0,4,3232236030,958.0,1.0,5.0,4.0
58,7,0,7,3232235933,694.0,1.0,7.0,4.0
58,6,0,7,3232235933,1341.0,1.0,7.0,4.0
58,0,0,7,3232235933,5375.0,2.0,7.0,4.0
58,8,0,7,3232235933,1414.0,1.0,7.0,4.0
70,7,0,8,3232236002,654.0,1.0,7.0,4.0
70,6,0,8,3232236002,2958.0,4.0,7.0,4.0
70,0,0,8,3232236002,3235.0,4.0,7.0,4.0
27,7,0,1,3232235892,1612.0,1.0,8.0,4.0
70,8,0,8,3232236002,895.0,1.0,8.0,4.0
27,6,0,1,3232235892,3018.0,2.0,8.0,4.0
27,0,0,1,3232235892,4636.0,1.0,8.0,4.0
27,8,0,1,3232235892,740.0,1.0,8.0,4.0
29,7,0,7,3232235972,1202.0,1.0,8.0,4.0
29,6,0,7,3232235972,3824.0,1.0,8.0,4.0
29,0,0,7,3232235972,1847.0,5.0,8.0,4.0
29,8,0,7,3232235972,797.0,1.0,8.0,4.0
28,7,0,8,3232235849,1691.0,1.0,9.0,4.0
28,6,0,8,3232235849,1227.0,8.0,9.0,4.0
28,0,0,8,3232235849,891.0,8.0,9.0,4.0
28,8,0,8,3232235849,650.0,1.0,9.0,4.0
49,6,0,4,3232236030,3033.0,5.0,13.0,4.0
49,0,0,4,3232236030,1868.0,6.0,13.0,4.0
49,8,0,4,3232236030,509.0,1.0,13.0,4.0
56,7,0,1,3232235949,1010.0,1.0,14.0,4.0
56,6,0,1,3232235949,5987.0,10.0,14.0,4.0
56,0,0,1,3232235949,720.0,4.0,14.0,4.0
56,8,0,1,3232235949,1446.0,1.0,14.0,4.0
71,7,0,4,3232235832,1750.0,1.0,15.0,4.0
71,6,0,4,3232235832,3532.0,6.0,15.0,4.0
71,0,0,4,3232235832,1536.0,4.0,15.0,4.0
71,8,0,4,3232235832,1186.0,1.0,15.0,4.0
72,7,0,0,3232235879,573.0,1.0,16.0,4.0
72,6,0,0,3232235879,917.0,7.0,16.0,4.0
72,0,0,0,3232235879,4559.0,7.0,16.0,4.0
72,8,0,0,3232235879,549.0,1.0,16.0,4.0
25,7,0,8,3232235828,1408.0,1.0,16.0,4.0
25,6,0,8,3232235828,5558.0,2.0,16.0,4.0
25,0,0,8,3232235828,2423.0,5.0,16.0,4.0
25,8,0,8,3232235828,665.0,1.0,16.0,4.0
83,7,0,7,3232235998,819.0,1.0,1.0,5.0
79,7,0,8,3232235880,1149.0,1.0,4.0,5.0
65,7,0,7,3232235836,1226.0,1.0,5.0,5.0
76,7,1,8,3232235915,582.0,1.0,7.0,5.0
76,6,0,8,3232235915,4419.0,8.0,7.0,5.0
76,0,0,8,3232235915,692.0,3.0,7.0,5.0
76,8,0,8,3232235915,1075.0,1.0,7.0,5.0
79,6,0,8,3232235880,2995.0,3.0,7.0,5.0
79,0,0,8,3232235880,4719.0,10.0,7.0,5.0
79,8,0,8,3232235880,1231.0,1.0,7.0,5.0
60,7,0,1,3232235819,469.0,1.0,9.0,5.0
60,6,0,1,3232235819,4269.0,6.0,9.0,5.0
60,0,0,1,3232235819,664.0,2.0,9.0,5.0
60,8,0,1,3232235819,372.0,1.0,9.0,5.0
18,7,0,7,3232235951,6530.0,1.0,10.0,5.0
18,6,0,7,3232235951,779.0,5.0,10.0,5.0
8,7,0,1,3232235813,972.0,1.0,10.0,5.0
8,6,0,1,3232235813,1551.0,97.0,10.0,5.0
8,0,0,1,3232235813,4407.0,4.0,10.0,5.0
18,0,0,7,3232235951,979.0,7.0,10.0,5.0
8,8,0,1,3232235813,1378.0,1.0,10.0,5.0
18,8,0,7,3232235951,494.0,1.0,10.0,5.0
37,7,0,4,3232235932,478.0,1.0,10.0,5.0
26,7,0,8,3232235885,1190.0,1.0,10.0,5.0
26,6,0,8,3232235885,1926.0,7.0,10.0,5.0
37,6,0,4,3232235932,3200.0,3.0,10.0,5.0
26,0,0,8,3232235885,946.0,10.0,10.0,5.0
37,0,0,4,3232235932,3159.0,6.0,10.0,5.0
37,8,0,4,3232235932,1237.0,1.0,10.0,5.0
26,8,0,8,3232235885,624.0,1.0,10.0,5.0
40,7,0,0,3232235915,1460.0,1.0,11.0,5.0
40,6,0,0,3232235915,3860.0,7.0,12.0,5.0
40,0,0,0,3232235915,734.0,42.0,12.0,5.0
40,8,0,0,759229897,672.0,1.0,12.0,5.0
65,6,0,7,3232235836,1275.0,8.0,12.0,5.0
65,0,0,7,3232235836,1334.0,3.0,12.0,5.0
65,8,0,7,3232235836,448.0,1.0,12.0,5.0
83,6,0,7,3232235998,743.0,4.0,13.0,5.0
83,0,0,7,3232235998,1487.0,9.0,13.0,5.0
83,8,0,7,3232235998,211.0,1.0,13.0,5.0
83,7,0,7,3021448861,1521.0,1.0,14.0,5.0
83,6,0,7,3232235998,1859.0,2.0,14.0,5.0
83,0,0,7,3232235998,2488.0,6.0,14.0,5.0
83,8,0,7,3232235998,1381.0,1.0,14.0,5.0
81,7,0,1,3232235908,622.0,1.0,16.0,5.0
81,6,0,1,3232235908,4178.0,7.0,16.0,5.0
81,0,0,1,3232235908,1910.0,10.0,16.0,5.0
81,8,0,1,3232235908,1111.0,1.0,16.0,5.0
64,7,0,4,3232235993,1393.0,1.0,0.0,6.0
75,7,0,1,3232235968,1938.0,1.0,3.0,6.0
35,7,1,7,3232235875,620.0,1.0,3.0,6.0
49,7,0,4,3232236030,1770.0,1.0,3.0,6.0
47,7,0,7,3232235789,1934.0,1.0,8.0,6.0
47,6,0,7,3232235789,4705.0,2.0,8.0,6.0
47,0,0,7,3232235789,4301.0,8.0,8.0,6.0
47,8,0,7,3232235789,1478.0,1.0,8.0,6.0
84,7,0,7,3232235817,550.0,1.0,10.0,6.0
84,1,0,7,3232235817,1115.0,4.0,10.0,6.0
84,4,0,7,3232235817,1560.0,2.0,10.0,6.0
84,3,0,7,3232235817,6341.0,9.0,10.0,6.0
84,8,0,7,3232235817,1021.0,1.0,10.0,6.0
29,7,0,7,3232235972,1289.0,1.0,11.0,6.0
29,6,0,7,3232235972,2668.0,4.0,11.0,6.0
29,0,0,7,3232235972,518.0,10.0,11.0,6.0
29,8,0,7,3232235972,1006.0,1.0,11.0,6.0
55,7,0,4,3232235868,1345.0,1.0,12.0,6.0
55,6,0,4,3232235868,1544.0,5.0,12.0,6.0
55,5,0,4,3232235868,1011.0,6.0,12.0,6.0
55,2,0,4,3232235868,10492.0,1.0,12.0,6.0
55,9,0,4,3232235868,1013.0,9.0,12.0,6.0
55,8,0,4,3232235868,935.0,1.0,12.0,6.0
35,6,0,7,3232235875,1314.0,9.0,13.0,6.0
35,0,0,7,3232235875,5733.0,9.0,13.0,6.0
35,8,0,7,3232235875,1115.0,1.0,13.0,6.0
64,6,0,4,3232235993,3727.0,10.0,14.0,6.0
64,0,0,4,3232235993,5123.0,1.0,14.0,6.0
64,8,0,4,3232235993,371.0,1.0,14.0,6.0
62,7,0,4,3232236014,1309.0,1.0,16.0,6.0
62,6,0,4,3232236014,3464.0,5.0,16.0,6.0
62,0,0,4,3232236014,2573.0,6.0,16.0,6.0
62,8,0,4,3232236014,648.0,1.0,16.0,6.0
86,7,0,0,3232235930,1614.0,1.0,16.0,6.0
86,6,0,0,3232235930,3226.0,1.0,16.0,6.0
86,0,0,0,3232235930,2441.0,8.0,16.0,6.0
86,8,0,0,3232235930,915.0,1.0,16.0,6.0
75,6,0,1,3232235968,2042.0,8.0,16.0,6.0
75,0,0,1,3232235968,1215.0,2.0,16.0,6.0
81,7,0,1,3232235908,375.0,1.0,16.0,6.0
81,6,0,1,3232235908,4505.0,1.0,16.0,6.0
75,8,0,1,3232235968,1000.0,1.0,16.0,6.0
81,0,0,1,3232235908,4360.0,10.0,16.0,6.0
81,8,0,1,3232235908,293.0,1.0,16.0,6.0
49,6,0,4,3232236030,4819.0,3.0,16.0,6.0
49,0,0,4,3232236030,3774.0,3.0,16.0,6.0
49,8,0,4,3232236030,1438.0,1.0,17.0,6.0
28,7,1,8,3232235849,1315.0,1.0,7.0,0.0
28,6,0,8,3232235849,1868.0,3.0,7.0,0.0
28,0,0,8,3232235849,1485.0,2.0,7.0,0.0
28,8,0,8,3232235849,954.0,1.0,7.0,0.0
79,7,0,8,3232235880,1339.0,1.0,7.0,0.0
79,6,0,8,3232235880,3614.0,9.0,7.0,0.0
79,0,0,8,3232235880,3357.0,7.0,7.0,0.0
79,8,0,8,3232235880,223.0,1.0,7.0,0.0
60,7,1,1,3232235819,1488.0,1.0,8.0,0.0
60,6,0,1,3232235819,3417.0,8.0,8.0,0.0
60,0,0,1,3232235819,627.0,10.0,8.0,0.0
60,8,0,1,3232235819,1385.0,1.0,8.0,0.0
46,7,0,1,3232235958,1745.0,1.0,10.0,0.0
38,7,0,4,3232235984,1445.0,1.0,10.0,0.0
38,6,0,4,3232235984,1073.0,9.0,10.0,0.0
38,0,0,4,3232235984,4069.0,10.0,10.0,0.0
46,6,0,1,3232235958,1958.0,5.0,10.0,0.0
46,0,0,1,3232235958,1650.0,10.0,10.0,0.0
46,8,0,1,3232235958,846.0,1.0,10.0,0.0
38,8,0,4,3232235984,821.0,1.0,10.0,0.0
56,7,0,1,3232235949,1897.0,1.0,12.0,0.0
56,6,0,1,3232235949,5946.0,1.0,12.0,0.0
56,0,0,1,3232235949,748.0,2.0,12.0,0.0
56,8,0,2,3232235949,860.0,1.0,12.0,0.0
33,7,0,1,3232236023,1503.0,1.0,12.0,0.0
33,6,0,1,3232236023,1081.0,10.0,12.0,0.0
33,0,0,1,3232236023,1021.0,9.0,12.0,0.0
33,8,0,3,3232236023,1047.0,1.0,12.0,0.0
62,7,0,4,3232236014,593.0,1.0,14.0,0.0
62,6,0,4,3232236014,3175.0,10.0,14.0,0.0
62,0,0,4,3232236014,3451.0,6.0,14.0,0.0
62,8,0,4,3232236014,1035.0,1.0,14.0,0.0
29,7,0,7,3232235972,1944.0,1.0,14.0,0.0
29,6,0,7,3232235972,3310.0,10.0,14.0,0.0
29,0,0,7,3232235972,1941.0,6.0,14.0,0.0
29,8,0,7,3232235972,273.0,1.0,14.0,0.0
36,7,0,7,3232235869,770.0,1.0,15.0,0.0
36,6,0,7,3232235869,953.0,8.0,15.0,0.0
36,0,0,7,3232235869,4879.0,6.0,15.0,0.0
36,8,0,7,3232235869,798.0,1.0,15.0,0.0
65,7,0,7,3232235836,478.0,1.0,7.0,1.0
65,6,0,7,3232235836,3847.0,7.0,7.0,1.0
65,0,0,7,3232235836,938.0,4.0,7.0,1.0
65,8,0,7,3232235836,254.0,1.0,7.0,1.0
26,7,0,8,3232235885,1252.0,1.0,7.0,1.0
26,6,0,8,3232235885,1527.0,10.0,7.0,1.0
26,0,0,8,3232235885,2825.0,6.0,7.0,1.0
26,8,0,8,3232235885,1118.0,1.0,7.0,1.0
47,7,0,7,3232235789,1467.0,1.0,8.0,1.0
47,6,0,7,3232235789,4846.0,10.0,8.0,1.0
47,0,0,7,3232235789,4307.0,1.0,8.0,1.0
47,8,0,7,3232235789,423.0,1.0,8.0,1.0
8,7,0,1,3232235813,1902.0,1.0,9.0,1.0
8,6,0,1,3232235813,1026.0,8.0,9.0,1.0
8,0,0,1,3232235813,2250.0,3.0,9.0,1.0
8,8,0,1,3232235813,1242.0,1.0,9.0,1.0
77,7,0,4,3232235969,569.0,1.0,9.0,1.0
77,6,0,4,3232235969,1383.0,1.0,9.0,1.0
77,0,0,4,3232235969,1533.0,3.0,9.0,1.0
77,8,0,4,3232235969,904.0,1.0,9.0,1.0
78,7,0,8,3232235887,1163.0,1.0,10.0,1.0
78,6,0,8,3232235887,2483.0,2.0,10.0,1.0
78,0,0,8,3232235887,4351.0,10.0,10.0,1.0
78,8,0,8,3232235887,1279.0,1.0,10.0,1.0
66,7,0,7,3232235984,1658.0,1.0,11.0,1.0
66,6,0,7,3232235984,3696.0,7.0,11.0,1.0
66,0,0,7,3232235984,5575.0,6.0,11.0,1.0
66,8,0,7,3232235984,1135.0,1.0,11.0,1.0
49,7,1,4,3232236030,1237.0,1.0,12.0,1.0
31,7,0,0,3232235865,727.0,1.0,12.0,1.0
31,6,0,0,3232235865,5953.0,3.0,12.0,1.0
31,0,0,0,3232235865,4397.0,7.0,12.0,1.0
49,6,0,4,3232236030,5207.0,2.0,12.0,1.0
31,8,0,0,3232235865,409.0,1.0,12.0,1.0
49,0,0,4,3232236030,2680.0,5.0,12.0,1.0
49,8,0,4,3232236030,1285.0,1.0,12.0,1.0
6,7,0,4,3232235840,11232.0,1.0,12.0,1.0
6,6,0,4,3232235840,3277.0,6.0,12.0,1.0
6,5,0,4,3232235840,2586.0,3.0,12.0,1.0
6,2,0,4,3232235840,8648.0,2.0,12.0,1.0
6,9,0,4,3232235840,1452.0,4.0,12.0,1.0
6,8,0,4,3232235840,10232.0,1.0,13.0,1.0
26,7,0,8,1924751975,1877.0,1.0,13.0,1.0
26,6,0,8,3232235885,2533.0,3.0,13.0,1.0
26,0,0,8,3232235885,1656.0,3.0,13.0,1.0
26,8,0,8,3232235885,735.0,1.0,13.0,1.0
20,7,0,8,3232235886,453.0,1.0,14.0,1.0
20,6,0,6,3232235886,5144.0,8.0,14.0,1.0
20,0,0,6,3232235886,1297.0,1.0,14.0,1.0
20,8,0,8,3232235886,492.0,183.0,14.0,1.0
65,7,0,7,3232235836,1153.0,1.0,0.0,2.0
60,7,0,1,3232235819,758.0,1.0,1.0,2.0
21,7,0,7,3232235785,1438.0,1.0,9.0,2.0
45,7,0,4,3232235925,1171.0,1.0,9.0,2.0
21,6,0,7,3232235785,2862.0,2.0,9.0,2.0
45,6,0,4,3232235925,5289.0,6.0,9.0,2.0
21,0,0,7,3232235785,2868.0,1.0,9.0,2.0
45,0,0,4,3232235925,3783.0,2.0,9.0,2.0
21,8,0,7,3232235785,595.0,1.0,9.0,2.0
45,8,0,4,3232235925,475.0,1.0,9.0,2.0
56,7,1,1,3232235949,1930.0,1.0,11.0,2.0
56,6,0,1,3232235949,5124.0,8.0,11.0,2.0
56,0,0,1,3232235949,5785.0,1.0,11.0,2.0
56,8,0,1,3232235949,669.0,1.0,11.0,2.0
34,7,0,4,3232235804,1464.0,1.0,12.0,2.0
34,6,0,4,3232235804,5013.0,2.0,12.0,2.0
34,0,0,4,3232235804,869.0,9.0,12.0,2.0
34,8,0,4,3232235804,420.0,1.0,12.0,2.0
65,6,0,7,3232235836,569.0,5.0,12.0,2.0
65,0,0,7,3232235836,5802.0,10.0,12.0,2.0
65,8,0,7,3232235836,971.0,1.0,12.0,2.0
55,7,0,4,3232235868,1244.0,1.0,13.0,2.0
55,6,0,4,3232235868,5078.0,1.0,13.0,2.0
55,5,0,4,3232235868,6781.0,7.0,13.0,2.0
55,2,0,4,1740934682,2948.0,3.0,13.0,2.0
55,9,0,4,3028096663,5954.0,4.0,13.0,2.0
55,8,0,4,3232235868,1388.0,1.0,13.0,2.0
43,7,0,8,3232235853,759.0,1.0,14.0,2.0
43,6,0,8,3232235853,2808.0,6.0,14.0,2.0
43,0,0,8,3232235853,1124.0,10.0,14.0,2.0
43,8,0,8,3232235853,883.0,1.0,14.0,2.0
19,7,0,8,3232235800,449.0,1.0,14.0,2.0
19,6,0,8,3232235800,3900.0,2.0,14.0,2.0
19,0,0,8,3232235800,4060.0,4.0,14.0,2.0
19,8,0,8,3232235800,540.0,1.0,14.0,2.0
58,7,0,7,3232235933,1384.0,1.0,14.0,2.0
58,6,0,7,3232235933,3294.0,6.0,14.0,2.0
58,0,0,7,3232235933,1549.0,6.0,14.0,2.0
58,8,0,7,3232235933,1357.0,1.0,14.0,2.0
76,7,0,8,3232235915,689.0,1.0,16.0,2.0
76,6,0,8,3232235915,3981.0,9.0,16.0,2.0
76,0,0,8,3232235915,3326.0,4.0,16.0,2.0
76,8,0,8,3232235915,1281.0,1.0,16.0,2.0
60,6,0,1,3232235819,2919.0,3.0,17.0,2.0
60,0,0,1,3232235819,4502.0,4.0,17.0,2.0
60,8,0,1,3232235819,1142.0,1.0,17.0,2.0
86,7,0,0,3232235930,474.0,1.0,8.0,3.0
86,6,0,0,3232235930,1941.0,6.0,8.0,3.0
86,0,0,0,3232235930,2903.0,10.0,8.0,3.0
86,8,0,0,3232235930,1439.0,1.0,8.0,3.0
78,7,0,8,3232235887,1120.0,1.0,10.0,3.0
78,6,0,8,3232235887,2190.0,10.0,10.0,3.0
78,0,0,8,3232235887,5723.0,3.0,10.0,3.0
78,8,0,8,3232235887,229.0,1.0,10.0,3.0
80,7,0,4,145877187,1990.0,1.0,13.0,3.0
80,6,0,4,3232235834,5358.0,4.0,13.0,3.0
80,0,0,4,3232235834,4141.0,7.0,13.0,3.0
80,8,0,4,3232235834,1250.0,1.0,13.0,3.0
6,7,0,4,3232235840,1853.0,1.0,14.0,3.0
6,6,0,4,3035144579,3669.0,3.0,14.0,3.0
6,5,0,4,3232235840,6797.0,9.0,14.0,3.0
6,2,0,4,3232235840,8037.0,7.0,14.0,3.0
6,9,0,4,3232235840,1129.0,4.0,14.0,3.0
6,8,0,6,3232235840,831.0,1.0,14.0,3.0
31,7,0,0,3232235865,422.0,1.0,14.0,3.0
31,6,0,0,3232235865,1412.0,6.0,14.0,3.0
31,0,0,0,3232235865,5614.0,5.0,14.0,3.0
31,8,0,0,3232235865,782.0,1.0,14.0,3.0
80,7,0,4,3232235834,569.0,1.0,15.0,3.0
80,6,0,4,3232235834,1981.0,5.0,15.0,3.0
80,0,0,4,3232235834,4377.0,8.0,15.0,3.0
80,8,0,4,3232235834,1200.0,1.0,15.0,3.0
26,7,0,8,3232235885,519.0,1.0,16.0,3.0
26,6,0,8,3232235885,4075.0,6.0,16.0,3.0
26,0,0,8,3232235885,1158.0,8.0,16.0,3.0
26,8,0,8,3232235885,1201.0,1.0,16.0,3.0
63,7,0,8,3232235834,1101.0,1.0,0.0,4.0
59,7,0,1,3232235914,800.0,1.0,11.0,4.0
59,6,0,1,3232235914,5609.0,6.0,11.0,4.0
59,0,0,1,3232235914,14697.0,5.0,11.0,4.0
59,8,0,1,3232235914,857.0,1.0,11.0,4.0
37,7,0,4,3232235932,780.0,1.0,11.0,4.0
37,6,0,4,3232235932,4466.0,9.0,11.0,4.0
37,0,0,4,3232235932,5881.0,3.0,11.0,4.0
37,8,0,4,3232235932,814.0,1.0,11.0,4.0
63,6,0,8,3232235834,1991.0,10.0,12.0,4.0
63,0,0,8,3232235834,51.0,10.0,12.0,4.0
63,8,0,8,3232235834,652.0,1.0,12.0,4.0
67,7,0,4,3232235880,1141.0,1.0,13.0,4.0
67,6,0,4,3232235880,3028.0,6.0,13.0,4.0
67,0,0,4,3232235880,1378.0,4.0,13.0,4.0
67,8,0,4,3232235880,1078.0,1.0,13.0,4.0
34,7,0,4,3232235804,1927.0,1.0,14.0,4.0
34,6,0,4,3232235804,4969.0,8.0,14.0,4.0
34,0,0,4,3232235804,3064.0,4.0,14.0,4.0
34,8,0,4,3232235804,859.0,1.0,14.0,4.0
28,7,0,8,3232235849,1782.0,1.0,14.0,4.0
28,6,0,8,3232235849,4903.0,1.0,14.0,4.0
28,0,0,8,3232235849,930.0,5.0,14.0,4.0
28,8,0,8,1738028941,288.0,1.0,14.0,4.0
67,7,0,4,3232235880,371.0,1.0,16.0,4.0
67,6,0,4,3232235880,5455.0,8.0,16.0,4.0
67,0,0,4,3232235880,2142.0,6.0,16.0,4.0
67,8,0,4,3232235880,1225.0,1.0,16.0,4.0
23,7,0,1,3232235907,483.0,1.0,3.0,5.0
49,7,0,4,3232236030,1552.0,1.0,4.0,5.0
66,7,0,7,3232235984,1896.0,1.0,8.0,5.0
66,6,0,7,3232235984,5917.0,3.0,8.0,5.0
66,0,0,7,3232235984,4453.0,1.0,8.0,5.0
66,8,0,7,3232235984,985.0,1.0,8.0,5.0
23,6,0,1,3232235907,949.0,2.0,9.0,5.0
23,0,0,1,3232235907,3830.0,5.0,9.0,5.0
23,8,0,1,3232235907,497.0,1.0,9.0,5.0
51,7,0,1,3232235999,1895.0,1.0,11.0,5.0
51,6,0,1,3232235999,5259.0,7.0,11.0,5.0
51,0,0,1,3232235999,1988.0,5.0,11.0,5.0
51,8,0,1,3232235999,1752.0,1.0,11.0,5.0
28,7,0,8,3232235849,492.0,1.0,11.0,5.0
28,6,0,8,3232235849,2219.0,3.0,11.0,5.0
28,0,0,8,3232235849,1322.0,10.0,11.0,5.0
28,8,0,8,3232235849,415.0,1.0,11.0,5.0
35,7,1,7,3232235875,993.0,1.0,11.0,5.0
35,6,0,7,3232235875,2533.0,10.0,11.0,5.0
35,0,0,7,3232235875,1221.0,7.0,11.0,5.0
35,8,0,7,3232235875,1184.0,1.0,11.0,5.0
49,6,0,3,3232236030,4682.0,9.0,13.0,5.0
49,0,0,4,3232236030,5875.0,1.0,13.0,5.0
49,8,0,4,3232236030,1006.0,1.0,14.0,5.0
61,7,0,0,3232235875,328.0,1.0,14.0,5.0
61,6,0,0,3232235875,1416.0,1.0,14.0,5.0
61,0,0,0,3232235875,2041.0,1.0,14.0,5.0
61,8,0,0,3232235875,628.0,1.0,14.0,5.0
48,7,0,1,3232235975,1581.0,1.0,14.0,5.0
48,6,0,1,3232235975,3890.0,8.0,14.0,5.0
48,5,0,1,3232235975,4059.0,5.0,15.0,5.0
48,2,1,1,3232235975,1744.0,4.0,15.0,5.0
48,9,0,1,3232235975,3414.0,4.0,15.0,5.0
48,8,0,1,3232235975,1382.0,1.0,15.0,5.0
39,7,0,7,3232235964,1814.0,1.0,15.0,5.0
39,6,0,7,3232235964,1899.0,4.0,15.0,5.0
39,0,0,7,3232235964,1320.0,6.0,15.0,5.0
39,8,0,7,3232235964,874.0,1.0,15.0,5.0
20,7,0,8,3232235886,809.0,1.0,15.0,5.0
20,6,0,8,3232235886,4595.0,2.0,15.0,5.0
20,0,0,8,3232235886,5567.0,6.0,15.0,5.0
20,8,0,8,3232235886,1480.0,1.0,15.0,5.0
85,7,0,1,3232235980,1840.0,1.0,16.0,5.0
85,6,0,1,3232235980,3055.0,169.0,16.0,5.0
85,5,0,1,3232235980,1261.0,6.0,17.0,5.0
85,2,0,1,3232235980,5908.0,1.0,17.0,5.0
85,9,0,1,3232235980,3242.0,2.0,17.0,5.0
85,8,0,1,3232235980,393.0,1.0,17.0,5.0
57,7,0,4,3232235957,1614.0,1.0,7.0,6.0
57,6,0,4,3232235957,1361.0,6.0,7.0,6.0
57,0,0,4,3232235957,4151.0,6.0,7.0,6.0
57,8,0,4,3232235957,470.0,1.0,7.0,6.0
34,7,0,4,3232235804,1685.0,1.0,10.0,6.0
34,6,0,4,3232235804,4138.0,10.0,10.0,6.0
34,0,0,4,3232235804,2834.0,8.0,10.0,6.0
34,8,0,4,3232235804,679.0,1.0,10.0,6.0
26,7,0,8,3232235885,1030.0,1.0,11.0,6.0
26,6,0,8,3232235885,3032.0,7.0,11.0,6.0
26,0,0,8,3232235885,560.0,4.0,11.0,6.0
26,8,0,5,3232235885,317.0,1.0,11.0,6.0
48,7,0,1,3232235975,1130.0,1.0,11.0,6.0
48,6,0,1,3232235975,1461.0,5.0,11.0,6.0
48,5,0,1,3232235975,3510.0,10.0,11.0,6.0
48,2,0,1,3232235975,5118.0,4.0,11.0,6.0
48,9,0,1,3232235975,3188.0,8.0,11.0,6.0
48,8,0,1,3232235975,513.0,1.0,11.0,6.0
84,7,0,7,3232235817,1960.0,1.0,12.0,6.0
84,1,0,7,3232235817,3601.0,1.0,12.0,6.0
84,4,0,7,3232235817,2576.0,6.0,12.0,6.0
84,3,0,7,3232235817,9800.0,5.0,12.0,6.0
84,8,0,7,3232235817,1333.0,1.0,12.0,6.0
19,7,0,8,3232235800,1382.0,1.0,13.0,6.0
19,6,0,8,3232235800,766.0,10.0,14.0,6.0
19,0,0,8,3232235800,2445.0,1.0,14.0,6.0
19,8,0,8,3232235800,909.0,1.0,14.0,6.0
75,7,0,1,3232235968,953.0,1.0,14.0,6.0
75,6,0,1,3232235968,2565.0,6.0,14.0,6.0
75,0,0,1,3232235968,2468.0,9.0,15.0,6.0
75,8,0,1,3232235968,972.0,1.0,15.0,6.0
75,7,0,1,3232235968,1593.0,1.0,15.0,6.0
75,6,0,1,3232235968,2561.0,5.0,15.0,6.0
75,0,0,1,3232235968,2722.0,5.0,15.0,6.0
75,8,0,1,3232235968,1417.0,1.0,16.0,6.0
67,7,0,4,3232235880,1496.0,1.0,0.0,0.0
19,7,0,8,3232235800,917.0,1.0,8.0,0.0
19,6,0,8,3232235800,1038.0,2.0,8.0,0.0
19,0,0,8,3232235800,957.0,9.0,8.0,0.0
19,8,0,8,3232235800,306.0,1.0,8.0,0.0
33,7,0,1,3232236023,993.0,1.0,8.0,0.0
33,6,0,1,3232236023,5373.0,7.0,8.0,0.0
33,0,0,1,3232236023,1505.0,4.0,8.0,0.0
33,8,0,1,3232236023,1069.0,1.0,8.0,0.0
62,7,0,4,3232236014,793.0,1.0,12.0,0.0
62,6,0,3,3232236014,1460.0,2.0,12.0,0.0
62,0,0,4,3232236014,3066.0,6.0,12.0,0.0
62,8,0,4,3232236014,1177.0,1.0,12.0,0.0
67,6,0,4,3232235880,1558.0,5.0,14.0,0.0
67,0,0,4,1915926491,5124.0,7.0,14.0,0.0
67,8,0,4,3232235880,259.0,1.0,14.0,0.0
79,7,0,8,3232235880,1853.0,1.0,14.0,0.0
79,6,0,8,3232235880,1754.0,60.0,14.0,0.0
79,0,0,8,3232235880,2781.0,4.0,14.0,0.0
79,8,0,8,3232235880,1436.0,1.0,14.0,0.0
38,7,0,4,3232235984,800.0,1.0,15.0,0.0
38,6,0,4,3232235984,5762.0,2.0,15.0,0.0
38,0,0,4,3232235984,5117.0,3.0,15.0,0.0
38,8,0,4,3232235984,535.0,1.0,15.0,0.0
23,7,0,1,3232235907,305.0,1.0,8.0,1.0
23,6,0,1,3232235907,4221.0,3.0,8.0,1.0
23,0,0,1,3232235907,5576.0,3.0,8.0,1.0
23,8,0,1,3232235907,1417.0,1.0,8.0,1.0
50,7,0,7,3232235996,1885.0,1.0,8.0,1.0
50,6,0,7,3232235996,2707.0,7.0,8.0,1.0
50,0,0,7,3232235996,5455.0,2.0,8.0,1.0
50,8,0,7,3232235996,584.0,1.0,8.0,1.0
39,7,1,7,3232235964,461.0,1.0,10.0,1.0
39,6,0,7,3232235964,77.0,9.0,10.0,1.0
39,0,0,7,3232235964,2653.0,1.0,10.0,1.0
39,8,0,7,3232235964,1020.0,1.0,10.0,1.0
53,7,0,4,3232235894,1756.0,1.0,10.0,1.0
53,6,0,4,3232235894,2057.0,2.0,10.0,1.0
53,0,0,4,3232235894,852.0,10.0,10.0,1.0
53,8,0,4,3232235894,333.0,1.0,10.0,1.0
60,7,0,1,3232235819,1511.0,1.0,11.0,1.0
60,6,0,1,3232235819,870.0,2.0,11.0,1.0
60,0,0,1,3232235819,3407.0,8.0,11.0,1.0
60,8,0,1,3232235819,1037.0,1.0,11.0,1.0
45,7,0,4,3232235925,1153.0,1.0,12.0,1.0
19,7,0,8,3232235800,1123.0,1.0,12.0,1.0
19,6,0,8,3232235800,4350.0,8.0,12.0,1.0
45,6,0,4,3232235925,5023.0,1.0,12.0,1.0
19,0,0,8,3232235800,1035.0,9.0,12.0,1.0
45,0,0,4,3232235925,606.0,5.0,12.0,1.0
45,8,0,4,3232235925,615.0,1.0,12.0,1.0
19,8,0,8,3232235800,459.0,1.0,12.0,1.0
57,7,1,4,3232235957,1554.0,1.0,12.0,1.0
57,6,0,4,3232235957,5963.0,6.0,12.0,1.0
57,0,0,4,3232235957,4378.0,9.0,12.0,1.0
57,8,0,4,3232235957,549.0,1.0,12.0,1.0
18,7,0,7,3232235951,1507.0,1.0,14.0,1.0
18,6,0,7,3232235951,2210.0,4.0,14.0,1.0
18,0,0,7,3232235951,5273.0,8.0,14.0,1.0
18,8,0,7,3232235951,214.0,1.0,14.0,1.0
18,7,0,7,3232235951,1073.0,1.0,14.0,1.0
18,6,0,7,3232235951,2743.0,9.0,14.0,1.0
18,0,0,7,3232235951,4180.0,9.0,14.0,1.0
18,8,0,7,3232235951,558.0,1.0,14.0,1.0
77,7,0,4,3232235969,1461.0,1.0,16.0,1.0
77,6,0,4,3232235969,3010.0,3.0,16.0,1.0
77,0,0,4,3232235969,2629.0,4.0,16.0,1.0
35,7,0,7,3232235875,969.0,1.0,16.0,1.0
77,8,0,4,2338628126,1191.0,1.0,16.0,1.0
35,6,0,7,3232235875,5740.0,10.0,16.0,1.0
72,7,0,0,3232235879,679.0,1.0,16.0,1.0
72,6,0,0,3232235879,3077.0,5.0,16.0,1.0
35,0,0,7,3232235875,657.0,2.0,16.0,1.0
35,8,0,7,3232235875,778.0,1.0,16.0,1.0
72,0,0,0,3232235879,954.0,6.0,16.0,1.0
72,8,0,0,3232235879,373.0,1.0,16.0,1.0
38,7,0,4,3232235984,1223.0,1.0,16.0,1.0
38,6,0,4,3232235984,1965.0,8.0,16.0,1.0
38,0,0,4,3232235984,5335.0,4.0,16.0,1.0
38,8,0,4,3232235984,1131.0,1.0,17.0,1.0
78,7,0,8,3232235887,366.0,1.0,9.0,2.0
78,6,0,8,3232235887,2887.0,6.0,9.0,2.0
78,0,0,8,3232235887,3426.0,10.0,9.0,2.0
78,8,0,8,3232235887,379.0,1.0,9.0,2.0
21,7,0,7,3232235785,386.0,1.0,10.0,2.0
21,6,0,7,3232235785,3768.0,2.0,10.0,2.0
21,0,0,7,3232235785,5261.0,2.0,10.0,2.0
21,8,0,7,3232235785,1490.0,1.0,10.0,2.0
79,7,0,8,3232235880,1451.0,1.0,10.0,2.0
79,6,0,8,3232235880,3654.0,10.0,10.0,2.0
79,0,0,8,3232235880,1846.0,8.0,10.0,2.0
79,8,0,8,3232235880,327.0,1.0,10.0,2.0
31,7,0,0,3232235865,381.0,1.0,11.0,2.0
31,6,0,0,3232235865,2210.0,8.0,11.0,2.0
31,0,0,0,3232235865,3968.0,9.0,11.0,2.0
31,8,0,3,3232235865,652.0,1.0,11.0,2.0
44,7,0,8,3232236004,1721.0,1.0,13.0,2.0
44,6,0,8,3232236004,2110.0,8.0,13.0,2.0
44,0,0,8,3232236004,2780.0,2.0,13.0,2.0
44,8,0,8,3232236004,921.0,1.0,13.0,2.0
58,7,0,7,3232235933,898.0,1.0,14.0,2.0
58,6,0,7,3232235933,5176.0,8.0,14.0,2.0
58,0,0,7,3232235933,4360.0,1.0,14.0,2.0
58,8,0,7,3232235933,676.0,1.0,14.0,2.0
60,7,0,1,3232235819,1969.0,1.0,14.0,2.0
60,6,0,1,3232235819,3508.0,5.0,14.0,2.0
60,0,0,1,3232235819,633.0,4.0,14.0,2.0
60,8,0,1,3232235819,1019.0,1.0,14.0,2.0
51,7,0,1,3232235999,1936.0,1.0,15.0,2.0
51,6,0,1,3232235999,1797.0,5.0,15.0,2.0
51,0,0,1,3232235999,5012.0,1.0,15.0,2.0
51,8,0,1,3232235999,1331.0,1.0,15.0,2.0
47,7,0,7,3232235789,633.0,1.0,16.0,2.0
73,7,0,0,3232235814,1680.0,1.0,16.0,2.0
47,6,0,7,3232235789,2878.0,10.0,16.0,2.0
47,0,0,7,3232235789,3214.0,7.0,16.0,2.0
73,6,0,0,3232235814,3608.0,10.0,16.0,2.0
73,0,0,0,3232235814,1325.0,6.0,16.0,2.0
47,8,0,7,3232235789,424.0,1.0,16.0,2.0
73,8,0,0,3232235814,940.0,1.0,16.0,2.0
81,7,0,1,3232235908,1008.0,1.0,4.0,3.0
57,7,0,4,3232235957,1314.0,1.0,7.0,3.0
57,6,0,4,3232235957,2647.0,2.0,7.0,3.0
57,0,0,4,3232235957,5548.0,2.0,7.0,3.0
57,8,0,4,3232235957,1078.0,1.0,7.0,3.0
40,7,0,0,3232235915,825.0,1.0,7.0,3.0
40,6,0,0,3232235915,1562.0,9.0,8.0,3.0
40,0,0,0,3232235915,1108.0,1.0,8.0,3.0
40,8,0,0,3232235915,978.0,1.0,8.0,3.0
20,7,0,8,3232235886,364.0,1.0,8.0,3.0
20,6,0,8,3232235886,3849.0,3.0,8.0,3.0
20,0,0,8,3232235886,1609.0,7.0,8.0,3.0
20,8,0,8,3232235886,966.0,1.0,8.0,3.0
81,6,0,1,3232235908,1717.0,9.0,8.0,3.0
81,0,0,1,3232235908,5520.0,1.0,8.0,3.0
81,8,0,1,3232235908,223.0,1.0,8.0,3.0
77,7,1,4,3232235969,1698.0,1.0,9.0,3.0
77,6,0,4,3232235969,2775.0,3.0,9.0,3.0
44,7,0,8,3232236004,1816.0,1.0,9.0,3.0
77,0,0,4,3232235969,3473.0,8.0,9.0,3.0
44,6,0,8,3232236004,4088.0,8.0,9.0,3.0
44,0,0,8,3232236004,3503.0,7.0,9.0,3.0
44,8,0,8,3232236004,242.0,1.0,9.0,3.0
77,8,0,4,3232235969,953.0,1.0,9.0,3.0
82,7,1,0,3232235801,1273.0,1.0,11.0,3.0
82,6,0,0,3232235801,5908.0,4.0,11.0,3.0
82,0,0,0,3232235801,525.0,6.0,11.0,3.0
82,8,0,0,3232235801,234.0,47.0,11.0,3.0
85,7,0,1,3232235980,1932.0,1.0,12.0,3.0
85,6,0,1,3232235980,1776.0,3.0,12.0,3.0
85,5,0,1,3232235980,2514.0,2.0,12.0,3.0
85,2,0,1,3232235980,3365.0,7.0,12.0,3.0
85,9,0,1,3232235980,8839.0,9.0,12.0,3.0
85,8,0,1,3232235980,1104.0,1.0,13.0,3.0
63,7,0,8,3232235834,1141.0,1.0,15.0,3.0
63,6,0,8,3232235834,828.0,8.0,15.0,3.0
63,0,0,8,3232235834,1427.0,2.0,15.0,3.0
63,8,0,8,3232235834,1461.0,1.0,15.0,3.0
22,7,0,7,3232235833,1906.0,1.0,2.0,4.0
71,7,0,4,3232235832,433.0,1.0,8.0,4.0
63,7,1,8,3232235834,771.0,1.0,8.0,4.0
71,6,0,4,3232235832,3912.0,5.0,8.0,4.0
63,6,0,8,3232235834,5577.0,8.0,8.0,4.0
71,0,0,4,3232235832,566.0,10.0,8.0,4.0
63,0,0,8,3232235834,3188.0,8.0,8.0,4.0
63,8,0,8,3232235834,880.0,1.0,8.0,4.0
71,8,0,4,3232235832,1379.0,1.0,8.0,4.0
8,7,0,1,3232235813,1510.0,1.0,8.0,4.0
8,6,0,1,3232235813,27.0,3.0,8.0,4.0
8,0,0,1,3232235813,1108.0,4.0,8.0,4.0
8,8,0,1,3232235813,772.0,1.0,8.0,4.0
22,6,0,7,3232235833,5135.0,2.0,10.0,4.0
22,0,0,7,3232235833,4826.0,1.0,10.0,4.0
22,8,0,7,3232235833,670.0,1.0,10.0,4.0
36,7,0,7,3232235869,1524.0,1.0,12.0,4.0
36,6,0,7,3232235869,4268.0,3.0,12.0,4.0
36,0,0,7,3232235869,5292.0,10.0,12.0,4.0
36,8,0,7,3232235869,1491.0,1.0,12.0,4.0
44,7,1,8,3232236004,1537.0,1.0,12.0,4.0
44,6,0,8,3232236004,4920.0,5.0,12.0,4.0
44,0,0,8,3232236004,2774.0,6.0,12.0,4.0
44,8,0,8,3232236004,1091.0,1.0,12.0,4.0
26,7,0,8,3232235885,1444.0,1.0,13.0,4.0
26,6,0,8,3232235885,3614.0,1.0,13.0,4.0
26,0,0,8,3232235885,2979.0,2.0,13.0,4.0
26,8,0,8,3232235885,1333.0,1.0,13.0,4.0
20,7,0,8,3232235886,1922.0,1.0,14.0,4.0
20,6,0,8,3232235886,23807.0,1.0,14.0,4.0
20,0,0,8,3232235886,4810.0,1.0,14.0,4.0
20,8,0,8,3232235886,275.0,1.0,14.0,4.0
8,7,0,1,3232235813,1228.0,1.0,16.0,4.0
8,6,0,1,3232235813,1000.0,7.0,16.0,4.0
8,0,0,1,3232235813,4567.0,4.0,16.0,4.0
8,8,0,1,3232235813,1029.0,1.0,17.0,4.0
71,7,0,4,3232235832,1667.0,1.0,1.0,5.0
74,7,1,4,3232235813,1225.0,1.0,2.0,5.0
20,7,0,8,3232235886,1986.0,1.0,4.0,5.0
74,6,0,4,3232235813,5122.0,4.0,10.0,5.0
74,0,0,4,3232235813,5402.0,2.0,10.0,5.0
74,8,0,4,3232235813,1072.0,1.0,10.0,5.0
20,6,0,8,3232235886,4356.0,10.0,11.0,5.0
20,0,0,8,3232235886,5679.0,8.0,11.0,5.0
20,8,0,8,3232235886,1204.0,1.0,11.0,5.0
25,7,0,8,3232235828,1577.0,1.0,12.0,5.0
25,6,0,8,3232235828,3296.0,3.0,12.0,5.0
25,0,0,8,3232235828,2229.0,3.0,12.0,5.0
25,8,0,8,3232235828,360.0,1.0,12.0,5.0
71,6,0,4,3232235832,5934.0,2.0,12.0,5.0
71,0,0,4,3232235832,1600.0,5.0,12.0,5.0
71,8,0,4,3232235832,436.0,1.0,12.0,5.0
43,7,0,8,3232235853,1889.0,1.0,13.0,5.0
43,6,0,8,3232235853,2909.0,8.0,13.0,5.0
43,0,0,8,3232235853,1953.0,2.0,13.0,5.0
43,8,0,8,3232235853,582.0,1.0,13.0,5.0
83,7,0,7,3232235998,1722.0,1.0,15.0,5.0
83,6,0,7,3232235998,4443.0,6.0,15.0,5.0
83,0,0,7,3232235998,1342.0,6.0,15.0,5.0
83,8,0,7,3232235998,655.0,1.0,15.0,5.0
67,7,0,4,3232235880,832.0,1.0,16.0,5.0
67,6,0,4,3232235880,4585.0,7.0,16.0,5.0
67,0,0,4,3232235880,1531.0,10.0,16.0,5.0
67,8,0,4,3232235880,704.0,1.0,16.0,5.0
73,7,0,0,3232235814,1269.0,47.0,16.0,5.0
73,6,0,0,3232235814,1784.0,9.0,16.0,5.0
73,0,0,0,3232235814,3525.0,2.0,16.0,5.0
73,8,0,0,3232235814,1432.0,1.0,16.0,5.0
38,7,0,4,1110301340,382.0,1.0,16.0,5.0
38,6,0,4,3232235984,1175.0,8.0,16.0,5.0
38,0,0,4,3232235984,2763.0,9.0,16.0,5.0
38,8,0,4,3232235984,1403.0,1.0,16.0,5.0
82,7,1,0,3232235801,347.0,1.0,0.0,6.0
78,7,0,8,3232235887,778.0,1.0,9.0,6.0
78,6,0,8,3232235887,4670.0,7.0,9.0,6.0
78,0,0,8,3232235887,5083.0,4.0,9.0,6.0
78,8,0,8,3232235887,277.0,1.0,10.0,6.0
76,7,0,8,3232235915,1274.0,1.0,10.0,6.0
76,6,0,8,3232235915,1633.0,6.0,10.0,6.0
76,0,0,8,3232235915,5445.0,3.0,10.0,6.0
76,8,0,8,3232235915,646.0,1.0,10.0,6.0
42,7,0,0,3232235798,1942.0,1.0,11.0,6.0
42,6,0,0,3232235798,3839.0,62.0,11.0,6.0
42,0,0,0,3020130917,4731.0,4.0,11.0,6.0
42,8,0,0,2344484806,1291.0,1.0,11.0,6.0
59,7,0,1,3232235914,1734.0,1.0,12.0,6.0
59,6,0,1,3232235914,21007.0,4.0,12.0,6.0
59,0,0,1,3232235914,1894.0,6.0,12.0,6.0
59,8,0,1,3232235914,342.0,1.0,12.0,6.0
82,6,0,0,3232235801,1710.0,5.0,12.0,6.0
82,0,0,0,3232235801,5026.0,8.0,12.0,6.0
82,8,0,0,3232235801,989.0,1.0,12.0,6.0
42,7,0,0,3232235798,923.0,1.0,13.0,6.0
42,6,0,0,3232235798,1224.0,3.0,13.0,6.0
42,0,0,0,3232235798,4948.0,4.0,13.0,6.0
42,8,0,0,3232235798,587.0,1.0,13.0,6.0
64,7,0,4,3232235993,1052.0,1.0,13.0,6.0
64,6,0,4,3232235993,5953.0,9.0,13.0,6.0
64,0,0,4,3232235993,2322.0,8.0,13.0,6.0
64,8,0,4,3232235993,1471.0,1.0,13.0,6.0
67,7,1,4,3232235880,632.0,1.0,14.0,6.0
67,6,0,4,3232235880,3551.0,3.0,14.0,6.0
67,0,0,4,3232235880,2503.0,3.0,14.0,6.0
67,8,0,4,3232235880,472.0,1.0,14.0,6.0
47,7,0,7,3232235789,945.0,1.0,16.0,6.0
47,6,0,7,3232235789,616.0,5.0,16.0,6.0
47,0,0,7,3232235789,5392.0,4.0,16.0,6.0
47,8,0,7,3232235789,492.0,1.0,16.0,6.0
77,7,0,4,3232235969,405.0,1.0,16.0,6.0
77,6,0,4,3232235969,3200.0,6.0,16.0,6.0
77,0,0,4,3232235969,5285.0,7.0,16.0,6.0
77,8,0,4,3232235969,866.0,1.0,16.0,6.0
82,7,0,0,3232235801,494.0,1.0,7.0,0.0
82,6,0,0,3232235801,3961.0,6.0,7.0,0.0
82,0,0,0,3232235801,5267.0,3.0,7.0,0.0
82,8,0,0,3232235801,212.0,1.0,7.0,0.0
86,7,0,0,3232235930,1867.0,1.0,7.0,0.0
49,7,0,4,3232236030,1614.0,1.0,7.0,0.0
49,6,0,4,3232236030,2201.0,5.0,7.0,0.0
86,6,0,0,3232235930,1050.0,9.0,7.0,0.0
49,0,0,3,3232236030,2323.0,4.0,7.0,0.0
86,0,0,0,3232235930,3575.0,132.0,7.0,0.0
49,8,0,4,3232236030,1366.0,1.0,7.0,0.0
86,8,0,0,3232235930,516.0,1.0,7.0,0.0
78,7,1,8,3232235887,771.0,1.0,8.0,0.0
78,6,0,8,3232235887,5923.0,6.0,8.0,0.0
78,0,0,8,3232235887,4532.0,3.0,8.0,0.0
78,8,0,8,3232235887,471.0,1.0,8.0,0.0
32,7,1,4,3232235817,913.0,1.0,10.0,0.0
32,6,0,4,3232235817,5774.0,10.0,10.0,0.0
32,0,0,4,3232235817,4029.0,10.0,10.0,0.0
32,8,0,4,3232235817,540.0,1.0,11.0,0.0
37,7,0,4,3232235932,629.0,1.0,11.0,0.0
37,6,0,4,351403112,2178.0,4.0,11.0,0.0
37,0,0,4,3232235932,5220.0,10.0,11.0,0.0
37,8,0,4,3232235932,1273.0,1.0,11.0,0.0
61,7,0,0,3232235875,720.0,1.0,13.0,0.0
61,6,0,0,3232235875,5422.0,5.0,14.0,0.0
61,0,0,0,3232235875,2094.0,9.0,14.0,0.0
61,8,0,0,3232235875,908.0,1.0,14.0,0.0
73,7,0,0,3232235814,545.0,1.0,14.0,0.0
73,6,0,0,3232235814,5395.0,10.0,14.0,0.0
59,7,1,1,3232235914,1383.0,1.0,14.0,0.0
73,0,0,0,3232235814,1305.0,3.0,14.0,0.0
59,6,0,1,3232235914,3297.0,2.0,14.0,0.0
59,0,0,1,3232235914,1352.0,8.0,14.0,0.0
73,8,0,0,3232235814,1032.0,1.0,14.0,0.0
59,8,0,1,3232235914,488.0,1.0,14.0,0.0
62,7,0,4,3232236014,382.0,1.0,0.0,1.0
24,7,0,8,3232235784,1231.0,1.0,6.0,1.0
47,7,0,7,3232235789,314.0,1.0,7.0,1.0
47,6,0,7,3232235789,5862.0,4.0,7.0,1.0
47,0,0,7,3232235789,3087.0,7.0,7.0,1.0
47,8,0,7,3232235789,941.0,1.0,7.0,1.0
53,7,0,4,3232235894,337.0,1.0,7.0,1.0
53,6,0,4,3232235894,1544.0,5.0,7.0,1.0
53,0,0,4,3232235894,4790.0,3.0,7.0,1.0
53,8,0,4,3232235894,1110.0,1.0,7.0,1.0
45,7,0,4,3232235925,936.0,1.0,9.0,1.0
23,7,0,1,3232235907,1686.0,1.0,9.0,1.0
23,6,0,1,3232235907,2498.0,9.0,9.0,1.0
45,6,0,4,3232235925,2618.0,8.0,9.0,1.0
45,0,0,4,3232235925,3189.0,7.0,9.0,1.0
23,0,0,1,3232235907,1929.0,9.0,9.0,1.0
45,8,0,4,3232235925,1370.0,1.0,9.0,1.0
23,8,0,1,3232235907,527.0,1.0,9.0,1.0
83,7,0,7,3232235998,1713.0,1.0,9.0,1.0
83,6,0,7,3232235998,605.0,4.0,9.0,1.0
83,0,0,7,3232235998,3927.0,1.0,9.0,1.0
83,8,0,7,3232235998,1125.0,1.0,9.0,1.0
24,6,0,8,3232235784,3262.0,6.0,10.0,1.0
24,0,0,8,3232235784,5625.0,7.0,10.0,1.0
24,8,0,8,3232235784,1151.0,1.0,10.0,1.0
62,6,0,4,3232236014,4379.0,7.0,12.0,1.0
62,0,0,4,3232236014,5603.0,5.0,12.0,1.0
62,8,0,4,3232236014,1148.0,1.0,12.0,1.0
46,7,0,1,3232235958,376.0,198.0,14.0,1.0
46,6,0,1,3232235958,4716.0,6.0,14.0,1.0
46,0,0,1,3232235958,2993.0,2.0,14.0,1.0
46,8,0,1,1923234393,476.0,1.0,14.0,1.0
61,7,0,0,3232235875,1914.0,1.0,14.0,1.0
61,6,0,0,3232235875,4274.0,10.0,14.0,1.0
61,0,0,0,3232235875,4782.0,1.0,14.0,1.0
61,8,0,0,3232235875,1016.0,1.0,14.0,1.0
19,7,0,8,3232235800,443.0,98.0,14.0,1.0
19,6,0,8,3232235800,2605.0,8.0,14.0,1.0
19,0,0,8,3232235800,1507.0,7.0,14.0,1.0
19,8,0,3,3232235800,809.0,1.0,15.0,1.0
71,7,0,4,3232235832,1147.0,1.0,6.0,2.0
51,7,0,1,3232235999,1250.0,1.0,7.0,2.0
51,6,0,1,3232235999,3008.0,5.0,7.0,2.0
51,0,0,1,3232235999,4962.0,7.0,7.0,2.0
51,8,0,1,3232235999,1216.0,1.0,7.0,2.0
45,7,1,4,3232235925,41.0,1.0,8.0,2.0
45,6,0,4,3232235925,2146.0,9.0,8.0,2.0
45,0,0,4,3232235925,3275.0,4.0,8.0,2.0
45,8,0,4,3232235925,474.0,1.0,8.0,2.0
53,7,0,4,3232235894,711.0,1.0,10.0,2.0
53,6,0,4,3232235894,2439.0,8.0,10.0,2.0
53,0,0,4,3232235894,715.0,6.0,10.0,2.0
53,8,0,4,3232235894,1334.0,1.0,10.0,2.0
24,7,1,8,3232235784,330.0,1.0,10.0,2.0
24,6,0,8,3232235784,2493.0,5.0,10.0,2.0
24,0,0,8,3232235784,837.0,4.0,10.0,2.0
24,8,0,8,3232235784,1335.0,1.0,10.0,2.0
40,7,0,0,3232235915,1024.0,116.0,14.0,2.0
40,6,0,0,3232235915,1589.0,7.0,14.0,2.0
40,0,0,0,3232235915,1348.0,5.0,14.0,2.0
40,8,0,0,3232235915,1456.0,1.0,14.0,2.0
69,7,0,1,3232236011,1649.0,1.0,14.0,2.0
69,6,0,1,3232236011,5809.0,7.0,14.0,2.0
69,0,0,1,3232236011,1048.0,3.0,14.0,2.0
69,8,0,1,3232236011,254.0,1.0,14.0,2.0
25,7,1,8,3232235828,1620.0,1.0,15.0,2.0
25,6,0,8,3232235828,4803.0,2.0,15.0,2.0
25,0,0,8,3232235828,4758.0,10.0,15.0,2.0
25,8,0,8,3232235828,1258.0,1.0,15.0,2.0
71,6,0,4,3232235832,4403.0,1.0,16.0,2.0
71,0,0,4,3232235832,3128.0,1.0,16.0,2.0
71,8,0,4,3232235832,881.0,1.0,16.0,2.0
