anomaly_row_id,base_record_id,anomaly_type,source_dataset,source_split,mutation_description
0,synth_1663,suspicious_external_access,retraining_dataset_combined_raw.csv,V5_ANOMALY_PENDING,"ip_address,device"
1,synth_14334,suspicious_external_access,retraining_dataset_combined_raw.csv,V5_ANOMALY_PENDING,"ip_address,device"
2,synth_1322,suspicious_external_access,retraining_dataset_combined_raw.csv,V5_ANOMALY_PENDING,"ip_address,device"
3,synth_7280,suspicious_external_access,retraining_dataset_combined_raw.csv,V5_ANOMALY_PENDING,"ip_address,device"
4,synth_12267,suspicious_external_access,retraining_dataset_combined_raw.csv,V5_ANOMALY_PENDING,"ip_address,device"
5,synth_13384,suspicious_external_access,retraining_dataset_combined_raw.csv,V5_ANOMALY_PENDING,"ip_address,device"
6,synth_10231,suspicious_external_access,retraining_dataset_combined_raw.csv,V5_ANOMALY_PENDING,"ip_address,device"
7,synth_1011,suspicious_external_access,retraining_dataset_combined_raw.csv,V5_ANOMALY_PENDING,"ip_address,device"
8,synth_11578,suspicious_external_access,retraining_dataset_combined_raw.csv,V5_ANOMALY_PENDING,"ip_address,device"
9,synth_442,suspicious_external_access,retraining_dataset_combined_raw.csv,V5_ANOMALY_PENDING,"ip_address,device"
10,synth_9215,suspicious_external_access,retraining_dataset_combined_raw.csv,V5_ANOMALY_PENDING,"ip_address,device"
11,synth_14501,suspicious_external_access,retraining_dataset_combined_raw.csv,V5_ANOMALY_PENDING,"ip_address,device"
12,synth_3398,suspicious_external_access,retraining_dataset_combined_raw.csv,V5_ANOMALY_PENDING,"ip_address,device"
13,synth_1526,suspicious_external_access,retraining_dataset_combined_raw.csv,V5_ANOMALY_PENDING,"ip_address,device"
14,synth_9689,suspicious_external_access,retraining_dataset_combined_raw.csv,V5_ANOMALY_PENDING,"ip_address,device"
15,synth_3424,suspicious_external_access,retraining_dataset_combined_raw.csv,V5_ANOMALY_PENDING,"ip_address,device"
16,synth_10330,suspicious_external_access,retraining_dataset_combined_raw.csv,V5_ANOMALY_PENDING,"ip_address,device"
17,synth_1536,suspicious_external_access,retraining_dataset_combined_raw.csv,V5_ANOMALY_PENDING,"ip_address,device"
18,synth_7580,suspicious_external_access,retraining_dataset_combined_raw.csv,V5_ANOMALY_PENDING,"ip_address,device"
19,synth_11716,suspicious_external_access,retraining_dataset_combined_raw.csv,V5_ANOMALY_PENDING,"ip_address,device"
20,synth_5976,suspicious_external_access,retraining_dataset_combined_raw.csv,V5_ANOMALY_PENDING,"ip_address,device"
21,synth_7147,suspicious_external_access,retraining_dataset_combined_raw.csv,V5_ANOMALY_PENDING,"ip_address,device"
22,synth_8269,suspicious_external_access,retraining_dataset_combined_raw.csv,V5_ANOMALY_PENDING,"ip_address,device"
23,synth_1763,suspicious_external_access,retraining_dataset_combined_raw.csv,V5_ANOMALY_PENDING,"ip_address,device"
24,synth_10684,suspicious_external_access,retraining_dataset_combined_raw.csv,V5_ANOMALY_PENDING,"ip_address,device"
25,synth_4226,suspicious_external_access,retraining_dataset_combined_raw.csv,V5_ANOMALY_PENDING,"ip_address,device"
26,synth_9421,suspicious_external_access,retraining_dataset_combined_raw.csv,V5_ANOMALY_PENDING,"ip_address,device"
27,synth_11814,suspicious_external_access,retraining_dataset_combined_raw.csv,V5_ANOMALY_PENDING,"ip_address,device"
28,synth_10333,suspicious_external_access,retraining_dataset_combined_raw.csv,V5_ANOMALY_PENDING,"ip_address,device"
29,synth_7171,suspicious_external_access,retraining_dataset_combined_raw.csv,V5_ANOMALY_PENDING,"ip_address,device"
30,synth_1002,suspicious_external_access,retraining_dataset_combined_raw.csv,V5_ANOMALY_PENDING,"ip_address,device"
31,synth_14447,suspicious_external_access,retraining_dataset_combined_raw.csv,V5_ANOMALY_PENDING,"ip_address,device"
32,synth_9760,suspicious_external_access,retraining_dataset_combined_raw.csv,V5_ANOMALY_PENDING,"ip_address,device"
33,synth_12745,suspicious_external_access,retraining_dataset_combined_raw.csv,V5_ANOMALY_PENDING,"ip_address,device"
34,synth_1384,suspicious_external_access,retraining_dataset_combined_raw.csv,V5_ANOMALY_PENDING,"ip_address,device"
35,synth_10900,suspicious_external_access,retraining_dataset_combined_raw.csv,V5_ANOMALY_PENDING,"ip_address,device"
36,synth_6948,suspicious_external_access,retraining_dataset_combined_raw.csv,V5_ANOMALY_PENDING,"ip_address,device"
37,synth_9505,suspicious_external_access,retraining_dataset_combined_raw.csv,V5_ANOMALY_PENDING,"ip_address,device"
38,synth_508,suspicious_external_access,retraining_dataset_combined_raw.csv,V5_ANOMALY_PENDING,"ip_address,device"
39,synth_12475,suspicious_external_access,retraining_dataset_combined_raw.csv,V5_ANOMALY_PENDING,"ip_address,device"
40,synth_3901,suspicious_external_access,retraining_dataset_combined_raw.csv,V5_ANOMALY_PENDING,"ip_address,device"
41,synth_8193,suspicious_external_access,retraining_dataset_combined_raw.csv,V5_ANOMALY_PENDING,"ip_address,device"
42,synth_6450,suspicious_external_access,retraining_dataset_combined_raw.csv,V5_ANOMALY_PENDING,"ip_address,device"
43,synth_5481,suspicious_external_access,retraining_dataset_combined_raw.csv,V5_ANOMALY_PENDING,"ip_address,device"
44,synth_2932,suspicious_external_access,retraining_dataset_combined_raw.csv,V5_ANOMALY_PENDING,"ip_address,device"
45,synth_8826,suspicious_external_access,retraining_dataset_combined_raw.csv,V5_ANOMALY_PENDING,"ip_address,device"
46,synth_70,suspicious_external_access,retraining_dataset_combined_raw.csv,V5_ANOMALY_PENDING,"ip_address,device"
47,synth_2817,suspicious_external_access,retraining_dataset_combined_raw.csv,V5_ANOMALY_PENDING,"ip_address,device"
48,synth_589,suspicious_external_access,retraining_dataset_combined_raw.csv,V5_ANOMALY_PENDING,"ip_address,device"
49,synth_7968,suspicious_external_access,retraining_dataset_combined_raw.csv,V5_ANOMALY_PENDING,"ip_address,device"
50,synth_3145,suspicious_external_access,retraining_dataset_combined_raw.csv,V5_ANOMALY_PENDING,"ip_address,device"
51,synth_9279,suspicious_external_access,retraining_dataset_combined_raw.csv,V5_ANOMALY_PENDING,"ip_address,device"
52,synth_6426,suspicious_external_access,retraining_dataset_combined_raw.csv,V5_ANOMALY_PENDING,"ip_address,device"
53,synth_2232,suspicious_external_access,retraining_dataset_combined_raw.csv,V5_ANOMALY_PENDING,"ip_address,device"
54,synth_8827,suspicious_external_access,retraining_dataset_combined_raw.csv,V5_ANOMALY_PENDING,"ip_address,device"
55,synth_12289,suspicious_external_access,retraining_dataset_combined_raw.csv,V5_ANOMALY_PENDING,"ip_address,device"
56,synth_4022,suspicious_external_access,retraining_dataset_combined_raw.csv,V5_ANOMALY_PENDING,"ip_address,device"
57,synth_11740,suspicious_external_access,retraining_dataset_combined_raw.csv,V5_ANOMALY_PENDING,"ip_address,device"
58,synth_3344,suspicious_external_access,retraining_dataset_combined_raw.csv,V5_ANOMALY_PENDING,"ip_address,device"
59,synth_1096,suspicious_external_access,retraining_dataset_combined_raw.csv,V5_ANOMALY_PENDING,"ip_address,device"
60,synth_9936,suspicious_external_access,retraining_dataset_combined_raw.csv,V5_ANOMALY_PENDING,"ip_address,device"
61,synth_14782,suspicious_external_access,retraining_dataset_combined_raw.csv,V5_ANOMALY_PENDING,"ip_address,device"
62,synth_10654,suspicious_external_access,retraining_dataset_combined_raw.csv,V5_ANOMALY_PENDING,"ip_address,device"
63,synth_3207,suspicious_external_access,retraining_dataset_combined_raw.csv,V5_ANOMALY_PENDING,"ip_address,device"
64,synth_8723,suspicious_external_access,retraining_dataset_combined_raw.csv,V5_ANOMALY_PENDING,"ip_address,device"
65,synth_201,suspicious_external_access,retraining_dataset_combined_raw.csv,V5_ANOMALY_PENDING,"ip_address,device"
66,synth_13210,suspicious_external_access,retraining_dataset_combined_raw.csv,V5_ANOMALY_PENDING,"ip_address,device"
67,synth_11425,suspicious_external_access,retraining_dataset_combined_raw.csv,V5_ANOMALY_PENDING,"ip_address,device"
68,synth_14359,suspicious_external_access,retraining_dataset_combined_raw.csv,V5_ANOMALY_PENDING,"ip_address,device"
69,synth_1263,suspicious_external_access,retraining_dataset_combined_raw.csv,V5_ANOMALY_PENDING,"ip_address,device"
70,synth_9597,suspicious_external_access,retraining_dataset_combined_raw.csv,V5_ANOMALY_PENDING,"ip_address,device"
71,synth_11355,suspicious_external_access,retraining_dataset_combined_raw.csv,V5_ANOMALY_PENDING,"ip_address,device"
72,synth_5811,suspicious_external_access,retraining_dataset_combined_raw.csv,V5_ANOMALY_PENDING,"ip_address,device"
73,synth_2994,suspicious_external_access,retraining_dataset_combined_raw.csv,V5_ANOMALY_PENDING,"ip_address,device"
74,synth_10544,suspicious_external_access,retraining_dataset_combined_raw.csv,V5_ANOMALY_PENDING,"ip_address,device"
75,synth_506,suspicious_external_access,retraining_dataset_combined_raw.csv,V5_ANOMALY_PENDING,"ip_address,device"
76,synth_8098,suspicious_external_access,retraining_dataset_combined_raw.csv,V5_ANOMALY_PENDING,"ip_address,device"
77,synth_7246,suspicious_external_access,retraining_dataset_combined_raw.csv,V5_ANOMALY_PENDING,"ip_address,device"
78,synth_7953,suspicious_external_access,retraining_dataset_combined_raw.csv,V5_ANOMALY_PENDING,"ip_address,device"
79,synth_2482,suspicious_external_access,retraining_dataset_combined_raw.csv,V5_ANOMALY_PENDING,"ip_address,device"
80,synth_7322,suspicious_external_access,retraining_dataset_combined_raw.csv,V5_ANOMALY_PENDING,"ip_address,device"
81,synth_13774,suspicious_external_access,retraining_dataset_combined_raw.csv,V5_ANOMALY_PENDING,"ip_address,device"
82,synth_14127,suspicious_external_access,retraining_dataset_combined_raw.csv,V5_ANOMALY_PENDING,"ip_address,device"
83,synth_3583,suspicious_external_access,retraining_dataset_combined_raw.csv,V5_ANOMALY_PENDING,"ip_address,device"
84,synth_4928,suspicious_external_access,retraining_dataset_combined_raw.csv,V5_ANOMALY_PENDING,"ip_address,device"
85,synth_4984,suspicious_external_access,retraining_dataset_combined_raw.csv,V5_ANOMALY_PENDING,"ip_address,device"
86,synth_4649,suspicious_external_access,retraining_dataset_combined_raw.csv,V5_ANOMALY_PENDING,"ip_address,device"
87,synth_13297,suspicious_external_access,retraining_dataset_combined_raw.csv,V5_ANOMALY_PENDING,"ip_address,device"
88,synth_10576,suspicious_external_access,retraining_dataset_combined_raw.csv,V5_ANOMALY_PENDING,"ip_address,device"
89,synth_13221,suspicious_external_access,retraining_dataset_combined_raw.csv,V5_ANOMALY_PENDING,"ip_address,device"
90,synth_11810,suspicious_external_access,retraining_dataset_combined_raw.csv,V5_ANOMALY_PENDING,"ip_address,device"
91,synth_10804,suspicious_external_access,retraining_dataset_combined_raw.csv,V5_ANOMALY_PENDING,"ip_address,device"
92,synth_4752,suspicious_external_access,retraining_dataset_combined_raw.csv,V5_ANOMALY_PENDING,"ip_address,device"
93,synth_10469,suspicious_external_access,retraining_dataset_combined_raw.csv,V5_ANOMALY_PENDING,"ip_address,device"
94,synth_7277,suspicious_external_access,retraining_dataset_combined_raw.csv,V5_ANOMALY_PENDING,"ip_address,device"
95,synth_7057,suspicious_external_access,retraining_dataset_combined_raw.csv,V5_ANOMALY_PENDING,"ip_address,device"
96,synth_4922,suspicious_external_access,retraining_dataset_combined_raw.csv,V5_ANOMALY_PENDING,"ip_address,device"
97,synth_8013,suspicious_external_access,retraining_dataset_combined_raw.csv,V5_ANOMALY_PENDING,"ip_address,device"
98,synth_12168,suspicious_external_access,retraining_dataset_combined_raw.csv,V5_ANOMALY_PENDING,"ip_address,device"
99,synth_7093,suspicious_external_access,retraining_dataset_combined_raw.csv,V5_ANOMALY_PENDING,"ip_address,device"
100,synth_3939,suspicious_external_access,retraining_dataset_combined_raw.csv,V5_ANOMALY_PENDING,"ip_address,device"
101,synth_12335,suspicious_external_access,retraining_dataset_combined_raw.csv,V5_ANOMALY_PENDING,"ip_address,device"
102,synth_13055,suspicious_external_access,retraining_dataset_combined_raw.csv,V5_ANOMALY_PENDING,"ip_address,device"
103,synth_11697,suspicious_external_access,retraining_dataset_combined_raw.csv,V5_ANOMALY_PENDING,"ip_address,device"
104,synth_1562,suspicious_external_access,retraining_dataset_combined_raw.csv,V5_ANOMALY_PENDING,"ip_address,device"
105,synth_6827,suspicious_external_access,retraining_dataset_combined_raw.csv,V5_ANOMALY_PENDING,"ip_address,device"
106,synth_8090,suspicious_external_access,retraining_dataset_combined_raw.csv,V5_ANOMALY_PENDING,"ip_address,device"
107,synth_3881,suspicious_external_access,retraining_dataset_combined_raw.csv,V5_ANOMALY_PENDING,"ip_address,device"
108,synth_4347,suspicious_external_access,retraining_dataset_combined_raw.csv,V5_ANOMALY_PENDING,"ip_address,device"
109,synth_9849,suspicious_external_access,retraining_dataset_combined_raw.csv,V5_ANOMALY_PENDING,"ip_address,device"
110,synth_2506,suspicious_external_access,retraining_dataset_combined_raw.csv,V5_ANOMALY_PENDING,"ip_address,device"
111,synth_8459,suspicious_external_access,retraining_dataset_combined_raw.csv,V5_ANOMALY_PENDING,"ip_address,device"
112,synth_10865,suspicious_external_access,retraining_dataset_combined_raw.csv,V5_ANOMALY_PENDING,"ip_address,device"
113,synth_14683,suspicious_external_access,retraining_dataset_combined_raw.csv,V5_ANOMALY_PENDING,"ip_address,device"
114,synth_12348,suspicious_external_access,retraining_dataset_combined_raw.csv,V5_ANOMALY_PENDING,"ip_address,device"
115,synth_7756,suspicious_external_access,retraining_dataset_combined_raw.csv,V5_ANOMALY_PENDING,"ip_address,device"
116,synth_11435,suspicious_external_access,retraining_dataset_combined_raw.csv,V5_ANOMALY_PENDING,"ip_address,device"
117,synth_5897,suspicious_external_access,retraining_dataset_combined_raw.csv,V5_ANOMALY_PENDING,"ip_address,device"
118,synth_8296,suspicious_external_access,retraining_dataset_combined_raw.csv,V5_ANOMALY_PENDING,"ip_address,device"
119,synth_186,suspicious_external_access,retraining_dataset_combined_raw.csv,V5_ANOMALY_PENDING,"ip_address,device"
120,synth_2999,suspicious_external_access,retraining_dataset_combined_raw.csv,V5_ANOMALY_PENDING,"ip_address,device"
121,synth_4465,suspicious_external_access,retraining_dataset_combined_raw.csv,V5_ANOMALY_PENDING,"ip_address,device"
122,synth_4483,suspicious_external_access,retraining_dataset_combined_raw.csv,V5_ANOMALY_PENDING,"ip_address,device"
123,synth_957,suspicious_external_access,retraining_dataset_combined_raw.csv,V5_ANOMALY_PENDING,"ip_address,device"
124,synth_12844,suspicious_external_access,retraining_dataset_combined_raw.csv,V5_ANOMALY_PENDING,"ip_address,device"
125,synth_8767,suspicious_external_access,retraining_dataset_combined_raw.csv,V5_ANOMALY_PENDING,"ip_address,device"
126,synth_9995,suspicious_external_access,retraining_dataset_combined_raw.csv,V5_ANOMALY_PENDING,"ip_address,device"
127,synth_11274,suspicious_external_access,retraining_dataset_combined_raw.csv,V5_ANOMALY_PENDING,"ip_address,device"
128,synth_1983,suspicious_external_access,retraining_dataset_combined_raw.csv,V5_ANOMALY_PENDING,"ip_address,device"
129,synth_8232,suspicious_external_access,retraining_dataset_combined_raw.csv,V5_ANOMALY_PENDING,"ip_address,device"
130,synth_2995,suspicious_external_access,retraining_dataset_combined_raw.csv,V5_ANOMALY_PENDING,"ip_address,device"
131,synth_11508,suspicious_external_access,retraining_dataset_combined_raw.csv,V5_ANOMALY_PENDING,"ip_address,device"
132,synth_4722,suspicious_external_access,retraining_dataset_combined_raw.csv,V5_ANOMALY_PENDING,"ip_address,device"
133,synth_7175,suspicious_external_access,retraining_dataset_combined_raw.csv,V5_ANOMALY_PENDING,"ip_address,device"
134,synth_1909,suspicious_external_access,retraining_dataset_combined_raw.csv,V5_ANOMALY_PENDING,"ip_address,device"
135,synth_12175,suspicious_external_access,retraining_dataset_combined_raw.csv,V5_ANOMALY_PENDING,"ip_address,device"
136,synth_9921,suspicious_external_access,retraining_dataset_combined_raw.csv,V5_ANOMALY_PENDING,"ip_address,device"
137,synth_3771,suspicious_external_access,retraining_dataset_combined_raw.csv,V5_ANOMALY_PENDING,"ip_address,device"
138,synth_10690,suspicious_external_access,retraining_dataset_combined_raw.csv,V5_ANOMALY_PENDING,"ip_address,device"
139,synth_12763,suspicious_external_access,retraining_dataset_combined_raw.csv,V5_ANOMALY_PENDING,"ip_address,device"
140,synth_10281,suspicious_external_access,retraining_dataset_combined_raw.csv,V5_ANOMALY_PENDING,"ip_address,device"
141,synth_12722,suspicious_external_access,retraining_dataset_combined_raw.csv,V5_ANOMALY_PENDING,"ip_address,device"
142,synth_2841,suspicious_external_access,retraining_dataset_combined_raw.csv,V5_ANOMALY_PENDING,"ip_address,device"
143,synth_10983,suspicious_external_access,retraining_dataset_combined_raw.csv,V5_ANOMALY_PENDING,"ip_address,device"
144,synth_5047,suspicious_external_access,retraining_dataset_combined_raw.csv,V5_ANOMALY_PENDING,"ip_address,device"
145,synth_10501,suspicious_external_access,retraining_dataset_combined_raw.csv,V5_ANOMALY_PENDING,"ip_address,device"
146,synth_8020,suspicious_external_access,retraining_dataset_combined_raw.csv,V5_ANOMALY_PENDING,"ip_address,device"
147,synth_5590,suspicious_external_access,retraining_dataset_combined_raw.csv,V5_ANOMALY_PENDING,"ip_address,device"
148,synth_9655,suspicious_external_access,retraining_dataset_combined_raw.csv,V5_ANOMALY_PENDING,"ip_address,device"
149,synth_3317,suspicious_external_access,retraining_dataset_combined_raw.csv,V5_ANOMALY_PENDING,"ip_address,device"
150,synth_2414,suspicious_external_access,retraining_dataset_combined_raw.csv,V5_ANOMALY_PENDING,"ip_address,device"
151,synth_853,suspicious_external_access,retraining_dataset_combined_raw.csv,V5_ANOMALY_PENDING,"ip_address,device"
152,synth_5854,suspicious_external_access,retraining_dataset_combined_raw.csv,V5_ANOMALY_PENDING,"ip_address,device"
153,synth_2508,suspicious_external_access,retraining_dataset_combined_raw.csv,V5_ANOMALY_PENDING,"ip_address,device"
154,synth_5531,suspicious_external_access,retraining_dataset_combined_raw.csv,V5_ANOMALY_PENDING,"ip_address,device"
155,synth_10307,suspicious_external_access,retraining_dataset_combined_raw.csv,V5_ANOMALY_PENDING,"ip_address,device"
156,synth_3012,suspicious_external_access,retraining_dataset_combined_raw.csv,V5_ANOMALY_PENDING,"ip_address,device"
157,synth_12080,suspicious_external_access,retraining_dataset_combined_raw.csv,V5_ANOMALY_PENDING,"ip_address,device"
158,synth_11339,suspicious_external_access,retraining_dataset_combined_raw.csv,V5_ANOMALY_PENDING,"ip_address,device"
159,synth_5397,suspicious_external_access,retraining_dataset_combined_raw.csv,V5_ANOMALY_PENDING,"ip_address,device"
160,synth_11367,suspicious_external_access,retraining_dataset_combined_raw.csv,V5_ANOMALY_PENDING,"ip_address,device"
161,synth_9199,suspicious_external_access,retraining_dataset_combined_raw.csv,V5_ANOMALY_PENDING,"ip_address,device"
162,synth_689,suspicious_external_access,retraining_dataset_combined_raw.csv,V5_ANOMALY_PENDING,"ip_address,device"
163,synth_7070,suspicious_external_access,retraining_dataset_combined_raw.csv,V5_ANOMALY_PENDING,"ip_address,device"
164,synth_14765,suspicious_external_access,retraining_dataset_combined_raw.csv,V5_ANOMALY_PENDING,"ip_address,device"
165,synth_8768,suspicious_external_access,retraining_dataset_combined_raw.csv,V5_ANOMALY_PENDING,"ip_address,device"
166,synth_4138,suspicious_external_access,retraining_dataset_combined_raw.csv,V5_ANOMALY_PENDING,"ip_address,device"
167,synth_3374,suspicious_external_access,retraining_dataset_combined_raw.csv,V5_ANOMALY_PENDING,"ip_address,device"
168,synth_9165,suspicious_external_access,retraining_dataset_combined_raw.csv,V5_ANOMALY_PENDING,"ip_address,device"
169,synth_14722,suspicious_external_access,retraining_dataset_combined_raw.csv,V5_ANOMALY_PENDING,"ip_address,device"
170,synth_4810,suspicious_external_access,retraining_dataset_combined_raw.csv,V5_ANOMALY_PENDING,"ip_address,device"
171,synth_7984,suspicious_external_access,retraining_dataset_combined_raw.csv,V5_ANOMALY_PENDING,"ip_address,device"
172,synth_1369,suspicious_external_access,retraining_dataset_combined_raw.csv,V5_ANOMALY_PENDING,"ip_address,device"
173,synth_6452,suspicious_external_access,retraining_dataset_combined_raw.csv,V5_ANOMALY_PENDING,"ip_address,device"
174,synth_1095,suspicious_external_access,retraining_dataset_combined_raw.csv,V5_ANOMALY_PENDING,"ip_address,device"
175,synth_14259,suspicious_external_access,retraining_dataset_combined_raw.csv,V5_ANOMALY_PENDING,"ip_address,device"
176,synth_12067,suspicious_external_access,retraining_dataset_combined_raw.csv,V5_ANOMALY_PENDING,"ip_address,device"
177,synth_2204,suspicious_external_access,retraining_dataset_combined_raw.csv,V5_ANOMALY_PENDING,"ip_address,device"
178,synth_4612,suspicious_external_access,retraining_dataset_combined_raw.csv,V5_ANOMALY_PENDING,"ip_address,device"
179,synth_7999,suspicious_external_access,retraining_dataset_combined_raw.csv,V5_ANOMALY_PENDING,"ip_address,device"
180,synth_9648,suspicious_external_access,retraining_dataset_combined_raw.csv,V5_ANOMALY_PENDING,"ip_address,device"
181,synth_8084,suspicious_external_access,retraining_dataset_combined_raw.csv,V5_ANOMALY_PENDING,"ip_address,device"
182,synth_11517,suspicious_external_access,retraining_dataset_combined_raw.csv,V5_ANOMALY_PENDING,"ip_address,device"
183,synth_12611,suspicious_external_access,retraining_dataset_combined_raw.csv,V5_ANOMALY_PENDING,"ip_address,device"
184,synth_4358,suspicious_external_access,retraining_dataset_combined_raw.csv,V5_ANOMALY_PENDING,"ip_address,device"
185,synth_12177,suspicious_external_access,retraining_dataset_combined_raw.csv,V5_ANOMALY_PENDING,"ip_address,device"
186,synth_11013,suspicious_external_access,retraining_dataset_combined_raw.csv,V5_ANOMALY_PENDING,"ip_address,device"
187,synth_12271,suspicious_external_access,retraining_dataset_combined_raw.csv,V5_ANOMALY_PENDING,"ip_address,device"
188,synth_7096,suspicious_external_access,retraining_dataset_combined_raw.csv,V5_ANOMALY_PENDING,"ip_address,device"
189,synth_9414,suspicious_external_access,retraining_dataset_combined_raw.csv,V5_ANOMALY_PENDING,"ip_address,device"
190,synth_5711,suspicious_external_access,retraining_dataset_combined_raw.csv,V5_ANOMALY_PENDING,"ip_address,device"
191,synth_7016,suspicious_external_access,retraining_dataset_combined_raw.csv,V5_ANOMALY_PENDING,"ip_address,device"
192,synth_12480,suspicious_external_access,retraining_dataset_combined_raw.csv,V5_ANOMALY_PENDING,"ip_address,device"
193,synth_9103,suspicious_external_access,retraining_dataset_combined_raw.csv,V5_ANOMALY_PENDING,"ip_address,device"
194,synth_6281,suspicious_external_access,retraining_dataset_combined_raw.csv,V5_ANOMALY_PENDING,"ip_address,device"
195,synth_7612,suspicious_external_access,retraining_dataset_combined_raw.csv,V5_ANOMALY_PENDING,"ip_address,device"
196,synth_3900,suspicious_external_access,retraining_dataset_combined_raw.csv,V5_ANOMALY_PENDING,"ip_address,device"
197,synth_2906,suspicious_external_access,retraining_dataset_combined_raw.csv,V5_ANOMALY_PENDING,"ip_address,device"
198,synth_1414,suspicious_external_access,retraining_dataset_combined_raw.csv,V5_ANOMALY_PENDING,"ip_address,device"
199,synth_11821,suspicious_external_access,retraining_dataset_combined_raw.csv,V5_ANOMALY_PENDING,"ip_address,device"
200,synth_12188,suspicious_external_access,retraining_dataset_combined_raw.csv,V5_ANOMALY_PENDING,"ip_address,device"
201,synth_13403,suspicious_external_access,retraining_dataset_combined_raw.csv,V5_ANOMALY_PENDING,"ip_address,device"
202,synth_11322,suspicious_external_access,retraining_dataset_combined_raw.csv,V5_ANOMALY_PENDING,"ip_address,device"
203,synth_113,suspicious_external_access,retraining_dataset_combined_raw.csv,V5_ANOMALY_PENDING,"ip_address,device"
204,synth_12466,suspicious_external_access,retraining_dataset_combined_raw.csv,V5_ANOMALY_PENDING,"ip_address,device"
205,synth_8979,suspicious_external_access,retraining_dataset_combined_raw.csv,V5_ANOMALY_PENDING,"ip_address,device"
206,synth_1883,suspicious_external_access,retraining_dataset_combined_raw.csv,V5_ANOMALY_PENDING,"ip_address,device"
207,synth_9210,suspicious_external_access,retraining_dataset_combined_raw.csv,V5_ANOMALY_PENDING,"ip_address,device"
208,synth_7728,suspicious_external_access,retraining_dataset_combined_raw.csv,V5_ANOMALY_PENDING,"ip_address,device"
209,synth_14658,suspicious_external_access,retraining_dataset_combined_raw.csv,V5_ANOMALY_PENDING,"ip_address,device"
210,synth_2751,suspicious_external_access,retraining_dataset_combined_raw.csv,V5_ANOMALY_PENDING,"ip_address,device"
211,synth_13575,suspicious_external_access,retraining_dataset_combined_raw.csv,V5_ANOMALY_PENDING,"ip_address,device"
212,synth_1899,suspicious_external_access,retraining_dataset_combined_raw.csv,V5_ANOMALY_PENDING,"ip_address,device"
213,synth_3691,suspicious_external_access,retraining_dataset_combined_raw.csv,V5_ANOMALY_PENDING,"ip_address,device"
214,synth_3878,suspicious_external_access,retraining_dataset_combined_raw.csv,V5_ANOMALY_PENDING,"ip_address,device"
215,synth_7098,suspicious_external_access,retraining_dataset_combined_raw.csv,V5_ANOMALY_PENDING,"ip_address,device"
216,synth_14120,suspicious_external_access,retraining_dataset_combined_raw.csv,V5_ANOMALY_PENDING,"ip_address,device"
217,synth_5258,suspicious_external_access,retraining_dataset_combined_raw.csv,V5_ANOMALY_PENDING,"ip_address,device"
218,synth_7761,suspicious_external_access,retraining_dataset_combined_raw.csv,V5_ANOMALY_PENDING,"ip_address,device"
219,synth_7706,suspicious_external_access,retraining_dataset_combined_raw.csv,V5_ANOMALY_PENDING,"ip_address,device"
220,synth_1129,suspicious_external_access,retraining_dataset_combined_raw.csv,V5_ANOMALY_PENDING,"ip_address,device"
221,synth_5208,suspicious_external_access,retraining_dataset_combined_raw.csv,V5_ANOMALY_PENDING,"ip_address,device"
222,synth_501,suspicious_external_access,retraining_dataset_combined_raw.csv,V5_ANOMALY_PENDING,"ip_address,device"
223,synth_12958,suspicious_external_access,retraining_dataset_combined_raw.csv,V5_ANOMALY_PENDING,"ip_address,device"
224,synth_394,suspicious_external_access,retraining_dataset_combined_raw.csv,V5_ANOMALY_PENDING,"ip_address,device"
225,synth_12734,suspicious_external_access,retraining_dataset_combined_raw.csv,V5_ANOMALY_PENDING,"ip_address,device"
226,synth_2780,suspicious_external_access,retraining_dataset_combined_raw.csv,V5_ANOMALY_PENDING,"ip_address,device"
227,synth_8626,suspicious_external_access,retraining_dataset_combined_raw.csv,V5_ANOMALY_PENDING,"ip_address,device"
228,synth_4670,suspicious_external_access,retraining_dataset_combined_raw.csv,V5_ANOMALY_PENDING,"ip_address,device"
229,synth_8121,suspicious_external_access,retraining_dataset_combined_raw.csv,V5_ANOMALY_PENDING,"ip_address,device"
230,synth_4678,suspicious_external_access,retraining_dataset_combined_raw.csv,V5_ANOMALY_PENDING,"ip_address,device"
231,synth_10649,suspicious_external_access,retraining_dataset_combined_raw.csv,V5_ANOMALY_PENDING,"ip_address,device"
232,synth_12510,suspicious_external_access,retraining_dataset_combined_raw.csv,V5_ANOMALY_PENDING,"ip_address,device"
233,synth_10078,suspicious_external_access,retraining_dataset_combined_raw.csv,V5_ANOMALY_PENDING,"ip_address,device"
234,synth_14668,suspicious_external_access,retraining_dataset_combined_raw.csv,V5_ANOMALY_PENDING,"ip_address,device"
235,synth_1662,suspicious_external_access,retraining_dataset_combined_raw.csv,V5_ANOMALY_PENDING,"ip_address,device"
236,synth_1474,suspicious_external_access,retraining_dataset_combined_raw.csv,V5_ANOMALY_PENDING,"ip_address,device"
237,synth_14709,suspicious_external_access,retraining_dataset_combined_raw.csv,V5_ANOMALY_PENDING,"ip_address,device"
238,synth_1647,suspicious_external_access,retraining_dataset_combined_raw.csv,V5_ANOMALY_PENDING,"ip_address,device"
239,synth_13455,suspicious_external_access,retraining_dataset_combined_raw.csv,V5_ANOMALY_PENDING,"ip_address,device"
240,synth_14856,suspicious_external_access,retraining_dataset_combined_raw.csv,V5_ANOMALY_PENDING,"ip_address,device"
241,synth_2627,suspicious_external_access,retraining_dataset_combined_raw.csv,V5_ANOMALY_PENDING,"ip_address,device"
242,synth_10416,suspicious_external_access,retraining_dataset_combined_raw.csv,V5_ANOMALY_PENDING,"ip_address,device"
243,synth_10787,suspicious_external_access,retraining_dataset_combined_raw.csv,V5_ANOMALY_PENDING,"ip_address,device"
244,synth_4906,suspicious_external_access,retraining_dataset_combined_raw.csv,V5_ANOMALY_PENDING,"ip_address,device"
245,synth_10912,suspicious_external_access,retraining_dataset_combined_raw.csv,V5_ANOMALY_PENDING,"ip_address,device"
246,synth_1628,suspicious_external_access,retraining_dataset_combined_raw.csv,V5_ANOMALY_PENDING,"ip_address,device"
247,synth_7505,suspicious_external_access,retraining_dataset_combined_raw.csv,V5_ANOMALY_PENDING,"ip_address,device"
248,synth_9589,suspicious_external_access,retraining_dataset_combined_raw.csv,V5_ANOMALY_PENDING,"ip_address,device"
249,synth_3999,suspicious_external_access,retraining_dataset_combined_raw.csv,V5_ANOMALY_PENDING,"ip_address,device"
250,synth_7109,suspicious_external_access,retraining_dataset_combined_raw.csv,V5_ANOMALY_PENDING,"ip_address,device"
251,synth_2276,suspicious_external_access,retraining_dataset_combined_raw.csv,V5_ANOMALY_PENDING,"ip_address,device"
252,synth_4686,suspicious_external_access,retraining_dataset_combined_raw.csv,V5_ANOMALY_PENDING,"ip_address,device"
253,synth_13431,suspicious_external_access,retraining_dataset_combined_raw.csv,V5_ANOMALY_PENDING,"ip_address,device"
254,synth_4866,suspicious_external_access,retraining_dataset_combined_raw.csv,V5_ANOMALY_PENDING,"ip_address,device"
255,synth_6625,suspicious_external_access,retraining_dataset_combined_raw.csv,V5_ANOMALY_PENDING,"ip_address,device"
256,synth_8153,suspicious_external_access,retraining_dataset_combined_raw.csv,V5_ANOMALY_PENDING,"ip_address,device"
257,synth_9782,suspicious_external_access,retraining_dataset_combined_raw.csv,V5_ANOMALY_PENDING,"ip_address,device"
258,synth_3265,suspicious_external_access,retraining_dataset_combined_raw.csv,V5_ANOMALY_PENDING,"ip_address,device"
259,synth_13783,suspicious_external_access,retraining_dataset_combined_raw.csv,V5_ANOMALY_PENDING,"ip_address,device"
260,synth_3079,suspicious_external_access,retraining_dataset_combined_raw.csv,V5_ANOMALY_PENDING,"ip_address,device"
261,synth_2804,suspicious_external_access,retraining_dataset_combined_raw.csv,V5_ANOMALY_PENDING,"ip_address,device"
262,synth_8863,suspicious_external_access,retraining_dataset_combined_raw.csv,V5_ANOMALY_PENDING,"ip_address,device"
263,synth_12606,suspicious_external_access,retraining_dataset_combined_raw.csv,V5_ANOMALY_PENDING,"ip_address,device"
264,synth_14946,suspicious_external_access,retraining_dataset_combined_raw.csv,V5_ANOMALY_PENDING,"ip_address,device"
265,synth_9780,suspicious_external_access,retraining_dataset_combined_raw.csv,V5_ANOMALY_PENDING,"ip_address,device"
266,synth_9566,suspicious_external_access,retraining_dataset_combined_raw.csv,V5_ANOMALY_PENDING,"ip_address,device"
267,synth_11776,suspicious_external_access,retraining_dataset_combined_raw.csv,V5_ANOMALY_PENDING,"ip_address,device"
268,synth_1219,suspicious_external_access,retraining_dataset_combined_raw.csv,V5_ANOMALY_PENDING,"ip_address,device"
269,synth_10641,suspicious_external_access,retraining_dataset_combined_raw.csv,V5_ANOMALY_PENDING,"ip_address,device"
270,synth_5614,suspicious_external_access,retraining_dataset_combined_raw.csv,V5_ANOMALY_PENDING,"ip_address,device"
271,synth_2007,suspicious_external_access,retraining_dataset_combined_raw.csv,V5_ANOMALY_PENDING,"ip_address,device"
272,synth_7687,suspicious_external_access,retraining_dataset_combined_raw.csv,V5_ANOMALY_PENDING,"ip_address,device"
273,synth_11616,suspicious_external_access,retraining_dataset_combined_raw.csv,V5_ANOMALY_PENDING,"ip_address,device"
274,synth_4244,suspicious_external_access,retraining_dataset_combined_raw.csv,V5_ANOMALY_PENDING,"ip_address,device"
275,synth_9522,suspicious_external_access,retraining_dataset_combined_raw.csv,V5_ANOMALY_PENDING,"ip_address,device"
276,synth_599,suspicious_external_access,retraining_dataset_combined_raw.csv,V5_ANOMALY_PENDING,"ip_address,device"
277,synth_12883,suspicious_external_access,retraining_dataset_combined_raw.csv,V5_ANOMALY_PENDING,"ip_address,device"
278,synth_2972,suspicious_external_access,retraining_dataset_combined_raw.csv,V5_ANOMALY_PENDING,"ip_address,device"
279,synth_10613,suspicious_external_access,retraining_dataset_combined_raw.csv,V5_ANOMALY_PENDING,"ip_address,device"
280,synth_11,suspicious_external_access,retraining_dataset_combined_raw.csv,V5_ANOMALY_PENDING,"ip_address,device"
281,synth_9090,suspicious_external_access,retraining_dataset_combined_raw.csv,V5_ANOMALY_PENDING,"ip_address,device"
282,synth_9102,suspicious_external_access,retraining_dataset_combined_raw.csv,V5_ANOMALY_PENDING,"ip_address,device"
283,synth_5551,suspicious_external_access,retraining_dataset_combined_raw.csv,V5_ANOMALY_PENDING,"ip_address,device"
284,synth_1607,suspicious_external_access,retraining_dataset_combined_raw.csv,V5_ANOMALY_PENDING,"ip_address,device"
285,synth_7964,suspicious_external_access,retraining_dataset_combined_raw.csv,V5_ANOMALY_PENDING,"ip_address,device"
286,synth_13752,suspicious_external_access,retraining_dataset_combined_raw.csv,V5_ANOMALY_PENDING,"ip_address,device"
287,synth_4126,suspicious_external_access,retraining_dataset_combined_raw.csv,V5_ANOMALY_PENDING,"ip_address,device"
288,synth_12210,suspicious_external_access,retraining_dataset_combined_raw.csv,V5_ANOMALY_PENDING,"ip_address,device"
289,synth_11569,suspicious_external_access,retraining_dataset_combined_raw.csv,V5_ANOMALY_PENDING,"ip_address,device"
290,synth_13654,suspicious_external_access,retraining_dataset_combined_raw.csv,V5_ANOMALY_PENDING,"ip_address,device"
291,synth_1245,suspicious_external_access,retraining_dataset_combined_raw.csv,V5_ANOMALY_PENDING,"ip_address,device"
292,synth_8088,suspicious_external_access,retraining_dataset_combined_raw.csv,V5_ANOMALY_PENDING,"ip_address,device"
293,synth_2442,suspicious_external_access,retraining_dataset_combined_raw.csv,V5_ANOMALY_PENDING,"ip_address,device"
294,synth_402,suspicious_external_access,retraining_dataset_combined_raw.csv,V5_ANOMALY_PENDING,"ip_address,device"
295,synth_4079,suspicious_external_access,retraining_dataset_combined_raw.csv,V5_ANOMALY_PENDING,"ip_address,device"
296,synth_5899,suspicious_external_access,retraining_dataset_combined_raw.csv,V5_ANOMALY_PENDING,"ip_address,device"
297,synth_13319,suspicious_external_access,retraining_dataset_combined_raw.csv,V5_ANOMALY_PENDING,"ip_address,device"
298,synth_2651,suspicious_external_access,retraining_dataset_combined_raw.csv,V5_ANOMALY_PENDING,"ip_address,device"
299,synth_828,suspicious_external_access,retraining_dataset_combined_raw.csv,V5_ANOMALY_PENDING,"ip_address,device"
300,synth_2542,offhours_sensitive_external_access,retraining_dataset_combined_raw.csv,V5_ANOMALY_PENDING,"waktu,aksi,ip_address"
301,synth_4687,offhours_sensitive_external_access,retraining_dataset_combined_raw.csv,V5_ANOMALY_PENDING,"waktu,aksi,ip_address"
302,synth_14919,offhours_sensitive_external_access,retraining_dataset_combined_raw.csv,V5_ANOMALY_PENDING,"waktu,aksi,ip_address"
303,synth_12076,offhours_sensitive_external_access,retraining_dataset_combined_raw.csv,V5_ANOMALY_PENDING,"waktu,aksi,ip_address"
304,synth_4655,offhours_sensitive_external_access,retraining_dataset_combined_raw.csv,V5_ANOMALY_PENDING,"waktu,aksi,ip_address"
305,synth_2011,offhours_sensitive_external_access,retraining_dataset_combined_raw.csv,V5_ANOMALY_PENDING,"waktu,aksi,ip_address"
306,synth_5960,offhours_sensitive_external_access,retraining_dataset_combined_raw.csv,V5_ANOMALY_PENDING,"waktu,aksi,ip_address"
307,synth_14788,offhours_sensitive_external_access,retraining_dataset_combined_raw.csv,V5_ANOMALY_PENDING,"waktu,aksi,ip_address"
308,synth_1551,offhours_sensitive_external_access,retraining_dataset_combined_raw.csv,V5_ANOMALY_PENDING,"waktu,aksi,ip_address"
309,synth_1215,offhours_sensitive_external_access,retraining_dataset_combined_raw.csv,V5_ANOMALY_PENDING,"waktu,aksi,ip_address"
310,synth_13204,offhours_sensitive_external_access,retraining_dataset_combined_raw.csv,V5_ANOMALY_PENDING,"waktu,aksi,ip_address"
311,synth_1984,offhours_sensitive_external_access,retraining_dataset_combined_raw.csv,V5_ANOMALY_PENDING,"waktu,aksi,ip_address"
312,synth_3633,offhours_sensitive_external_access,retraining_dataset_combined_raw.csv,V5_ANOMALY_PENDING,"waktu,aksi,ip_address"
313,synth_14805,offhours_sensitive_external_access,retraining_dataset_combined_raw.csv,V5_ANOMALY_PENDING,"waktu,aksi,ip_address"
314,synth_11691,offhours_sensitive_external_access,retraining_dataset_combined_raw.csv,V5_ANOMALY_PENDING,"waktu,aksi,ip_address"
315,synth_3428,offhours_sensitive_external_access,retraining_dataset_combined_raw.csv,V5_ANOMALY_PENDING,"waktu,aksi,ip_address"
316,synth_9205,offhours_sensitive_external_access,retraining_dataset_combined_raw.csv,V5_ANOMALY_PENDING,"waktu,aksi,ip_address"
317,synth_4715,offhours_sensitive_external_access,retraining_dataset_combined_raw.csv,V5_ANOMALY_PENDING,"waktu,aksi,ip_address"
318,synth_10084,offhours_sensitive_external_access,retraining_dataset_combined_raw.csv,V5_ANOMALY_PENDING,"waktu,aksi,ip_address"
319,synth_10254,offhours_sensitive_external_access,retraining_dataset_combined_raw.csv,V5_ANOMALY_PENDING,"waktu,aksi,ip_address"
320,synth_5435,offhours_sensitive_external_access,retraining_dataset_combined_raw.csv,V5_ANOMALY_PENDING,"waktu,aksi,ip_address"
321,synth_4342,offhours_sensitive_external_access,retraining_dataset_combined_raw.csv,V5_ANOMALY_PENDING,"waktu,aksi,ip_address"
322,synth_11969,offhours_sensitive_external_access,retraining_dataset_combined_raw.csv,V5_ANOMALY_PENDING,"waktu,aksi,ip_address"
323,synth_5634,offhours_sensitive_external_access,retraining_dataset_combined_raw.csv,V5_ANOMALY_PENDING,"waktu,aksi,ip_address"
324,synth_2642,offhours_sensitive_external_access,retraining_dataset_combined_raw.csv,V5_ANOMALY_PENDING,"waktu,aksi,ip_address"
325,synth_9295,offhours_sensitive_external_access,retraining_dataset_combined_raw.csv,V5_ANOMALY_PENDING,"waktu,aksi,ip_address"
326,synth_7440,offhours_sensitive_external_access,retraining_dataset_combined_raw.csv,V5_ANOMALY_PENDING,"waktu,aksi,ip_address"
327,synth_10727,offhours_sensitive_external_access,retraining_dataset_combined_raw.csv,V5_ANOMALY_PENDING,"waktu,aksi,ip_address"
328,synth_14565,offhours_sensitive_external_access,retraining_dataset_combined_raw.csv,V5_ANOMALY_PENDING,"waktu,aksi,ip_address"
329,synth_8120,offhours_sensitive_external_access,retraining_dataset_combined_raw.csv,V5_ANOMALY_PENDING,"waktu,aksi,ip_address"
330,synth_6661,offhours_sensitive_external_access,retraining_dataset_combined_raw.csv,V5_ANOMALY_PENDING,"waktu,aksi,ip_address"
331,synth_8636,offhours_sensitive_external_access,retraining_dataset_combined_raw.csv,V5_ANOMALY_PENDING,"waktu,aksi,ip_address"
332,synth_341,offhours_sensitive_external_access,retraining_dataset_combined_raw.csv,V5_ANOMALY_PENDING,"waktu,aksi,ip_address"
333,synth_2226,offhours_sensitive_external_access,retraining_dataset_combined_raw.csv,V5_ANOMALY_PENDING,"waktu,aksi,ip_address"
334,synth_350,offhours_sensitive_external_access,retraining_dataset_combined_raw.csv,V5_ANOMALY_PENDING,"waktu,aksi,ip_address"
335,synth_12534,offhours_sensitive_external_access,retraining_dataset_combined_raw.csv,V5_ANOMALY_PENDING,"waktu,aksi,ip_address"
336,synth_3873,offhours_sensitive_external_access,retraining_dataset_combined_raw.csv,V5_ANOMALY_PENDING,"waktu,aksi,ip_address"
337,synth_7361,offhours_sensitive_external_access,retraining_dataset_combined_raw.csv,V5_ANOMALY_PENDING,"waktu,aksi,ip_address"
338,synth_670,offhours_sensitive_external_access,retraining_dataset_combined_raw.csv,V5_ANOMALY_PENDING,"waktu,aksi,ip_address"
339,synth_4494,offhours_sensitive_external_access,retraining_dataset_combined_raw.csv,V5_ANOMALY_PENDING,"waktu,aksi,ip_address"
340,synth_10624,offhours_sensitive_external_access,retraining_dataset_combined_raw.csv,V5_ANOMALY_PENDING,"waktu,aksi,ip_address"
341,synth_12060,offhours_sensitive_external_access,retraining_dataset_combined_raw.csv,V5_ANOMALY_PENDING,"waktu,aksi,ip_address"
342,synth_14399,offhours_sensitive_external_access,retraining_dataset_combined_raw.csv,V5_ANOMALY_PENDING,"waktu,aksi,ip_address"
343,synth_10213,offhours_sensitive_external_access,retraining_dataset_combined_raw.csv,V5_ANOMALY_PENDING,"waktu,aksi,ip_address"
344,synth_2755,offhours_sensitive_external_access,retraining_dataset_combined_raw.csv,V5_ANOMALY_PENDING,"waktu,aksi,ip_address"
345,synth_7284,offhours_sensitive_external_access,retraining_dataset_combined_raw.csv,V5_ANOMALY_PENDING,"waktu,aksi,ip_address"
346,synth_13324,offhours_sensitive_external_access,retraining_dataset_combined_raw.csv,V5_ANOMALY_PENDING,"waktu,aksi,ip_address"
347,synth_3916,offhours_sensitive_external_access,retraining_dataset_combined_raw.csv,V5_ANOMALY_PENDING,"waktu,aksi,ip_address"
348,synth_12564,offhours_sensitive_external_access,retraining_dataset_combined_raw.csv,V5_ANOMALY_PENDING,"waktu,aksi,ip_address"
349,synth_4331,offhours_sensitive_external_access,retraining_dataset_combined_raw.csv,V5_ANOMALY_PENDING,"waktu,aksi,ip_address"
350,synth_9967,offhours_sensitive_external_access,retraining_dataset_combined_raw.csv,V5_ANOMALY_PENDING,"waktu,aksi,ip_address"
351,synth_8978,offhours_sensitive_external_access,retraining_dataset_combined_raw.csv,V5_ANOMALY_PENDING,"waktu,aksi,ip_address"
352,synth_6701,offhours_sensitive_external_access,retraining_dataset_combined_raw.csv,V5_ANOMALY_PENDING,"waktu,aksi,ip_address"
353,synth_8158,offhours_sensitive_external_access,retraining_dataset_combined_raw.csv,V5_ANOMALY_PENDING,"waktu,aksi,ip_address"
354,synth_12812,offhours_sensitive_external_access,retraining_dataset_combined_raw.csv,V5_ANOMALY_PENDING,"waktu,aksi,ip_address"
355,synth_7898,offhours_sensitive_external_access,retraining_dataset_combined_raw.csv,V5_ANOMALY_PENDING,"waktu,aksi,ip_address"
356,synth_11604,offhours_sensitive_external_access,retraining_dataset_combined_raw.csv,V5_ANOMALY_PENDING,"waktu,aksi,ip_address"
357,synth_540,offhours_sensitive_external_access,retraining_dataset_combined_raw.csv,V5_ANOMALY_PENDING,"waktu,aksi,ip_address"
358,synth_11373,offhours_sensitive_external_access,retraining_dataset_combined_raw.csv,V5_ANOMALY_PENDING,"waktu,aksi,ip_address"
359,synth_9038,offhours_sensitive_external_access,retraining_dataset_combined_raw.csv,V5_ANOMALY_PENDING,"waktu,aksi,ip_address"
360,synth_5056,offhours_sensitive_external_access,retraining_dataset_combined_raw.csv,V5_ANOMALY_PENDING,"waktu,aksi,ip_address"
361,synth_5160,offhours_sensitive_external_access,retraining_dataset_combined_raw.csv,V5_ANOMALY_PENDING,"waktu,aksi,ip_address"
362,synth_6456,offhours_sensitive_external_access,retraining_dataset_combined_raw.csv,V5_ANOMALY_PENDING,"waktu,aksi,ip_address"
363,synth_14813,offhours_sensitive_external_access,retraining_dataset_combined_raw.csv,V5_ANOMALY_PENDING,"waktu,aksi,ip_address"
364,synth_919,offhours_sensitive_external_access,retraining_dataset_combined_raw.csv,V5_ANOMALY_PENDING,"waktu,aksi,ip_address"
365,synth_6133,offhours_sensitive_external_access,retraining_dataset_combined_raw.csv,V5_ANOMALY_PENDING,"waktu,aksi,ip_address"
366,synth_2767,offhours_sensitive_external_access,retraining_dataset_combined_raw.csv,V5_ANOMALY_PENDING,"waktu,aksi,ip_address"
367,synth_4903,offhours_sensitive_external_access,retraining_dataset_combined_raw.csv,V5_ANOMALY_PENDING,"waktu,aksi,ip_address"
368,synth_273,offhours_sensitive_external_access,retraining_dataset_combined_raw.csv,V5_ANOMALY_PENDING,"waktu,aksi,ip_address"
369,synth_8521,offhours_sensitive_external_access,retraining_dataset_combined_raw.csv,V5_ANOMALY_PENDING,"waktu,aksi,ip_address"
370,synth_5834,offhours_sensitive_external_access,retraining_dataset_combined_raw.csv,V5_ANOMALY_PENDING,"waktu,aksi,ip_address"
371,synth_3417,offhours_sensitive_external_access,retraining_dataset_combined_raw.csv,V5_ANOMALY_PENDING,"waktu,aksi,ip_address"
372,synth_13952,offhours_sensitive_external_access,retraining_dataset_combined_raw.csv,V5_ANOMALY_PENDING,"waktu,aksi,ip_address"
373,synth_5998,offhours_sensitive_external_access,retraining_dataset_combined_raw.csv,V5_ANOMALY_PENDING,"waktu,aksi,ip_address"
374,synth_2288,offhours_sensitive_external_access,retraining_dataset_combined_raw.csv,V5_ANOMALY_PENDING,"waktu,aksi,ip_address"
375,synth_3190,offhours_sensitive_external_access,retraining_dataset_combined_raw.csv,V5_ANOMALY_PENDING,"waktu,aksi,ip_address"
376,synth_8851,offhours_sensitive_external_access,retraining_dataset_combined_raw.csv,V5_ANOMALY_PENDING,"waktu,aksi,ip_address"
377,synth_5159,offhours_sensitive_external_access,retraining_dataset_combined_raw.csv,V5_ANOMALY_PENDING,"waktu,aksi,ip_address"
378,synth_11611,offhours_sensitive_external_access,retraining_dataset_combined_raw.csv,V5_ANOMALY_PENDING,"waktu,aksi,ip_address"
379,synth_3841,offhours_sensitive_external_access,retraining_dataset_combined_raw.csv,V5_ANOMALY_PENDING,"waktu,aksi,ip_address"
380,synth_2382,offhours_sensitive_external_access,retraining_dataset_combined_raw.csv,V5_ANOMALY_PENDING,"waktu,aksi,ip_address"
381,synth_10599,offhours_sensitive_external_access,retraining_dataset_combined_raw.csv,V5_ANOMALY_PENDING,"waktu,aksi,ip_address"
382,synth_1514,offhours_sensitive_external_access,retraining_dataset_combined_raw.csv,V5_ANOMALY_PENDING,"waktu,aksi,ip_address"
383,synth_12544,offhours_sensitive_external_access,retraining_dataset_combined_raw.csv,V5_ANOMALY_PENDING,"waktu,aksi,ip_address"
384,synth_4550,offhours_sensitive_external_access,retraining_dataset_combined_raw.csv,V5_ANOMALY_PENDING,"waktu,aksi,ip_address"
385,synth_11711,offhours_sensitive_external_access,retraining_dataset_combined_raw.csv,V5_ANOMALY_PENDING,"waktu,aksi,ip_address"
386,synth_77,offhours_sensitive_external_access,retraining_dataset_combined_raw.csv,V5_ANOMALY_PENDING,"waktu,aksi,ip_address"
387,synth_8082,offhours_sensitive_external_access,retraining_dataset_combined_raw.csv,V5_ANOMALY_PENDING,"waktu,aksi,ip_address"
388,synth_2945,offhours_sensitive_external_access,retraining_dataset_combined_raw.csv,V5_ANOMALY_PENDING,"waktu,aksi,ip_address"
389,synth_1938,offhours_sensitive_external_access,retraining_dataset_combined_raw.csv,V5_ANOMALY_PENDING,"waktu,aksi,ip_address"
390,synth_9897,offhours_sensitive_external_access,retraining_dataset_combined_raw.csv,V5_ANOMALY_PENDING,"waktu,aksi,ip_address"
391,synth_13261,offhours_sensitive_external_access,retraining_dataset_combined_raw.csv,V5_ANOMALY_PENDING,"waktu,aksi,ip_address"
392,synth_10460,offhours_sensitive_external_access,retraining_dataset_combined_raw.csv,V5_ANOMALY_PENDING,"waktu,aksi,ip_address"
393,synth_4322,offhours_sensitive_external_access,retraining_dataset_combined_raw.csv,V5_ANOMALY_PENDING,"waktu,aksi,ip_address"
394,synth_14875,offhours_sensitive_external_access,retraining_dataset_combined_raw.csv,V5_ANOMALY_PENDING,"waktu,aksi,ip_address"
395,synth_4931,offhours_sensitive_external_access,retraining_dataset_combined_raw.csv,V5_ANOMALY_PENDING,"waktu,aksi,ip_address"
396,synth_13881,offhours_sensitive_external_access,retraining_dataset_combined_raw.csv,V5_ANOMALY_PENDING,"waktu,aksi,ip_address"
397,synth_11105,offhours_sensitive_external_access,retraining_dataset_combined_raw.csv,V5_ANOMALY_PENDING,"waktu,aksi,ip_address"
398,synth_13822,offhours_sensitive_external_access,retraining_dataset_combined_raw.csv,V5_ANOMALY_PENDING,"waktu,aksi,ip_address"
399,synth_9840,offhours_sensitive_external_access,retraining_dataset_combined_raw.csv,V5_ANOMALY_PENDING,"waktu,aksi,ip_address"
400,synth_571,offhours_sensitive_external_access,retraining_dataset_combined_raw.csv,V5_ANOMALY_PENDING,"waktu,aksi,ip_address"
401,synth_8035,offhours_sensitive_external_access,retraining_dataset_combined_raw.csv,V5_ANOMALY_PENDING,"waktu,aksi,ip_address"
402,synth_14080,offhours_sensitive_external_access,retraining_dataset_combined_raw.csv,V5_ANOMALY_PENDING,"waktu,aksi,ip_address"
403,synth_11645,offhours_sensitive_external_access,retraining_dataset_combined_raw.csv,V5_ANOMALY_PENDING,"waktu,aksi,ip_address"
404,synth_9320,offhours_sensitive_external_access,retraining_dataset_combined_raw.csv,V5_ANOMALY_PENDING,"waktu,aksi,ip_address"
405,synth_11630,offhours_sensitive_external_access,retraining_dataset_combined_raw.csv,V5_ANOMALY_PENDING,"waktu,aksi,ip_address"
406,synth_5632,offhours_sensitive_external_access,retraining_dataset_combined_raw.csv,V5_ANOMALY_PENDING,"waktu,aksi,ip_address"
407,synth_2266,offhours_sensitive_external_access,retraining_dataset_combined_raw.csv,V5_ANOMALY_PENDING,"waktu,aksi,ip_address"
408,synth_10580,offhours_sensitive_external_access,retraining_dataset_combined_raw.csv,V5_ANOMALY_PENDING,"waktu,aksi,ip_address"
409,synth_12432,offhours_sensitive_external_access,retraining_dataset_combined_raw.csv,V5_ANOMALY_PENDING,"waktu,aksi,ip_address"
410,synth_1125,offhours_sensitive_external_access,retraining_dataset_combined_raw.csv,V5_ANOMALY_PENDING,"waktu,aksi,ip_address"
411,synth_12791,offhours_sensitive_external_access,retraining_dataset_combined_raw.csv,V5_ANOMALY_PENDING,"waktu,aksi,ip_address"
412,synth_12400,offhours_sensitive_external_access,retraining_dataset_combined_raw.csv,V5_ANOMALY_PENDING,"waktu,aksi,ip_address"
413,synth_7429,offhours_sensitive_external_access,retraining_dataset_combined_raw.csv,V5_ANOMALY_PENDING,"waktu,aksi,ip_address"
414,synth_826,offhours_sensitive_external_access,retraining_dataset_combined_raw.csv,V5_ANOMALY_PENDING,"waktu,aksi,ip_address"
415,synth_11540,offhours_sensitive_external_access,retraining_dataset_combined_raw.csv,V5_ANOMALY_PENDING,"waktu,aksi,ip_address"
416,synth_5570,offhours_sensitive_external_access,retraining_dataset_combined_raw.csv,V5_ANOMALY_PENDING,"waktu,aksi,ip_address"
417,synth_5186,offhours_sensitive_external_access,retraining_dataset_combined_raw.csv,V5_ANOMALY_PENDING,"waktu,aksi,ip_address"
418,synth_6254,offhours_sensitive_external_access,retraining_dataset_combined_raw.csv,V5_ANOMALY_PENDING,"waktu,aksi,ip_address"
419,synth_9180,offhours_sensitive_external_access,retraining_dataset_combined_raw.csv,V5_ANOMALY_PENDING,"waktu,aksi,ip_address"
420,synth_7625,offhours_sensitive_external_access,retraining_dataset_combined_raw.csv,V5_ANOMALY_PENDING,"waktu,aksi,ip_address"
421,synth_4516,offhours_sensitive_external_access,retraining_dataset_combined_raw.csv,V5_ANOMALY_PENDING,"waktu,aksi,ip_address"
422,synth_12165,offhours_sensitive_external_access,retraining_dataset_combined_raw.csv,V5_ANOMALY_PENDING,"waktu,aksi,ip_address"
423,synth_5480,offhours_sensitive_external_access,retraining_dataset_combined_raw.csv,V5_ANOMALY_PENDING,"waktu,aksi,ip_address"
424,synth_13938,offhours_sensitive_external_access,retraining_dataset_combined_raw.csv,V5_ANOMALY_PENDING,"waktu,aksi,ip_address"
425,synth_2065,offhours_sensitive_external_access,retraining_dataset_combined_raw.csv,V5_ANOMALY_PENDING,"waktu,aksi,ip_address"
426,synth_453,offhours_sensitive_external_access,retraining_dataset_combined_raw.csv,V5_ANOMALY_PENDING,"waktu,aksi,ip_address"
427,synth_9944,offhours_sensitive_external_access,retraining_dataset_combined_raw.csv,V5_ANOMALY_PENDING,"waktu,aksi,ip_address"
428,synth_1162,offhours_sensitive_external_access,retraining_dataset_combined_raw.csv,V5_ANOMALY_PENDING,"waktu,aksi,ip_address"
429,synth_8429,offhours_sensitive_external_access,retraining_dataset_combined_raw.csv,V5_ANOMALY_PENDING,"waktu,aksi,ip_address"
430,synth_14325,offhours_sensitive_external_access,retraining_dataset_combined_raw.csv,V5_ANOMALY_PENDING,"waktu,aksi,ip_address"
431,synth_7154,offhours_sensitive_external_access,retraining_dataset_combined_raw.csv,V5_ANOMALY_PENDING,"waktu,aksi,ip_address"
432,synth_5142,offhours_sensitive_external_access,retraining_dataset_combined_raw.csv,V5_ANOMALY_PENDING,"waktu,aksi,ip_address"
433,synth_9333,offhours_sensitive_external_access,retraining_dataset_combined_raw.csv,V5_ANOMALY_PENDING,"waktu,aksi,ip_address"
434,synth_1146,offhours_sensitive_external_access,retraining_dataset_combined_raw.csv,V5_ANOMALY_PENDING,"waktu,aksi,ip_address"
435,synth_13515,offhours_sensitive_external_access,retraining_dataset_combined_raw.csv,V5_ANOMALY_PENDING,"waktu,aksi,ip_address"
436,synth_13586,offhours_sensitive_external_access,retraining_dataset_combined_raw.csv,V5_ANOMALY_PENDING,"waktu,aksi,ip_address"
437,synth_7035,offhours_sensitive_external_access,retraining_dataset_combined_raw.csv,V5_ANOMALY_PENDING,"waktu,aksi,ip_address"
438,synth_12988,offhours_sensitive_external_access,retraining_dataset_combined_raw.csv,V5_ANOMALY_PENDING,"waktu,aksi,ip_address"
439,synth_12941,offhours_sensitive_external_access,retraining_dataset_combined_raw.csv,V5_ANOMALY_PENDING,"waktu,aksi,ip_address"
440,synth_10193,offhours_sensitive_external_access,retraining_dataset_combined_raw.csv,V5_ANOMALY_PENDING,"waktu,aksi,ip_address"
441,synth_2704,offhours_sensitive_external_access,retraining_dataset_combined_raw.csv,V5_ANOMALY_PENDING,"waktu,aksi,ip_address"
442,synth_12358,offhours_sensitive_external_access,retraining_dataset_combined_raw.csv,V5_ANOMALY_PENDING,"waktu,aksi,ip_address"
443,synth_13332,offhours_sensitive_external_access,retraining_dataset_combined_raw.csv,V5_ANOMALY_PENDING,"waktu,aksi,ip_address"
444,synth_5673,offhours_sensitive_external_access,retraining_dataset_combined_raw.csv,V5_ANOMALY_PENDING,"waktu,aksi,ip_address"
445,synth_1004,offhours_sensitive_external_access,retraining_dataset_combined_raw.csv,V5_ANOMALY_PENDING,"waktu,aksi,ip_address"
446,synth_5689,offhours_sensitive_external_access,retraining_dataset_combined_raw.csv,V5_ANOMALY_PENDING,"waktu,aksi,ip_address"
447,synth_1519,offhours_sensitive_external_access,retraining_dataset_combined_raw.csv,V5_ANOMALY_PENDING,"waktu,aksi,ip_address"
448,synth_7599,offhours_sensitive_external_access,retraining_dataset_combined_raw.csv,V5_ANOMALY_PENDING,"waktu,aksi,ip_address"
449,synth_110,offhours_sensitive_external_access,retraining_dataset_combined_raw.csv,V5_ANOMALY_PENDING,"waktu,aksi,ip_address"
450,synth_10623,offhours_sensitive_external_access,retraining_dataset_combined_raw.csv,V5_ANOMALY_PENDING,"waktu,aksi,ip_address"
451,synth_11050,offhours_sensitive_external_access,retraining_dataset_combined_raw.csv,V5_ANOMALY_PENDING,"waktu,aksi,ip_address"
452,synth_8268,offhours_sensitive_external_access,retraining_dataset_combined_raw.csv,V5_ANOMALY_PENDING,"waktu,aksi,ip_address"
453,synth_8903,offhours_sensitive_external_access,retraining_dataset_combined_raw.csv,V5_ANOMALY_PENDING,"waktu,aksi,ip_address"
454,synth_14763,offhours_sensitive_external_access,retraining_dataset_combined_raw.csv,V5_ANOMALY_PENDING,"waktu,aksi,ip_address"
455,synth_10764,offhours_sensitive_external_access,retraining_dataset_combined_raw.csv,V5_ANOMALY_PENDING,"waktu,aksi,ip_address"
456,synth_1540,offhours_sensitive_external_access,retraining_dataset_combined_raw.csv,V5_ANOMALY_PENDING,"waktu,aksi,ip_address"
457,synth_13622,offhours_sensitive_external_access,retraining_dataset_combined_raw.csv,V5_ANOMALY_PENDING,"waktu,aksi,ip_address"
458,synth_8484,offhours_sensitive_external_access,retraining_dataset_combined_raw.csv,V5_ANOMALY_PENDING,"waktu,aksi,ip_address"
459,synth_13053,offhours_sensitive_external_access,retraining_dataset_combined_raw.csv,V5_ANOMALY_PENDING,"waktu,aksi,ip_address"
460,synth_1036,offhours_sensitive_external_access,retraining_dataset_combined_raw.csv,V5_ANOMALY_PENDING,"waktu,aksi,ip_address"
461,synth_7080,offhours_sensitive_external_access,retraining_dataset_combined_raw.csv,V5_ANOMALY_PENDING,"waktu,aksi,ip_address"
462,synth_428,offhours_sensitive_external_access,retraining_dataset_combined_raw.csv,V5_ANOMALY_PENDING,"waktu,aksi,ip_address"
463,synth_9126,offhours_sensitive_external_access,retraining_dataset_combined_raw.csv,V5_ANOMALY_PENDING,"waktu,aksi,ip_address"
464,synth_14735,offhours_sensitive_external_access,retraining_dataset_combined_raw.csv,V5_ANOMALY_PENDING,"waktu,aksi,ip_address"
465,synth_7688,offhours_sensitive_external_access,retraining_dataset_combined_raw.csv,V5_ANOMALY_PENDING,"waktu,aksi,ip_address"
466,synth_10053,offhours_sensitive_external_access,retraining_dataset_combined_raw.csv,V5_ANOMALY_PENDING,"waktu,aksi,ip_address"
467,synth_11981,offhours_sensitive_external_access,retraining_dataset_combined_raw.csv,V5_ANOMALY_PENDING,"waktu,aksi,ip_address"
468,synth_2588,offhours_sensitive_external_access,retraining_dataset_combined_raw.csv,V5_ANOMALY_PENDING,"waktu,aksi,ip_address"
469,synth_1673,offhours_sensitive_external_access,retraining_dataset_combined_raw.csv,V5_ANOMALY_PENDING,"waktu,aksi,ip_address"
470,synth_204,offhours_sensitive_external_access,retraining_dataset_combined_raw.csv,V5_ANOMALY_PENDING,"waktu,aksi,ip_address"
471,synth_3493,offhours_sensitive_external_access,retraining_dataset_combined_raw.csv,V5_ANOMALY_PENDING,"waktu,aksi,ip_address"
472,synth_12265,offhours_sensitive_external_access,retraining_dataset_combined_raw.csv,V5_ANOMALY_PENDING,"waktu,aksi,ip_address"
473,synth_653,offhours_sensitive_external_access,retraining_dataset_combined_raw.csv,V5_ANOMALY_PENDING,"waktu,aksi,ip_address"
474,synth_2526,offhours_sensitive_external_access,retraining_dataset_combined_raw.csv,V5_ANOMALY_PENDING,"waktu,aksi,ip_address"
475,synth_9963,offhours_sensitive_external_access,retraining_dataset_combined_raw.csv,V5_ANOMALY_PENDING,"waktu,aksi,ip_address"
476,synth_13923,offhours_sensitive_external_access,retraining_dataset_combined_raw.csv,V5_ANOMALY_PENDING,"waktu,aksi,ip_address"
477,synth_9754,offhours_sensitive_external_access,retraining_dataset_combined_raw.csv,V5_ANOMALY_PENDING,"waktu,aksi,ip_address"
478,synth_5609,offhours_sensitive_external_access,retraining_dataset_combined_raw.csv,V5_ANOMALY_PENDING,"waktu,aksi,ip_address"
479,synth_8610,offhours_sensitive_external_access,retraining_dataset_combined_raw.csv,V5_ANOMALY_PENDING,"waktu,aksi,ip_address"
480,synth_8058,offhours_sensitive_external_access,retraining_dataset_combined_raw.csv,V5_ANOMALY_PENDING,"waktu,aksi,ip_address"
481,synth_14806,offhours_sensitive_external_access,retraining_dataset_combined_raw.csv,V5_ANOMALY_PENDING,"waktu,aksi,ip_address"
482,synth_8445,offhours_sensitive_external_access,retraining_dataset_combined_raw.csv,V5_ANOMALY_PENDING,"waktu,aksi,ip_address"
483,synth_3076,offhours_sensitive_external_access,retraining_dataset_combined_raw.csv,V5_ANOMALY_PENDING,"waktu,aksi,ip_address"
484,synth_646,offhours_sensitive_external_access,retraining_dataset_combined_raw.csv,V5_ANOMALY_PENDING,"waktu,aksi,ip_address"
485,synth_6432,offhours_sensitive_external_access,retraining_dataset_combined_raw.csv,V5_ANOMALY_PENDING,"waktu,aksi,ip_address"
486,synth_12231,offhours_sensitive_external_access,retraining_dataset_combined_raw.csv,V5_ANOMALY_PENDING,"waktu,aksi,ip_address"
487,synth_9282,offhours_sensitive_external_access,retraining_dataset_combined_raw.csv,V5_ANOMALY_PENDING,"waktu,aksi,ip_address"
488,synth_1856,offhours_sensitive_external_access,retraining_dataset_combined_raw.csv,V5_ANOMALY_PENDING,"waktu,aksi,ip_address"
489,synth_241,offhours_sensitive_external_access,retraining_dataset_combined_raw.csv,V5_ANOMALY_PENDING,"waktu,aksi,ip_address"
490,synth_5560,offhours_sensitive_external_access,retraining_dataset_combined_raw.csv,V5_ANOMALY_PENDING,"waktu,aksi,ip_address"
491,synth_3925,offhours_sensitive_external_access,retraining_dataset_combined_raw.csv,V5_ANOMALY_PENDING,"waktu,aksi,ip_address"
492,synth_5602,offhours_sensitive_external_access,retraining_dataset_combined_raw.csv,V5_ANOMALY_PENDING,"waktu,aksi,ip_address"
493,synth_7945,offhours_sensitive_external_access,retraining_dataset_combined_raw.csv,V5_ANOMALY_PENDING,"waktu,aksi,ip_address"
494,synth_4344,offhours_sensitive_external_access,retraining_dataset_combined_raw.csv,V5_ANOMALY_PENDING,"waktu,aksi,ip_address"
495,synth_5007,offhours_sensitive_external_access,retraining_dataset_combined_raw.csv,V5_ANOMALY_PENDING,"waktu,aksi,ip_address"
496,synth_3946,offhours_sensitive_external_access,retraining_dataset_combined_raw.csv,V5_ANOMALY_PENDING,"waktu,aksi,ip_address"
497,synth_10255,offhours_sensitive_external_access,retraining_dataset_combined_raw.csv,V5_ANOMALY_PENDING,"waktu,aksi,ip_address"
498,synth_11714,offhours_sensitive_external_access,retraining_dataset_combined_raw.csv,V5_ANOMALY_PENDING,"waktu,aksi,ip_address"
499,synth_11173,offhours_sensitive_external_access,retraining_dataset_combined_raw.csv,V5_ANOMALY_PENDING,"waktu,aksi,ip_address"
500,synth_9460,offhours_sensitive_external_access,retraining_dataset_combined_raw.csv,V5_ANOMALY_PENDING,"waktu,aksi,ip_address"
501,synth_963,offhours_sensitive_external_access,retraining_dataset_combined_raw.csv,V5_ANOMALY_PENDING,"waktu,aksi,ip_address"
502,synth_5202,offhours_sensitive_external_access,retraining_dataset_combined_raw.csv,V5_ANOMALY_PENDING,"waktu,aksi,ip_address"
503,synth_13762,offhours_sensitive_external_access,retraining_dataset_combined_raw.csv,V5_ANOMALY_PENDING,"waktu,aksi,ip_address"
504,synth_8514,offhours_sensitive_external_access,retraining_dataset_combined_raw.csv,V5_ANOMALY_PENDING,"waktu,aksi,ip_address"
505,synth_3768,offhours_sensitive_external_access,retraining_dataset_combined_raw.csv,V5_ANOMALY_PENDING,"waktu,aksi,ip_address"
506,synth_4351,offhours_sensitive_external_access,retraining_dataset_combined_raw.csv,V5_ANOMALY_PENDING,"waktu,aksi,ip_address"
507,synth_14947,offhours_sensitive_external_access,retraining_dataset_combined_raw.csv,V5_ANOMALY_PENDING,"waktu,aksi,ip_address"
508,synth_14910,offhours_sensitive_external_access,retraining_dataset_combined_raw.csv,V5_ANOMALY_PENDING,"waktu,aksi,ip_address"
509,synth_1492,offhours_sensitive_external_access,retraining_dataset_combined_raw.csv,V5_ANOMALY_PENDING,"waktu,aksi,ip_address"
510,synth_4943,offhours_sensitive_external_access,retraining_dataset_combined_raw.csv,V5_ANOMALY_PENDING,"waktu,aksi,ip_address"
511,synth_1374,offhours_sensitive_external_access,retraining_dataset_combined_raw.csv,V5_ANOMALY_PENDING,"waktu,aksi,ip_address"
512,synth_14717,offhours_sensitive_external_access,retraining_dataset_combined_raw.csv,V5_ANOMALY_PENDING,"waktu,aksi,ip_address"
513,synth_12093,offhours_sensitive_external_access,retraining_dataset_combined_raw.csv,V5_ANOMALY_PENDING,"waktu,aksi,ip_address"
514,synth_14689,offhours_sensitive_external_access,retraining_dataset_combined_raw.csv,V5_ANOMALY_PENDING,"waktu,aksi,ip_address"
515,synth_7637,offhours_sensitive_external_access,retraining_dataset_combined_raw.csv,V5_ANOMALY_PENDING,"waktu,aksi,ip_address"
516,synth_7532,offhours_sensitive_external_access,retraining_dataset_combined_raw.csv,V5_ANOMALY_PENDING,"waktu,aksi,ip_address"
517,synth_2495,offhours_sensitive_external_access,retraining_dataset_combined_raw.csv,V5_ANOMALY_PENDING,"waktu,aksi,ip_address"
518,synth_8545,offhours_sensitive_external_access,retraining_dataset_combined_raw.csv,V5_ANOMALY_PENDING,"waktu,aksi,ip_address"
519,synth_1541,offhours_sensitive_external_access,retraining_dataset_combined_raw.csv,V5_ANOMALY_PENDING,"waktu,aksi,ip_address"
520,synth_3419,offhours_sensitive_external_access,retraining_dataset_combined_raw.csv,V5_ANOMALY_PENDING,"waktu,aksi,ip_address"
521,synth_3570,offhours_sensitive_external_access,retraining_dataset_combined_raw.csv,V5_ANOMALY_PENDING,"waktu,aksi,ip_address"
522,synth_11160,offhours_sensitive_external_access,retraining_dataset_combined_raw.csv,V5_ANOMALY_PENDING,"waktu,aksi,ip_address"
523,synth_9546,offhours_sensitive_external_access,retraining_dataset_combined_raw.csv,V5_ANOMALY_PENDING,"waktu,aksi,ip_address"
524,synth_9430,offhours_sensitive_external_access,retraining_dataset_combined_raw.csv,V5_ANOMALY_PENDING,"waktu,aksi,ip_address"
525,synth_3823,offhours_sensitive_external_access,retraining_dataset_combined_raw.csv,V5_ANOMALY_PENDING,"waktu,aksi,ip_address"
526,synth_2455,offhours_sensitive_external_access,retraining_dataset_combined_raw.csv,V5_ANOMALY_PENDING,"waktu,aksi,ip_address"
527,synth_4392,offhours_sensitive_external_access,retraining_dataset_combined_raw.csv,V5_ANOMALY_PENDING,"waktu,aksi,ip_address"
528,synth_11434,offhours_sensitive_external_access,retraining_dataset_combined_raw.csv,V5_ANOMALY_PENDING,"waktu,aksi,ip_address"
529,synth_13309,offhours_sensitive_external_access,retraining_dataset_combined_raw.csv,V5_ANOMALY_PENDING,"waktu,aksi,ip_address"
530,synth_5943,offhours_sensitive_external_access,retraining_dataset_combined_raw.csv,V5_ANOMALY_PENDING,"waktu,aksi,ip_address"
531,synth_13189,offhours_sensitive_external_access,retraining_dataset_combined_raw.csv,V5_ANOMALY_PENDING,"waktu,aksi,ip_address"
532,synth_6446,offhours_sensitive_external_access,retraining_dataset_combined_raw.csv,V5_ANOMALY_PENDING,"waktu,aksi,ip_address"
533,synth_11963,offhours_sensitive_external_access,retraining_dataset_combined_raw.csv,V5_ANOMALY_PENDING,"waktu,aksi,ip_address"
534,synth_10626,offhours_sensitive_external_access,retraining_dataset_combined_raw.csv,V5_ANOMALY_PENDING,"waktu,aksi,ip_address"
535,synth_9723,offhours_sensitive_external_access,retraining_dataset_combined_raw.csv,V5_ANOMALY_PENDING,"waktu,aksi,ip_address"
536,synth_13659,offhours_sensitive_external_access,retraining_dataset_combined_raw.csv,V5_ANOMALY_PENDING,"waktu,aksi,ip_address"
537,synth_8392,offhours_sensitive_external_access,retraining_dataset_combined_raw.csv,V5_ANOMALY_PENDING,"waktu,aksi,ip_address"
538,synth_4564,offhours_sensitive_external_access,retraining_dataset_combined_raw.csv,V5_ANOMALY_PENDING,"waktu,aksi,ip_address"
539,synth_10688,offhours_sensitive_external_access,retraining_dataset_combined_raw.csv,V5_ANOMALY_PENDING,"waktu,aksi,ip_address"
540,synth_5660,offhours_sensitive_external_access,retraining_dataset_combined_raw.csv,V5_ANOMALY_PENDING,"waktu,aksi,ip_address"
541,synth_6112,offhours_sensitive_external_access,retraining_dataset_combined_raw.csv,V5_ANOMALY_PENDING,"waktu,aksi,ip_address"
542,synth_14905,offhours_sensitive_external_access,retraining_dataset_combined_raw.csv,V5_ANOMALY_PENDING,"waktu,aksi,ip_address"
543,synth_126,offhours_sensitive_external_access,retraining_dataset_combined_raw.csv,V5_ANOMALY_PENDING,"waktu,aksi,ip_address"
544,synth_6025,offhours_sensitive_external_access,retraining_dataset_combined_raw.csv,V5_ANOMALY_PENDING,"waktu,aksi,ip_address"
545,synth_9916,offhours_sensitive_external_access,retraining_dataset_combined_raw.csv,V5_ANOMALY_PENDING,"waktu,aksi,ip_address"
546,synth_14589,offhours_sensitive_external_access,retraining_dataset_combined_raw.csv,V5_ANOMALY_PENDING,"waktu,aksi,ip_address"
547,synth_10922,offhours_sensitive_external_access,retraining_dataset_combined_raw.csv,V5_ANOMALY_PENDING,"waktu,aksi,ip_address"
548,synth_11073,offhours_sensitive_external_access,retraining_dataset_combined_raw.csv,V5_ANOMALY_PENDING,"waktu,aksi,ip_address"
549,synth_42,offhours_sensitive_external_access,retraining_dataset_combined_raw.csv,V5_ANOMALY_PENDING,"waktu,aksi,ip_address"
550,synth_12135,offhours_sensitive_external_access,retraining_dataset_combined_raw.csv,V5_ANOMALY_PENDING,"waktu,aksi,ip_address"
551,synth_4323,offhours_sensitive_external_access,retraining_dataset_combined_raw.csv,V5_ANOMALY_PENDING,"waktu,aksi,ip_address"
552,synth_54,offhours_sensitive_external_access,retraining_dataset_combined_raw.csv,V5_ANOMALY_PENDING,"waktu,aksi,ip_address"
553,synth_1905,offhours_sensitive_external_access,retraining_dataset_combined_raw.csv,V5_ANOMALY_PENDING,"waktu,aksi,ip_address"
554,synth_5231,offhours_sensitive_external_access,retraining_dataset_combined_raw.csv,V5_ANOMALY_PENDING,"waktu,aksi,ip_address"
555,synth_6612,offhours_sensitive_external_access,retraining_dataset_combined_raw.csv,V5_ANOMALY_PENDING,"waktu,aksi,ip_address"
556,synth_6770,offhours_sensitive_external_access,retraining_dataset_combined_raw.csv,V5_ANOMALY_PENDING,"waktu,aksi,ip_address"
557,synth_14842,offhours_sensitive_external_access,retraining_dataset_combined_raw.csv,V5_ANOMALY_PENDING,"waktu,aksi,ip_address"
558,synth_2581,offhours_sensitive_external_access,retraining_dataset_combined_raw.csv,V5_ANOMALY_PENDING,"waktu,aksi,ip_address"
559,synth_10760,offhours_sensitive_external_access,retraining_dataset_combined_raw.csv,V5_ANOMALY_PENDING,"waktu,aksi,ip_address"
560,synth_5055,offhours_sensitive_external_access,retraining_dataset_combined_raw.csv,V5_ANOMALY_PENDING,"waktu,aksi,ip_address"
561,synth_3348,offhours_sensitive_external_access,retraining_dataset_combined_raw.csv,V5_ANOMALY_PENDING,"waktu,aksi,ip_address"
562,synth_3743,offhours_sensitive_external_access,retraining_dataset_combined_raw.csv,V5_ANOMALY_PENDING,"waktu,aksi,ip_address"
563,synth_14872,offhours_sensitive_external_access,retraining_dataset_combined_raw.csv,V5_ANOMALY_PENDING,"waktu,aksi,ip_address"
564,synth_4146,offhours_sensitive_external_access,retraining_dataset_combined_raw.csv,V5_ANOMALY_PENDING,"waktu,aksi,ip_address"
565,synth_8749,offhours_sensitive_external_access,retraining_dataset_combined_raw.csv,V5_ANOMALY_PENDING,"waktu,aksi,ip_address"
566,synth_10073,offhours_sensitive_external_access,retraining_dataset_combined_raw.csv,V5_ANOMALY_PENDING,"waktu,aksi,ip_address"
567,synth_10351,offhours_sensitive_external_access,retraining_dataset_combined_raw.csv,V5_ANOMALY_PENDING,"waktu,aksi,ip_address"
568,synth_3369,offhours_sensitive_external_access,retraining_dataset_combined_raw.csv,V5_ANOMALY_PENDING,"waktu,aksi,ip_address"
569,synth_3774,offhours_sensitive_external_access,retraining_dataset_combined_raw.csv,V5_ANOMALY_PENDING,"waktu,aksi,ip_address"
570,synth_6202,offhours_sensitive_external_access,retraining_dataset_combined_raw.csv,V5_ANOMALY_PENDING,"waktu,aksi,ip_address"
571,synth_13868,offhours_sensitive_external_access,retraining_dataset_combined_raw.csv,V5_ANOMALY_PENDING,"waktu,aksi,ip_address"
572,synth_6478,offhours_sensitive_external_access,retraining_dataset_combined_raw.csv,V5_ANOMALY_PENDING,"waktu,aksi,ip_address"
573,synth_2633,offhours_sensitive_external_access,retraining_dataset_combined_raw.csv,V5_ANOMALY_PENDING,"waktu,aksi,ip_address"
574,synth_2688,offhours_sensitive_external_access,retraining_dataset_combined_raw.csv,V5_ANOMALY_PENDING,"waktu,aksi,ip_address"
575,synth_14796,offhours_sensitive_external_access,retraining_dataset_combined_raw.csv,V5_ANOMALY_PENDING,"waktu,aksi,ip_address"
576,synth_11807,offhours_sensitive_external_access,retraining_dataset_combined_raw.csv,V5_ANOMALY_PENDING,"waktu,aksi,ip_address"
577,synth_9637,offhours_sensitive_external_access,retraining_dataset_combined_raw.csv,V5_ANOMALY_PENDING,"waktu,aksi,ip_address"
578,synth_14615,offhours_sensitive_external_access,retraining_dataset_combined_raw.csv,V5_ANOMALY_PENDING,"waktu,aksi,ip_address"
579,synth_9576,offhours_sensitive_external_access,retraining_dataset_combined_raw.csv,V5_ANOMALY_PENDING,"waktu,aksi,ip_address"
580,synth_1632,offhours_sensitive_external_access,retraining_dataset_combined_raw.csv,V5_ANOMALY_PENDING,"waktu,aksi,ip_address"
581,synth_1697,offhours_sensitive_external_access,retraining_dataset_combined_raw.csv,V5_ANOMALY_PENDING,"waktu,aksi,ip_address"
582,synth_594,offhours_sensitive_external_access,retraining_dataset_combined_raw.csv,V5_ANOMALY_PENDING,"waktu,aksi,ip_address"
583,synth_14343,offhours_sensitive_external_access,retraining_dataset_combined_raw.csv,V5_ANOMALY_PENDING,"waktu,aksi,ip_address"
584,synth_7934,offhours_sensitive_external_access,retraining_dataset_combined_raw.csv,V5_ANOMALY_PENDING,"waktu,aksi,ip_address"
585,synth_5472,offhours_sensitive_external_access,retraining_dataset_combined_raw.csv,V5_ANOMALY_PENDING,"waktu,aksi,ip_address"
586,synth_4434,offhours_sensitive_external_access,retraining_dataset_combined_raw.csv,V5_ANOMALY_PENDING,"waktu,aksi,ip_address"
587,synth_7507,offhours_sensitive_external_access,retraining_dataset_combined_raw.csv,V5_ANOMALY_PENDING,"waktu,aksi,ip_address"
588,synth_2388,offhours_sensitive_external_access,retraining_dataset_combined_raw.csv,V5_ANOMALY_PENDING,"waktu,aksi,ip_address"
589,synth_1592,offhours_sensitive_external_access,retraining_dataset_combined_raw.csv,V5_ANOMALY_PENDING,"waktu,aksi,ip_address"
590,synth_12555,offhours_sensitive_external_access,retraining_dataset_combined_raw.csv,V5_ANOMALY_PENDING,"waktu,aksi,ip_address"
591,synth_12044,offhours_sensitive_external_access,retraining_dataset_combined_raw.csv,V5_ANOMALY_PENDING,"waktu,aksi,ip_address"
592,synth_9314,offhours_sensitive_external_access,retraining_dataset_combined_raw.csv,V5_ANOMALY_PENDING,"waktu,aksi,ip_address"
593,synth_12464,offhours_sensitive_external_access,retraining_dataset_combined_raw.csv,V5_ANOMALY_PENDING,"waktu,aksi,ip_address"
594,synth_14768,offhours_sensitive_external_access,retraining_dataset_combined_raw.csv,V5_ANOMALY_PENDING,"waktu,aksi,ip_address"
595,synth_1048,offhours_sensitive_external_access,retraining_dataset_combined_raw.csv,V5_ANOMALY_PENDING,"waktu,aksi,ip_address"
596,synth_13607,offhours_sensitive_external_access,retraining_dataset_combined_raw.csv,V5_ANOMALY_PENDING,"waktu,aksi,ip_address"
597,synth_2610,offhours_sensitive_external_access,retraining_dataset_combined_raw.csv,V5_ANOMALY_PENDING,"waktu,aksi,ip_address"
598,synth_11976,offhours_sensitive_external_access,retraining_dataset_combined_raw.csv,V5_ANOMALY_PENDING,"waktu,aksi,ip_address"
599,synth_1218,offhours_sensitive_external_access,retraining_dataset_combined_raw.csv,V5_ANOMALY_PENDING,"waktu,aksi,ip_address"
600,synth_11942,offhours_sensitive_external_access,retraining_dataset_combined_raw.csv,V5_ANOMALY_PENDING,"waktu,aksi,ip_address"
601,synth_11775,offhours_sensitive_external_access,retraining_dataset_combined_raw.csv,V5_ANOMALY_PENDING,"waktu,aksi,ip_address"
602,synth_14602,offhours_sensitive_external_access,retraining_dataset_combined_raw.csv,V5_ANOMALY_PENDING,"waktu,aksi,ip_address"
603,synth_10692,offhours_sensitive_external_access,retraining_dataset_combined_raw.csv,V5_ANOMALY_PENDING,"waktu,aksi,ip_address"
604,synth_1209,offhours_sensitive_external_access,retraining_dataset_combined_raw.csv,V5_ANOMALY_PENDING,"waktu,aksi,ip_address"
605,synth_4662,offhours_sensitive_external_access,retraining_dataset_combined_raw.csv,V5_ANOMALY_PENDING,"waktu,aksi,ip_address"
606,synth_5172,offhours_sensitive_external_access,retraining_dataset_combined_raw.csv,V5_ANOMALY_PENDING,"waktu,aksi,ip_address"
607,synth_422,offhours_sensitive_external_access,retraining_dataset_combined_raw.csv,V5_ANOMALY_PENDING,"waktu,aksi,ip_address"
608,synth_2719,offhours_sensitive_external_access,retraining_dataset_combined_raw.csv,V5_ANOMALY_PENDING,"waktu,aksi,ip_address"
609,synth_11429,offhours_sensitive_external_access,retraining_dataset_combined_raw.csv,V5_ANOMALY_PENDING,"waktu,aksi,ip_address"
610,synth_7600,offhours_sensitive_external_access,retraining_dataset_combined_raw.csv,V5_ANOMALY_PENDING,"waktu,aksi,ip_address"
611,synth_13468,offhours_sensitive_external_access,retraining_dataset_combined_raw.csv,V5_ANOMALY_PENDING,"waktu,aksi,ip_address"
612,synth_12760,offhours_sensitive_external_access,retraining_dataset_combined_raw.csv,V5_ANOMALY_PENDING,"waktu,aksi,ip_address"
613,synth_5890,offhours_sensitive_external_access,retraining_dataset_combined_raw.csv,V5_ANOMALY_PENDING,"waktu,aksi,ip_address"
614,synth_14814,offhours_sensitive_external_access,retraining_dataset_combined_raw.csv,V5_ANOMALY_PENDING,"waktu,aksi,ip_address"
615,synth_1671,offhours_sensitive_external_access,retraining_dataset_combined_raw.csv,V5_ANOMALY_PENDING,"waktu,aksi,ip_address"
616,synth_2774,offhours_sensitive_external_access,retraining_dataset_combined_raw.csv,V5_ANOMALY_PENDING,"waktu,aksi,ip_address"
617,synth_7136,offhours_sensitive_external_access,retraining_dataset_combined_raw.csv,V5_ANOMALY_PENDING,"waktu,aksi,ip_address"
618,synth_2178,offhours_sensitive_external_access,retraining_dataset_combined_raw.csv,V5_ANOMALY_PENDING,"waktu,aksi,ip_address"
619,synth_14364,offhours_sensitive_external_access,retraining_dataset_combined_raw.csv,V5_ANOMALY_PENDING,"waktu,aksi,ip_address"
620,synth_880,offhours_sensitive_external_access,retraining_dataset_combined_raw.csv,V5_ANOMALY_PENDING,"waktu,aksi,ip_address"
621,synth_9469,offhours_sensitive_external_access,retraining_dataset_combined_raw.csv,V5_ANOMALY_PENDING,"waktu,aksi,ip_address"
622,synth_5537,offhours_sensitive_external_access,retraining_dataset_combined_raw.csv,V5_ANOMALY_PENDING,"waktu,aksi,ip_address"
623,synth_12262,offhours_sensitive_external_access,retraining_dataset_combined_raw.csv,V5_ANOMALY_PENDING,"waktu,aksi,ip_address"
624,synth_12922,offhours_sensitive_external_access,retraining_dataset_combined_raw.csv,V5_ANOMALY_PENDING,"waktu,aksi,ip_address"
625,synth_6128,offhours_sensitive_external_access,retraining_dataset_combined_raw.csv,V5_ANOMALY_PENDING,"waktu,aksi,ip_address"
626,synth_3297,offhours_sensitive_external_access,retraining_dataset_combined_raw.csv,V5_ANOMALY_PENDING,"waktu,aksi,ip_address"
627,synth_8576,offhours_sensitive_external_access,retraining_dataset_combined_raw.csv,V5_ANOMALY_PENDING,"waktu,aksi,ip_address"
628,synth_967,offhours_sensitive_external_access,retraining_dataset_combined_raw.csv,V5_ANOMALY_PENDING,"waktu,aksi,ip_address"
629,synth_323,offhours_sensitive_external_access,retraining_dataset_combined_raw.csv,V5_ANOMALY_PENDING,"waktu,aksi,ip_address"
630,synth_12075,offhours_sensitive_external_access,retraining_dataset_combined_raw.csv,V5_ANOMALY_PENDING,"waktu,aksi,ip_address"
631,synth_4456,offhours_sensitive_external_access,retraining_dataset_combined_raw.csv,V5_ANOMALY_PENDING,"waktu,aksi,ip_address"
632,synth_12043,offhours_sensitive_external_access,retraining_dataset_combined_raw.csv,V5_ANOMALY_PENDING,"waktu,aksi,ip_address"
633,synth_9156,offhours_sensitive_external_access,retraining_dataset_combined_raw.csv,V5_ANOMALY_PENDING,"waktu,aksi,ip_address"
634,synth_14727,offhours_sensitive_external_access,retraining_dataset_combined_raw.csv,V5_ANOMALY_PENDING,"waktu,aksi,ip_address"
635,synth_9335,offhours_sensitive_external_access,retraining_dataset_combined_raw.csv,V5_ANOMALY_PENDING,"waktu,aksi,ip_address"
636,synth_12031,offhours_sensitive_external_access,retraining_dataset_combined_raw.csv,V5_ANOMALY_PENDING,"waktu,aksi,ip_address"
637,synth_9549,offhours_sensitive_external_access,retraining_dataset_combined_raw.csv,V5_ANOMALY_PENDING,"waktu,aksi,ip_address"
638,synth_9514,offhours_sensitive_external_access,retraining_dataset_combined_raw.csv,V5_ANOMALY_PENDING,"waktu,aksi,ip_address"
639,synth_7081,offhours_sensitive_external_access,retraining_dataset_combined_raw.csv,V5_ANOMALY_PENDING,"waktu,aksi,ip_address"
640,synth_14183,offhours_sensitive_external_access,retraining_dataset_combined_raw.csv,V5_ANOMALY_PENDING,"waktu,aksi,ip_address"
641,synth_1859,offhours_sensitive_external_access,retraining_dataset_combined_raw.csv,V5_ANOMALY_PENDING,"waktu,aksi,ip_address"
642,synth_11177,offhours_sensitive_external_access,retraining_dataset_combined_raw.csv,V5_ANOMALY_PENDING,"waktu,aksi,ip_address"
643,synth_10302,offhours_sensitive_external_access,retraining_dataset_combined_raw.csv,V5_ANOMALY_PENDING,"waktu,aksi,ip_address"
644,synth_14948,offhours_sensitive_external_access,retraining_dataset_combined_raw.csv,V5_ANOMALY_PENDING,"waktu,aksi,ip_address"
645,synth_8597,offhours_sensitive_external_access,retraining_dataset_combined_raw.csv,V5_ANOMALY_PENDING,"waktu,aksi,ip_address"
646,synth_4556,offhours_sensitive_external_access,retraining_dataset_combined_raw.csv,V5_ANOMALY_PENDING,"waktu,aksi,ip_address"
647,synth_4377,offhours_sensitive_external_access,retraining_dataset_combined_raw.csv,V5_ANOMALY_PENDING,"waktu,aksi,ip_address"
648,synth_5500,offhours_sensitive_external_access,retraining_dataset_combined_raw.csv,V5_ANOMALY_PENDING,"waktu,aksi,ip_address"
649,synth_11520,offhours_sensitive_external_access,retraining_dataset_combined_raw.csv,V5_ANOMALY_PENDING,"waktu,aksi,ip_address"
650,synth_9570,offhours_sensitive_external_access,retraining_dataset_combined_raw.csv,V5_ANOMALY_PENDING,"waktu,aksi,ip_address"
651,synth_12625,offhours_sensitive_external_access,retraining_dataset_combined_raw.csv,V5_ANOMALY_PENDING,"waktu,aksi,ip_address"
652,synth_1949,offhours_sensitive_external_access,retraining_dataset_combined_raw.csv,V5_ANOMALY_PENDING,"waktu,aksi,ip_address"
653,synth_4197,offhours_sensitive_external_access,retraining_dataset_combined_raw.csv,V5_ANOMALY_PENDING,"waktu,aksi,ip_address"
654,synth_10239,offhours_sensitive_external_access,retraining_dataset_combined_raw.csv,V5_ANOMALY_PENDING,"waktu,aksi,ip_address"
655,synth_9986,offhours_sensitive_external_access,retraining_dataset_combined_raw.csv,V5_ANOMALY_PENDING,"waktu,aksi,ip_address"
656,synth_2220,offhours_sensitive_external_access,retraining_dataset_combined_raw.csv,V5_ANOMALY_PENDING,"waktu,aksi,ip_address"
657,synth_272,offhours_sensitive_external_access,retraining_dataset_combined_raw.csv,V5_ANOMALY_PENDING,"waktu,aksi,ip_address"
658,synth_10064,offhours_sensitive_external_access,retraining_dataset_combined_raw.csv,V5_ANOMALY_PENDING,"waktu,aksi,ip_address"
659,synth_11468,offhours_sensitive_external_access,retraining_dataset_combined_raw.csv,V5_ANOMALY_PENDING,"waktu,aksi,ip_address"
660,synth_4461,offhours_sensitive_external_access,retraining_dataset_combined_raw.csv,V5_ANOMALY_PENDING,"waktu,aksi,ip_address"
661,synth_1424,offhours_sensitive_external_access,retraining_dataset_combined_raw.csv,V5_ANOMALY_PENDING,"waktu,aksi,ip_address"
662,synth_4045,offhours_sensitive_external_access,retraining_dataset_combined_raw.csv,V5_ANOMALY_PENDING,"waktu,aksi,ip_address"
663,synth_11908,offhours_sensitive_external_access,retraining_dataset_combined_raw.csv,V5_ANOMALY_PENDING,"waktu,aksi,ip_address"
664,synth_564,offhours_sensitive_external_access,retraining_dataset_combined_raw.csv,V5_ANOMALY_PENDING,"waktu,aksi,ip_address"
665,synth_6026,offhours_sensitive_external_access,retraining_dataset_combined_raw.csv,V5_ANOMALY_PENDING,"waktu,aksi,ip_address"
666,synth_5948,offhours_sensitive_external_access,retraining_dataset_combined_raw.csv,V5_ANOMALY_PENDING,"waktu,aksi,ip_address"
667,synth_3983,offhours_sensitive_external_access,retraining_dataset_combined_raw.csv,V5_ANOMALY_PENDING,"waktu,aksi,ip_address"
668,synth_10579,offhours_sensitive_external_access,retraining_dataset_combined_raw.csv,V5_ANOMALY_PENDING,"waktu,aksi,ip_address"
669,synth_12684,offhours_sensitive_external_access,retraining_dataset_combined_raw.csv,V5_ANOMALY_PENDING,"waktu,aksi,ip_address"
670,synth_9747,offhours_sensitive_external_access,retraining_dataset_combined_raw.csv,V5_ANOMALY_PENDING,"waktu,aksi,ip_address"
671,synth_9232,offhours_sensitive_external_access,retraining_dataset_combined_raw.csv,V5_ANOMALY_PENDING,"waktu,aksi,ip_address"
672,synth_9120,offhours_sensitive_external_access,retraining_dataset_combined_raw.csv,V5_ANOMALY_PENDING,"waktu,aksi,ip_address"
673,synth_13865,offhours_sensitive_external_access,retraining_dataset_combined_raw.csv,V5_ANOMALY_PENDING,"waktu,aksi,ip_address"
674,synth_10240,offhours_sensitive_external_access,retraining_dataset_combined_raw.csv,V5_ANOMALY_PENDING,"waktu,aksi,ip_address"
675,synth_4288,offhours_sensitive_external_access,retraining_dataset_combined_raw.csv,V5_ANOMALY_PENDING,"waktu,aksi,ip_address"
676,synth_2225,offhours_sensitive_external_access,retraining_dataset_combined_raw.csv,V5_ANOMALY_PENDING,"waktu,aksi,ip_address"
677,synth_2810,offhours_sensitive_external_access,retraining_dataset_combined_raw.csv,V5_ANOMALY_PENDING,"waktu,aksi,ip_address"
678,synth_4970,offhours_sensitive_external_access,retraining_dataset_combined_raw.csv,V5_ANOMALY_PENDING,"waktu,aksi,ip_address"
679,synth_11876,offhours_sensitive_external_access,retraining_dataset_combined_raw.csv,V5_ANOMALY_PENDING,"waktu,aksi,ip_address"
680,synth_149,offhours_sensitive_external_access,retraining_dataset_combined_raw.csv,V5_ANOMALY_PENDING,"waktu,aksi,ip_address"
681,synth_5070,offhours_sensitive_external_access,retraining_dataset_combined_raw.csv,V5_ANOMALY_PENDING,"waktu,aksi,ip_address"
682,synth_4919,offhours_sensitive_external_access,retraining_dataset_combined_raw.csv,V5_ANOMALY_PENDING,"waktu,aksi,ip_address"
683,synth_11081,offhours_sensitive_external_access,retraining_dataset_combined_raw.csv,V5_ANOMALY_PENDING,"waktu,aksi,ip_address"
684,synth_2825,offhours_sensitive_external_access,retraining_dataset_combined_raw.csv,V5_ANOMALY_PENDING,"waktu,aksi,ip_address"
685,synth_4093,offhours_sensitive_external_access,retraining_dataset_combined_raw.csv,V5_ANOMALY_PENDING,"waktu,aksi,ip_address"
686,synth_4215,offhours_sensitive_external_access,retraining_dataset_combined_raw.csv,V5_ANOMALY_PENDING,"waktu,aksi,ip_address"
687,synth_6797,offhours_sensitive_external_access,retraining_dataset_combined_raw.csv,V5_ANOMALY_PENDING,"waktu,aksi,ip_address"
688,synth_6141,offhours_sensitive_external_access,retraining_dataset_combined_raw.csv,V5_ANOMALY_PENDING,"waktu,aksi,ip_address"
689,synth_3385,offhours_sensitive_external_access,retraining_dataset_combined_raw.csv,V5_ANOMALY_PENDING,"waktu,aksi,ip_address"
690,synth_14196,offhours_sensitive_external_access,retraining_dataset_combined_raw.csv,V5_ANOMALY_PENDING,"waktu,aksi,ip_address"
691,synth_10558,offhours_sensitive_external_access,retraining_dataset_combined_raw.csv,V5_ANOMALY_PENDING,"waktu,aksi,ip_address"
692,synth_14135,offhours_sensitive_external_access,retraining_dataset_combined_raw.csv,V5_ANOMALY_PENDING,"waktu,aksi,ip_address"
693,synth_4554,offhours_sensitive_external_access,retraining_dataset_combined_raw.csv,V5_ANOMALY_PENDING,"waktu,aksi,ip_address"
694,synth_8246,offhours_sensitive_external_access,retraining_dataset_combined_raw.csv,V5_ANOMALY_PENDING,"waktu,aksi,ip_address"
695,synth_14759,offhours_sensitive_external_access,retraining_dataset_combined_raw.csv,V5_ANOMALY_PENDING,"waktu,aksi,ip_address"
696,synth_3008,offhours_sensitive_external_access,retraining_dataset_combined_raw.csv,V5_ANOMALY_PENDING,"waktu,aksi,ip_address"
697,synth_4003,offhours_sensitive_external_access,retraining_dataset_combined_raw.csv,V5_ANOMALY_PENDING,"waktu,aksi,ip_address"
698,synth_13305,offhours_sensitive_external_access,retraining_dataset_combined_raw.csv,V5_ANOMALY_PENDING,"waktu,aksi,ip_address"
699,synth_9111,offhours_sensitive_external_access,retraining_dataset_combined_raw.csv,V5_ANOMALY_PENDING,"waktu,aksi,ip_address"
700,synth_8660,credential_takeover_compound,retraining_dataset_combined_raw.csv,V5_ANOMALY_PENDING,"waktu,aksi,ip_address,device"
701,synth_14721,credential_takeover_compound,retraining_dataset_combined_raw.csv,V5_ANOMALY_PENDING,"waktu,aksi,ip_address,device"
702,synth_5382,credential_takeover_compound,retraining_dataset_combined_raw.csv,V5_ANOMALY_PENDING,"waktu,aksi,ip_address,device"
703,synth_4250,credential_takeover_compound,retraining_dataset_combined_raw.csv,V5_ANOMALY_PENDING,"waktu,aksi,ip_address,device"
704,synth_5378,credential_takeover_compound,retraining_dataset_combined_raw.csv,V5_ANOMALY_PENDING,"waktu,aksi,ip_address,device"
705,synth_10492,credential_takeover_compound,retraining_dataset_combined_raw.csv,V5_ANOMALY_PENDING,"waktu,aksi,ip_address,device"
706,synth_2190,credential_takeover_compound,retraining_dataset_combined_raw.csv,V5_ANOMALY_PENDING,"waktu,aksi,ip_address,device"
707,synth_1382,credential_takeover_compound,retraining_dataset_combined_raw.csv,V5_ANOMALY_PENDING,"waktu,aksi,ip_address,device"
708,synth_12523,credential_takeover_compound,retraining_dataset_combined_raw.csv,V5_ANOMALY_PENDING,"waktu,aksi,ip_address,device"
709,synth_7102,credential_takeover_compound,retraining_dataset_combined_raw.csv,V5_ANOMALY_PENDING,"waktu,aksi,ip_address,device"
710,synth_11669,credential_takeover_compound,retraining_dataset_combined_raw.csv,V5_ANOMALY_PENDING,"waktu,aksi,ip_address,device"
711,synth_13641,credential_takeover_compound,retraining_dataset_combined_raw.csv,V5_ANOMALY_PENDING,"waktu,aksi,ip_address,device"
712,synth_896,credential_takeover_compound,retraining_dataset_combined_raw.csv,V5_ANOMALY_PENDING,"waktu,aksi,ip_address,device"
713,synth_13827,credential_takeover_compound,retraining_dataset_combined_raw.csv,V5_ANOMALY_PENDING,"waktu,aksi,ip_address,device"
714,synth_3245,credential_takeover_compound,retraining_dataset_combined_raw.csv,V5_ANOMALY_PENDING,"waktu,aksi,ip_address,device"
715,synth_10552,credential_takeover_compound,retraining_dataset_combined_raw.csv,V5_ANOMALY_PENDING,"waktu,aksi,ip_address,device"
716,synth_7064,credential_takeover_compound,retraining_dataset_combined_raw.csv,V5_ANOMALY_PENDING,"waktu,aksi,ip_address,device"
717,synth_6049,credential_takeover_compound,retraining_dataset_combined_raw.csv,V5_ANOMALY_PENDING,"waktu,aksi,ip_address,device"
718,synth_1134,credential_takeover_compound,retraining_dataset_combined_raw.csv,V5_ANOMALY_PENDING,"waktu,aksi,ip_address,device"
719,synth_6796,credential_takeover_compound,retraining_dataset_combined_raw.csv,V5_ANOMALY_PENDING,"waktu,aksi,ip_address,device"
720,synth_2449,credential_takeover_compound,retraining_dataset_combined_raw.csv,V5_ANOMALY_PENDING,"waktu,aksi,ip_address,device"
721,synth_6036,credential_takeover_compound,retraining_dataset_combined_raw.csv,V5_ANOMALY_PENDING,"waktu,aksi,ip_address,device"
722,synth_5475,credential_takeover_compound,retraining_dataset_combined_raw.csv,V5_ANOMALY_PENDING,"waktu,aksi,ip_address,device"
723,synth_14421,credential_takeover_compound,retraining_dataset_combined_raw.csv,V5_ANOMALY_PENDING,"waktu,aksi,ip_address,device"
724,synth_7610,credential_takeover_compound,retraining_dataset_combined_raw.csv,V5_ANOMALY_PENDING,"waktu,aksi,ip_address,device"
725,synth_3569,credential_takeover_compound,retraining_dataset_combined_raw.csv,V5_ANOMALY_PENDING,"waktu,aksi,ip_address,device"
726,synth_10724,credential_takeover_compound,retraining_dataset_combined_raw.csv,V5_ANOMALY_PENDING,"waktu,aksi,ip_address,device"
727,synth_12292,credential_takeover_compound,retraining_dataset_combined_raw.csv,V5_ANOMALY_PENDING,"waktu,aksi,ip_address,device"
728,synth_13289,credential_takeover_compound,retraining_dataset_combined_raw.csv,V5_ANOMALY_PENDING,"waktu,aksi,ip_address,device"
729,synth_11915,credential_takeover_compound,retraining_dataset_combined_raw.csv,V5_ANOMALY_PENDING,"waktu,aksi,ip_address,device"
730,synth_10538,credential_takeover_compound,retraining_dataset_combined_raw.csv,V5_ANOMALY_PENDING,"waktu,aksi,ip_address,device"
731,synth_3539,credential_takeover_compound,retraining_dataset_combined_raw.csv,V5_ANOMALY_PENDING,"waktu,aksi,ip_address,device"
732,synth_10079,credential_takeover_compound,retraining_dataset_combined_raw.csv,V5_ANOMALY_PENDING,"waktu,aksi,ip_address,device"
733,synth_11392,credential_takeover_compound,retraining_dataset_combined_raw.csv,V5_ANOMALY_PENDING,"waktu,aksi,ip_address,device"
734,synth_1485,credential_takeover_compound,retraining_dataset_combined_raw.csv,V5_ANOMALY_PENDING,"waktu,aksi,ip_address,device"
735,synth_5974,credential_takeover_compound,retraining_dataset_combined_raw.csv,V5_ANOMALY_PENDING,"waktu,aksi,ip_address,device"
736,synth_6125,credential_takeover_compound,retraining_dataset_combined_raw.csv,V5_ANOMALY_PENDING,"waktu,aksi,ip_address,device"
737,synth_7859,credential_takeover_compound,retraining_dataset_combined_raw.csv,V5_ANOMALY_PENDING,"waktu,aksi,ip_address,device"
738,synth_317,credential_takeover_compound,retraining_dataset_combined_raw.csv,V5_ANOMALY_PENDING,"waktu,aksi,ip_address,device"
739,synth_11650,credential_takeover_compound,retraining_dataset_combined_raw.csv,V5_ANOMALY_PENDING,"waktu,aksi,ip_address,device"
740,synth_1693,credential_takeover_compound,retraining_dataset_combined_raw.csv,V5_ANOMALY_PENDING,"waktu,aksi,ip_address,device"
741,synth_9674,credential_takeover_compound,retraining_dataset_combined_raw.csv,V5_ANOMALY_PENDING,"waktu,aksi,ip_address,device"
742,synth_8840,credential_takeover_compound,retraining_dataset_combined_raw.csv,V5_ANOMALY_PENDING,"waktu,aksi,ip_address,device"
743,synth_14950,credential_takeover_compound,retraining_dataset_combined_raw.csv,V5_ANOMALY_PENDING,"waktu,aksi,ip_address,device"
744,synth_9288,credential_takeover_compound,retraining_dataset_combined_raw.csv,V5_ANOMALY_PENDING,"waktu,aksi,ip_address,device"
745,synth_8989,credential_takeover_compound,retraining_dataset_combined_raw.csv,V5_ANOMALY_PENDING,"waktu,aksi,ip_address,device"
746,synth_193,credential_takeover_compound,retraining_dataset_combined_raw.csv,V5_ANOMALY_PENDING,"waktu,aksi,ip_address,device"
747,synth_5831,credential_takeover_compound,retraining_dataset_combined_raw.csv,V5_ANOMALY_PENDING,"waktu,aksi,ip_address,device"
748,synth_12139,credential_takeover_compound,retraining_dataset_combined_raw.csv,V5_ANOMALY_PENDING,"waktu,aksi,ip_address,device"
749,synth_8704,credential_takeover_compound,retraining_dataset_combined_raw.csv,V5_ANOMALY_PENDING,"waktu,aksi,ip_address,device"
750,synth_11661,credential_takeover_compound,retraining_dataset_combined_raw.csv,V5_ANOMALY_PENDING,"waktu,aksi,ip_address,device"
751,synth_4976,credential_takeover_compound,retraining_dataset_combined_raw.csv,V5_ANOMALY_PENDING,"waktu,aksi,ip_address,device"
752,synth_10423,credential_takeover_compound,retraining_dataset_combined_raw.csv,V5_ANOMALY_PENDING,"waktu,aksi,ip_address,device"
753,synth_12868,credential_takeover_compound,retraining_dataset_combined_raw.csv,V5_ANOMALY_PENDING,"waktu,aksi,ip_address,device"
754,synth_798,credential_takeover_compound,retraining_dataset_combined_raw.csv,V5_ANOMALY_PENDING,"waktu,aksi,ip_address,device"
755,synth_11374,credential_takeover_compound,retraining_dataset_combined_raw.csv,V5_ANOMALY_PENDING,"waktu,aksi,ip_address,device"
756,synth_6017,credential_takeover_compound,retraining_dataset_combined_raw.csv,V5_ANOMALY_PENDING,"waktu,aksi,ip_address,device"
757,synth_11317,credential_takeover_compound,retraining_dataset_combined_raw.csv,V5_ANOMALY_PENDING,"waktu,aksi,ip_address,device"
758,synth_10388,credential_takeover_compound,retraining_dataset_combined_raw.csv,V5_ANOMALY_PENDING,"waktu,aksi,ip_address,device"
759,synth_14006,credential_takeover_compound,retraining_dataset_combined_raw.csv,V5_ANOMALY_PENDING,"waktu,aksi,ip_address,device"
760,synth_11412,credential_takeover_compound,retraining_dataset_combined_raw.csv,V5_ANOMALY_PENDING,"waktu,aksi,ip_address,device"
761,synth_13664,credential_takeover_compound,retraining_dataset_combined_raw.csv,V5_ANOMALY_PENDING,"waktu,aksi,ip_address,device"
762,synth_6465,credential_takeover_compound,retraining_dataset_combined_raw.csv,V5_ANOMALY_PENDING,"waktu,aksi,ip_address,device"
763,synth_10618,credential_takeover_compound,retraining_dataset_combined_raw.csv,V5_ANOMALY_PENDING,"waktu,aksi,ip_address,device"
764,synth_7927,credential_takeover_compound,retraining_dataset_combined_raw.csv,V5_ANOMALY_PENDING,"waktu,aksi,ip_address,device"
765,synth_9368,credential_takeover_compound,retraining_dataset_combined_raw.csv,V5_ANOMALY_PENDING,"waktu,aksi,ip_address,device"
766,synth_4978,credential_takeover_compound,retraining_dataset_combined_raw.csv,V5_ANOMALY_PENDING,"waktu,aksi,ip_address,device"
767,synth_4844,credential_takeover_compound,retraining_dataset_combined_raw.csv,V5_ANOMALY_PENDING,"waktu,aksi,ip_address,device"
768,synth_4303,credential_takeover_compound,retraining_dataset_combined_raw.csv,V5_ANOMALY_PENDING,"waktu,aksi,ip_address,device"
769,synth_14885,credential_takeover_compound,retraining_dataset_combined_raw.csv,V5_ANOMALY_PENDING,"waktu,aksi,ip_address,device"
770,synth_13295,credential_takeover_compound,retraining_dataset_combined_raw.csv,V5_ANOMALY_PENDING,"waktu,aksi,ip_address,device"
771,synth_2257,credential_takeover_compound,retraining_dataset_combined_raw.csv,V5_ANOMALY_PENDING,"waktu,aksi,ip_address,device"
772,synth_5619,credential_takeover_compound,retraining_dataset_combined_raw.csv,V5_ANOMALY_PENDING,"waktu,aksi,ip_address,device"
773,synth_6060,credential_takeover_compound,retraining_dataset_combined_raw.csv,V5_ANOMALY_PENDING,"waktu,aksi,ip_address,device"
774,synth_2025,credential_takeover_compound,retraining_dataset_combined_raw.csv,V5_ANOMALY_PENDING,"waktu,aksi,ip_address,device"
775,synth_4184,credential_takeover_compound,retraining_dataset_combined_raw.csv,V5_ANOMALY_PENDING,"waktu,aksi,ip_address,device"
776,synth_12768,credential_takeover_compound,retraining_dataset_combined_raw.csv,V5_ANOMALY_PENDING,"waktu,aksi,ip_address,device"
777,synth_9108,credential_takeover_compound,retraining_dataset_combined_raw.csv,V5_ANOMALY_PENDING,"waktu,aksi,ip_address,device"
778,synth_10346,credential_takeover_compound,retraining_dataset_combined_raw.csv,V5_ANOMALY_PENDING,"waktu,aksi,ip_address,device"
779,synth_6054,credential_takeover_compound,retraining_dataset_combined_raw.csv,V5_ANOMALY_PENDING,"waktu,aksi,ip_address,device"
780,synth_13223,credential_takeover_compound,retraining_dataset_combined_raw.csv,V5_ANOMALY_PENDING,"waktu,aksi,ip_address,device"
781,synth_6644,credential_takeover_compound,retraining_dataset_combined_raw.csv,V5_ANOMALY_PENDING,"waktu,aksi,ip_address,device"
782,synth_9346,credential_takeover_compound,retraining_dataset_combined_raw.csv,V5_ANOMALY_PENDING,"waktu,aksi,ip_address,device"
783,synth_3472,credential_takeover_compound,retraining_dataset_combined_raw.csv,V5_ANOMALY_PENDING,"waktu,aksi,ip_address,device"
784,synth_13679,credential_takeover_compound,retraining_dataset_combined_raw.csv,V5_ANOMALY_PENDING,"waktu,aksi,ip_address,device"
785,synth_12743,credential_takeover_compound,retraining_dataset_combined_raw.csv,V5_ANOMALY_PENDING,"waktu,aksi,ip_address,device"
786,synth_8242,credential_takeover_compound,retraining_dataset_combined_raw.csv,V5_ANOMALY_PENDING,"waktu,aksi,ip_address,device"
787,synth_11136,credential_takeover_compound,retraining_dataset_combined_raw.csv,V5_ANOMALY_PENDING,"waktu,aksi,ip_address,device"
788,synth_3021,credential_takeover_compound,retraining_dataset_combined_raw.csv,V5_ANOMALY_PENDING,"waktu,aksi,ip_address,device"
789,synth_9345,credential_takeover_compound,retraining_dataset_combined_raw.csv,V5_ANOMALY_PENDING,"waktu,aksi,ip_address,device"
790,synth_9119,credential_takeover_compound,retraining_dataset_combined_raw.csv,V5_ANOMALY_PENDING,"waktu,aksi,ip_address,device"
791,synth_9013,credential_takeover_compound,retraining_dataset_combined_raw.csv,V5_ANOMALY_PENDING,"waktu,aksi,ip_address,device"
792,synth_2307,credential_takeover_compound,retraining_dataset_combined_raw.csv,V5_ANOMALY_PENDING,"waktu,aksi,ip_address,device"
793,synth_14746,credential_takeover_compound,retraining_dataset_combined_raw.csv,V5_ANOMALY_PENDING,"waktu,aksi,ip_address,device"
794,synth_1652,credential_takeover_compound,retraining_dataset_combined_raw.csv,V5_ANOMALY_PENDING,"waktu,aksi,ip_address,device"
795,synth_9334,credential_takeover_compound,retraining_dataset_combined_raw.csv,V5_ANOMALY_PENDING,"waktu,aksi,ip_address,device"
796,synth_132,credential_takeover_compound,retraining_dataset_combined_raw.csv,V5_ANOMALY_PENDING,"waktu,aksi,ip_address,device"
797,synth_11727,credential_takeover_compound,retraining_dataset_combined_raw.csv,V5_ANOMALY_PENDING,"waktu,aksi,ip_address,device"
798,synth_3457,credential_takeover_compound,retraining_dataset_combined_raw.csv,V5_ANOMALY_PENDING,"waktu,aksi,ip_address,device"
799,synth_11574,credential_takeover_compound,retraining_dataset_combined_raw.csv,V5_ANOMALY_PENDING,"waktu,aksi,ip_address,device"
800,synth_10789,credential_takeover_compound,retraining_dataset_combined_raw.csv,V5_ANOMALY_PENDING,"waktu,aksi,ip_address,device"
801,synth_8110,credential_takeover_compound,retraining_dataset_combined_raw.csv,V5_ANOMALY_PENDING,"waktu,aksi,ip_address,device"
802,synth_10548,credential_takeover_compound,retraining_dataset_combined_raw.csv,V5_ANOMALY_PENDING,"waktu,aksi,ip_address,device"
803,synth_9473,credential_takeover_compound,retraining_dataset_combined_raw.csv,V5_ANOMALY_PENDING,"waktu,aksi,ip_address,device"
804,synth_14206,credential_takeover_compound,retraining_dataset_combined_raw.csv,V5_ANOMALY_PENDING,"waktu,aksi,ip_address,device"
805,synth_10858,credential_takeover_compound,retraining_dataset_combined_raw.csv,V5_ANOMALY_PENDING,"waktu,aksi,ip_address,device"
806,synth_2324,credential_takeover_compound,retraining_dataset_combined_raw.csv,V5_ANOMALY_PENDING,"waktu,aksi,ip_address,device"
807,synth_6533,credential_takeover_compound,retraining_dataset_combined_raw.csv,V5_ANOMALY_PENDING,"waktu,aksi,ip_address,device"
808,synth_5130,credential_takeover_compound,retraining_dataset_combined_raw.csv,V5_ANOMALY_PENDING,"waktu,aksi,ip_address,device"
809,synth_13914,credential_takeover_compound,retraining_dataset_combined_raw.csv,V5_ANOMALY_PENDING,"waktu,aksi,ip_address,device"
810,synth_727,credential_takeover_compound,retraining_dataset_combined_raw.csv,V5_ANOMALY_PENDING,"waktu,aksi,ip_address,device"
811,synth_14563,credential_takeover_compound,retraining_dataset_combined_raw.csv,V5_ANOMALY_PENDING,"waktu,aksi,ip_address,device"
812,synth_5532,credential_takeover_compound,retraining_dataset_combined_raw.csv,V5_ANOMALY_PENDING,"waktu,aksi,ip_address,device"
813,synth_4986,credential_takeover_compound,retraining_dataset_combined_raw.csv,V5_ANOMALY_PENDING,"waktu,aksi,ip_address,device"
814,synth_8912,credential_takeover_compound,retraining_dataset_combined_raw.csv,V5_ANOMALY_PENDING,"waktu,aksi,ip_address,device"
815,synth_8643,credential_takeover_compound,retraining_dataset_combined_raw.csv,V5_ANOMALY_PENDING,"waktu,aksi,ip_address,device"
816,synth_7879,credential_takeover_compound,retraining_dataset_combined_raw.csv,V5_ANOMALY_PENDING,"waktu,aksi,ip_address,device"
817,synth_3400,credential_takeover_compound,retraining_dataset_combined_raw.csv,V5_ANOMALY_PENDING,"waktu,aksi,ip_address,device"
818,synth_3465,credential_takeover_compound,retraining_dataset_combined_raw.csv,V5_ANOMALY_PENDING,"waktu,aksi,ip_address,device"
819,synth_14029,credential_takeover_compound,retraining_dataset_combined_raw.csv,V5_ANOMALY_PENDING,"waktu,aksi,ip_address,device"
820,synth_13178,credential_takeover_compound,retraining_dataset_combined_raw.csv,V5_ANOMALY_PENDING,"waktu,aksi,ip_address,device"
821,synth_7095,credential_takeover_compound,retraining_dataset_combined_raw.csv,V5_ANOMALY_PENDING,"waktu,aksi,ip_address,device"
822,synth_13800,credential_takeover_compound,retraining_dataset_combined_raw.csv,V5_ANOMALY_PENDING,"waktu,aksi,ip_address,device"
823,synth_780,credential_takeover_compound,retraining_dataset_combined_raw.csv,V5_ANOMALY_PENDING,"waktu,aksi,ip_address,device"
824,synth_8559,credential_takeover_compound,retraining_dataset_combined_raw.csv,V5_ANOMALY_PENDING,"waktu,aksi,ip_address,device"
825,synth_10257,credential_takeover_compound,retraining_dataset_combined_raw.csv,V5_ANOMALY_PENDING,"waktu,aksi,ip_address,device"
826,synth_10279,credential_takeover_compound,retraining_dataset_combined_raw.csv,V5_ANOMALY_PENDING,"waktu,aksi,ip_address,device"
827,synth_399,credential_takeover_compound,retraining_dataset_combined_raw.csv,V5_ANOMALY_PENDING,"waktu,aksi,ip_address,device"
828,synth_9015,credential_takeover_compound,retraining_dataset_combined_raw.csv,V5_ANOMALY_PENDING,"waktu,aksi,ip_address,device"
829,synth_10297,credential_takeover_compound,retraining_dataset_combined_raw.csv,V5_ANOMALY_PENDING,"waktu,aksi,ip_address,device"
830,synth_4540,credential_takeover_compound,retraining_dataset_combined_raw.csv,V5_ANOMALY_PENDING,"waktu,aksi,ip_address,device"
831,synth_10815,credential_takeover_compound,retraining_dataset_combined_raw.csv,V5_ANOMALY_PENDING,"waktu,aksi,ip_address,device"
832,synth_3703,credential_takeover_compound,retraining_dataset_combined_raw.csv,V5_ANOMALY_PENDING,"waktu,aksi,ip_address,device"
833,synth_165,credential_takeover_compound,retraining_dataset_combined_raw.csv,V5_ANOMALY_PENDING,"waktu,aksi,ip_address,device"
834,synth_3704,credential_takeover_compound,retraining_dataset_combined_raw.csv,V5_ANOMALY_PENDING,"waktu,aksi,ip_address,device"
835,synth_480,credential_takeover_compound,retraining_dataset_combined_raw.csv,V5_ANOMALY_PENDING,"waktu,aksi,ip_address,device"
836,synth_8415,credential_takeover_compound,retraining_dataset_combined_raw.csv,V5_ANOMALY_PENDING,"waktu,aksi,ip_address,device"
837,synth_5881,credential_takeover_compound,retraining_dataset_combined_raw.csv,V5_ANOMALY_PENDING,"waktu,aksi,ip_address,device"
838,synth_3099,credential_takeover_compound,retraining_dataset_combined_raw.csv,V5_ANOMALY_PENDING,"waktu,aksi,ip_address,device"
839,synth_3890,credential_takeover_compound,retraining_dataset_combined_raw.csv,V5_ANOMALY_PENDING,"waktu,aksi,ip_address,device"
840,synth_12301,credential_takeover_compound,retraining_dataset_combined_raw.csv,V5_ANOMALY_PENDING,"waktu,aksi,ip_address,device"
841,synth_12395,credential_takeover_compound,retraining_dataset_combined_raw.csv,V5_ANOMALY_PENDING,"waktu,aksi,ip_address,device"
842,synth_10441,credential_takeover_compound,retraining_dataset_combined_raw.csv,V5_ANOMALY_PENDING,"waktu,aksi,ip_address,device"
843,synth_13346,credential_takeover_compound,retraining_dataset_combined_raw.csv,V5_ANOMALY_PENDING,"waktu,aksi,ip_address,device"
844,synth_13735,credential_takeover_compound,retraining_dataset_combined_raw.csv,V5_ANOMALY_PENDING,"waktu,aksi,ip_address,device"
845,synth_10530,credential_takeover_compound,retraining_dataset_combined_raw.csv,V5_ANOMALY_PENDING,"waktu,aksi,ip_address,device"
846,synth_9203,credential_takeover_compound,retraining_dataset_combined_raw.csv,V5_ANOMALY_PENDING,"waktu,aksi,ip_address,device"
847,synth_11058,credential_takeover_compound,retraining_dataset_combined_raw.csv,V5_ANOMALY_PENDING,"waktu,aksi,ip_address,device"
848,synth_1998,credential_takeover_compound,retraining_dataset_combined_raw.csv,V5_ANOMALY_PENDING,"waktu,aksi,ip_address,device"
849,synth_7707,credential_takeover_compound,retraining_dataset_combined_raw.csv,V5_ANOMALY_PENDING,"waktu,aksi,ip_address,device"
850,synth_13301,credential_takeover_compound,retraining_dataset_combined_raw.csv,V5_ANOMALY_PENDING,"waktu,aksi,ip_address,device"
851,synth_14866,credential_takeover_compound,retraining_dataset_combined_raw.csv,V5_ANOMALY_PENDING,"waktu,aksi,ip_address,device"
852,synth_5063,credential_takeover_compound,retraining_dataset_combined_raw.csv,V5_ANOMALY_PENDING,"waktu,aksi,ip_address,device"
853,synth_6392,credential_takeover_compound,retraining_dataset_combined_raw.csv,V5_ANOMALY_PENDING,"waktu,aksi,ip_address,device"
854,synth_5799,credential_takeover_compound,retraining_dataset_combined_raw.csv,V5_ANOMALY_PENDING,"waktu,aksi,ip_address,device"
855,synth_11181,credential_takeover_compound,retraining_dataset_combined_raw.csv,V5_ANOMALY_PENDING,"waktu,aksi,ip_address,device"
856,synth_3136,credential_takeover_compound,retraining_dataset_combined_raw.csv,V5_ANOMALY_PENDING,"waktu,aksi,ip_address,device"
857,synth_4290,credential_takeover_compound,retraining_dataset_combined_raw.csv,V5_ANOMALY_PENDING,"waktu,aksi,ip_address,device"
858,synth_979,credential_takeover_compound,retraining_dataset_combined_raw.csv,V5_ANOMALY_PENDING,"waktu,aksi,ip_address,device"
859,synth_6904,credential_takeover_compound,retraining_dataset_combined_raw.csv,V5_ANOMALY_PENDING,"waktu,aksi,ip_address,device"
860,synth_9639,credential_takeover_compound,retraining_dataset_combined_raw.csv,V5_ANOMALY_PENDING,"waktu,aksi,ip_address,device"
861,synth_13625,credential_takeover_compound,retraining_dataset_combined_raw.csv,V5_ANOMALY_PENDING,"waktu,aksi,ip_address,device"
862,synth_5751,credential_takeover_compound,retraining_dataset_combined_raw.csv,V5_ANOMALY_PENDING,"waktu,aksi,ip_address,device"
863,synth_8921,credential_takeover_compound,retraining_dataset_combined_raw.csv,V5_ANOMALY_PENDING,"waktu,aksi,ip_address,device"
864,synth_10680,credential_takeover_compound,retraining_dataset_combined_raw.csv,V5_ANOMALY_PENDING,"waktu,aksi,ip_address,device"
865,synth_13208,credential_takeover_compound,retraining_dataset_combined_raw.csv,V5_ANOMALY_PENDING,"waktu,aksi,ip_address,device"
866,synth_1957,credential_takeover_compound,retraining_dataset_combined_raw.csv,V5_ANOMALY_PENDING,"waktu,aksi,ip_address,device"
867,synth_4705,credential_takeover_compound,retraining_dataset_combined_raw.csv,V5_ANOMALY_PENDING,"waktu,aksi,ip_address,device"
868,synth_8108,credential_takeover_compound,retraining_dataset_combined_raw.csv,V5_ANOMALY_PENDING,"waktu,aksi,ip_address,device"
869,synth_11376,credential_takeover_compound,retraining_dataset_combined_raw.csv,V5_ANOMALY_PENDING,"waktu,aksi,ip_address,device"
870,synth_14606,credential_takeover_compound,retraining_dataset_combined_raw.csv,V5_ANOMALY_PENDING,"waktu,aksi,ip_address,device"
871,synth_10708,credential_takeover_compound,retraining_dataset_combined_raw.csv,V5_ANOMALY_PENDING,"waktu,aksi,ip_address,device"
872,synth_9815,credential_takeover_compound,retraining_dataset_combined_raw.csv,V5_ANOMALY_PENDING,"waktu,aksi,ip_address,device"
873,synth_6840,credential_takeover_compound,retraining_dataset_combined_raw.csv,V5_ANOMALY_PENDING,"waktu,aksi,ip_address,device"
874,synth_14913,credential_takeover_compound,retraining_dataset_combined_raw.csv,V5_ANOMALY_PENDING,"waktu,aksi,ip_address,device"
875,synth_6864,credential_takeover_compound,retraining_dataset_combined_raw.csv,V5_ANOMALY_PENDING,"waktu,aksi,ip_address,device"
876,synth_6793,credential_takeover_compound,retraining_dataset_combined_raw.csv,V5_ANOMALY_PENDING,"waktu,aksi,ip_address,device"
877,synth_3156,credential_takeover_compound,retraining_dataset_combined_raw.csv,V5_ANOMALY_PENDING,"waktu,aksi,ip_address,device"
878,synth_7308,credential_takeover_compound,retraining_dataset_combined_raw.csv,V5_ANOMALY_PENDING,"waktu,aksi,ip_address,device"
879,synth_13940,credential_takeover_compound,retraining_dataset_combined_raw.csv,V5_ANOMALY_PENDING,"waktu,aksi,ip_address,device"
880,synth_6239,credential_takeover_compound,retraining_dataset_combined_raw.csv,V5_ANOMALY_PENDING,"waktu,aksi,ip_address,device"
881,synth_40,credential_takeover_compound,retraining_dataset_combined_raw.csv,V5_ANOMALY_PENDING,"waktu,aksi,ip_address,device"
882,synth_7697,credential_takeover_compound,retraining_dataset_combined_raw.csv,V5_ANOMALY_PENDING,"waktu,aksi,ip_address,device"
883,synth_5775,credential_takeover_compound,retraining_dataset_combined_raw.csv,V5_ANOMALY_PENDING,"waktu,aksi,ip_address,device"
884,synth_5384,credential_takeover_compound,retraining_dataset_combined_raw.csv,V5_ANOMALY_PENDING,"waktu,aksi,ip_address,device"
885,synth_12071,credential_takeover_compound,retraining_dataset_combined_raw.csv,V5_ANOMALY_PENDING,"waktu,aksi,ip_address,device"
886,synth_519,credential_takeover_compound,retraining_dataset_combined_raw.csv,V5_ANOMALY_PENDING,"waktu,aksi,ip_address,device"
887,synth_11622,credential_takeover_compound,retraining_dataset_combined_raw.csv,V5_ANOMALY_PENDING,"waktu,aksi,ip_address,device"
888,synth_14222,credential_takeover_compound,retraining_dataset_combined_raw.csv,V5_ANOMALY_PENDING,"waktu,aksi,ip_address,device"
889,synth_2468,credential_takeover_compound,retraining_dataset_combined_raw.csv,V5_ANOMALY_PENDING,"waktu,aksi,ip_address,device"
890,synth_5723,credential_takeover_compound,retraining_dataset_combined_raw.csv,V5_ANOMALY_PENDING,"waktu,aksi,ip_address,device"
891,synth_1303,credential_takeover_compound,retraining_dataset_combined_raw.csv,V5_ANOMALY_PENDING,"waktu,aksi,ip_address,device"
892,synth_3853,credential_takeover_compound,retraining_dataset_combined_raw.csv,V5_ANOMALY_PENDING,"waktu,aksi,ip_address,device"
893,synth_4830,credential_takeover_compound,retraining_dataset_combined_raw.csv,V5_ANOMALY_PENDING,"waktu,aksi,ip_address,device"
894,synth_2907,credential_takeover_compound,retraining_dataset_combined_raw.csv,V5_ANOMALY_PENDING,"waktu,aksi,ip_address,device"
895,synth_1554,credential_takeover_compound,retraining_dataset_combined_raw.csv,V5_ANOMALY_PENDING,"waktu,aksi,ip_address,device"
896,synth_4159,credential_takeover_compound,retraining_dataset_combined_raw.csv,V5_ANOMALY_PENDING,"waktu,aksi,ip_address,device"
897,synth_4140,credential_takeover_compound,retraining_dataset_combined_raw.csv,V5_ANOMALY_PENDING,"waktu,aksi,ip_address,device"
898,synth_2622,credential_takeover_compound,retraining_dataset_combined_raw.csv,V5_ANOMALY_PENDING,"waktu,aksi,ip_address,device"
899,synth_10767,credential_takeover_compound,retraining_dataset_combined_raw.csv,V5_ANOMALY_PENDING,"waktu,aksi,ip_address,device"
900,synth_1885,credential_takeover_compound,retraining_dataset_combined_raw.csv,V5_ANOMALY_PENDING,"waktu,aksi,ip_address,device"
901,synth_10278,credential_takeover_compound,retraining_dataset_combined_raw.csv,V5_ANOMALY_PENDING,"waktu,aksi,ip_address,device"
902,synth_1669,credential_takeover_compound,retraining_dataset_combined_raw.csv,V5_ANOMALY_PENDING,"waktu,aksi,ip_address,device"
903,synth_8308,credential_takeover_compound,retraining_dataset_combined_raw.csv,V5_ANOMALY_PENDING,"waktu,aksi,ip_address,device"
904,synth_1113,credential_takeover_compound,retraining_dataset_combined_raw.csv,V5_ANOMALY_PENDING,"waktu,aksi,ip_address,device"
905,synth_4895,credential_takeover_compound,retraining_dataset_combined_raw.csv,V5_ANOMALY_PENDING,"waktu,aksi,ip_address,device"
906,synth_10703,credential_takeover_compound,retraining_dataset_combined_raw.csv,V5_ANOMALY_PENDING,"waktu,aksi,ip_address,device"
907,synth_14027,credential_takeover_compound,retraining_dataset_combined_raw.csv,V5_ANOMALY_PENDING,"waktu,aksi,ip_address,device"
908,synth_8966,credential_takeover_compound,retraining_dataset_combined_raw.csv,V5_ANOMALY_PENDING,"waktu,aksi,ip_address,device"
909,synth_12151,credential_takeover_compound,retraining_dataset_combined_raw.csv,V5_ANOMALY_PENDING,"waktu,aksi,ip_address,device"
910,synth_5981,credential_takeover_compound,retraining_dataset_combined_raw.csv,V5_ANOMALY_PENDING,"waktu,aksi,ip_address,device"
911,synth_14485,credential_takeover_compound,retraining_dataset_combined_raw.csv,V5_ANOMALY_PENDING,"waktu,aksi,ip_address,device"
912,synth_6064,credential_takeover_compound,retraining_dataset_combined_raw.csv,V5_ANOMALY_PENDING,"waktu,aksi,ip_address,device"
913,synth_8143,credential_takeover_compound,retraining_dataset_combined_raw.csv,V5_ANOMALY_PENDING,"waktu,aksi,ip_address,device"
914,synth_197,credential_takeover_compound,retraining_dataset_combined_raw.csv,V5_ANOMALY_PENDING,"waktu,aksi,ip_address,device"
915,synth_10386,credential_takeover_compound,retraining_dataset_combined_raw.csv,V5_ANOMALY_PENDING,"waktu,aksi,ip_address,device"
916,synth_844,credential_takeover_compound,retraining_dataset_combined_raw.csv,V5_ANOMALY_PENDING,"waktu,aksi,ip_address,device"
917,synth_3651,credential_takeover_compound,retraining_dataset_combined_raw.csv,V5_ANOMALY_PENDING,"waktu,aksi,ip_address,device"
918,synth_8801,credential_takeover_compound,retraining_dataset_combined_raw.csv,V5_ANOMALY_PENDING,"waktu,aksi,ip_address,device"
919,synth_13358,credential_takeover_compound,retraining_dataset_combined_raw.csv,V5_ANOMALY_PENDING,"waktu,aksi,ip_address,device"
920,synth_1604,credential_takeover_compound,retraining_dataset_combined_raw.csv,V5_ANOMALY_PENDING,"waktu,aksi,ip_address,device"
921,synth_7031,credential_takeover_compound,retraining_dataset_combined_raw.csv,V5_ANOMALY_PENDING,"waktu,aksi,ip_address,device"
922,synth_2264,credential_takeover_compound,retraining_dataset_combined_raw.csv,V5_ANOMALY_PENDING,"waktu,aksi,ip_address,device"
923,synth_6513,credential_takeover_compound,retraining_dataset_combined_raw.csv,V5_ANOMALY_PENDING,"waktu,aksi,ip_address,device"
924,synth_1793,credential_takeover_compound,retraining_dataset_combined_raw.csv,V5_ANOMALY_PENDING,"waktu,aksi,ip_address,device"
925,synth_7296,credential_takeover_compound,retraining_dataset_combined_raw.csv,V5_ANOMALY_PENDING,"waktu,aksi,ip_address,device"
926,synth_48,credential_takeover_compound,retraining_dataset_combined_raw.csv,V5_ANOMALY_PENDING,"waktu,aksi,ip_address,device"
927,synth_13082,credential_takeover_compound,retraining_dataset_combined_raw.csv,V5_ANOMALY_PENDING,"waktu,aksi,ip_address,device"
928,synth_14444,credential_takeover_compound,retraining_dataset_combined_raw.csv,V5_ANOMALY_PENDING,"waktu,aksi,ip_address,device"
929,synth_4800,credential_takeover_compound,retraining_dataset_combined_raw.csv,V5_ANOMALY_PENDING,"waktu,aksi,ip_address,device"
930,synth_12230,credential_takeover_compound,retraining_dataset_combined_raw.csv,V5_ANOMALY_PENDING,"waktu,aksi,ip_address,device"
931,synth_4718,credential_takeover_compound,retraining_dataset_combined_raw.csv,V5_ANOMALY_PENDING,"waktu,aksi,ip_address,device"
932,synth_10744,credential_takeover_compound,retraining_dataset_combined_raw.csv,V5_ANOMALY_PENDING,"waktu,aksi,ip_address,device"
933,synth_57,credential_takeover_compound,retraining_dataset_combined_raw.csv,V5_ANOMALY_PENDING,"waktu,aksi,ip_address,device"
934,synth_9725,credential_takeover_compound,retraining_dataset_combined_raw.csv,V5_ANOMALY_PENDING,"waktu,aksi,ip_address,device"
935,synth_2594,credential_takeover_compound,retraining_dataset_combined_raw.csv,V5_ANOMALY_PENDING,"waktu,aksi,ip_address,device"
936,synth_2448,credential_takeover_compound,retraining_dataset_combined_raw.csv,V5_ANOMALY_PENDING,"waktu,aksi,ip_address,device"
937,synth_12645,credential_takeover_compound,retraining_dataset_combined_raw.csv,V5_ANOMALY_PENDING,"waktu,aksi,ip_address,device"
938,synth_10132,credential_takeover_compound,retraining_dataset_combined_raw.csv,V5_ANOMALY_PENDING,"waktu,aksi,ip_address,device"
939,synth_1750,credential_takeover_compound,retraining_dataset_combined_raw.csv,V5_ANOMALY_PENDING,"waktu,aksi,ip_address,device"
940,synth_10319,credential_takeover_compound,retraining_dataset_combined_raw.csv,V5_ANOMALY_PENDING,"waktu,aksi,ip_address,device"
941,synth_10342,credential_takeover_compound,retraining_dataset_combined_raw.csv,V5_ANOMALY_PENDING,"waktu,aksi,ip_address,device"
942,synth_7077,credential_takeover_compound,retraining_dataset_combined_raw.csv,V5_ANOMALY_PENDING,"waktu,aksi,ip_address,device"
943,synth_5300,credential_takeover_compound,retraining_dataset_combined_raw.csv,V5_ANOMALY_PENDING,"waktu,aksi,ip_address,device"
944,synth_9384,credential_takeover_compound,retraining_dataset_combined_raw.csv,V5_ANOMALY_PENDING,"waktu,aksi,ip_address,device"
945,synth_9347,credential_takeover_compound,retraining_dataset_combined_raw.csv,V5_ANOMALY_PENDING,"waktu,aksi,ip_address,device"
946,synth_3150,credential_takeover_compound,retraining_dataset_combined_raw.csv,V5_ANOMALY_PENDING,"waktu,aksi,ip_address,device"
947,synth_12279,credential_takeover_compound,retraining_dataset_combined_raw.csv,V5_ANOMALY_PENDING,"waktu,aksi,ip_address,device"
948,synth_14480,credential_takeover_compound,retraining_dataset_combined_raw.csv,V5_ANOMALY_PENDING,"waktu,aksi,ip_address,device"
949,synth_9263,credential_takeover_compound,retraining_dataset_combined_raw.csv,V5_ANOMALY_PENDING,"waktu,aksi,ip_address,device"
950,synth_3116,credential_takeover_compound,retraining_dataset_combined_raw.csv,V5_ANOMALY_PENDING,"waktu,aksi,ip_address,device"
951,synth_9373,credential_takeover_compound,retraining_dataset_combined_raw.csv,V5_ANOMALY_PENDING,"waktu,aksi,ip_address,device"
952,synth_14426,credential_takeover_compound,retraining_dataset_combined_raw.csv,V5_ANOMALY_PENDING,"waktu,aksi,ip_address,device"
953,synth_10485,credential_takeover_compound,retraining_dataset_combined_raw.csv,V5_ANOMALY_PENDING,"waktu,aksi,ip_address,device"
954,synth_1799,credential_takeover_compound,retraining_dataset_combined_raw.csv,V5_ANOMALY_PENDING,"waktu,aksi,ip_address,device"
955,synth_6725,credential_takeover_compound,retraining_dataset_combined_raw.csv,V5_ANOMALY_PENDING,"waktu,aksi,ip_address,device"
956,synth_2336,credential_takeover_compound,retraining_dataset_combined_raw.csv,V5_ANOMALY_PENDING,"waktu,aksi,ip_address,device"
957,synth_9969,credential_takeover_compound,retraining_dataset_combined_raw.csv,V5_ANOMALY_PENDING,"waktu,aksi,ip_address,device"
958,synth_6635,credential_takeover_compound,retraining_dataset_combined_raw.csv,V5_ANOMALY_PENDING,"waktu,aksi,ip_address,device"
959,synth_13766,credential_takeover_compound,retraining_dataset_combined_raw.csv,V5_ANOMALY_PENDING,"waktu,aksi,ip_address,device"
960,synth_13994,credential_takeover_compound,retraining_dataset_combined_raw.csv,V5_ANOMALY_PENDING,"waktu,aksi,ip_address,device"
961,synth_12908,credential_takeover_compound,retraining_dataset_combined_raw.csv,V5_ANOMALY_PENDING,"waktu,aksi,ip_address,device"
962,synth_1191,credential_takeover_compound,retraining_dataset_combined_raw.csv,V5_ANOMALY_PENDING,"waktu,aksi,ip_address,device"
963,synth_14971,credential_takeover_compound,retraining_dataset_combined_raw.csv,V5_ANOMALY_PENDING,"waktu,aksi,ip_address,device"
964,synth_2661,credential_takeover_compound,retraining_dataset_combined_raw.csv,V5_ANOMALY_PENDING,"waktu,aksi,ip_address,device"
965,synth_5280,credential_takeover_compound,retraining_dataset_combined_raw.csv,V5_ANOMALY_PENDING,"waktu,aksi,ip_address,device"
966,synth_2619,credential_takeover_compound,retraining_dataset_combined_raw.csv,V5_ANOMALY_PENDING,"waktu,aksi,ip_address,device"
967,synth_10264,credential_takeover_compound,retraining_dataset_combined_raw.csv,V5_ANOMALY_PENDING,"waktu,aksi,ip_address,device"
968,synth_9751,credential_takeover_compound,retraining_dataset_combined_raw.csv,V5_ANOMALY_PENDING,"waktu,aksi,ip_address,device"
969,synth_9816,credential_takeover_compound,retraining_dataset_combined_raw.csv,V5_ANOMALY_PENDING,"waktu,aksi,ip_address,device"
970,synth_12800,credential_takeover_compound,retraining_dataset_combined_raw.csv,V5_ANOMALY_PENDING,"waktu,aksi,ip_address,device"
971,synth_10696,credential_takeover_compound,retraining_dataset_combined_raw.csv,V5_ANOMALY_PENDING,"waktu,aksi,ip_address,device"
972,synth_10586,credential_takeover_compound,retraining_dataset_combined_raw.csv,V5_ANOMALY_PENDING,"waktu,aksi,ip_address,device"
973,synth_439,credential_takeover_compound,retraining_dataset_combined_raw.csv,V5_ANOMALY_PENDING,"waktu,aksi,ip_address,device"
974,synth_185,credential_takeover_compound,retraining_dataset_combined_raw.csv,V5_ANOMALY_PENDING,"waktu,aksi,ip_address,device"
975,synth_11456,credential_takeover_compound,retraining_dataset_combined_raw.csv,V5_ANOMALY_PENDING,"waktu,aksi,ip_address,device"
976,synth_10175,credential_takeover_compound,retraining_dataset_combined_raw.csv,V5_ANOMALY_PENDING,"waktu,aksi,ip_address,device"
977,synth_3460,credential_takeover_compound,retraining_dataset_combined_raw.csv,V5_ANOMALY_PENDING,"waktu,aksi,ip_address,device"
978,synth_14626,credential_takeover_compound,retraining_dataset_combined_raw.csv,V5_ANOMALY_PENDING,"waktu,aksi,ip_address,device"
979,synth_1783,credential_takeover_compound,retraining_dataset_combined_raw.csv,V5_ANOMALY_PENDING,"waktu,aksi,ip_address,device"
980,synth_14180,credential_takeover_compound,retraining_dataset_combined_raw.csv,V5_ANOMALY_PENDING,"waktu,aksi,ip_address,device"
981,synth_2283,credential_takeover_compound,retraining_dataset_combined_raw.csv,V5_ANOMALY_PENDING,"waktu,aksi,ip_address,device"
982,synth_4280,credential_takeover_compound,retraining_dataset_combined_raw.csv,V5_ANOMALY_PENDING,"waktu,aksi,ip_address,device"
983,synth_1167,credential_takeover_compound,retraining_dataset_combined_raw.csv,V5_ANOMALY_PENDING,"waktu,aksi,ip_address,device"
984,synth_5197,credential_takeover_compound,retraining_dataset_combined_raw.csv,V5_ANOMALY_PENDING,"waktu,aksi,ip_address,device"
985,synth_5612,credential_takeover_compound,retraining_dataset_combined_raw.csv,V5_ANOMALY_PENDING,"waktu,aksi,ip_address,device"
986,synth_12607,credential_takeover_compound,retraining_dataset_combined_raw.csv,V5_ANOMALY_PENDING,"waktu,aksi,ip_address,device"
987,synth_14896,credential_takeover_compound,retraining_dataset_combined_raw.csv,V5_ANOMALY_PENDING,"waktu,aksi,ip_address,device"
988,synth_1815,credential_takeover_compound,retraining_dataset_combined_raw.csv,V5_ANOMALY_PENDING,"waktu,aksi,ip_address,device"
989,synth_13044,credential_takeover_compound,retraining_dataset_combined_raw.csv,V5_ANOMALY_PENDING,"waktu,aksi,ip_address,device"
990,synth_1041,credential_takeover_compound,retraining_dataset_combined_raw.csv,V5_ANOMALY_PENDING,"waktu,aksi,ip_address,device"
991,synth_5079,credential_takeover_compound,retraining_dataset_combined_raw.csv,V5_ANOMALY_PENDING,"waktu,aksi,ip_address,device"
992,synth_7701,credential_takeover_compound,retraining_dataset_combined_raw.csv,V5_ANOMALY_PENDING,"waktu,aksi,ip_address,device"
993,synth_903,credential_takeover_compound,retraining_dataset_combined_raw.csv,V5_ANOMALY_PENDING,"waktu,aksi,ip_address,device"
994,synth_11027,credential_takeover_compound,retraining_dataset_combined_raw.csv,V5_ANOMALY_PENDING,"waktu,aksi,ip_address,device"
995,synth_9176,credential_takeover_compound,retraining_dataset_combined_raw.csv,V5_ANOMALY_PENDING,"waktu,aksi,ip_address,device"
996,synth_483,credential_takeover_compound,retraining_dataset_combined_raw.csv,V5_ANOMALY_PENDING,"waktu,aksi,ip_address,device"
997,synth_2285,credential_takeover_compound,retraining_dataset_combined_raw.csv,V5_ANOMALY_PENDING,"waktu,aksi,ip_address,device"
998,synth_1790,credential_takeover_compound,retraining_dataset_combined_raw.csv,V5_ANOMALY_PENDING,"waktu,aksi,ip_address,device"
999,synth_13848,credential_takeover_compound,retraining_dataset_combined_raw.csv,V5_ANOMALY_PENDING,"waktu,aksi,ip_address,device"
