row_id,timestamp,user_id,activity,session_id,anomaly_type,risk_level
0,2025-01-01 03:22:26,61,Login,S7BA6BF6F6BA7AFDC,login_luar_jam,Low
2,2025-01-01 07:00:30,1,Login,S3F578008B2F1E6E3,Normal,Normal
3,2025-01-01 07:02:05,1,Dashboard,S3F578008B2F1E6E3,Normal,Normal
4,2025-01-01 07:03:04,1,Kelola User,S3F578008B2F1E6E3,Normal,Normal
5,2025-01-01 07:05:10,1,Kelola Kode Klasifikasi,S3F578008B2F1E6E3,Normal,Normal
6,2025-01-01 07:07:37,1,Logout,S3F578008B2F1E6E3,Normal,Normal
10,2025-01-01 08:24:35,21,Login,SA7308128D32AB0F6,Normal,Normal
11,2025-01-01 08:25:12,21,Lihat Perkara,SA7308128D32AB0F6,Normal,Normal
12,2025-01-01 08:26:46,21,Cari Berkas,SA7308128D32AB0F6,Normal,Normal
13,2025-01-01 08:28:10,21,Logout,SA7308128D32AB0F6,Normal,Normal
14,2025-01-01 10:38:08,80,Login,S541D013617D8EA64,Normal,Normal
15,2025-01-01 10:40:12,80,Lihat Perkara,S541D013617D8EA64,Normal,Normal
16,2025-01-01 10:40:33,80,Cari Berkas,S541D013617D8EA64,ip_berubah,Low
17,2025-01-01 10:41:12,80,Logout,S541D013617D8EA64,Normal,Normal
22,2025-01-01 11:38:52,86,Login,SFECDDAEFE32B138F,Normal,Normal
23,2025-01-01 11:40:17,86,Lihat Perkara,SFECDDAEFE32B138F,Normal,Normal
24,2025-01-01 11:42:19,86,Cari Berkas,SFECDDAEFE32B138F,Normal,Normal
25,2025-01-01 11:42:55,86,Logout,SFECDDAEFE32B138F,Normal,Normal
26,2025-01-01 12:06:33,80,Login,SAB3EF81D7CA2E893,ip_berubah,Low
27,2025-01-01 12:08:41,80,Lihat Perkara,SAB3EF81D7CA2E893,Normal,Normal
28,2025-01-01 12:11:20,80,Cari Berkas,SAB3EF81D7CA2E893,Normal,Normal
29,2025-01-01 12:13:15,80,Logout,SAB3EF81D7CA2E893,Normal,Normal
30,2025-01-01 12:31:26,6,Login,S46340607F260A3ED,Normal,Normal
31,2025-01-01 12:33:29,6,Lihat Perkara,S46340607F260A3ED,aktivitas_terlalu_cepat,Medium
32,2025-01-01 12:35:16,6,Lihat Berkas,S46340607F260A3ED,Normal,Normal
33,2025-01-01 12:37:51,6,Input Berkas,S46340607F260A3ED,Normal,Normal
34,2025-01-01 12:38:41,6,Verifikasi,S46340607F260A3ED,Normal,Normal
35,2025-01-01 12:39:15,6,Logout,S46340607F260A3ED,Normal,Normal
36,2025-01-01 14:58:12,33,Login,SC6C2DF287AF4BB7D,Normal,Normal
37,2025-01-01 14:58:50,33,Lihat Perkara,SC6C2DF287AF4BB7D,Normal,Normal
38,2025-01-01 14:59:39,33,Cari Berkas,SC6C2DF287AF4BB7D,Normal,Normal
39,2025-01-01 15:01:43,33,Logout,SC6C2DF287AF4BB7D,Normal,Normal
40,2025-01-01 15:08:15,43,Login,S483DC53AFC9DB77E,Normal,Normal
41,2025-01-01 15:10:43,43,Lihat Perkara,S483DC53AFC9DB77E,Normal,Normal
42,2025-01-01 15:12:15,43,Cari Berkas,S483DC53AFC9DB77E,Normal,Normal
43,2025-01-01 15:12:50,43,Logout,S483DC53AFC9DB77E,Normal,Normal
44,2025-01-01 15:25:19,61,Lihat Perkara,S7BA6BF6F6BA7AFDC,Normal,Normal
45,2025-01-01 15:25:54,61,Cari Berkas,S7BA6BF6F6BA7AFDC,Normal,Normal
46,2025-01-01 15:28:32,61,Logout,S7BA6BF6F6BA7AFDC,Normal,Normal
47,2025-01-01 15:54:54,6,Login,S611D701E2350EA52,Normal,Normal
48,2025-01-01 15:56:56,6,Lihat Perkara,S611D701E2350EA52,Normal,Normal
49,2025-01-01 15:57:48,6,Lihat Berkas,S611D701E2350EA52,Normal,Normal
50,2025-01-01 15:58:15,6,Input Berkas,S611D701E2350EA52,Normal,Normal
51,2025-01-01 15:59:30,6,Verifikasi,S611D701E2350EA52,Normal,Normal
52,2025-01-01 16:00:29,6,Logout,S611D701E2350EA52,Normal,Normal
53,2025-01-02 07:05:13,49,Login,S4E3061DCBFEE9767,Normal,Normal
54,2025-01-02 07:05:38,49,Lihat Perkara,S4E3061DCBFEE9767,Normal,Normal
55,2025-01-02 07:06:57,49,Cari Berkas,S4E3061DCBFEE9767,Normal,Normal
56,2025-01-02 07:07:16,49,Logout,S4E3061DCBFEE9767,Normal,Normal
57,2025-01-02 07:17:46,38,Login,S2CFC95D73AE28DE8,Normal,Normal
58,2025-01-02 07:18:12,38,Lihat Perkara,S2CFC95D73AE28DE8,Normal,Normal
59,2025-01-02 07:20:35,38,Cari Berkas,S2CFC95D73AE28DE8,Normal,Normal
60,2025-01-02 07:22:23,38,Logout,S2CFC95D73AE28DE8,Normal,Normal
61,2025-01-02 07:55:53,25,Login,SC40CF33A42E32C21,Normal,Normal
62,2025-01-02 07:57:02,25,Lihat Perkara,SC40CF33A42E32C21,Normal,Normal
63,2025-01-02 07:58:40,25,Cari Berkas,SC40CF33A42E32C21,Normal,Normal
64,2025-01-02 08:00:32,25,Logout,SC40CF33A42E32C21,Normal,Normal
69,2025-01-02 09:31:44,54,Login,S1336980EE4B7405A,Normal,Normal
70,2025-01-02 09:34:36,54,Lihat Perkara,S1336980EE4B7405A,Normal,Normal
71,2025-01-02 09:36:19,54,Lihat Berkas,S1336980EE4B7405A,Normal,Normal
72,2025-01-02 09:37:41,54,Input Berkas,S1336980EE4B7405A,Normal,Normal
73,2025-01-02 09:39:55,54,Verifikasi,S1336980EE4B7405A,Normal,Normal
74,2025-01-02 09:40:21,54,Logout,S1336980EE4B7405A,Normal,Normal
79,2025-01-02 11:40:48,36,Login,S246618020299B709,Normal,Normal
80,2025-01-02 11:43:20,36,Lihat Perkara,S246618020299B709,Normal,Normal
81,2025-01-02 11:45:34,36,Cari Berkas,S246618020299B709,Normal,Normal
82,2025-01-02 11:46:04,36,Logout,S246618020299B709,peminjaman_massal,High
83,2025-01-02 11:47:41,70,Login,S74273CA3287D06CA,Normal,Normal
84,2025-01-02 11:49:59,70,Lihat Perkara,S74273CA3287D06CA,Normal,Normal
85,2025-01-02 11:50:54,70,Cari Berkas,S74273CA3287D06CA,Normal,Normal
86,2025-01-02 11:53:13,70,Logout,S74273CA3287D06CA,Normal,Normal
93,2025-01-02 13:50:49,6,Login,SC3B8A22B5D764BC4,Normal,Normal
94,2025-01-02 13:53:17,6,Lihat Perkara,SC3B8A22B5D764BC4,Normal,Normal
95,2025-01-02 13:54:03,6,Lihat Berkas,SC3B8A22B5D764BC4,Normal,Normal
96,2025-01-02 13:54:34,6,Input Berkas,SC3B8A22B5D764BC4,Normal,Normal
97,2025-01-02 13:57:32,6,Verifikasi,SC3B8A22B5D764BC4,Normal,Normal
98,2025-01-02 13:58:25,6,Logout,SC3B8A22B5D764BC4,Normal,Normal
99,2025-01-02 14:26:59,50,Login,SF868CF4E29C6F760,Normal,Normal
100,2025-01-02 14:29:09,50,Lihat Perkara,SF868CF4E29C6F760,Normal,Normal
101,2025-01-02 14:29:31,50,Cari Berkas,SF868CF4E29C6F760,Normal,Normal
102,2025-01-02 14:32:03,50,Logout,SF868CF4E29C6F760,Normal,Normal
103,2025-01-02 14:47:03,34,Login,S5C5F48D40DF407B8,Normal,Normal
104,2025-01-02 14:47:35,34,Lihat Perkara,S5C5F48D40DF407B8,Normal,Normal
105,2025-01-02 14:49:00,34,Cari Berkas,S5C5F48D40DF407B8,Normal,Normal
106,2025-01-02 14:49:20,62,Login,SED0E948491B56E0B,Normal,Normal
107,2025-01-02 14:50:10,62,Lihat Perkara,SED0E948491B56E0B,Normal,Normal
108,2025-01-02 14:50:23,62,Cari Berkas,SED0E948491B56E0B,Normal,Normal
109,2025-01-02 14:50:43,62,Logout,SED0E948491B56E0B,Normal,Normal
110,2025-01-02 14:51:59,34,Logout,S5C5F48D40DF407B8,Normal,Normal
115,2025-01-02 15:19:28,77,Login,S8FFBCC0F058729F3,Normal,Normal
116,2025-01-02 15:20:56,77,Lihat Perkara,S8FFBCC0F058729F3,ip_berubah,Low
118,2025-01-02 15:23:13,77,Cari Berkas,S8FFBCC0F058729F3,Normal,Normal
120,2025-01-02 15:24:28,77,Logout,S8FFBCC0F058729F3,Normal,Normal
123,2025-01-03 02:53:09,71,Login,S9923FC7A0D6B160F,login_luar_jam,Low
124,2025-01-03 07:54:55,71,Lihat Perkara,S9923FC7A0D6B160F,Normal,Normal
125,2025-01-03 07:55:56,71,Cari Berkas,S9923FC7A0D6B160F,Normal,Normal
126,2025-01-03 07:57:09,71,Logout,S9923FC7A0D6B160F,Normal,Normal
127,2025-01-03 08:46:43,20,Login,SD769E4C7155B7F04,Normal,Normal
128,2025-01-03 08:49:42,20,Lihat Perkara,SD769E4C7155B7F04,Normal,Normal
129,2025-01-03 08:51:06,20,Cari Berkas,SD769E4C7155B7F04,Normal,Normal
130,2025-01-03 08:53:40,20,Logout,SD769E4C7155B7F04,Normal,Normal
135,2025-01-03 12:39:01,61,Login,S31E4385086A81B2B,Normal,Normal
136,2025-01-03 12:40:35,61,Lihat Perkara,S31E4385086A81B2B,Normal,Normal
137,2025-01-03 12:41:09,61,Cari Berkas,S31E4385086A81B2B,durasi_tidak_wajar,Medium
138,2025-01-03 12:42:53,61,Logout,S31E4385086A81B2B,Normal,Normal
139,2025-01-03 13:10:02,84,Login,SF311F92B568CB2FB,Normal,Normal
140,2025-01-03 13:12:39,84,Dashboard,SF311F92B568CB2FB,Normal,Normal
141,2025-01-03 13:13:13,84,Kelola User,SF311F92B568CB2FB,Normal,Normal
142,2025-01-03 13:14:40,84,Kelola Kode Klasifikasi,SF311F92B568CB2FB,Normal,Normal
143,2025-01-03 13:16:15,84,Logout,SF311F92B568CB2FB,Normal,Normal
148,2025-01-03 14:50:54,50,Login,S2AA7097624494832,Normal,Normal
149,2025-01-03 14:51:23,50,Lihat Perkara,S2AA7097624494832,Normal,Normal
150,2025-01-03 14:53:54,50,Cari Berkas,S2AA7097624494832,Normal,Normal
151,2025-01-03 14:55:36,50,Logout,S2AA7097624494832,Normal,Normal
152,2025-01-03 15:07:47,77,Login,S2425F74C9839EAEA,Normal,Normal
153,2025-01-03 15:09:06,77,Lihat Perkara,S2425F74C9839EAEA,Normal,Normal
154,2025-01-03 15:09:30,77,Cari Berkas,S2425F74C9839EAEA,Normal,Normal
155,2025-01-03 15:11:13,77,Logout,S2425F74C9839EAEA,Normal,Normal
156,2025-01-03 16:49:44,45,Login,S8E220C2DEA771919,Normal,Normal
157,2025-01-03 16:50:50,45,Lihat Perkara,S8E220C2DEA771919,Normal,Normal
158,2025-01-03 16:53:24,45,Cari Berkas,S8E220C2DEA771919,Normal,Normal
159,2025-01-03 16:53:42,45,Logout,S8E220C2DEA771919,Normal,Normal
161,2025-01-04 12:24:59,78,Login,S5FFD22147ABF9970,Normal,Normal
162,2025-01-04 12:27:33,78,Lihat Perkara,S5FFD22147ABF9970,Normal,Normal
163,2025-01-04 12:28:55,78,Cari Berkas,S5FFD22147ABF9970,Normal,Normal
164,2025-01-04 12:31:53,78,Logout,S5FFD22147ABF9970,Normal,Normal
174,2025-01-04 14:24:13,71,Login,S147A7525F84E9845,ip_berubah,Low
175,2025-01-04 14:25:09,71,Lihat Perkara,S147A7525F84E9845,Normal,Normal
176,2025-01-04 14:28:09,71,Cari Berkas,S147A7525F84E9845,Normal,Normal
177,2025-01-04 14:30:36,71,Logout,S147A7525F84E9845,Normal,Normal
178,2025-01-04 15:48:38,20,Login,SF132776A4FE685C9,Normal,Normal
179,2025-01-04 15:50:50,20,Lihat Perkara,SF132776A4FE685C9,Normal,Normal
180,2025-01-04 15:52:33,20,Cari Berkas,SF132776A4FE685C9,Normal,Normal
181,2025-01-04 15:53:14,20,Logout,SF132776A4FE685C9,Normal,Normal
182,2025-01-04 16:49:26,64,Login,S050C6EC86172C44C,Normal,Normal
183,2025-01-04 16:49:36,64,Lihat Perkara,S050C6EC86172C44C,Normal,Normal
184,2025-01-04 16:51:11,64,Cari Berkas,S050C6EC86172C44C,Normal,Normal
185,2025-01-04 16:53:26,64,Logout,S050C6EC86172C44C,Normal,Normal
186,2025-01-05 03:57:39,24,Login,S7AF7BD840121221D,login_luar_jam,Low
187,2025-01-05 04:53:34,66,Login,SE4C4E73C4C46BAD8,login_luar_jam,Low
188,2025-01-05 07:37:09,38,Login,SD31C63FBBAABF7EC,Normal,Normal
189,2025-01-05 07:39:37,38,Lihat Perkara,SD31C63FBBAABF7EC,Normal,Normal
190,2025-01-05 07:41:12,38,Cari Berkas,SD31C63FBBAABF7EC,Normal,Normal
191,2025-01-05 07:42:45,38,Logout,SD31C63FBBAABF7EC,Normal,Normal
192,2025-01-05 07:54:25,45,Login,SB8FDFF81EF7419B8,Normal,Normal
193,2025-01-05 07:56:59,45,Lihat Perkara,SB8FDFF81EF7419B8,Normal,Normal
194,2025-01-05 07:58:01,45,Cari Berkas,SB8FDFF81EF7419B8,Normal,Normal
195,2025-01-05 07:59:40,45,Logout,SB8FDFF81EF7419B8,Normal,Normal
199,2025-01-05 08:56:13,66,Lihat Perkara,SE4C4E73C4C46BAD8,Normal,Normal
200,2025-01-05 08:56:51,66,Cari Berkas,SE4C4E73C4C46BAD8,Normal,Normal
203,2025-01-05 08:59:16,66,Logout,SE4C4E73C4C46BAD8,Normal,Normal
211,2025-01-05 10:58:39,24,Lihat Perkara,S7AF7BD840121221D,ip_berubah,Low
212,2025-01-05 10:58:54,23,Login,S26A9E100B509109B,Normal,Normal
213,2025-01-05 11:00:22,24,Cari Berkas,S7AF7BD840121221D,Normal,Normal
214,2025-01-05 11:00:43,24,Logout,S7AF7BD840121221D,Normal,Normal
215,2025-01-05 11:01:13,23,Lihat Perkara,S26A9E100B509109B,Normal,Normal
216,2025-01-05 11:03:19,23,Cari Berkas,S26A9E100B509109B,Normal,Normal
217,2025-01-05 11:05:04,23,Logout,S26A9E100B509109B,Normal,Normal
218,2025-01-05 13:24:00,59,Login,SD7ABD79712886BE9,Normal,Normal
219,2025-01-05 13:25:19,59,Lihat Perkara,SD7ABD79712886BE9,Normal,Normal
220,2025-01-05 13:26:02,59,Cari Berkas,SD7ABD79712886BE9,Normal,Normal
221,2025-01-05 13:28:52,59,Logout,SD7ABD79712886BE9,Normal,Normal
222,2025-01-05 14:03:33,70,Login,S0F862B69DB92CB57,Normal,Normal
223,2025-01-05 14:04:54,70,Lihat Perkara,S0F862B69DB92CB57,Normal,Normal
224,2025-01-05 14:06:01,70,Cari Berkas,S0F862B69DB92CB57,Normal,Normal
225,2025-01-05 14:07:30,70,Logout,S0F862B69DB92CB57,Normal,Normal
226,2025-01-05 14:44:45,44,Login,S0DBF38EDECE3E35D,Normal,Normal
227,2025-01-05 14:45:36,44,Lihat Perkara,S0DBF38EDECE3E35D,durasi_tidak_wajar,Medium
228,2025-01-05 14:46:33,44,Cari Berkas,S0DBF38EDECE3E35D,Normal,Normal
229,2025-01-05 14:47:13,44,Logout,S0DBF38EDECE3E35D,Normal,Normal
230,2025-01-05 15:28:10,73,Login,SAAB612C9415D174A,Normal,Normal
231,2025-01-05 15:29:33,73,Lihat Perkara,SAAB612C9415D174A,Normal,Normal
232,2025-01-05 15:32:02,73,Cari Berkas,SAAB612C9415D174A,Normal,Normal
233,2025-01-05 15:32:52,73,Logout,SAAB612C9415D174A,Normal,Normal
234,2025-01-05 16:04:57,51,Login,SF82F2DC31C35730B,Normal,Normal
235,2025-01-05 16:05:44,51,Lihat Perkara,SF82F2DC31C35730B,Normal,Normal
236,2025-01-05 16:05:54,54,Login,SBCE0CAEFF17FA5C0,Normal,Normal
237,2025-01-05 16:07:53,51,Cari Berkas,SF82F2DC31C35730B,durasi_tidak_wajar,Medium
238,2025-01-05 16:08:41,51,Logout,SF82F2DC31C35730B,Normal,Normal
239,2025-01-05 16:08:52,54,Lihat Perkara,SBCE0CAEFF17FA5C0,Normal,Normal
240,2025-01-05 16:10:32,54,Lihat Berkas,SBCE0CAEFF17FA5C0,Normal,Normal
241,2025-01-05 16:12:08,54,Input Berkas,SBCE0CAEFF17FA5C0,Normal,Normal
242,2025-01-05 16:13:15,54,Verifikasi,SBCE0CAEFF17FA5C0,Normal,Normal
243,2025-01-05 16:15:12,54,Logout,SBCE0CAEFF17FA5C0,Normal,Normal
245,2025-01-06 09:00:48,66,Login,SEAADCA47961EF83B,Normal,Normal
246,2025-01-06 09:03:02,66,Lihat Perkara,SEAADCA47961EF83B,Normal,Normal
247,2025-01-06 09:04:51,66,Cari Berkas,SEAADCA47961EF83B,Normal,Normal
248,2025-01-06 09:05:53,66,Logout,SEAADCA47961EF83B,Normal,Normal
252,2025-01-06 13:10:14,84,Login,S07FB3BDD95593433,Normal,Normal
253,2025-01-06 13:12:23,84,Dashboard,S07FB3BDD95593433,Normal,Normal
254,2025-01-06 13:14:34,84,Kelola User,S07FB3BDD95593433,Normal,Normal
255,2025-01-06 13:17:18,84,Kelola Kode Klasifikasi,S07FB3BDD95593433,Normal,Normal
256,2025-01-06 13:18:48,84,Logout,S07FB3BDD95593433,Normal,Normal
257,2025-01-06 13:51:12,55,Login,S4D3513751ABFD7AA,Normal,Normal
258,2025-01-06 13:51:50,55,Lihat Perkara,S4D3513751ABFD7AA,Normal,Normal
259,2025-01-06 13:53:52,55,Lihat Berkas,S4D3513751ABFD7AA,Normal,Normal
260,2025-01-06 13:54:15,55,Input Berkas,S4D3513751ABFD7AA,Normal,Normal
261,2025-01-06 13:56:49,55,Verifikasi,S4D3513751ABFD7AA,Normal,Normal
262,2025-01-06 13:59:27,55,Logout,S4D3513751ABFD7AA,Normal,Normal
263,2025-01-07 09:05:32,66,Login,SE599E2E040C8F92A,Normal,Normal
264,2025-01-07 09:07:07,66,Lihat Perkara,SE599E2E040C8F92A,Normal,Normal
265,2025-01-07 09:09:10,66,Cari Berkas,SE599E2E040C8F92A,Normal,Normal
266,2025-01-07 09:11:14,66,Logout,SE599E2E040C8F92A,Normal,Normal
267,2025-01-07 09:30:35,61,Login,SF9E9C0DA3B6A31CE,Normal,Normal
268,2025-01-07 09:32:23,61,Lihat Perkara,SF9E9C0DA3B6A31CE,Normal,Normal
269,2025-01-07 09:32:51,61,Cari Berkas,SF9E9C0DA3B6A31CE,Normal,Normal
270,2025-01-07 09:35:17,61,Logout,SF9E9C0DA3B6A31CE,Normal,Normal
271,2025-01-07 10:40:19,77,Login,S5D5624C1FFAF473D,Normal,Normal
273,2025-01-07 10:42:13,77,Lihat Perkara,S5D5624C1FFAF473D,Normal,Normal
275,2025-01-07 10:45:11,77,Cari Berkas,S5D5624C1FFAF473D,Normal,Normal
277,2025-01-07 10:45:25,77,Logout,S5D5624C1FFAF473D,Normal,Normal
279,2025-01-07 11:58:24,60,Login,SEE4401C971AFC5FF,Normal,Normal
280,2025-01-07 12:00:28,60,Lihat Perkara,SEE4401C971AFC5FF,Normal,Normal
281,2025-01-07 12:01:12,60,Cari Berkas,SEE4401C971AFC5FF,Normal,Normal
282,2025-01-07 12:03:06,60,Logout,SEE4401C971AFC5FF,Normal,Normal
283,2025-01-07 12:49:35,84,Login,SA687D7C81C71FE87,Normal,Normal
284,2025-01-07 12:52:00,84,Dashboard,SA687D7C81C71FE87,Normal,Normal
285,2025-01-07 12:52:12,84,Kelola User,SA687D7C81C71FE87,Normal,Normal
286,2025-01-07 12:52:49,84,Kelola Kode Klasifikasi,SA687D7C81C71FE87,Normal,Normal
287,2025-01-07 12:52:59,84,Logout,SA687D7C81C71FE87,Normal,Normal
288,2025-01-07 13:07:53,79,Login,SE880D4CFE1EF901F,ip_berubah,Low
289,2025-01-07 13:08:20,79,Lihat Perkara,SE880D4CFE1EF901F,Normal,Normal
290,2025-01-07 13:10:15,79,Cari Berkas,SE880D4CFE1EF901F,Normal,Normal
291,2025-01-07 13:12:08,79,Logout,SE880D4CFE1EF901F,Normal,Normal
296,2025-01-07 15:43:22,37,Login,S08C63C7A862537E0,Normal,Normal
297,2025-01-07 15:44:11,37,Lihat Perkara,S08C63C7A862537E0,Normal,Normal
298,2025-01-07 15:46:25,37,Cari Berkas,S08C63C7A862537E0,Normal,Normal
299,2025-01-07 15:47:15,37,Logout,S08C63C7A862537E0,Normal,Normal
302,2025-01-08 01:37:21,26,Login,S65B63378A5DFC68A,login_luar_jam,Low
303,2025-01-08 06:06:13,23,Login,S040279F438381149,login_luar_jam,Low
304,2025-01-08 06:42:49,55,Login,SE6DB8A5B4EFC8D6D,login_luar_jam,Low
305,2025-01-08 07:46:34,79,Login,SA7346B261BEAA75A,Normal,Normal
306,2025-01-08 07:49:09,79,Lihat Perkara,SA7346B261BEAA75A,Normal,Normal
307,2025-01-08 07:50:57,79,Cari Berkas,SA7346B261BEAA75A,Normal,Normal
308,2025-01-08 07:51:45,79,Logout,SA7346B261BEAA75A,Normal,Normal
313,2025-01-08 08:45:18,55,Lihat Perkara,SE6DB8A5B4EFC8D6D,Normal,Normal
314,2025-01-08 08:45:53,55,Lihat Berkas,SE6DB8A5B4EFC8D6D,Normal,Normal
315,2025-01-08 08:48:49,55,Input Berkas,SE6DB8A5B4EFC8D6D,Normal,Normal
316,2025-01-08 08:50:18,55,Verifikasi,SE6DB8A5B4EFC8D6D,Normal,Normal
317,2025-01-08 08:51:42,55,Logout,SE6DB8A5B4EFC8D6D,Normal,Normal
320,2025-01-08 09:06:51,23,Lihat Perkara,S040279F438381149,Normal,Normal
321,2025-01-08 09:07:54,23,Cari Berkas,S040279F438381149,Normal,Normal
323,2025-01-08 09:08:20,23,Logout,S040279F438381149,Normal,Normal
324,2025-01-08 09:38:58,26,Lihat Perkara,S65B63378A5DFC68A,Normal,Normal
325,2025-01-08 09:39:54,26,Cari Berkas,S65B63378A5DFC68A,ip_berubah,Low
326,2025-01-08 09:40:58,26,Logout,S65B63378A5DFC68A,durasi_tidak_wajar,Medium
327,2025-01-08 11:48:51,26,Login,S6502D6A2CA6A2224,Normal,Normal
328,2025-01-08 11:51:18,26,Lihat Perkara,S6502D6A2CA6A2224,peminjaman_massal,High
329,2025-01-08 11:51:59,26,Cari Berkas,S6502D6A2CA6A2224,Normal,Normal
330,2025-01-08 11:54:05,26,Logout,S6502D6A2CA6A2224,Normal,Normal
335,2025-01-08 16:34:17,40,Login,S32552D1E2AD771F7,Normal,Normal
336,2025-01-08 16:36:44,40,Lihat Perkara,S32552D1E2AD771F7,Normal,Normal
337,2025-01-08 16:37:08,40,Cari Berkas,S32552D1E2AD771F7,peminjaman_massal,High
338,2025-01-08 16:39:09,40,Logout,S32552D1E2AD771F7,Normal,Normal
346,2025-01-09 01:10:29,53,Login,S5168923D610006EE,login_luar_jam,Low
348,2025-01-09 08:42:26,77,Login,S9E009EF45BAB5AEC,Normal,Normal
349,2025-01-09 08:44:37,77,Lihat Perkara,S9E009EF45BAB5AEC,Normal,Normal
350,2025-01-09 08:46:42,77,Cari Berkas,S9E009EF45BAB5AEC,Normal,Normal
351,2025-01-09 08:49:29,77,Logout,S9E009EF45BAB5AEC,Normal,Normal
356,2025-01-09 10:06:22,70,Login,S3BDE5F617142AA48,Normal,Normal
357,2025-01-09 10:07:15,70,Lihat Perkara,S3BDE5F617142AA48,Normal,Normal
358,2025-01-09 10:07:35,70,Cari Berkas,S3BDE5F617142AA48,Normal,Normal
359,2025-01-09 10:10:22,70,Logout,S3BDE5F617142AA48,Normal,Normal
368,2025-01-09 11:10:45,53,Lihat Perkara,S5168923D610006EE,Normal,Normal
369,2025-01-09 11:11:59,53,Cari Berkas,S5168923D610006EE,Normal,Normal
370,2025-01-09 11:13:09,53,Logout,S5168923D610006EE,Normal,Normal
374,2025-01-09 12:59:46,62,Login,S69E8D3A4EB2592B9,Normal,Normal
375,2025-01-09 13:02:32,62,Lihat Perkara,S69E8D3A4EB2592B9,Normal,Normal
376,2025-01-09 13:05:21,62,Cari Berkas,S69E8D3A4EB2592B9,Normal,Normal
377,2025-01-09 13:06:29,62,Logout,S69E8D3A4EB2592B9,Normal,Normal
378,2025-01-09 13:59:54,30,Login,S8F902934A24D084D,Normal,Normal
379,2025-01-09 13:59:58,48,Login,SC90A115D64A8ADA7,Normal,Normal
380,2025-01-09 14:00:47,30,Lihat Perkara,S8F902934A24D084D,Normal,Normal
381,2025-01-09 14:01:07,30,Cari Berkas,S8F902934A24D084D,Normal,Normal
382,2025-01-09 14:01:20,30,Logout,S8F902934A24D084D,Normal,Normal
383,2025-01-09 14:02:30,48,Lihat Perkara,SC90A115D64A8ADA7,Normal,Normal
384,2025-01-09 14:03:28,48,Lihat Berkas,SC90A115D64A8ADA7,Normal,Normal
385,2025-01-09 14:04:46,48,Input Berkas,SC90A115D64A8ADA7,Normal,Normal
386,2025-01-09 14:05:42,48,Verifikasi,SC90A115D64A8ADA7,Normal,Normal
387,2025-01-09 14:07:38,48,Logout,SC90A115D64A8ADA7,device_berubah,Low
392,2025-01-09 16:34:20,60,Login,SFFAD7DF2C95995EC,Normal,Normal
393,2025-01-09 16:35:17,60,Lihat Perkara,SFFAD7DF2C95995EC,Normal,Normal
394,2025-01-09 16:35:59,60,Cari Berkas,SFFAD7DF2C95995EC,Normal,Normal
395,2025-01-09 16:36:25,60,Logout,SFFAD7DF2C95995EC,Normal,Normal
397,2025-01-10 07:06:23,28,Login,S88CCDDBC6F0D7229,Normal,Normal
398,2025-01-10 07:08:14,28,Lihat Perkara,S88CCDDBC6F0D7229,Normal,Normal
399,2025-01-10 07:08:53,28,Cari Berkas,S88CCDDBC6F0D7229,Normal,Normal
400,2025-01-10 07:09:06,28,Logout,S88CCDDBC6F0D7229,Normal,Normal
401,2025-01-10 07:12:44,55,Login,S811E6B6FDFA3C787,Normal,Normal
402,2025-01-10 07:13:01,55,Lihat Perkara,S811E6B6FDFA3C787,Normal,Normal
403,2025-01-10 07:15:32,55,Lihat Berkas,S811E6B6FDFA3C787,Normal,Normal
404,2025-01-10 07:16:58,55,Input Berkas,S811E6B6FDFA3C787,Normal,Normal
405,2025-01-10 07:17:34,55,Verifikasi,S811E6B6FDFA3C787,peminjaman_massal,High
406,2025-01-10 07:19:24,55,Logout,S811E6B6FDFA3C787,Normal,Normal
407,2025-01-10 08:32:23,80,Login,S388211E059CDA20B,Normal,Normal
408,2025-01-10 08:32:38,80,Lihat Perkara,S388211E059CDA20B,Normal,Normal
409,2025-01-10 08:33:08,80,Cari Berkas,S388211E059CDA20B,Normal,Normal
410,2025-01-10 08:33:54,80,Logout,S388211E059CDA20B,Normal,Normal
412,2025-01-10 09:29:20,61,Login,S66F38D431DF187A9,Normal,Normal
414,2025-01-10 09:31:11,61,Lihat Perkara,S66F38D431DF187A9,Normal,Normal
416,2025-01-10 09:33:56,61,Cari Berkas,S66F38D431DF187A9,Normal,Normal
417,2025-01-10 09:35:30,61,Logout,S66F38D431DF187A9,Normal,Normal
418,2025-01-10 11:05:55,65,Login,S016476445CDB6990,Normal,Normal
419,2025-01-10 11:08:32,65,Lihat Perkara,S016476445CDB6990,Normal,Normal
420,2025-01-10 11:09:47,65,Cari Berkas,S016476445CDB6990,Normal,Normal
421,2025-01-10 11:12:39,65,Logout,S016476445CDB6990,Normal,Normal
422,2025-01-10 12:13:19,56,Login,S9080810858904829,Normal,Normal
423,2025-01-10 12:16:19,56,Lihat Perkara,S9080810858904829,Normal,Normal
424,2025-01-10 12:18:10,56,Cari Berkas,S9080810858904829,Normal,Normal
425,2025-01-10 12:18:49,56,Logout,S9080810858904829,Normal,Normal
426,2025-01-10 12:32:50,52,Login,S715C8F854D529E8A,Normal,Normal
427,2025-01-10 12:35:08,52,Lihat Perkara,S715C8F854D529E8A,Normal,Normal
428,2025-01-10 12:37:30,52,Cari Berkas,S715C8F854D529E8A,Normal,Normal
429,2025-01-10 12:39:47,52,Logout,S715C8F854D529E8A,Normal,Normal
430,2025-01-10 15:29:42,51,Login,S2A35295E99FEA79B,Normal,Normal
431,2025-01-10 15:31:17,51,Lihat Perkara,S2A35295E99FEA79B,Normal,Normal
432,2025-01-10 15:33:24,51,Cari Berkas,S2A35295E99FEA79B,Normal,Normal
433,2025-01-10 15:34:51,51,Logout,S2A35295E99FEA79B,Normal,Normal
438,2025-01-11 09:32:43,43,Login,S478F8CAD0BCC9032,Normal,Normal
439,2025-01-11 09:35:27,43,Lihat Perkara,S478F8CAD0BCC9032,Normal,Normal
440,2025-01-11 09:37:28,43,Cari Berkas,S478F8CAD0BCC9032,Normal,Normal
441,2025-01-11 09:39:18,43,Logout,S478F8CAD0BCC9032,Normal,Normal
462,2025-01-11 16:37:40,20,Login,SF7102C896B7CBB92,Normal,Normal
463,2025-01-11 16:38:26,20,Lihat Perkara,SF7102C896B7CBB92,Normal,Normal
464,2025-01-11 16:40:34,20,Cari Berkas,SF7102C896B7CBB92,Normal,Normal
465,2025-01-11 16:42:48,20,Logout,SF7102C896B7CBB92,Normal,Normal
467,2025-01-12 04:39:17,50,Login,SF14EF0FE184364F5,login_luar_jam,Low
468,2025-01-12 05:32:24,52,Login,SF58F56A031116B6A,login_luar_jam,Low
469,2025-01-12 07:43:25,86,Login,SB6646199ED25459E,Normal,Normal
470,2025-01-12 07:44:38,86,Lihat Perkara,SB6646199ED25459E,aktivitas_terlalu_cepat,Medium
471,2025-01-12 07:47:03,86,Cari Berkas,SB6646199ED25459E,Normal,Normal
472,2025-01-12 07:48:31,86,Logout,SB6646199ED25459E,Normal,Normal
473,2025-01-12 08:12:31,69,Login,S4C546B59F42AD9B5,Normal,Normal
474,2025-01-12 08:14:31,69,Lihat Perkara,S4C546B59F42AD9B5,aktivitas_terlalu_cepat,Medium
475,2025-01-12 08:15:36,69,Cari Berkas,S4C546B59F42AD9B5,Normal,Normal
476,2025-01-12 08:16:20,69,Logout,S4C546B59F42AD9B5,Normal,Normal
477,2025-01-12 08:34:34,52,Lihat Perkara,SF58F56A031116B6A,Normal,Normal
478,2025-01-12 08:36:20,52,Cari Berkas,SF58F56A031116B6A,Normal,Normal
479,2025-01-12 08:37:48,52,Logout,SF58F56A031116B6A,Normal,Normal
480,2025-01-12 09:16:34,67,Login,S2F132A6D2AD55C0B,Normal,Normal
481,2025-01-12 09:17:44,67,Lihat Perkara,S2F132A6D2AD55C0B,Normal,Normal
482,2025-01-12 09:20:43,67,Cari Berkas,S2F132A6D2AD55C0B,Normal,Normal
483,2025-01-12 09:21:57,67,Logout,S2F132A6D2AD55C0B,Normal,Normal
484,2025-01-12 10:56:25,80,Login,S7BA843A3E7034C12,Normal,Normal
485,2025-01-12 10:58:11,80,Lihat Perkara,S7BA843A3E7034C12,Normal,Normal
486,2025-01-12 11:00:42,80,Cari Berkas,S7BA843A3E7034C12,Normal,Normal
487,2025-01-12 11:03:15,80,Logout,S7BA843A3E7034C12,Normal,Normal
488,2025-01-12 11:19:59,25,Login,S5F4EB06FB181BA83,Normal,Normal
489,2025-01-12 11:20:51,25,Lihat Perkara,S5F4EB06FB181BA83,Normal,Normal
490,2025-01-12 11:21:25,25,Cari Berkas,S5F4EB06FB181BA83,Normal,Normal
491,2025-01-12 11:24:07,25,Logout,S5F4EB06FB181BA83,Normal,Normal
492,2025-01-12 12:25:53,43,Login,S00E3A026D5B6DE85,Normal,Normal
493,2025-01-12 12:28:01,43,Lihat Perkara,S00E3A026D5B6DE85,Normal,Normal
494,2025-01-12 12:30:01,56,Login,S8329BD1A6CD6CEDF,Normal,Normal
495,2025-01-12 12:30:30,43,Cari Berkas,S00E3A026D5B6DE85,Normal,Normal
496,2025-01-12 12:31:21,56,Lihat Perkara,S8329BD1A6CD6CEDF,durasi_tidak_wajar,Medium
497,2025-01-12 12:32:28,43,Logout,S00E3A026D5B6DE85,Normal,Normal
498,2025-01-12 12:33:28,56,Cari Berkas,S8329BD1A6CD6CEDF,aktivitas_terlalu_cepat,Medium
499,2025-01-12 12:34:29,56,Logout,S8329BD1A6CD6CEDF,Normal,Normal
500,2025-01-12 12:41:48,50,Lihat Perkara,SF14EF0FE184364F5,Normal,Normal
501,2025-01-12 12:43:47,50,Cari Berkas,SF14EF0FE184364F5,Normal,Normal
502,2025-01-12 12:45:41,50,Logout,SF14EF0FE184364F5,Normal,Normal
506,2025-01-12 14:24:42,33,Login,S089518865B8BA6A7,Normal,Normal
507,2025-01-12 14:26:01,33,Lihat Perkara,S089518865B8BA6A7,Normal,Normal
508,2025-01-12 14:26:56,33,Cari Berkas,S089518865B8BA6A7,Normal,Normal
509,2025-01-12 14:27:43,33,Logout,S089518865B8BA6A7,Normal,Normal
510,2025-01-12 14:39:11,85,Login,SD6027E8297FE0542,Normal,Normal
511,2025-01-12 14:40:00,85,Lihat Perkara,SD6027E8297FE0542,Normal,Normal
512,2025-01-12 14:41:10,85,Lihat Berkas,SD6027E8297FE0542,Normal,Normal
513,2025-01-12 14:41:54,85,Input Berkas,SD6027E8297FE0542,Normal,Normal
514,2025-01-12 14:41:56,42,Login,S362465C10DD8063B,Normal,Normal
515,2025-01-12 14:43:15,42,Lihat Perkara,S362465C10DD8063B,Normal,Normal
516,2025-01-12 14:44:01,85,Verifikasi,SD6027E8297FE0542,Normal,Normal
517,2025-01-12 14:44:29,42,Cari Berkas,S362465C10DD8063B,Normal,Normal
518,2025-01-12 14:44:47,85,Logout,SD6027E8297FE0542,Normal,Normal
519,2025-01-12 14:47:21,42,Logout,S362465C10DD8063B,Normal,Normal
524,2025-01-13 07:31:28,41,Login,S4BCD6E4D24E11716,Normal,Normal
525,2025-01-13 07:34:24,41,Lihat Perkara,S4BCD6E4D24E11716,Normal,Normal
526,2025-01-13 07:37:18,41,Cari Berkas,S4BCD6E4D24E11716,Normal,Normal
527,2025-01-13 07:39:15,41,Logout,S4BCD6E4D24E11716,Normal,Normal
528,2025-01-13 07:51:25,30,Login,S3895C13CF262975A,Normal,Normal
529,2025-01-13 07:53:28,30,Lihat Perkara,S3895C13CF262975A,Normal,Normal
530,2025-01-13 07:55:49,30,Cari Berkas,S3895C13CF262975A,Normal,Normal
531,2025-01-13 07:58:39,30,Logout,S3895C13CF262975A,Normal,Normal
536,2025-01-13 10:45:30,38,Login,S716728EEF1758208,Normal,Normal
537,2025-01-13 10:47:18,38,Lihat Perkara,S716728EEF1758208,Normal,Normal
539,2025-01-13 10:49:53,38,Cari Berkas,S716728EEF1758208,Normal,Normal
542,2025-01-13 10:52:53,38,Logout,S716728EEF1758208,Normal,Normal
544,2025-01-13 13:09:05,55,Login,S96D7AA0116052CDA,Normal,Normal
545,2025-01-13 13:10:26,55,Lihat Perkara,S96D7AA0116052CDA,Normal,Normal
546,2025-01-13 13:11:29,55,Lihat Berkas,S96D7AA0116052CDA,Normal,Normal
547,2025-01-13 13:12:15,55,Input Berkas,S96D7AA0116052CDA,Normal,Normal
548,2025-01-13 13:14:31,55,Verifikasi,S96D7AA0116052CDA,Normal,Normal
549,2025-01-13 13:15:10,55,Logout,S96D7AA0116052CDA,Normal,Normal
550,2025-01-13 14:23:35,37,Login,SA243B9AB2B0E817C,Normal,Normal
551,2025-01-13 14:26:23,37,Lihat Perkara,SA243B9AB2B0E817C,Normal,Normal
552,2025-01-13 14:28:07,37,Cari Berkas,SA243B9AB2B0E817C,Normal,Normal
553,2025-01-13 14:29:16,37,Logout,SA243B9AB2B0E817C,Normal,Normal
554,2025-01-13 15:20:06,33,Login,S599D6919E2302224,Normal,Normal
555,2025-01-13 15:21:34,33,Lihat Perkara,S599D6919E2302224,Normal,Normal
556,2025-01-13 15:22:40,33,Cari Berkas,S599D6919E2302224,Normal,Normal
557,2025-01-13 15:25:04,33,Logout,S599D6919E2302224,Normal,Normal
563,2025-01-13 16:52:06,63,Login,S8485C7A3A4FAA3D6,Normal,Normal
564,2025-01-13 16:52:21,63,Lihat Perkara,S8485C7A3A4FAA3D6,Normal,Normal
565,2025-01-13 16:54:34,63,Cari Berkas,S8485C7A3A4FAA3D6,Normal,Normal
566,2025-01-13 16:57:14,63,Logout,S8485C7A3A4FAA3D6,Normal,Normal
567,2025-01-14 09:23:57,37,Login,SA93B12CD1C24220E,Normal,Normal
568,2025-01-14 09:24:10,37,Lihat Perkara,SA93B12CD1C24220E,Normal,Normal
569,2025-01-14 09:25:51,37,Cari Berkas,SA93B12CD1C24220E,Normal,Normal
570,2025-01-14 09:27:01,37,Logout,SA93B12CD1C24220E,Normal,Normal
571,2025-01-14 09:47:31,68,Login,S03F9C74D085D5D01,Normal,Normal
572,2025-01-14 09:49:16,68,Lihat Perkara,S03F9C74D085D5D01,Normal,Normal
573,2025-01-14 09:51:38,68,Cari Berkas,S03F9C74D085D5D01,Normal,Normal
574,2025-01-14 09:54:21,68,Logout,S03F9C74D085D5D01,device_berubah,Low
575,2025-01-14 10:34:16,8,Login,S0E2BD8C9EE662C46,Normal,Normal
576,2025-01-14 10:36:42,8,Lihat Perkara,S0E2BD8C9EE662C46,Normal,Normal
577,2025-01-14 10:39:27,8,Cari Berkas,S0E2BD8C9EE662C46,aktivitas_terlalu_cepat,Medium
578,2025-01-14 10:41:14,8,Logout,S0E2BD8C9EE662C46,Normal,Normal
579,2025-01-14 12:29:54,32,Login,S218AA7C0D447C810,Normal,Normal
580,2025-01-14 12:30:26,32,Lihat Perkara,S218AA7C0D447C810,Normal,Normal
581,2025-01-14 12:32:20,32,Cari Berkas,S218AA7C0D447C810,Normal,Normal
582,2025-01-14 12:34:28,32,Logout,S218AA7C0D447C810,Normal,Normal
583,2025-01-14 13:28:57,75,Login,S1C84A0123FA5FA7F,Normal,Normal
584,2025-01-14 13:29:53,75,Lihat Perkara,S1C84A0123FA5FA7F,Normal,Normal
585,2025-01-14 13:30:04,75,Cari Berkas,S1C84A0123FA5FA7F,peminjaman_massal,High
586,2025-01-14 13:32:37,75,Logout,S1C84A0123FA5FA7F,Normal,Normal
591,2025-01-14 15:23:23,32,Login,S42A303658E9705D1,Normal,Normal
592,2025-01-14 15:25:23,32,Lihat Perkara,S42A303658E9705D1,Normal,Normal
593,2025-01-14 15:28:18,32,Cari Berkas,S42A303658E9705D1,Normal,Normal
594,2025-01-14 15:31:18,32,Logout,S42A303658E9705D1,Normal,Normal
599,2025-01-15 09:08:09,46,Login,S82FBA3D1936F88CE,Normal,Normal
600,2025-01-15 09:09:20,46,Lihat Perkara,S82FBA3D1936F88CE,Normal,Normal
601,2025-01-15 09:11:39,46,Cari Berkas,S82FBA3D1936F88CE,Normal,Normal
602,2025-01-15 09:13:56,46,Logout,S82FBA3D1936F88CE,Normal,Normal
603,2025-01-15 09:43:55,45,Login,SF1FAC66BA6F3F7AF,Normal,Normal
604,2025-01-15 09:44:52,45,Lihat Perkara,SF1FAC66BA6F3F7AF,Normal,Normal
605,2025-01-15 09:47:16,45,Cari Berkas,SF1FAC66BA6F3F7AF,Normal,Normal
606,2025-01-15 09:49:02,45,Logout,SF1FAC66BA6F3F7AF,Normal,Normal
611,2025-01-15 11:27:25,39,Login,S0A4037EB0585D67D,ip_berubah,Low
612,2025-01-15 11:29:31,39,Lihat Perkara,S0A4037EB0585D67D,Normal,Normal
613,2025-01-15 11:31:07,39,Cari Berkas,S0A4037EB0585D67D,Normal,Normal
614,2025-01-15 11:32:19,39,Logout,S0A4037EB0585D67D,Normal,Normal
615,2025-01-15 11:47:59,82,Login,S1E8C849937D9F94A,Normal,Normal
616,2025-01-15 11:49:12,82,Lihat Perkara,S1E8C849937D9F94A,Normal,Normal
617,2025-01-15 11:51:40,82,Cari Berkas,S1E8C849937D9F94A,Normal,Normal
618,2025-01-15 11:53:00,82,Logout,S1E8C849937D9F94A,Normal,Normal
619,2025-01-15 12:16:58,67,Login,S255C82C7CADEE3EC,Normal,Normal
620,2025-01-15 12:18:15,67,Lihat Perkara,S255C82C7CADEE3EC,Normal,Normal
621,2025-01-15 12:19:25,67,Cari Berkas,S255C82C7CADEE3EC,Normal,Normal
622,2025-01-15 12:22:13,67,Logout,S255C82C7CADEE3EC,Normal,Normal
623,2025-01-15 12:44:00,28,Login,S95A5286255A70768,Normal,Normal
624,2025-01-15 12:44:40,28,Lihat Perkara,S95A5286255A70768,Normal,Normal
625,2025-01-15 12:47:12,28,Cari Berkas,S95A5286255A70768,Normal,Normal
626,2025-01-15 12:47:54,28,Logout,S95A5286255A70768,Normal,Normal
627,2025-01-15 15:41:39,75,Login,S2C3E080F26971D75,Normal,Normal
628,2025-01-15 15:42:10,75,Lihat Perkara,S2C3E080F26971D75,Normal,Normal
629,2025-01-15 15:43:00,75,Cari Berkas,S2C3E080F26971D75,Normal,Normal
630,2025-01-15 15:43:41,75,Logout,S2C3E080F26971D75,Normal,Normal
639,2025-01-15 16:04:18,71,Login,SF71C82B7D0FD6ECC,Normal,Normal
640,2025-01-15 16:04:39,71,Lihat Perkara,SF71C82B7D0FD6ECC,device_berubah,Low
641,2025-01-15 16:05:46,72,Login,S6A33CC2F5C059BCE,ip_berubah,Low
642,2025-01-15 16:06:38,71,Cari Berkas,SF71C82B7D0FD6ECC,Normal,Normal
643,2025-01-15 16:06:55,72,Lihat Perkara,S6A33CC2F5C059BCE,Normal,Normal
644,2025-01-15 16:06:59,71,Logout,SF71C82B7D0FD6ECC,Normal,Normal
645,2025-01-15 16:07:06,72,Cari Berkas,S6A33CC2F5C059BCE,Normal,Normal
646,2025-01-15 16:08:03,72,Logout,S6A33CC2F5C059BCE,Normal,Normal
647,2025-01-16 08:19:07,83,Login,S512CAA25064E97F5,Normal,Normal
648,2025-01-16 08:20:31,83,Lihat Perkara,S512CAA25064E97F5,ip_berubah,Low
649,2025-01-16 08:21:12,83,Cari Berkas,S512CAA25064E97F5,Normal,Normal
650,2025-01-16 08:23:14,83,Logout,S512CAA25064E97F5,Normal,Normal
651,2025-01-16 10:11:33,20,Login,S0C38392D4FD2F1B0,Normal,Normal
652,2025-01-16 10:12:54,20,Lihat Perkara,S0C38392D4FD2F1B0,Normal,Normal
653,2025-01-16 10:13:30,20,Cari Berkas,S0C38392D4FD2F1B0,Normal,Normal
654,2025-01-16 10:15:35,20,Logout,S0C38392D4FD2F1B0,Normal,Normal
655,2025-01-16 10:25:18,71,Login,SD8CD798CF9FF6D0B,Normal,Normal
656,2025-01-16 10:27:54,71,Lihat Perkara,SD8CD798CF9FF6D0B,Normal,Normal
657,2025-01-16 10:29:18,36,Login,S2B72D6947D41CBA8,Normal,Normal
658,2025-01-16 10:30:40,71,Cari Berkas,SD8CD798CF9FF6D0B,Normal,Normal
659,2025-01-16 10:31:50,36,Lihat Perkara,S2B72D6947D41CBA8,Normal,Normal
660,2025-01-16 10:32:27,71,Logout,SD8CD798CF9FF6D0B,Normal,Normal
661,2025-01-16 10:34:17,36,Cari Berkas,S2B72D6947D41CBA8,Normal,Normal
662,2025-01-16 10:36:04,36,Logout,S2B72D6947D41CBA8,Normal,Normal
667,2025-01-16 14:33:21,34,Login,S75AD3C06A31A25C4,Normal,Normal
668,2025-01-16 14:35:09,34,Lihat Perkara,S75AD3C06A31A25C4,Normal,Normal
669,2025-01-16 14:35:46,34,Cari Berkas,S75AD3C06A31A25C4,Normal,Normal
670,2025-01-16 14:38:19,34,Logout,S75AD3C06A31A25C4,Normal,Normal
671,2025-01-16 15:22:45,73,Login,SCEA1CB7FA303A0F4,Normal,Normal
672,2025-01-16 15:25:28,73,Lihat Perkara,SCEA1CB7FA303A0F4,Normal,Normal
673,2025-01-16 15:25:53,73,Cari Berkas,SCEA1CB7FA303A0F4,Normal,Normal
674,2025-01-16 15:28:04,73,Logout,SCEA1CB7FA303A0F4,Normal,Normal
675,2025-01-16 15:39:17,41,Login,S1B5E1BE30CFC4E02,Normal,Normal
676,2025-01-16 15:40:51,41,Lihat Perkara,S1B5E1BE30CFC4E02,Normal,Normal
677,2025-01-16 15:41:49,41,Cari Berkas,S1B5E1BE30CFC4E02,Normal,Normal
678,2025-01-16 15:43:34,41,Logout,S1B5E1BE30CFC4E02,Normal,Normal
683,2025-01-17 04:24:31,22,Login,S4A01D77E87848AB0,login_luar_jam,Low
684,2025-01-17 06:16:39,71,Login,S94CBB94E80DC4CF9,login_luar_jam,Low
686,2025-01-17 08:26:03,22,Lihat Perkara,S4A01D77E87848AB0,Normal,Normal
687,2025-01-17 08:28:15,22,Cari Berkas,S4A01D77E87848AB0,Normal,Normal
688,2025-01-17 08:31:02,22,Logout,S4A01D77E87848AB0,Normal,Normal
689,2025-01-17 09:55:51,75,Login,S8F9F3F8BD5C45F4E,Normal,Normal
690,2025-01-17 09:56:35,75,Lihat Perkara,S8F9F3F8BD5C45F4E,Normal,Normal
691,2025-01-17 09:58:56,75,Cari Berkas,S8F9F3F8BD5C45F4E,Normal,Normal
692,2025-01-17 09:59:10,75,Logout,S8F9F3F8BD5C45F4E,aktivitas_terlalu_cepat,Medium
697,2025-01-17 12:18:36,71,Lihat Perkara,S94CBB94E80DC4CF9,Normal,Normal
698,2025-01-17 12:19:40,71,Cari Berkas,S94CBB94E80DC4CF9,Normal,Normal
699,2025-01-17 12:20:47,71,Logout,S94CBB94E80DC4CF9,Normal,Normal
700,2025-01-17 12:31:59,56,Login,S9927C876D8509503,Normal,Normal
701,2025-01-17 12:33:25,56,Lihat Perkara,S9927C876D8509503,Normal,Normal
702,2025-01-17 12:33:54,56,Cari Berkas,S9927C876D8509503,Normal,Normal
703,2025-01-17 12:35:20,56,Logout,S9927C876D8509503,Normal,Normal
704,2025-01-17 12:52:16,85,Login,S48CD4A2D5D441B28,device_berubah,Low
705,2025-01-17 12:54:51,85,Lihat Perkara,S48CD4A2D5D441B28,Normal,Normal
706,2025-01-17 12:55:18,85,Lihat Berkas,S48CD4A2D5D441B28,Normal,Normal
707,2025-01-17 12:57:54,85,Input Berkas,S48CD4A2D5D441B28,Normal,Normal
708,2025-01-17 12:59:01,85,Verifikasi,S48CD4A2D5D441B28,aktivitas_terlalu_cepat,Medium
709,2025-01-17 13:00:21,85,Logout,S48CD4A2D5D441B28,Normal,Normal
713,2025-01-17 13:03:43,35,Login,S486689CDB7AD86DA,Normal,Normal
715,2025-01-17 13:06:36,35,Lihat Perkara,S486689CDB7AD86DA,Normal,Normal
716,2025-01-17 13:08:41,35,Cari Berkas,S486689CDB7AD86DA,Normal,Normal
718,2025-01-17 13:10:05,35,Logout,S486689CDB7AD86DA,Normal,Normal
728,2025-01-17 15:46:30,85,Login,SF11D044ADDED21D7,Normal,Normal
729,2025-01-17 15:48:54,85,Lihat Perkara,SF11D044ADDED21D7,Normal,Normal
730,2025-01-17 15:49:05,85,Lihat Berkas,SF11D044ADDED21D7,Normal,Normal
731,2025-01-17 15:50:50,85,Input Berkas,SF11D044ADDED21D7,Normal,Normal
732,2025-01-17 15:51:58,85,Verifikasi,SF11D044ADDED21D7,Normal,Normal
733,2025-01-17 15:54:24,85,Logout,SF11D044ADDED21D7,peminjaman_massal,High
737,2025-01-18 03:32:51,26,Login,S599A20F181DCD57C,login_luar_jam,Low
738,2025-01-18 10:36:46,78,Login,S2A1B41EDFE530A7E,Normal,Normal
739,2025-01-18 10:37:27,78,Lihat Perkara,S2A1B41EDFE530A7E,Normal,Normal
740,2025-01-18 10:38:27,78,Cari Berkas,S2A1B41EDFE530A7E,Normal,Normal
741,2025-01-18 10:40:13,78,Logout,S2A1B41EDFE530A7E,Normal,Normal
742,2025-01-18 12:09:00,56,Login,SD608E6AC9CF2F216,Normal,Normal
743,2025-01-18 12:10:32,56,Lihat Perkara,SD608E6AC9CF2F216,Normal,Normal
744,2025-01-18 12:13:06,56,Cari Berkas,SD608E6AC9CF2F216,Normal,Normal
745,2025-01-18 12:15:41,56,Logout,SD608E6AC9CF2F216,Normal,Normal
746,2025-01-18 12:52:06,63,Login,S96A0C726A886A9FC,Normal,Normal
747,2025-01-18 12:52:42,63,Lihat Perkara,S96A0C726A886A9FC,Normal,Normal
748,2025-01-18 12:55:33,63,Cari Berkas,S96A0C726A886A9FC,Normal,Normal
749,2025-01-18 12:57:14,63,Logout,S96A0C726A886A9FC,Normal,Normal
750,2025-01-18 13:05:34,81,Login,S6C9B568FF1068B87,Normal,Normal
752,2025-01-18 13:07:23,81,Lihat Perkara,S6C9B568FF1068B87,Normal,Normal
754,2025-01-18 13:09:14,81,Cari Berkas,S6C9B568FF1068B87,Normal,Normal
757,2025-01-18 13:11:42,81,Logout,S6C9B568FF1068B87,aktivitas_terlalu_cepat,Medium
768,2025-01-18 15:13:07,74,Login,S3083807316E7D97B,Normal,Normal
769,2025-01-18 15:14:00,74,Lihat Perkara,S3083807316E7D97B,Normal,Normal
770,2025-01-18 15:14:51,74,Cari Berkas,S3083807316E7D97B,Normal,Normal
771,2025-01-18 15:15:24,74,Logout,S3083807316E7D97B,Normal,Normal
772,2025-01-18 15:34:42,26,Lihat Perkara,S599A20F181DCD57C,Normal,Normal
773,2025-01-18 15:35:15,26,Cari Berkas,S599A20F181DCD57C,durasi_tidak_wajar,Medium
774,2025-01-18 15:35:37,26,Logout,S599A20F181DCD57C,Normal,Normal
775,2025-01-19 08:31:17,24,Login,S9AD8A78B48E4EC7A,Normal,Normal
776,2025-01-19 08:31:28,24,Lihat Perkara,S9AD8A78B48E4EC7A,Normal,Normal
777,2025-01-19 08:31:50,24,Cari Berkas,S9AD8A78B48E4EC7A,Normal,Normal
778,2025-01-19 08:34:32,24,Logout,S9AD8A78B48E4EC7A,Normal,Normal
779,2025-01-19 12:06:39,78,Login,S5CED83B3F7A0BE7A,Normal,Normal
780,2025-01-19 12:08:55,78,Lihat Perkara,S5CED83B3F7A0BE7A,Normal,Normal
781,2025-01-19 12:11:40,78,Cari Berkas,S5CED83B3F7A0BE7A,Normal,Normal
782,2025-01-19 12:12:43,78,Logout,S5CED83B3F7A0BE7A,Normal,Normal
787,2025-01-19 14:30:52,41,Login,S03D9F8C35C922FA4,Normal,Normal
788,2025-01-19 14:31:29,41,Lihat Perkara,S03D9F8C35C922FA4,Normal,Normal
789,2025-01-19 14:33:49,41,Cari Berkas,S03D9F8C35C922FA4,Normal,Normal
790,2025-01-19 14:35:16,41,Logout,S03D9F8C35C922FA4,Normal,Normal
795,2025-01-19 15:28:08,56,Login,S91FD788A457CA8BC,Normal,Normal
796,2025-01-19 15:30:38,56,Lihat Perkara,S91FD788A457CA8BC,Normal,Normal
797,2025-01-19 15:32:13,40,Login,S84AA6E12208A9C4F,Normal,Normal
798,2025-01-19 15:32:41,56,Cari Berkas,S91FD788A457CA8BC,Normal,Normal
799,2025-01-19 15:33:35,56,Logout,S91FD788A457CA8BC,Normal,Normal
800,2025-01-19 15:34:25,40,Lihat Perkara,S84AA6E12208A9C4F,Normal,Normal
801,2025-01-19 15:35:02,40,Cari Berkas,S84AA6E12208A9C4F,Normal,Normal
802,2025-01-19 15:35:40,40,Logout,S84AA6E12208A9C4F,Normal,Normal
803,2025-01-19 15:52:28,85,Login,S4A703330FFC03136,Normal,Normal
804,2025-01-19 15:54:20,85,Lihat Perkara,S4A703330FFC03136,Normal,Normal
805,2025-01-19 15:56:34,85,Lihat Berkas,S4A703330FFC03136,Normal,Normal
806,2025-01-19 15:58:55,85,Input Berkas,S4A703330FFC03136,Normal,Normal
807,2025-01-19 16:01:36,85,Verifikasi,S4A703330FFC03136,Normal,Normal
808,2025-01-19 16:04:22,85,Logout,S4A703330FFC03136,Normal,Normal
809,2025-01-20 00:08:40,54,Login,S734FC5394FD360EA,login_luar_jam,Low
815,2025-01-20 07:48:34,85,Login,S2C5B2EB0303DA252,Normal,Normal
816,2025-01-20 07:49:51,85,Lihat Perkara,S2C5B2EB0303DA252,Normal,Normal
817,2025-01-20 07:52:22,85,Lihat Berkas,S2C5B2EB0303DA252,Normal,Normal
818,2025-01-20 07:54:37,85,Input Berkas,S2C5B2EB0303DA252,Normal,Normal
819,2025-01-20 07:57:22,85,Verifikasi,S2C5B2EB0303DA252,Normal,Normal
820,2025-01-20 07:59:31,85,Logout,S2C5B2EB0303DA252,Normal,Normal
821,2025-01-20 08:02:08,54,Login,S73B0A0917634C169,Normal,Normal
822,2025-01-20 08:03:52,54,Lihat Perkara,S73B0A0917634C169,Normal,Normal
823,2025-01-20 08:05:15,54,Lihat Berkas,S73B0A0917634C169,Normal,Normal
824,2025-01-20 08:05:44,54,Input Berkas,S73B0A0917634C169,Normal,Normal
825,2025-01-20 08:08:39,54,Verifikasi,S73B0A0917634C169,Normal,Normal
826,2025-01-20 08:09:12,54,Logout,S73B0A0917634C169,Normal,Normal
831,2025-01-20 09:47:42,31,Login,S527E3DEA3D99BD15,Normal,Normal
832,2025-01-20 09:50:39,31,Lihat Perkara,S527E3DEA3D99BD15,Normal,Normal
833,2025-01-20 09:53:04,31,Cari Berkas,S527E3DEA3D99BD15,Normal,Normal
834,2025-01-20 09:54:13,31,Logout,S527E3DEA3D99BD15,Normal,Normal
835,2025-01-20 10:11:13,83,Login,SB91E3D6EBD1A8F4B,Normal,Normal
836,2025-01-20 10:13:09,83,Lihat Perkara,SB91E3D6EBD1A8F4B,Normal,Normal
837,2025-01-20 10:14:04,83,Cari Berkas,SB91E3D6EBD1A8F4B,Normal,Normal
838,2025-01-20 10:14:23,83,Logout,SB91E3D6EBD1A8F4B,Normal,Normal
843,2025-01-20 13:24:19,72,Login,SB8EFFABA39DD381D,Normal,Normal
844,2025-01-20 13:27:15,72,Lihat Perkara,SB8EFFABA39DD381D,Normal,Normal
845,2025-01-20 13:30:02,72,Cari Berkas,SB8EFFABA39DD381D,Normal,Normal
846,2025-01-20 13:32:14,72,Logout,SB8EFFABA39DD381D,Normal,Normal
847,2025-01-20 13:59:55,30,Login,S95C7D0C264051DD8,device_berubah,Low
848,2025-01-20 14:02:39,30,Lihat Perkara,S95C7D0C264051DD8,Normal,Normal
849,2025-01-20 14:04:26,30,Cari Berkas,S95C7D0C264051DD8,Normal,Normal
850,2025-01-20 14:06:57,30,Logout,S95C7D0C264051DD8,Normal,Normal
851,2025-01-20 15:34:07,28,Login,SDF46529061EE411A,Normal,Normal
852,2025-01-20 15:35:13,28,Lihat Perkara,SDF46529061EE411A,Normal,Normal
853,2025-01-20 15:36:14,28,Cari Berkas,SDF46529061EE411A,Normal,Normal
854,2025-01-20 15:38:21,28,Logout,SDF46529061EE411A,Normal,Normal
855,2025-01-20 16:10:22,54,Lihat Perkara,S734FC5394FD360EA,Normal,Normal
856,2025-01-20 16:12:18,54,Lihat Berkas,S734FC5394FD360EA,Normal,Normal
857,2025-01-20 16:12:28,54,Input Berkas,S734FC5394FD360EA,Normal,Normal
858,2025-01-20 16:15:04,54,Verifikasi,S734FC5394FD360EA,Normal,Normal
859,2025-01-20 16:16:24,54,Logout,S734FC5394FD360EA,Normal,Normal
860,2025-01-21 00:49:38,18,Login,SE70CF2749930300A,login_luar_jam,Low
861,2025-01-21 01:23:46,75,Login,SD2483540478D02A3,login_luar_jam,Low
862,2025-01-21 06:05:29,30,Login,S1E2D45BC8B1B35C6,login_luar_jam,Low
863,2025-01-21 07:31:05,38,Login,S983AE726D060B692,Normal,Normal
864,2025-01-21 07:31:30,38,Lihat Perkara,S983AE726D060B692,Normal,Normal
865,2025-01-21 07:33:02,38,Cari Berkas,S983AE726D060B692,Normal,Normal
866,2025-01-21 07:35:42,38,Logout,S983AE726D060B692,Normal,Normal
867,2025-01-21 08:07:36,30,Lihat Perkara,S1E2D45BC8B1B35C6,Normal,Normal
868,2025-01-21 08:08:27,30,Cari Berkas,S1E2D45BC8B1B35C6,Normal,Normal
869,2025-01-21 08:11:12,30,Logout,S1E2D45BC8B1B35C6,device_berubah,Low
870,2025-01-21 09:40:24,32,Login,S833C8F55A1298FA2,Normal,Normal
871,2025-01-21 09:40:48,32,Lihat Perkara,S833C8F55A1298FA2,Normal,Normal
872,2025-01-21 09:41:40,32,Cari Berkas,S833C8F55A1298FA2,Normal,Normal
873,2025-01-21 09:42:56,32,Logout,S833C8F55A1298FA2,Normal,Normal
882,2025-01-21 11:59:29,81,Login,S7A6506EE0576A6FD,Normal,Normal
883,2025-01-21 12:00:25,81,Lihat Perkara,S7A6506EE0576A6FD,Normal,Normal
884,2025-01-21 12:03:21,81,Cari Berkas,S7A6506EE0576A6FD,Normal,Normal
885,2025-01-21 12:04:30,81,Logout,S7A6506EE0576A6FD,Normal,Normal
886,2025-01-21 12:53:58,73,Login,S0BE3534AE1AD640C,Normal,Normal
887,2025-01-21 12:54:34,73,Lihat Perkara,S0BE3534AE1AD640C,Normal,Normal
888,2025-01-21 12:56:57,73,Cari Berkas,S0BE3534AE1AD640C,Normal,Normal
889,2025-01-21 12:59:49,73,Logout,S0BE3534AE1AD640C,Normal,Normal
890,2025-01-21 13:24:10,75,Lihat Perkara,SD2483540478D02A3,Normal,Normal
891,2025-01-21 13:25:15,75,Cari Berkas,SD2483540478D02A3,Normal,Normal
892,2025-01-21 13:25:41,75,Logout,SD2483540478D02A3,Normal,Normal
893,2025-01-21 14:48:02,80,Login,S6090103C1E8DF8AD,Normal,Normal
894,2025-01-21 14:49:23,80,Lihat Perkara,S6090103C1E8DF8AD,Normal,Normal
895,2025-01-21 14:51:55,80,Cari Berkas,S6090103C1E8DF8AD,Normal,Normal
896,2025-01-21 14:53:12,80,Logout,S6090103C1E8DF8AD,Normal,Normal
897,2025-01-21 14:59:28,56,Login,S8E870678439809A1,Normal,Normal
898,2025-01-21 14:59:41,56,Lihat Perkara,S8E870678439809A1,Normal,Normal
899,2025-01-21 15:01:05,56,Cari Berkas,S8E870678439809A1,Normal,Normal
900,2025-01-21 15:03:10,56,Logout,S8E870678439809A1,ip_berubah,Low
901,2025-01-21 15:05:32,54,Login,SC68748F7F80FD08D,Normal,Normal
902,2025-01-21 15:08:17,54,Lihat Perkara,SC68748F7F80FD08D,Normal,Normal
903,2025-01-21 15:10:31,54,Lihat Berkas,SC68748F7F80FD08D,Normal,Normal
904,2025-01-21 15:11:21,54,Input Berkas,SC68748F7F80FD08D,Normal,Normal
905,2025-01-21 15:14:00,54,Verifikasi,SC68748F7F80FD08D,Normal,Normal
906,2025-01-21 15:15:55,54,Logout,SC68748F7F80FD08D,Normal,Normal
907,2025-01-21 15:34:04,68,Login,S0B5246F3FAED5777,Normal,Normal
908,2025-01-21 15:36:23,68,Lihat Perkara,S0B5246F3FAED5777,Normal,Normal
909,2025-01-21 15:36:41,68,Cari Berkas,S0B5246F3FAED5777,Normal,Normal
910,2025-01-21 15:38:39,68,Logout,S0B5246F3FAED5777,Normal,Normal
915,2025-01-21 16:28:55,55,Login,SC976EC61A4C31AF7,Normal,Normal
916,2025-01-21 16:30:51,55,Lihat Perkara,SC976EC61A4C31AF7,Normal,Normal
917,2025-01-21 16:33:46,55,Lihat Berkas,SC976EC61A4C31AF7,Normal,Normal
918,2025-01-21 16:35:09,55,Input Berkas,SC976EC61A4C31AF7,Normal,Normal
919,2025-01-21 16:35:25,55,Verifikasi,SC976EC61A4C31AF7,aktivitas_terlalu_cepat,Medium
920,2025-01-21 16:36:33,55,Logout,SC976EC61A4C31AF7,Normal,Normal
921,2025-01-21 16:52:05,18,Lihat Perkara,SE70CF2749930300A,Normal,Normal
922,2025-01-21 16:53:04,18,Cari Berkas,SE70CF2749930300A,Normal,Normal
923,2025-01-21 16:53:15,18,Logout,SE70CF2749930300A,Normal,Normal
925,2025-01-22 01:38:27,64,Login,S3F3753AFF65A5AA3,login_luar_jam,Low
926,2025-01-22 02:07:14,24,Login,S5DF323F54CDA219D,login_luar_jam,Low
927,2025-01-22 04:08:21,52,Login,S355D371516D586C1,login_luar_jam,Low
928,2025-01-22 04:32:31,28,Login,S7A1B2BB4E432F23E,login_luar_jam,Low
929,2025-01-22 06:56:28,24,Login,SDC9C96DE65A674C2,login_luar_jam,Low
930,2025-01-22 07:48:10,49,Login,S41E92128963F6473,Normal,Normal
931,2025-01-22 07:50:47,49,Lihat Perkara,S41E92128963F6473,Normal,Normal
932,2025-01-22 07:51:41,49,Cari Berkas,S41E92128963F6473,Normal,Normal
933,2025-01-22 07:53:38,49,Logout,S41E92128963F6473,Normal,Normal
934,2025-01-22 08:30:39,75,Login,SA9D0716A05C62FFA,ip_berubah,Low
935,2025-01-22 08:32:04,75,Lihat Perkara,SA9D0716A05C62FFA,Normal,Normal
936,2025-01-22 08:35:01,75,Cari Berkas,SA9D0716A05C62FFA,Normal,Normal
937,2025-01-22 08:36:21,75,Logout,SA9D0716A05C62FFA,Normal,Normal
938,2025-01-22 09:10:19,52,Lihat Perkara,S355D371516D586C1,Normal,Normal
939,2025-01-22 09:10:41,52,Cari Berkas,S355D371516D586C1,Normal,Normal
940,2025-01-22 09:12:34,52,Logout,S355D371516D586C1,Normal,Normal
957,2025-01-22 11:07:42,24,Lihat Perkara,S5DF323F54CDA219D,Normal,Normal
958,2025-01-22 11:08:20,24,Cari Berkas,S5DF323F54CDA219D,Normal,Normal
959,2025-01-22 11:10:46,24,Logout,S5DF323F54CDA219D,Normal,Normal
960,2025-01-22 11:40:01,64,Lihat Perkara,S3F3753AFF65A5AA3,Normal,Normal
961,2025-01-22 11:42:53,64,Cari Berkas,S3F3753AFF65A5AA3,Normal,Normal
962,2025-01-22 11:43:52,64,Logout,S3F3753AFF65A5AA3,Normal,Normal
963,2025-01-22 11:49:39,35,Login,S22803AE1F6335079,Normal,Normal
964,2025-01-22 11:49:59,35,Lihat Perkara,S22803AE1F6335079,Normal,Normal
965,2025-01-22 11:52:59,35,Cari Berkas,S22803AE1F6335079,Normal,Normal
966,2025-01-22 11:53:22,35,Logout,S22803AE1F6335079,Normal,Normal
967,2025-01-22 12:44:42,20,Login,S33107475CA862225,Normal,Normal
968,2025-01-22 12:46:11,20,Lihat Perkara,S33107475CA862225,Normal,Normal
969,2025-01-22 12:48:32,20,Cari Berkas,S33107475CA862225,Normal,Normal
970,2025-01-22 12:50:23,20,Logout,S33107475CA862225,Normal,Normal
975,2025-01-22 14:51:13,84,Login,S7E1D890F7BAC9B44,Normal,Normal
976,2025-01-22 14:53:29,84,Dashboard,S7E1D890F7BAC9B44,Normal,Normal
977,2025-01-22 14:56:21,84,Kelola User,S7E1D890F7BAC9B44,Normal,Normal
978,2025-01-22 14:56:42,24,Lihat Perkara,SDC9C96DE65A674C2,Normal,Normal
979,2025-01-22 14:58:08,84,Kelola Kode Klasifikasi,S7E1D890F7BAC9B44,Normal,Normal
980,2025-01-22 14:58:49,24,Cari Berkas,SDC9C96DE65A674C2,Normal,Normal
981,2025-01-22 14:59:18,24,Logout,SDC9C96DE65A674C2,Normal,Normal
982,2025-01-22 15:00:45,84,Logout,S7E1D890F7BAC9B44,Normal,Normal
983,2025-01-22 15:34:13,28,Lihat Perkara,S7A1B2BB4E432F23E,Normal,Normal
984,2025-01-22 15:36:06,28,Cari Berkas,S7A1B2BB4E432F23E,device_berubah,Low
985,2025-01-22 15:38:34,28,Logout,S7A1B2BB4E432F23E,Normal,Normal
989,2025-01-23 00:17:11,81,Login,SDA7DB85332C8B2B1,login_luar_jam,Low
990,2025-01-23 01:01:47,39,Login,S6A52139014D6692A,login_luar_jam,Low
991,2025-01-23 05:43:52,44,Login,SDDD652A86925F2D5,login_luar_jam,Low
992,2025-01-23 07:03:02,39,Lihat Perkara,S6A52139014D6692A,ip_berubah,Low
993,2025-01-23 07:03:25,39,Cari Berkas,S6A52139014D6692A,Normal,Normal
994,2025-01-23 07:04:22,39,Logout,S6A52139014D6692A,Normal,Normal
995,2025-01-23 08:56:43,1,Login,S5D6F7FB7187CC428,Normal,Normal
996,2025-01-23 08:59:17,1,Dashboard,S5D6F7FB7187CC428,aktivitas_terlalu_cepat,Medium
997,2025-01-23 09:01:17,1,Kelola User,S5D6F7FB7187CC428,Normal,Normal
998,2025-01-23 09:03:34,1,Kelola Kode Klasifikasi,S5D6F7FB7187CC428,Normal,Normal
999,2025-01-23 09:06:19,1,Logout,S5D6F7FB7187CC428,Normal,Normal
1000,2025-01-23 10:06:39,63,Login,S616F760A8CE377D7,Normal,Normal
1001,2025-01-23 10:08:14,63,Lihat Perkara,S616F760A8CE377D7,Normal,Normal
1002,2025-01-23 10:10:48,63,Cari Berkas,S616F760A8CE377D7,Normal,Normal
1003,2025-01-23 10:13:46,63,Logout,S616F760A8CE377D7,Normal,Normal
1004,2025-01-23 10:46:01,44,Lihat Perkara,SDDD652A86925F2D5,Normal,Normal
1005,2025-01-23 10:47:56,44,Cari Berkas,SDDD652A86925F2D5,verifikasi_massal,High
1006,2025-01-23 10:50:22,44,Logout,SDDD652A86925F2D5,Normal,Normal
1008,2025-01-23 11:48:36,43,Login,S107D6E7A47B88951,Normal,Normal
1009,2025-01-23 11:48:58,43,Lihat Perkara,S107D6E7A47B88951,Normal,Normal
1011,2025-01-23 11:50:44,43,Cari Berkas,S107D6E7A47B88951,device_berubah,Low
1012,2025-01-23 11:51:31,43,Logout,S107D6E7A47B88951,Normal,Normal
1015,2025-01-23 12:14:36,8,Login,S614E73E0CE56E8A6,Normal,Normal
1016,2025-01-23 12:17:07,8,Lihat Perkara,S614E73E0CE56E8A6,Normal,Normal
1017,2025-01-23 12:17:24,8,Cari Berkas,S614E73E0CE56E8A6,Normal,Normal
1018,2025-01-23 12:18:18,8,Logout,S614E73E0CE56E8A6,Normal,Normal
1019,2025-01-23 12:26:53,39,Login,S0FD0E20D9D6CCA22,Normal,Normal
1020,2025-01-23 12:29:39,39,Lihat Perkara,S0FD0E20D9D6CCA22,Normal,Normal
1021,2025-01-23 12:31:39,39,Cari Berkas,S0FD0E20D9D6CCA22,Normal,Normal
1022,2025-01-23 12:32:47,39,Logout,S0FD0E20D9D6CCA22,aktivitas_terlalu_cepat,Medium
1023,2025-01-23 13:17:50,81,Lihat Perkara,SDA7DB85332C8B2B1,Normal,Normal
1024,2025-01-23 13:19:56,81,Cari Berkas,SDA7DB85332C8B2B1,Normal,Normal
1025,2025-01-23 13:20:37,81,Logout,SDA7DB85332C8B2B1,Normal,Normal
1026,2025-01-23 14:02:34,64,Login,S785AC5D0DF92A621,Normal,Normal
1027,2025-01-23 14:04:19,64,Lihat Perkara,S785AC5D0DF92A621,Normal,Normal
1028,2025-01-23 14:05:33,64,Cari Berkas,S785AC5D0DF92A621,Normal,Normal
1029,2025-01-23 14:05:47,64,Logout,S785AC5D0DF92A621,Normal,Normal
1031,2025-01-24 02:39:07,49,Login,S0960A59C9411BD98,login_luar_jam,Low
1032,2025-01-24 03:36:40,53,Login,SA844C2C199452B3D,login_luar_jam,Low
1033,2025-01-24 06:48:23,52,Login,S7C717ADB5F72FE57,login_luar_jam,Low
1034,2025-01-24 09:16:04,43,Login,S31C08C108C7F6489,Normal,Normal
1035,2025-01-24 09:17:30,43,Lihat Perkara,S31C08C108C7F6489,Normal,Normal
1036,2025-01-24 09:20:00,43,Cari Berkas,S31C08C108C7F6489,Normal,Normal
1037,2025-01-24 09:23:00,43,Logout,S31C08C108C7F6489,ip_berubah,Low
1042,2025-01-24 10:01:10,51,Login,SFE250F62D2BAE51D,Normal,Normal
1043,2025-01-24 10:01:55,51,Lihat Perkara,SFE250F62D2BAE51D,Normal,Normal
1044,2025-01-24 10:03:00,51,Cari Berkas,SFE250F62D2BAE51D,Normal,Normal
1045,2025-01-24 10:05:57,51,Logout,SFE250F62D2BAE51D,Normal,Normal
1046,2025-01-24 12:41:51,49,Lihat Perkara,S0960A59C9411BD98,Normal,Normal
1047,2025-01-24 12:42:15,49,Cari Berkas,S0960A59C9411BD98,Normal,Normal
1048,2025-01-24 12:43:27,49,Logout,S0960A59C9411BD98,Normal,Normal
1049,2025-01-24 12:50:24,52,Lihat Perkara,S7C717ADB5F72FE57,Normal,Normal
1050,2025-01-24 12:52:43,52,Cari Berkas,S7C717ADB5F72FE57,Normal,Normal
1051,2025-01-24 12:53:25,52,Logout,S7C717ADB5F72FE57,Normal,Normal
1055,2025-01-24 13:39:03,53,Lihat Perkara,SA844C2C199452B3D,Normal,Normal
1056,2025-01-24 13:40:29,53,Cari Berkas,SA844C2C199452B3D,Normal,Normal
1057,2025-01-24 13:43:16,53,Logout,SA844C2C199452B3D,Normal,Normal
1058,2025-01-24 14:56:07,8,Login,SB0646038E7270909,Normal,Normal
1059,2025-01-24 14:58:07,8,Lihat Perkara,SB0646038E7270909,Normal,Normal
1061,2025-01-24 14:59:56,8,Cari Berkas,SB0646038E7270909,Normal,Normal
1064,2025-01-24 15:01:54,8,Logout,SB0646038E7270909,Normal,Normal
1066,2025-01-24 16:27:15,69,Login,SF75EA48F6F747D68,Normal,Normal
1067,2025-01-24 16:27:49,69,Lihat Perkara,SF75EA48F6F747D68,Normal,Normal
1068,2025-01-24 16:28:28,69,Cari Berkas,SF75EA48F6F747D68,Normal,Normal
1069,2025-01-24 16:29:10,69,Logout,SF75EA48F6F747D68,Normal,Normal
1070,2025-01-24 16:49:01,86,Login,S9F2F173CA2E2A6D2,Normal,Normal
1071,2025-01-24 16:49:15,33,Login,S685C0862E9E02D8D,Normal,Normal
1072,2025-01-24 16:51:01,33,Lihat Perkara,S685C0862E9E02D8D,Normal,Normal
1073,2025-01-24 16:51:06,86,Lihat Perkara,S9F2F173CA2E2A6D2,Normal,Normal
1074,2025-01-24 16:52:58,86,Cari Berkas,S9F2F173CA2E2A6D2,Normal,Normal
1075,2025-01-24 16:53:44,33,Cari Berkas,S685C0862E9E02D8D,ip_berubah,Low
1076,2025-01-24 16:53:59,86,Logout,S9F2F173CA2E2A6D2,Normal,Normal
1077,2025-01-24 16:56:08,33,Logout,S685C0862E9E02D8D,Normal,Normal
1080,2025-01-25 06:43:35,84,Login,S5EF8FA9B8CFCA54B,login_luar_jam,Low
1084,2025-01-25 09:42:01,51,Login,SD8739636C50E5194,Normal,Normal
1085,2025-01-25 09:43:41,51,Lihat Perkara,SD8739636C50E5194,Normal,Normal
1086,2025-01-25 09:44:51,29,Login,S65D77FC8252AC83C,Normal,Normal
1087,2025-01-25 09:45:03,51,Cari Berkas,SD8739636C50E5194,ip_berubah,Low
1088,2025-01-25 09:45:39,29,Lihat Perkara,S65D77FC8252AC83C,Normal,Normal
1089,2025-01-25 09:46:18,29,Cari Berkas,S65D77FC8252AC83C,Normal,Normal
1090,2025-01-25 09:47:09,51,Logout,SD8739636C50E5194,Normal,Normal
1091,2025-01-25 09:47:21,29,Logout,S65D77FC8252AC83C,Normal,Normal
1092,2025-01-25 10:18:31,46,Login,SE525AEAF51E11799,Normal,Normal
1093,2025-01-25 10:18:51,46,Lihat Perkara,SE525AEAF51E11799,Normal,Normal
1094,2025-01-25 10:19:01,46,Cari Berkas,SE525AEAF51E11799,Normal,Normal
1095,2025-01-25 10:19:24,46,Logout,SE525AEAF51E11799,Normal,Normal
1096,2025-01-25 10:45:00,84,Dashboard,S5EF8FA9B8CFCA54B,Normal,Normal
1097,2025-01-25 10:45:56,84,Kelola User,S5EF8FA9B8CFCA54B,Normal,Normal
1098,2025-01-25 10:46:54,84,Kelola Kode Klasifikasi,S5EF8FA9B8CFCA54B,Normal,Normal
1099,2025-01-25 10:48:48,84,Logout,S5EF8FA9B8CFCA54B,Normal,Normal
1104,2025-01-25 12:40:17,25,Login,S0660D917C58B72CD,Normal,Normal
1105,2025-01-25 12:40:19,35,Login,S9686BD3C7C810400,durasi_tidak_wajar,Medium
1106,2025-01-25 12:41:10,35,Lihat Perkara,S9686BD3C7C810400,Normal,Normal
1107,2025-01-25 12:42:54,35,Cari Berkas,S9686BD3C7C810400,Normal,Normal
1108,2025-01-25 12:43:14,25,Lihat Perkara,S0660D917C58B72CD,Normal,Normal
1109,2025-01-25 12:43:47,35,Logout,S9686BD3C7C810400,Normal,Normal
1110,2025-01-25 12:44:05,25,Cari Berkas,S0660D917C58B72CD,Normal,Normal
1111,2025-01-25 12:44:24,25,Logout,S0660D917C58B72CD,Normal,Normal
1112,2025-01-25 12:54:27,50,Login,SC8A134AA722D8397,Normal,Normal
1113,2025-01-25 12:56:34,50,Lihat Perkara,SC8A134AA722D8397,Normal,Normal
1114,2025-01-25 12:59:26,50,Cari Berkas,SC8A134AA722D8397,Normal,Normal
1115,2025-01-25 13:00:43,50,Logout,SC8A134AA722D8397,Normal,Normal
1116,2025-01-25 13:01:09,64,Login,S66BA99458455F4EF,Normal,Normal
1117,2025-01-25 13:01:32,64,Lihat Perkara,S66BA99458455F4EF,Normal,Normal
1118,2025-01-25 13:03:22,64,Cari Berkas,S66BA99458455F4EF,ip_berubah,Low
1119,2025-01-25 13:04:32,64,Logout,S66BA99458455F4EF,Normal,Normal
1120,2025-01-25 13:46:48,38,Login,S2D14F0BEAA32E76F,peminjaman_massal,High
1121,2025-01-25 13:48:34,38,Lihat Perkara,S2D14F0BEAA32E76F,Normal,Normal
1122,2025-01-25 13:49:19,38,Cari Berkas,S2D14F0BEAA32E76F,device_berubah,Low
1123,2025-01-25 13:52:16,38,Logout,S2D14F0BEAA32E76F,Normal,Normal
1141,2025-01-26 14:13:19,64,Login,S815D136465F1C662,Normal,Normal
1142,2025-01-26 14:14:21,64,Lihat Perkara,S815D136465F1C662,Normal,Normal
1143,2025-01-26 14:17:06,64,Cari Berkas,S815D136465F1C662,Normal,Normal
1144,2025-01-26 14:19:51,64,Logout,S815D136465F1C662,Normal,Normal
1145,2025-01-26 15:59:30,55,Login,S3276AB7532B9FC56,Normal,Normal
1146,2025-01-26 16:01:47,55,Lihat Perkara,S3276AB7532B9FC56,Normal,Normal
1147,2025-01-26 16:02:08,55,Lihat Berkas,S3276AB7532B9FC56,Normal,Normal
1148,2025-01-26 16:03:28,55,Input Berkas,S3276AB7532B9FC56,Normal,Normal
1149,2025-01-26 16:05:25,55,Verifikasi,S3276AB7532B9FC56,Normal,Normal
1150,2025-01-26 16:06:05,55,Logout,S3276AB7532B9FC56,Normal,Normal
1151,2025-01-26 16:25:09,45,Login,SD7607FFEAA8B73EB,Normal,Normal
1152,2025-01-26 16:27:12,45,Lihat Perkara,SD7607FFEAA8B73EB,aktivitas_terlalu_cepat,Medium
1153,2025-01-26 16:29:26,45,Cari Berkas,SD7607FFEAA8B73EB,Normal,Normal
1154,2025-01-26 16:32:07,45,Logout,SD7607FFEAA8B73EB,Normal,Normal
1159,2025-01-27 02:19:10,42,Login,S79037F06745B08A9,login_luar_jam,Low
1161,2025-01-27 07:01:46,71,Login,S4AC436FA787C6E48,Normal,Normal
1162,2025-01-27 07:04:28,71,Lihat Perkara,S4AC436FA787C6E48,Normal,Normal
1163,2025-01-27 07:06:36,71,Cari Berkas,S4AC436FA787C6E48,aktivitas_terlalu_cepat,Medium
1164,2025-01-27 07:07:00,71,Logout,S4AC436FA787C6E48,Normal,Normal
1165,2025-01-27 08:20:00,42,Lihat Perkara,S79037F06745B08A9,Normal,Normal
1166,2025-01-27 08:21:21,42,Cari Berkas,S79037F06745B08A9,Normal,Normal
1167,2025-01-27 08:23:58,42,Logout,S79037F06745B08A9,Normal,Normal
1168,2025-01-27 08:50:58,45,Login,SC35C6B32FA631E09,Normal,Normal
1169,2025-01-27 08:51:52,45,Lihat Perkara,SC35C6B32FA631E09,Normal,Normal
1170,2025-01-27 08:52:18,45,Cari Berkas,SC35C6B32FA631E09,Normal,Normal
1171,2025-01-27 08:54:39,45,Logout,SC35C6B32FA631E09,device_berubah,Low
1172,2025-01-27 08:55:55,21,Login,S780F3182AD210D5A,Normal,Normal
1173,2025-01-27 08:58:12,21,Lihat Perkara,S780F3182AD210D5A,Normal,Normal
1174,2025-01-27 09:00:44,21,Cari Berkas,S780F3182AD210D5A,Normal,Normal
1175,2025-01-27 09:02:26,21,Logout,S780F3182AD210D5A,Normal,Normal
1176,2025-01-27 10:20:41,73,Login,S070077C1B1F94A09,Normal,Normal
1177,2025-01-27 10:23:32,73,Lihat Perkara,S070077C1B1F94A09,Normal,Normal
1178,2025-01-27 10:25:35,73,Cari Berkas,S070077C1B1F94A09,ip_berubah,Low
1179,2025-01-27 10:28:29,73,Logout,S070077C1B1F94A09,Normal,Normal
1183,2025-01-27 11:38:53,78,Login,S86787AA89B3AF389,Normal,Normal
1184,2025-01-27 11:41:08,78,Lihat Perkara,S86787AA89B3AF389,Normal,Normal
1185,2025-01-27 11:41:28,78,Cari Berkas,S86787AA89B3AF389,Normal,Normal
1186,2025-01-27 11:43:41,78,Logout,S86787AA89B3AF389,Normal,Normal
1191,2025-01-27 14:12:44,50,Login,S750056EA3657E50A,Normal,Normal
1192,2025-01-27 14:14:30,50,Lihat Perkara,S750056EA3657E50A,Normal,Normal
1193,2025-01-27 14:15:01,50,Cari Berkas,S750056EA3657E50A,Normal,Normal
1194,2025-01-27 14:17:29,50,Logout,S750056EA3657E50A,Normal,Normal
1195,2025-01-27 14:53:49,60,Login,S89AAE145F6D4F767,Normal,Normal
1196,2025-01-27 14:56:09,60,Lihat Perkara,S89AAE145F6D4F767,Normal,Normal
1197,2025-01-27 14:58:33,60,Cari Berkas,S89AAE145F6D4F767,Normal,Normal
1198,2025-01-27 14:59:28,60,Logout,S89AAE145F6D4F767,Normal,Normal
1203,2025-01-27 16:24:41,56,Login,S5E331ED848F0FCB2,Normal,Normal
1204,2025-01-27 16:27:20,56,Lihat Perkara,S5E331ED848F0FCB2,durasi_tidak_wajar,Medium
1205,2025-01-27 16:28:01,56,Cari Berkas,S5E331ED848F0FCB2,Normal,Normal
1206,2025-01-27 16:30:03,56,Logout,S5E331ED848F0FCB2,Normal,Normal
1207,2025-01-27 16:37:54,22,Login,SEA8E81315603534D,Normal,Normal
1208,2025-01-27 16:40:47,22,Lihat Perkara,SEA8E81315603534D,Normal,Normal
1209,2025-01-27 16:41:09,22,Cari Berkas,SEA8E81315603534D,Normal,Normal
1210,2025-01-27 16:42:51,22,Logout,SEA8E81315603534D,Normal,Normal
1211,2025-01-28 01:14:24,19,Login,S12C0620C1667C518,login_luar_jam,Low
1212,2025-01-28 09:01:45,72,Login,S60308E34BF68BC58,Normal,Normal
1213,2025-01-28 09:04:17,72,Lihat Perkara,S60308E34BF68BC58,Normal,Normal
1214,2025-01-28 09:06:41,72,Cari Berkas,S60308E34BF68BC58,Normal,Normal
1215,2025-01-28 09:07:49,72,Logout,S60308E34BF68BC58,Normal,Normal
1216,2025-01-28 10:15:38,19,Lihat Perkara,S12C0620C1667C518,device_berubah,Low
1217,2025-01-28 10:18:10,19,Cari Berkas,S12C0620C1667C518,Normal,Normal
1218,2025-01-28 10:18:38,19,Logout,S12C0620C1667C518,Normal,Normal
1223,2025-01-28 16:58:59,21,Login,S9BC133A2ADC44F54,Normal,Normal
1224,2025-01-28 17:00:04,21,Lihat Perkara,S9BC133A2ADC44F54,Normal,Normal
1225,2025-01-28 17:00:25,21,Cari Berkas,S9BC133A2ADC44F54,Normal,Normal
1226,2025-01-28 17:02:21,21,Logout,S9BC133A2ADC44F54,Normal,Normal
1228,2025-01-29 03:21:13,21,Login,S25F41DD62F51AC6E,login_luar_jam,Low
1229,2025-01-29 09:31:30,28,Login,S1F39F9F99CD1126B,Normal,Normal
1230,2025-01-29 09:32:31,28,Lihat Perkara,S1F39F9F99CD1126B,Normal,Normal
1231,2025-01-29 09:33:01,28,Cari Berkas,S1F39F9F99CD1126B,Normal,Normal
1232,2025-01-29 09:33:58,28,Logout,S1F39F9F99CD1126B,Normal,Normal
1241,2025-01-29 13:21:32,21,Lihat Perkara,S25F41DD62F51AC6E,Normal,Normal
1242,2025-01-29 13:22:19,21,Cari Berkas,S25F41DD62F51AC6E,aktivitas_terlalu_cepat,Medium
1243,2025-01-29 13:22:37,21,Logout,S25F41DD62F51AC6E,Normal,Normal
1253,2025-01-29 15:43:11,63,Login,S5A0390411C86D338,Normal,Normal
1254,2025-01-29 15:43:49,63,Lihat Perkara,S5A0390411C86D338,peminjaman_massal,High
1255,2025-01-29 15:44:11,63,Cari Berkas,S5A0390411C86D338,Normal,Normal
1256,2025-01-29 15:46:11,63,Logout,S5A0390411C86D338,Normal,Normal
1257,2025-01-29 16:05:16,86,Login,S17F7420CC25F8C32,Normal,Normal
1258,2025-01-29 16:06:11,86,Lihat Perkara,S17F7420CC25F8C32,Normal,Normal
1259,2025-01-29 16:08:34,86,Cari Berkas,S17F7420CC25F8C32,verifikasi_massal,High
1260,2025-01-29 16:09:41,86,Logout,S17F7420CC25F8C32,aktivitas_terlalu_cepat,Medium
1261,2025-01-30 00:55:49,55,Login,SE3A99752ED167EC3,login_luar_jam,Low
1262,2025-01-30 07:11:22,52,Login,SFC3A156A531B49D8,Normal,Normal
1263,2025-01-30 07:13:03,52,Lihat Perkara,SFC3A156A531B49D8,peminjaman_massal,High
1264,2025-01-30 07:14:09,52,Cari Berkas,SFC3A156A531B49D8,Normal,Normal
1265,2025-01-30 07:15:30,52,Logout,SFC3A156A531B49D8,Normal,Normal
1270,2025-01-30 09:10:14,69,Login,S89A9B21C229AA147,Normal,Normal
1271,2025-01-30 09:12:56,69,Lihat Perkara,S89A9B21C229AA147,Normal,Normal
1272,2025-01-30 09:14:02,69,Cari Berkas,S89A9B21C229AA147,Normal,Normal
1273,2025-01-30 09:16:20,69,Logout,S89A9B21C229AA147,Normal,Normal
1274,2025-01-30 10:33:55,30,Login,S2E4DC7A0114C19FB,Normal,Normal
1275,2025-01-30 10:35:46,30,Lihat Perkara,S2E4DC7A0114C19FB,Normal,Normal
1276,2025-01-30 10:38:01,30,Cari Berkas,S2E4DC7A0114C19FB,Normal,Normal
1277,2025-01-30 10:38:57,30,Logout,S2E4DC7A0114C19FB,Normal,Normal
1278,2025-01-30 12:25:31,56,Login,S06F4B0EE2E740569,Normal,Normal
1279,2025-01-30 12:27:20,56,Lihat Perkara,S06F4B0EE2E740569,Normal,Normal
1280,2025-01-30 12:27:55,56,Cari Berkas,S06F4B0EE2E740569,Normal,Normal
1281,2025-01-30 12:29:26,56,Logout,S06F4B0EE2E740569,Normal,Normal
1282,2025-01-30 12:38:09,79,Login,S0721C240B29B13D4,Normal,Normal
1283,2025-01-30 12:41:09,79,Lihat Perkara,S0721C240B29B13D4,Normal,Normal
1284,2025-01-30 12:41:38,79,Cari Berkas,S0721C240B29B13D4,Normal,Normal
1285,2025-01-30 12:43:46,79,Logout,S0721C240B29B13D4,Normal,Normal
1286,2025-01-30 14:57:42,55,Lihat Perkara,SE3A99752ED167EC3,Normal,Normal
1287,2025-01-30 14:59:42,55,Lihat Berkas,SE3A99752ED167EC3,Normal,Normal
1288,2025-01-30 15:00:31,55,Input Berkas,SE3A99752ED167EC3,Normal,Normal
1289,2025-01-30 15:02:27,55,Verifikasi,SE3A99752ED167EC3,Normal,Normal
1290,2025-01-30 15:04:38,55,Logout,SE3A99752ED167EC3,Normal,Normal
1291,2025-01-30 15:08:51,30,Login,S848EFC4435AED717,Normal,Normal
1292,2025-01-30 15:09:20,30,Lihat Perkara,S848EFC4435AED717,Normal,Normal
1293,2025-01-30 15:11:53,30,Cari Berkas,S848EFC4435AED717,Normal,Normal
1294,2025-01-30 15:13:39,30,Logout,S848EFC4435AED717,Normal,Normal
1296,2025-01-31 08:07:04,54,Login,SE5ED6FCD06910FC0,Normal,Normal
1297,2025-01-31 08:09:44,54,Lihat Perkara,SE5ED6FCD06910FC0,aktivitas_terlalu_cepat,Medium
1298,2025-01-31 08:10:33,54,Lihat Berkas,SE5ED6FCD06910FC0,Normal,Normal
1299,2025-01-31 08:12:06,54,Input Berkas,SE5ED6FCD06910FC0,Normal,Normal
1300,2025-01-31 08:14:01,54,Verifikasi,SE5ED6FCD06910FC0,ip_berubah,Low
1301,2025-01-31 08:16:21,54,Logout,SE5ED6FCD06910FC0,Normal,Normal
1313,2025-01-31 12:06:29,19,Login,S91941591B134B58F,Normal,Normal
1314,2025-01-31 12:07:13,19,Lihat Perkara,S91941591B134B58F,Normal,Normal
1315,2025-01-31 12:07:51,19,Cari Berkas,S91941591B134B58F,Normal,Normal
1316,2025-01-31 12:10:00,19,Logout,S91941591B134B58F,Normal,Normal
1317,2025-01-31 13:08:42,53,Login,SC3B7347815661849,Normal,Normal
1318,2025-01-31 13:08:52,53,Lihat Perkara,SC3B7347815661849,Normal,Normal
1319,2025-01-31 13:10:52,53,Cari Berkas,SC3B7347815661849,Normal,Normal
1320,2025-01-31 13:13:15,53,Logout,SC3B7347815661849,Normal,Normal
1325,2025-02-01 00:19:20,19,Login,SF81AD6A59ED7CED4,login_luar_jam,Low
1326,2025-02-01 02:48:29,18,Login,SCD6B8D3B8B455E17,login_luar_jam,Low
1327,2025-02-01 03:59:51,21,Login,SF80CC715A86BBD8E,login_luar_jam,Low
1341,2025-02-01 09:49:39,18,Lihat Perkara,SCD6B8D3B8B455E17,Normal,Normal
1342,2025-02-01 09:52:07,18,Cari Berkas,SCD6B8D3B8B455E17,Normal,Normal
1343,2025-02-01 09:54:39,18,Logout,SCD6B8D3B8B455E17,Normal,Normal
1344,2025-02-01 11:08:01,69,Login,SBA6B295CAEC9C199,Normal,Normal
1345,2025-02-01 11:10:43,69,Lihat Perkara,SBA6B295CAEC9C199,Normal,Normal
1346,2025-02-01 11:13:10,69,Cari Berkas,SBA6B295CAEC9C199,Normal,Normal
1347,2025-02-01 11:15:42,69,Logout,SBA6B295CAEC9C199,Normal,Normal
1348,2025-02-01 11:33:35,68,Login,S107A8BCCEC20D201,Normal,Normal
1349,2025-02-01 11:34:14,68,Lihat Perkara,S107A8BCCEC20D201,Normal,Normal
1350,2025-02-01 11:34:33,68,Cari Berkas,S107A8BCCEC20D201,peminjaman_massal,High
1351,2025-02-01 11:35:01,68,Logout,S107A8BCCEC20D201,Normal,Normal
1352,2025-02-01 11:42:57,85,Login,S3A5B171CB7A4C108,Normal,Normal
1353,2025-02-01 11:44:12,85,Lihat Perkara,S3A5B171CB7A4C108,aktivitas_terlalu_cepat,Medium
1354,2025-02-01 11:44:26,85,Lihat Berkas,S3A5B171CB7A4C108,Normal,Normal
1355,2025-02-01 11:46:06,85,Input Berkas,S3A5B171CB7A4C108,Normal,Normal
1356,2025-02-01 11:48:34,85,Verifikasi,S3A5B171CB7A4C108,Normal,Normal
1357,2025-02-01 11:48:55,85,Logout,S3A5B171CB7A4C108,Normal,Normal
1358,2025-02-01 12:22:22,47,Login,SD6E1BA00257C54BC,Normal,Normal
1359,2025-02-01 12:23:24,47,Lihat Perkara,SD6E1BA00257C54BC,Normal,Normal
1360,2025-02-01 12:25:52,47,Cari Berkas,SD6E1BA00257C54BC,Normal,Normal
1361,2025-02-01 12:26:10,47,Logout,SD6E1BA00257C54BC,Normal,Normal
1362,2025-02-01 12:43:13,71,Login,SB5E9489CA331C4B0,Normal,Normal
1363,2025-02-01 12:43:47,71,Lihat Perkara,SB5E9489CA331C4B0,Normal,Normal
1364,2025-02-01 12:46:16,71,Cari Berkas,SB5E9489CA331C4B0,Normal,Normal
1365,2025-02-01 12:47:37,71,Logout,SB5E9489CA331C4B0,Normal,Normal
1366,2025-02-01 13:41:54,29,Login,SAAFE7411BEF98D60,verifikasi_massal,High
1367,2025-02-01 13:43:34,29,Lihat Perkara,SAAFE7411BEF98D60,Normal,Normal
1368,2025-02-01 13:45:29,29,Cari Berkas,SAAFE7411BEF98D60,Normal,Normal
1369,2025-02-01 13:46:24,29,Logout,SAAFE7411BEF98D60,Normal,Normal
1370,2025-02-01 14:04:04,70,Login,SFCD460BD8F0E3EA7,Normal,Normal
1371,2025-02-01 14:06:25,70,Lihat Perkara,SFCD460BD8F0E3EA7,device_berubah,Low
1372,2025-02-01 14:06:43,70,Cari Berkas,SFCD460BD8F0E3EA7,Normal,Normal
1373,2025-02-01 14:07:53,70,Logout,SFCD460BD8F0E3EA7,Normal,Normal
1374,2025-02-01 14:26:59,77,Login,SBCB00D3376889E3B,Normal,Normal
1375,2025-02-01 14:29:38,77,Lihat Perkara,SBCB00D3376889E3B,Normal,Normal
1376,2025-02-01 14:32:26,77,Cari Berkas,SBCB00D3376889E3B,Normal,Normal
1377,2025-02-01 14:33:09,77,Logout,SBCB00D3376889E3B,Normal,Normal
1378,2025-02-01 15:00:44,21,Lihat Perkara,SF80CC715A86BBD8E,Normal,Normal
1379,2025-02-01 15:01:43,21,Cari Berkas,SF80CC715A86BBD8E,Normal,Normal
1380,2025-02-01 15:02:11,21,Logout,SF80CC715A86BBD8E,Normal,Normal
1381,2025-02-01 15:12:05,79,Login,SF52D4AF2269ED4C9,Normal,Normal
1382,2025-02-01 15:12:41,79,Lihat Perkara,SF52D4AF2269ED4C9,ip_berubah,Low
1383,2025-02-01 15:14:18,79,Cari Berkas,SF52D4AF2269ED4C9,Normal,Normal
1384,2025-02-01 15:14:49,79,Logout,SF52D4AF2269ED4C9,Normal,Normal
1385,2025-02-01 15:24:19,45,Login,SCD5795EBC823BFC4,Normal,Normal
1386,2025-02-01 15:25:07,45,Lihat Perkara,SCD5795EBC823BFC4,Normal,Normal
1387,2025-02-01 15:27:30,45,Cari Berkas,SCD5795EBC823BFC4,Normal,Normal
1388,2025-02-01 15:29:05,45,Logout,SCD5795EBC823BFC4,Normal,Normal
1389,2025-02-01 16:20:54,19,Lihat Perkara,SF81AD6A59ED7CED4,Normal,Normal
1390,2025-02-01 16:22:56,19,Cari Berkas,SF81AD6A59ED7CED4,Normal,Normal
1391,2025-02-01 16:24:32,19,Logout,SF81AD6A59ED7CED4,Normal,Normal
1392,2025-02-02 09:24:46,39,Login,SD4A84169BBBBFD67,Normal,Normal
1393,2025-02-02 09:27:09,39,Lihat Perkara,SD4A84169BBBBFD67,Normal,Normal
1394,2025-02-02 09:28:36,39,Cari Berkas,SD4A84169BBBBFD67,Normal,Normal
1395,2025-02-02 09:29:01,39,Logout,SD4A84169BBBBFD67,Normal,Normal
1396,2025-02-02 11:00:55,39,Login,SAB404598AE11D3C2,durasi_tidak_wajar,Medium
1397,2025-02-02 11:01:29,39,Lihat Perkara,SAB404598AE11D3C2,device_berubah,Low
1398,2025-02-02 11:04:29,39,Cari Berkas,SAB404598AE11D3C2,Normal,Normal
1399,2025-02-02 11:05:21,39,Logout,SAB404598AE11D3C2,ip_berubah,Low
1400,2025-02-02 12:00:38,70,Login,SB572CD3D6A6E26DF,Normal,Normal
1401,2025-02-02 12:02:58,70,Lihat Perkara,SB572CD3D6A6E26DF,Normal,Normal
1402,2025-02-02 12:03:48,70,Cari Berkas,SB572CD3D6A6E26DF,Normal,Normal
1403,2025-02-02 12:05:05,70,Logout,SB572CD3D6A6E26DF,Normal,Normal
1404,2025-02-02 12:07:31,39,Login,SC26DD30C2F080FD0,Normal,Normal
1405,2025-02-02 12:10:06,39,Lihat Perkara,SC26DD30C2F080FD0,Normal,Normal
1406,2025-02-02 12:12:51,39,Cari Berkas,SC26DD30C2F080FD0,Normal,Normal
1407,2025-02-02 12:15:27,39,Logout,SC26DD30C2F080FD0,Normal,Normal
1416,2025-02-03 02:52:11,57,Login,SD8D9192E900E7426,login_luar_jam,Low
1417,2025-02-03 06:04:08,42,Login,S38583966757256F6,login_luar_jam,Low
1418,2025-02-03 07:49:40,72,Login,S3BD6916F59C074D1,Normal,Normal
1419,2025-02-03 07:51:19,72,Lihat Perkara,S3BD6916F59C074D1,Normal,Normal
1420,2025-02-03 07:53:25,65,Login,S58578862310565B6,Normal,Normal
1421,2025-02-03 07:53:34,72,Cari Berkas,S3BD6916F59C074D1,Normal,Normal
1422,2025-02-03 07:53:43,65,Lihat Perkara,S58578862310565B6,Normal,Normal
1423,2025-02-03 07:54:57,65,Cari Berkas,S58578862310565B6,Normal,Normal
1424,2025-02-03 07:55:25,72,Logout,S3BD6916F59C074D1,Normal,Normal
1425,2025-02-03 07:56:46,65,Logout,S58578862310565B6,Normal,Normal
1426,2025-02-03 09:12:28,64,Login,SBD5787DAC9A28163,Normal,Normal
1427,2025-02-03 09:15:01,64,Lihat Perkara,SBD5787DAC9A28163,Normal,Normal
1428,2025-02-03 09:17:02,64,Cari Berkas,SBD5787DAC9A28163,durasi_tidak_wajar,Medium
1429,2025-02-03 09:19:23,64,Logout,SBD5787DAC9A28163,Normal,Normal
1438,2025-02-03 11:54:25,57,Lihat Perkara,SD8D9192E900E7426,Normal,Normal
1439,2025-02-03 11:56:14,57,Cari Berkas,SD8D9192E900E7426,Normal,Normal
1440,2025-02-03 11:57:04,57,Logout,SD8D9192E900E7426,Normal,Normal
1441,2025-02-03 11:59:39,18,Login,S7ED79B91947ABBE8,Normal,Normal
1442,2025-02-03 12:02:36,18,Lihat Perkara,S7ED79B91947ABBE8,Normal,Normal
1443,2025-02-03 12:02:58,18,Cari Berkas,S7ED79B91947ABBE8,Normal,Normal
1444,2025-02-03 12:05:31,18,Logout,S7ED79B91947ABBE8,Normal,Normal
1445,2025-02-03 12:07:04,42,Lihat Perkara,S38583966757256F6,Normal,Normal
1446,2025-02-03 12:09:53,42,Cari Berkas,S38583966757256F6,Normal,Normal
1447,2025-02-03 12:11:37,42,Logout,S38583966757256F6,Normal,Normal
1448,2025-02-03 15:57:00,71,Login,S018C0313A1396D49,Normal,Normal
1449,2025-02-03 15:57:27,71,Lihat Perkara,S018C0313A1396D49,Normal,Normal
1450,2025-02-03 15:58:26,71,Cari Berkas,S018C0313A1396D49,Normal,Normal
1451,2025-02-03 15:58:49,71,Logout,S018C0313A1396D49,Normal,Normal
1460,2025-02-04 08:35:03,55,Login,SBA236C22E92A7B97,Normal,Normal
1461,2025-02-04 08:36:52,55,Lihat Perkara,SBA236C22E92A7B97,Normal,Normal
1462,2025-02-04 08:39:24,55,Lihat Berkas,SBA236C22E92A7B97,Normal,Normal
1463,2025-02-04 08:41:15,55,Input Berkas,SBA236C22E92A7B97,Normal,Normal
1464,2025-02-04 08:43:46,55,Verifikasi,SBA236C22E92A7B97,Normal,Normal
1465,2025-02-04 08:45:19,55,Logout,SBA236C22E92A7B97,Normal,Normal
1466,2025-02-04 09:17:24,86,Login,S74C1BE740FC4350E,Normal,Normal
1467,2025-02-04 09:19:15,86,Lihat Perkara,S74C1BE740FC4350E,Normal,Normal
1468,2025-02-04 09:20:49,86,Cari Berkas,S74C1BE740FC4350E,Normal,Normal
1469,2025-02-04 09:21:37,86,Logout,S74C1BE740FC4350E,Normal,Normal
1470,2025-02-04 09:36:49,35,Login,SD4F865578C99779B,Normal,Normal
1471,2025-02-04 09:39:29,35,Lihat Perkara,SD4F865578C99779B,Normal,Normal
1472,2025-02-04 09:40:09,35,Cari Berkas,SD4F865578C99779B,Normal,Normal
1473,2025-02-04 09:41:01,35,Logout,SD4F865578C99779B,Normal,Normal
1474,2025-02-04 11:16:37,21,Login,SDD41B60B9A2E3548,Normal,Normal
1475,2025-02-04 11:18:24,21,Lihat Perkara,SDD41B60B9A2E3548,Normal,Normal
1476,2025-02-04 11:19:48,21,Cari Berkas,SDD41B60B9A2E3548,Normal,Normal
1477,2025-02-04 11:20:14,21,Logout,SDD41B60B9A2E3548,Normal,Normal
1490,2025-02-04 15:41:14,70,Login,S2F63787731B77072,Normal,Normal
1491,2025-02-04 15:42:36,70,Lihat Perkara,S2F63787731B77072,Normal,Normal
1492,2025-02-04 15:45:31,70,Cari Berkas,S2F63787731B77072,Normal,Normal
1493,2025-02-04 15:45:51,70,Logout,S2F63787731B77072,Normal,Normal
1498,2025-02-05 09:36:42,84,Login,S65FF91EC71B86FAB,Normal,Normal
1499,2025-02-05 09:39:17,84,Dashboard,S65FF91EC71B86FAB,Normal,Normal
1500,2025-02-05 09:41:21,84,Kelola User,S65FF91EC71B86FAB,Normal,Normal
1501,2025-02-05 09:43:16,84,Kelola Kode Klasifikasi,S65FF91EC71B86FAB,ip_berubah,Low
1502,2025-02-05 09:45:31,84,Logout,S65FF91EC71B86FAB,ip_berubah,Low
1513,2025-02-05 11:28:27,18,Login,S70C69B42DF0FF647,Normal,Normal
1514,2025-02-05 11:31:11,18,Lihat Perkara,S70C69B42DF0FF647,Normal,Normal
1515,2025-02-05 11:33:36,18,Cari Berkas,S70C69B42DF0FF647,Normal,Normal
1516,2025-02-05 11:34:59,18,Logout,S70C69B42DF0FF647,Normal,Normal
1517,2025-02-05 13:16:01,22,Login,SB940525C42A4F2FE,Normal,Normal
1518,2025-02-05 13:17:33,22,Lihat Perkara,SB940525C42A4F2FE,Normal,Normal
1519,2025-02-05 13:18:24,22,Cari Berkas,SB940525C42A4F2FE,Normal,Normal
1520,2025-02-05 13:20:49,22,Logout,SB940525C42A4F2FE,Normal,Normal
1521,2025-02-05 14:56:13,35,Login,SA41DA45086534D3B,Normal,Normal
1522,2025-02-05 14:58:42,35,Lihat Perkara,SA41DA45086534D3B,Normal,Normal
1523,2025-02-05 14:59:51,35,Cari Berkas,SA41DA45086534D3B,Normal,Normal
1524,2025-02-05 15:01:42,35,Logout,SA41DA45086534D3B,Normal,Normal
1525,2025-02-05 16:41:51,25,Login,S7C69DEE1BB5E4BCF,Normal,Normal
1526,2025-02-05 16:42:33,25,Lihat Perkara,S7C69DEE1BB5E4BCF,Normal,Normal
1527,2025-02-05 16:43:15,25,Cari Berkas,S7C69DEE1BB5E4BCF,Normal,Normal
1528,2025-02-05 16:46:13,25,Logout,S7C69DEE1BB5E4BCF,Normal,Normal
1529,2025-02-06 07:25:01,83,Login,S21CC021139681E1D,Normal,Normal
1530,2025-02-06 07:27:57,83,Lihat Perkara,S21CC021139681E1D,Normal,Normal
1531,2025-02-06 07:28:48,83,Cari Berkas,S21CC021139681E1D,Normal,Normal
1532,2025-02-06 07:31:31,83,Logout,S21CC021139681E1D,Normal,Normal
1533,2025-02-06 07:33:04,68,Login,SB0791455DCE5D07F,Normal,Normal
1534,2025-02-06 07:35:32,68,Lihat Perkara,SB0791455DCE5D07F,Normal,Normal
1535,2025-02-06 07:36:51,68,Cari Berkas,SB0791455DCE5D07F,Normal,Normal
1536,2025-02-06 07:39:42,68,Logout,SB0791455DCE5D07F,Normal,Normal
1537,2025-02-06 11:07:11,46,Login,S59B44B98D5969658,Normal,Normal
1538,2025-02-06 11:08:31,46,Lihat Perkara,S59B44B98D5969658,Normal,Normal
1539,2025-02-06 11:09:16,46,Cari Berkas,S59B44B98D5969658,Normal,Normal
1540,2025-02-06 11:11:08,46,Logout,S59B44B98D5969658,Normal,Normal
1541,2025-02-06 11:19:36,68,Login,SC4C952D820101B24,Normal,Normal
1542,2025-02-06 11:22:05,68,Lihat Perkara,SC4C952D820101B24,Normal,Normal
1543,2025-02-06 11:22:17,68,Cari Berkas,SC4C952D820101B24,Normal,Normal
1544,2025-02-06 11:23:50,68,Logout,SC4C952D820101B24,Normal,Normal
1545,2025-02-06 12:08:48,48,Login,S696020A4F2242914,Normal,Normal
1546,2025-02-06 12:11:24,48,Lihat Perkara,S696020A4F2242914,Normal,Normal
1547,2025-02-06 12:13:28,48,Lihat Berkas,S696020A4F2242914,Normal,Normal
1548,2025-02-06 12:14:46,48,Input Berkas,S696020A4F2242914,Normal,Normal
1549,2025-02-06 12:16:16,48,Verifikasi,S696020A4F2242914,Normal,Normal
1550,2025-02-06 12:18:58,48,Logout,S696020A4F2242914,Normal,Normal
1551,2025-02-06 14:54:13,26,Login,S0FE43C25BA767B8B,ip_berubah,Low
1552,2025-02-06 14:56:29,26,Lihat Perkara,S0FE43C25BA767B8B,Normal,Normal
1553,2025-02-06 14:59:12,26,Cari Berkas,S0FE43C25BA767B8B,Normal,Normal
1554,2025-02-06 15:00:17,26,Logout,S0FE43C25BA767B8B,Normal,Normal
1560,2025-02-06 15:54:28,42,Login,S2207C6211B5D0620,Normal,Normal
1561,2025-02-06 15:56:53,42,Lihat Perkara,S2207C6211B5D0620,Normal,Normal
1562,2025-02-06 15:57:32,42,Cari Berkas,S2207C6211B5D0620,Normal,Normal
1563,2025-02-06 15:59:36,42,Logout,S2207C6211B5D0620,Normal,Normal
1564,2025-02-07 03:33:06,64,Login,S4CD235289D0E66CB,login_luar_jam,Low
1565,2025-02-07 05:16:38,59,Login,S52FE8D720B797ACF,login_luar_jam,Low
1567,2025-02-07 07:03:51,31,Login,S46738FC30D21380C,verifikasi_massal,High
1568,2025-02-07 07:05:48,31,Lihat Perkara,S46738FC30D21380C,Normal,Normal
1569,2025-02-07 07:07:12,31,Cari Berkas,S46738FC30D21380C,Normal,Normal
1570,2025-02-07 07:09:48,31,Logout,S46738FC30D21380C,Normal,Normal
1571,2025-02-07 08:28:53,71,Login,S622C47585E8346D9,Normal,Normal
1572,2025-02-07 08:31:23,71,Lihat Perkara,S622C47585E8346D9,Normal,Normal
1573,2025-02-07 08:33:57,71,Cari Berkas,S622C47585E8346D9,Normal,Normal
1574,2025-02-07 08:36:19,71,Logout,S622C47585E8346D9,Normal,Normal
1575,2025-02-07 09:34:10,64,Lihat Perkara,S4CD235289D0E66CB,Normal,Normal
1576,2025-02-07 09:35:41,64,Cari Berkas,S4CD235289D0E66CB,Normal,Normal
1577,2025-02-07 09:36:34,64,Logout,S4CD235289D0E66CB,Normal,Normal
1578,2025-02-07 10:34:32,55,Login,SA247A4F5CA3E7F3A,Normal,Normal
1579,2025-02-07 10:36:44,55,Lihat Perkara,SA247A4F5CA3E7F3A,Normal,Normal
1580,2025-02-07 10:37:23,55,Lihat Berkas,SA247A4F5CA3E7F3A,Normal,Normal
1581,2025-02-07 10:39:26,55,Input Berkas,SA247A4F5CA3E7F3A,Normal,Normal
1582,2025-02-07 10:39:57,55,Verifikasi,SA247A4F5CA3E7F3A,device_berubah,Low
1583,2025-02-07 10:42:08,55,Logout,SA247A4F5CA3E7F3A,Normal,Normal
1592,2025-02-07 14:01:59,61,Login,S49E1CD138DA00495,Normal,Normal
1593,2025-02-07 14:04:18,61,Lihat Perkara,S49E1CD138DA00495,Normal,Normal
1594,2025-02-07 14:06:23,61,Cari Berkas,S49E1CD138DA00495,Normal,Normal
1595,2025-02-07 14:08:53,61,Logout,S49E1CD138DA00495,Normal,Normal
1596,2025-02-07 14:17:00,59,Lihat Perkara,S52FE8D720B797ACF,Normal,Normal
1597,2025-02-07 14:17:42,59,Cari Berkas,S52FE8D720B797ACF,Normal,Normal
1598,2025-02-07 14:18:55,59,Logout,S52FE8D720B797ACF,Normal,Normal
1607,2025-02-08 05:58:52,70,Login,SF56943920C3A3ED8,login_luar_jam,Low
1608,2025-02-08 08:40:38,57,Login,S112E1621A266530E,Normal,Normal
1609,2025-02-08 08:41:41,68,Login,S73B5BAD5600B4B35,Normal,Normal
1610,2025-02-08 08:43:10,57,Lihat Perkara,S112E1621A266530E,Normal,Normal
1611,2025-02-08 08:43:34,68,Lihat Perkara,S73B5BAD5600B4B35,Normal,Normal
1612,2025-02-08 08:43:48,57,Cari Berkas,S112E1621A266530E,Normal,Normal
1613,2025-02-08 08:45:55,68,Cari Berkas,S73B5BAD5600B4B35,Normal,Normal
1614,2025-02-08 08:46:14,57,Logout,S112E1621A266530E,Normal,Normal
1615,2025-02-08 08:47:16,68,Logout,S73B5BAD5600B4B35,Normal,Normal
1616,2025-02-08 09:19:11,49,Login,SC533FD1E3F532270,Normal,Normal
1617,2025-02-08 09:21:20,49,Lihat Perkara,SC533FD1E3F532270,Normal,Normal
1618,2025-02-08 09:24:05,49,Cari Berkas,SC533FD1E3F532270,Normal,Normal
1619,2025-02-08 09:26:08,49,Logout,SC533FD1E3F532270,Normal,Normal
1620,2025-02-08 11:48:03,21,Login,S4DE5F4AFF27815F6,Normal,Normal
1621,2025-02-08 11:49:37,21,Lihat Perkara,S4DE5F4AFF27815F6,Normal,Normal
1622,2025-02-08 11:52:23,21,Cari Berkas,S4DE5F4AFF27815F6,Normal,Normal
1623,2025-02-08 11:54:10,21,Logout,S4DE5F4AFF27815F6,Normal,Normal
1624,2025-02-08 12:01:19,70,Lihat Perkara,SF56943920C3A3ED8,Normal,Normal
1625,2025-02-08 12:03:48,70,Cari Berkas,SF56943920C3A3ED8,Normal,Normal
1626,2025-02-08 12:05:44,70,Logout,SF56943920C3A3ED8,Normal,Normal
1627,2025-02-08 12:06:14,75,Login,S0BEB7C3445667C48,Normal,Normal
1628,2025-02-08 12:08:43,75,Lihat Perkara,S0BEB7C3445667C48,Normal,Normal
1629,2025-02-08 12:11:17,75,Cari Berkas,S0BEB7C3445667C48,Normal,Normal
1630,2025-02-08 12:14:15,75,Logout,S0BEB7C3445667C48,Normal,Normal
1635,2025-02-08 14:32:22,74,Login,S342917D737E56349,Normal,Normal
1636,2025-02-08 14:34:41,74,Lihat Perkara,S342917D737E56349,Normal,Normal
1637,2025-02-08 14:34:59,74,Cari Berkas,S342917D737E56349,Normal,Normal
1638,2025-02-08 14:36:50,74,Logout,S342917D737E56349,Normal,Normal
1644,2025-02-09 07:13:37,33,Login,S3EBB527C1438E799,Normal,Normal
1645,2025-02-09 07:16:12,33,Lihat Perkara,S3EBB527C1438E799,Normal,Normal
1646,2025-02-09 07:18:08,33,Cari Berkas,S3EBB527C1438E799,Normal,Normal
1647,2025-02-09 07:18:56,33,Logout,S3EBB527C1438E799,Normal,Normal
1648,2025-02-09 08:01:52,46,Login,S0E8FED60D007FD07,Normal,Normal
1649,2025-02-09 08:02:34,46,Lihat Perkara,S0E8FED60D007FD07,Normal,Normal
1650,2025-02-09 08:04:36,46,Cari Berkas,S0E8FED60D007FD07,Normal,Normal
1651,2025-02-09 08:05:32,46,Logout,S0E8FED60D007FD07,Normal,Normal
1652,2025-02-09 08:20:42,49,Login,S15BD18BADCAAF6A5,Normal,Normal
1653,2025-02-09 08:23:01,49,Lihat Perkara,S15BD18BADCAAF6A5,Normal,Normal
1654,2025-02-09 08:24:57,49,Cari Berkas,S15BD18BADCAAF6A5,Normal,Normal
1655,2025-02-09 08:25:12,49,Logout,S15BD18BADCAAF6A5,device_berubah,Low
1656,2025-02-09 08:59:27,51,Login,SF4E580AAF5504C52,aktivitas_terlalu_cepat,Medium
1657,2025-02-09 09:00:19,51,Lihat Perkara,SF4E580AAF5504C52,Normal,Normal
1658,2025-02-09 09:01:39,51,Cari Berkas,SF4E580AAF5504C52,Normal,Normal
1659,2025-02-09 09:02:17,51,Logout,SF4E580AAF5504C52,device_berubah,Low
1660,2025-02-09 09:06:37,20,Login,S67D5D095C38B3CB9,Normal,Normal
1661,2025-02-09 09:07:44,20,Lihat Perkara,S67D5D095C38B3CB9,Normal,Normal
1662,2025-02-09 09:10:30,20,Cari Berkas,S67D5D095C38B3CB9,Normal,Normal
1663,2025-02-09 09:10:44,20,Logout,S67D5D095C38B3CB9,Normal,Normal
1664,2025-02-09 09:44:28,81,Login,SC49ACD85E9066120,Normal,Normal
1665,2025-02-09 09:45:22,81,Lihat Perkara,SC49ACD85E9066120,Normal,Normal
1666,2025-02-09 09:46:45,81,Cari Berkas,SC49ACD85E9066120,Normal,Normal
1667,2025-02-09 09:49:03,81,Logout,SC49ACD85E9066120,Normal,Normal
1668,2025-02-09 11:19:57,78,Login,S54C7743B2401342A,Normal,Normal
1669,2025-02-09 11:21:35,78,Lihat Perkara,S54C7743B2401342A,Normal,Normal
1670,2025-02-09 11:23:06,78,Cari Berkas,S54C7743B2401342A,Normal,Normal
1671,2025-02-09 11:23:58,78,Logout,S54C7743B2401342A,Normal,Normal
1672,2025-02-09 11:27:57,19,Login,SA08A8461367FCBE0,Normal,Normal
1673,2025-02-09 11:30:29,19,Lihat Perkara,SA08A8461367FCBE0,Normal,Normal
1674,2025-02-09 11:32:41,19,Cari Berkas,SA08A8461367FCBE0,Normal,Normal
1675,2025-02-09 11:35:13,19,Logout,SA08A8461367FCBE0,Normal,Normal
1676,2025-02-09 13:03:38,57,Login,S4D20D60F3E1A09AE,Normal,Normal
1677,2025-02-09 13:04:20,57,Lihat Perkara,S4D20D60F3E1A09AE,Normal,Normal
1678,2025-02-09 13:06:40,57,Cari Berkas,S4D20D60F3E1A09AE,Normal,Normal
1679,2025-02-09 13:07:14,57,Logout,S4D20D60F3E1A09AE,Normal,Normal
1691,2025-02-09 16:21:16,52,Login,SA391FFDB8794AC7E,Normal,Normal
1692,2025-02-09 16:22:00,71,Login,S3AE0ACDB2A6524AF,Normal,Normal
1693,2025-02-09 16:22:15,52,Lihat Perkara,SA391FFDB8794AC7E,Normal,Normal
1695,2025-02-09 16:24:54,71,Lihat Perkara,S3AE0ACDB2A6524AF,Normal,Normal
1696,2025-02-09 16:25:05,52,Cari Berkas,SA391FFDB8794AC7E,Normal,Normal
1698,2025-02-09 16:26:01,52,Logout,SA391FFDB8794AC7E,Normal,Normal
1699,2025-02-09 16:26:15,71,Cari Berkas,S3AE0ACDB2A6524AF,Normal,Normal
1700,2025-02-09 16:27:19,71,Logout,S3AE0ACDB2A6524AF,Normal,Normal
1707,2025-02-10 04:53:25,47,Login,SA72427A6B8BA61B8,login_luar_jam,Low
1708,2025-02-10 05:44:00,41,Login,SFB29FF362155FBA8,login_luar_jam,Low
1709,2025-02-10 07:41:14,48,Login,S5EEF0D1E38C5EF5E,Normal,Normal
1710,2025-02-10 07:43:02,48,Lihat Perkara,S5EEF0D1E38C5EF5E,Normal,Normal
1711,2025-02-10 07:44:54,48,Lihat Berkas,S5EEF0D1E38C5EF5E,Normal,Normal
1712,2025-02-10 07:47:41,48,Input Berkas,S5EEF0D1E38C5EF5E,Normal,Normal
1713,2025-02-10 07:50:38,48,Verifikasi,S5EEF0D1E38C5EF5E,peminjaman_massal,High
1714,2025-02-10 07:53:01,48,Logout,S5EEF0D1E38C5EF5E,Normal,Normal
1719,2025-02-10 11:05:34,42,Login,S6A0D445FB7B3475C,Normal,Normal
1720,2025-02-10 11:08:10,42,Lihat Perkara,S6A0D445FB7B3475C,Normal,Normal
1721,2025-02-10 11:09:43,42,Cari Berkas,S6A0D445FB7B3475C,Normal,Normal
1722,2025-02-10 11:12:31,42,Logout,S6A0D445FB7B3475C,Normal,Normal
1723,2025-02-10 11:46:04,70,Login,S339D2C1FD5A1B5EE,Normal,Normal
1724,2025-02-10 11:48:38,70,Lihat Perkara,S339D2C1FD5A1B5EE,Normal,Normal
1725,2025-02-10 11:48:39,22,Login,S641FD4A58DDF03D0,Normal,Normal
1726,2025-02-10 11:49:37,70,Cari Berkas,S339D2C1FD5A1B5EE,Normal,Normal
1727,2025-02-10 11:50:10,70,Logout,S339D2C1FD5A1B5EE,Normal,Normal
1728,2025-02-10 11:51:26,22,Lihat Perkara,S641FD4A58DDF03D0,ip_berubah,Low
1729,2025-02-10 11:53:56,22,Cari Berkas,S641FD4A58DDF03D0,Normal,Normal
1730,2025-02-10 11:55:21,22,Logout,S641FD4A58DDF03D0,Normal,Normal
1731,2025-02-10 12:00:29,77,Login,S89ECDE94D5942BB2,Normal,Normal
1732,2025-02-10 12:02:05,77,Lihat Perkara,S89ECDE94D5942BB2,Normal,Normal
1733,2025-02-10 12:04:42,77,Cari Berkas,S89ECDE94D5942BB2,Normal,Normal
1734,2025-02-10 12:04:54,77,Logout,S89ECDE94D5942BB2,Normal,Normal
1739,2025-02-10 12:24:25,44,Login,SE9B4983E9099B032,Normal,Normal
1740,2025-02-10 12:25:06,44,Lihat Perkara,SE9B4983E9099B032,Normal,Normal
1741,2025-02-10 12:27:34,44,Cari Berkas,SE9B4983E9099B032,Normal,Normal
1742,2025-02-10 12:28:45,44,Logout,SE9B4983E9099B032,Normal,Normal
1743,2025-02-10 13:21:03,48,Login,S714F75C4F8F248A1,Normal,Normal
1744,2025-02-10 13:22:43,48,Lihat Perkara,S714F75C4F8F248A1,Normal,Normal
1745,2025-02-10 13:25:33,48,Lihat Berkas,S714F75C4F8F248A1,ip_berubah,Low
1746,2025-02-10 13:26:44,48,Input Berkas,S714F75C4F8F248A1,Normal,Normal
1747,2025-02-10 13:28:04,48,Verifikasi,S714F75C4F8F248A1,Normal,Normal
1748,2025-02-10 13:30:07,48,Logout,S714F75C4F8F248A1,Normal,Normal
1749,2025-02-10 13:30:47,70,Login,SDFFF1AA02FBBBF51,Normal,Normal
1750,2025-02-10 13:32:59,70,Lihat Perkara,SDFFF1AA02FBBBF51,Normal,Normal
1751,2025-02-10 13:35:14,70,Cari Berkas,SDFFF1AA02FBBBF51,Normal,Normal
1752,2025-02-10 13:36:41,70,Logout,SDFFF1AA02FBBBF51,Normal,Normal
1753,2025-02-10 13:43:59,49,Login,SCC9BD99240C8A03D,Normal,Normal
1754,2025-02-10 13:46:01,49,Lihat Perkara,SCC9BD99240C8A03D,Normal,Normal
1755,2025-02-10 13:46:56,49,Cari Berkas,SCC9BD99240C8A03D,Normal,Normal
1756,2025-02-10 13:49:25,49,Logout,SCC9BD99240C8A03D,Normal,Normal
1757,2025-02-10 14:44:38,41,Lihat Perkara,SFB29FF362155FBA8,Normal,Normal
1758,2025-02-10 14:45:07,41,Cari Berkas,SFB29FF362155FBA8,Normal,Normal
1759,2025-02-10 14:45:21,41,Logout,SFB29FF362155FBA8,Normal,Normal
1760,2025-02-10 14:54:04,47,Lihat Perkara,SA72427A6B8BA61B8,Normal,Normal
1761,2025-02-10 14:55:03,47,Cari Berkas,SA72427A6B8BA61B8,Normal,Normal
1762,2025-02-10 14:57:39,47,Logout,SA72427A6B8BA61B8,Normal,Normal
1767,2025-02-11 01:38:43,23,Login,S20EFD02297ECEC56,login_luar_jam,Low
1768,2025-02-11 02:22:58,22,Login,S82010C62F5F59B22,login_luar_jam,Low
1769,2025-02-11 08:40:56,51,Login,S2CF9B230676F7928,Normal,Normal
1770,2025-02-11 08:42:44,51,Lihat Perkara,S2CF9B230676F7928,Normal,Normal
1771,2025-02-11 08:44:49,51,Cari Berkas,S2CF9B230676F7928,Normal,Normal
1772,2025-02-11 08:45:01,51,Logout,S2CF9B230676F7928,Normal,Normal
1773,2025-02-11 08:54:44,76,Login,S8E07D8FC83B1C1EC,Normal,Normal
1774,2025-02-11 08:56:42,76,Lihat Perkara,S8E07D8FC83B1C1EC,Normal,Normal
1775,2025-02-11 08:57:11,76,Cari Berkas,S8E07D8FC83B1C1EC,Normal,Normal
1776,2025-02-11 08:58:57,76,Logout,S8E07D8FC83B1C1EC,Normal,Normal
1777,2025-02-11 09:41:37,23,Lihat Perkara,S20EFD02297ECEC56,Normal,Normal
1778,2025-02-11 09:43:36,23,Cari Berkas,S20EFD02297ECEC56,Normal,Normal
1779,2025-02-11 09:46:11,23,Logout,S20EFD02297ECEC56,Normal,Normal
1780,2025-02-11 10:23:25,22,Lihat Perkara,S82010C62F5F59B22,Normal,Normal
1781,2025-02-11 10:26:07,22,Cari Berkas,S82010C62F5F59B22,Normal,Normal
1782,2025-02-11 10:26:34,22,Logout,S82010C62F5F59B22,Normal,Normal
1787,2025-02-11 15:19:20,78,Login,S038F1C516EB30CE2,peminjaman_massal,High
1788,2025-02-11 15:20:59,78,Lihat Perkara,S038F1C516EB30CE2,Normal,Normal
1789,2025-02-11 15:21:37,78,Cari Berkas,S038F1C516EB30CE2,Normal,Normal
1790,2025-02-11 15:24:04,78,Logout,S038F1C516EB30CE2,Normal,Normal
1804,2025-02-12 08:49:17,76,Login,S57E8A949D483CB09,Normal,Normal
1805,2025-02-12 08:52:02,76,Lihat Perkara,S57E8A949D483CB09,Normal,Normal
1806,2025-02-12 08:54:21,76,Cari Berkas,S57E8A949D483CB09,Normal,Normal
1807,2025-02-12 08:54:47,76,Logout,S57E8A949D483CB09,Normal,Normal
1812,2025-02-12 11:28:01,47,Login,S1790834B8B3236D6,Normal,Normal
1813,2025-02-12 11:30:52,47,Lihat Perkara,S1790834B8B3236D6,Normal,Normal
1814,2025-02-12 11:31:26,47,Cari Berkas,S1790834B8B3236D6,Normal,Normal
1815,2025-02-12 11:33:32,47,Logout,S1790834B8B3236D6,Normal,Normal
1816,2025-02-12 11:49:30,63,Login,SF198E627F0152751,Normal,Normal
1817,2025-02-12 11:50:44,63,Lihat Perkara,SF198E627F0152751,Normal,Normal
1818,2025-02-12 11:52:48,63,Cari Berkas,SF198E627F0152751,Normal,Normal
1819,2025-02-12 11:53:20,63,Logout,SF198E627F0152751,Normal,Normal
1820,2025-02-12 13:03:00,26,Login,S3FDC848E32571E92,Normal,Normal
1821,2025-02-12 13:05:54,26,Lihat Perkara,S3FDC848E32571E92,Normal,Normal
1822,2025-02-12 13:07:35,26,Cari Berkas,S3FDC848E32571E92,Normal,Normal
1823,2025-02-12 13:09:17,26,Logout,S3FDC848E32571E92,Normal,Normal
1824,2025-02-12 14:51:17,69,Login,S3BEA22DB922E5CC6,Normal,Normal
1825,2025-02-12 14:52:28,69,Lihat Perkara,S3BEA22DB922E5CC6,Normal,Normal
1826,2025-02-12 14:52:43,69,Cari Berkas,S3BEA22DB922E5CC6,Normal,Normal
1827,2025-02-12 14:53:53,69,Logout,S3BEA22DB922E5CC6,Normal,Normal
1829,2025-02-12 15:05:27,33,Login,S1CA931D9E5BF1379,Normal,Normal
1830,2025-02-12 15:05:42,33,Lihat Perkara,S1CA931D9E5BF1379,Normal,Normal
1831,2025-02-12 15:05:51,1,Login,SD6270F6F7D7D2F7C,Normal,Normal
1833,2025-02-12 15:07:04,1,Dashboard,SD6270F6F7D7D2F7C,Normal,Normal
1834,2025-02-12 15:08:09,33,Cari Berkas,S1CA931D9E5BF1379,Normal,Normal
1836,2025-02-12 15:10:04,1,Kelola User,SD6270F6F7D7D2F7C,Normal,Normal
1837,2025-02-12 15:10:27,33,Logout,S1CA931D9E5BF1379,Normal,Normal
1838,2025-02-12 15:11:22,77,Login,S4444A6BD4819A23A,Normal,Normal
1839,2025-02-12 15:11:29,1,Kelola Kode Klasifikasi,SD6270F6F7D7D2F7C,Normal,Normal
1840,2025-02-12 15:11:53,77,Lihat Perkara,S4444A6BD4819A23A,Normal,Normal
1841,2025-02-12 15:12:37,1,Logout,SD6270F6F7D7D2F7C,Normal,Normal
1842,2025-02-12 15:14:53,77,Cari Berkas,S4444A6BD4819A23A,Normal,Normal
1843,2025-02-12 15:16:24,77,Logout,S4444A6BD4819A23A,Normal,Normal
1845,2025-02-13 07:47:20,61,Login,SECB948F7EC5EAC70,Normal,Normal
1846,2025-02-13 07:50:04,61,Lihat Perkara,SECB948F7EC5EAC70,Normal,Normal
1847,2025-02-13 07:50:52,61,Cari Berkas,SECB948F7EC5EAC70,Normal,Normal
1848,2025-02-13 07:51:47,61,Logout,SECB948F7EC5EAC70,Normal,Normal
1856,2025-02-13 10:13:40,48,Login,SC336250AA1E56A67,Normal,Normal
1857,2025-02-13 10:13:50,48,Lihat Perkara,SC336250AA1E56A67,Normal,Normal
1858,2025-02-13 10:14:43,48,Lihat Berkas,SC336250AA1E56A67,Normal,Normal
1859,2025-02-13 10:15:35,48,Input Berkas,SC336250AA1E56A67,Normal,Normal
1860,2025-02-13 10:16:59,48,Verifikasi,SC336250AA1E56A67,Normal,Normal
1861,2025-02-13 10:19:51,48,Logout,SC336250AA1E56A67,Normal,Normal
1862,2025-02-13 11:03:15,75,Login,S89E73823FBBF9DF8,Normal,Normal
1863,2025-02-13 11:03:55,75,Lihat Perkara,S89E73823FBBF9DF8,Normal,Normal
1864,2025-02-13 11:06:52,75,Cari Berkas,S89E73823FBBF9DF8,verifikasi_massal,High
1865,2025-02-13 11:09:38,75,Logout,S89E73823FBBF9DF8,Normal,Normal
1866,2025-02-13 11:16:11,63,Login,S79455B37EEB23EE8,Normal,Normal
1867,2025-02-13 11:18:36,63,Lihat Perkara,S79455B37EEB23EE8,Normal,Normal
1868,2025-02-13 11:20:52,63,Cari Berkas,S79455B37EEB23EE8,Normal,Normal
1869,2025-02-13 11:21:52,63,Logout,S79455B37EEB23EE8,Normal,Normal
1870,2025-02-13 11:45:50,25,Login,S9A9B2C8393A93906,Normal,Normal
1871,2025-02-13 11:48:22,25,Lihat Perkara,S9A9B2C8393A93906,Normal,Normal
1872,2025-02-13 11:48:37,25,Cari Berkas,S9A9B2C8393A93906,Normal,Normal
1873,2025-02-13 11:51:00,25,Logout,S9A9B2C8393A93906,Normal,Normal
1878,2025-02-13 14:25:52,46,Login,SB9D36E5E6663B1FD,Normal,Normal
1879,2025-02-13 14:27:32,46,Lihat Perkara,SB9D36E5E6663B1FD,ip_berubah,Low
1880,2025-02-13 14:29:34,46,Cari Berkas,SB9D36E5E6663B1FD,Normal,Normal
1881,2025-02-13 14:31:29,46,Logout,SB9D36E5E6663B1FD,Normal,Normal
1882,2025-02-13 15:10:17,1,Login,S79B11C371055A10D,Normal,Normal
1883,2025-02-13 15:10:57,1,Dashboard,S79B11C371055A10D,peminjaman_massal,High
1884,2025-02-13 15:13:41,1,Kelola User,S79B11C371055A10D,Normal,Normal
1885,2025-02-13 15:16:20,1,Kelola Kode Klasifikasi,S79B11C371055A10D,Normal,Normal
1886,2025-02-13 15:17:45,1,Logout,S79B11C371055A10D,Normal,Normal
1887,2025-02-13 16:16:59,85,Login,S2CDF8E10095256F8,verifikasi_massal,High
1888,2025-02-13 16:17:25,46,Login,SF1830345A4229F14,Normal,Normal
1889,2025-02-13 16:17:47,46,Lihat Perkara,SF1830345A4229F14,Normal,Normal
1890,2025-02-13 16:19:31,85,Lihat Perkara,S2CDF8E10095256F8,Normal,Normal
1891,2025-02-13 16:20:00,46,Cari Berkas,SF1830345A4229F14,Normal,Normal
1892,2025-02-13 16:21:20,46,Logout,SF1830345A4229F14,Normal,Normal
1893,2025-02-13 16:22:17,85,Lihat Berkas,S2CDF8E10095256F8,Normal,Normal
1894,2025-02-13 16:23:24,85,Input Berkas,S2CDF8E10095256F8,Normal,Normal
1895,2025-02-13 16:23:39,85,Verifikasi,S2CDF8E10095256F8,Normal,Normal
1896,2025-02-13 16:25:27,85,Logout,S2CDF8E10095256F8,Normal,Normal
1903,2025-02-14 03:48:30,82,Login,SA41D3B6EE318F2BA,login_luar_jam,Low
1912,2025-02-14 11:10:43,56,Login,SCCCCEF956AC64603,ip_berubah,Low
1913,2025-02-14 11:13:43,56,Lihat Perkara,SCCCCEF956AC64603,Normal,Normal
1914,2025-02-14 11:15:09,56,Cari Berkas,SCCCCEF956AC64603,Normal,Normal
1915,2025-02-14 11:16:28,56,Logout,SCCCCEF956AC64603,verifikasi_massal,High
1916,2025-02-14 12:14:22,55,Login,SAAFF43D07642FAA5,Normal,Normal
1917,2025-02-14 12:15:18,55,Lihat Perkara,SAAFF43D07642FAA5,Normal,Normal
1918,2025-02-14 12:15:49,55,Lihat Berkas,SAAFF43D07642FAA5,Normal,Normal
1919,2025-02-14 12:16:21,55,Input Berkas,SAAFF43D07642FAA5,Normal,Normal
1920,2025-02-14 12:18:18,55,Verifikasi,SAAFF43D07642FAA5,Normal,Normal
1921,2025-02-14 12:19:15,55,Logout,SAAFF43D07642FAA5,Normal,Normal
1922,2025-02-14 13:11:08,37,Login,S563F393B1FD4322E,Normal,Normal
1923,2025-02-14 13:13:07,37,Lihat Perkara,S563F393B1FD4322E,Normal,Normal
1924,2025-02-14 13:15:45,37,Cari Berkas,S563F393B1FD4322E,Normal,Normal
1925,2025-02-14 13:17:14,37,Logout,S563F393B1FD4322E,Normal,Normal
1932,2025-02-14 14:49:48,82,Lihat Perkara,SA41D3B6EE318F2BA,Normal,Normal
1933,2025-02-14 14:50:00,82,Cari Berkas,SA41D3B6EE318F2BA,Normal,Normal
1934,2025-02-14 14:52:49,82,Logout,SA41D3B6EE318F2BA,Normal,Normal
1935,2025-02-14 14:59:34,59,Login,SD1151FFFDCB91D5F,Normal,Normal
1936,2025-02-14 15:00:14,59,Lihat Perkara,SD1151FFFDCB91D5F,peminjaman_massal,High
1937,2025-02-14 15:01:24,59,Cari Berkas,SD1151FFFDCB91D5F,Normal,Normal
1938,2025-02-14 15:02:27,59,Logout,SD1151FFFDCB91D5F,Normal,Normal
1939,2025-02-14 15:17:43,72,Login,SB972FF40A35DE603,Normal,Normal
1940,2025-02-14 15:18:32,72,Lihat Perkara,SB972FF40A35DE603,device_berubah,Low
1941,2025-02-14 15:20:21,72,Cari Berkas,SB972FF40A35DE603,Normal,Normal
1942,2025-02-14 15:22:14,72,Logout,SB972FF40A35DE603,Normal,Normal
1943,2025-02-14 15:44:26,25,Login,S5735025FB562A923,Normal,Normal
1944,2025-02-14 15:46:02,25,Lihat Perkara,S5735025FB562A923,Normal,Normal
1945,2025-02-14 15:46:17,25,Cari Berkas,S5735025FB562A923,Normal,Normal
1946,2025-02-14 15:48:32,25,Logout,S5735025FB562A923,Normal,Normal
1953,2025-02-15 02:12:16,63,Login,S6FCD43F9F81DF0C5,login_luar_jam,Low
1954,2025-02-15 04:55:15,41,Login,S4EBD982364FFF7A6,login_luar_jam,Low
1955,2025-02-15 05:27:51,81,Login,S9C2D9672E3D1803C,login_luar_jam,Low
1956,2025-02-15 08:56:50,78,Login,S9B75D7E3997E5C7B,Normal,Normal
1957,2025-02-15 08:57:48,78,Lihat Perkara,S9B75D7E3997E5C7B,Normal,Normal
1958,2025-02-15 08:59:21,54,Login,S695F34FFBBE30FD2,Normal,Normal
1959,2025-02-15 08:59:52,78,Cari Berkas,S9B75D7E3997E5C7B,Normal,Normal
1960,2025-02-15 09:02:13,54,Lihat Perkara,S695F34FFBBE30FD2,Normal,Normal
1961,2025-02-15 09:02:33,78,Logout,S9B75D7E3997E5C7B,Normal,Normal
1962,2025-02-15 09:04:49,54,Lihat Berkas,S695F34FFBBE30FD2,Normal,Normal
1963,2025-02-15 09:06:27,54,Input Berkas,S695F34FFBBE30FD2,Normal,Normal
1964,2025-02-15 09:07:13,54,Verifikasi,S695F34FFBBE30FD2,Normal,Normal
1965,2025-02-15 09:08:31,54,Logout,S695F34FFBBE30FD2,Normal,Normal
1966,2025-02-15 09:53:21,55,Login,S2385C2218C8CBDD5,Normal,Normal
1967,2025-02-15 09:55:09,55,Lihat Perkara,S2385C2218C8CBDD5,Normal,Normal
1968,2025-02-15 09:56:05,55,Lihat Berkas,S2385C2218C8CBDD5,Normal,Normal
1969,2025-02-15 09:58:01,55,Input Berkas,S2385C2218C8CBDD5,ip_berubah,Low
1970,2025-02-15 09:59:17,55,Verifikasi,S2385C2218C8CBDD5,verifikasi_massal,High
1971,2025-02-15 10:00:22,55,Logout,S2385C2218C8CBDD5,Normal,Normal
1972,2025-02-15 10:24:08,60,Login,SE4F96C657DF37D45,Normal,Normal
1973,2025-02-15 10:24:45,60,Lihat Perkara,SE4F96C657DF37D45,Normal,Normal
1974,2025-02-15 10:26:07,60,Cari Berkas,SE4F96C657DF37D45,Normal,Normal
1975,2025-02-15 10:28:43,60,Logout,SE4F96C657DF37D45,Normal,Normal
1976,2025-02-15 11:15:11,63,Lihat Perkara,S6FCD43F9F81DF0C5,Normal,Normal
1977,2025-02-15 11:16:33,63,Cari Berkas,S6FCD43F9F81DF0C5,Normal,Normal
1978,2025-02-15 11:16:47,63,Logout,S6FCD43F9F81DF0C5,Normal,Normal
1979,2025-02-15 11:18:10,42,Login,S7CD050B5BC71BBA1,Normal,Normal
1980,2025-02-15 11:20:12,42,Lihat Perkara,S7CD050B5BC71BBA1,Normal,Normal
1981,2025-02-15 11:22:53,42,Cari Berkas,S7CD050B5BC71BBA1,Normal,Normal
1983,2025-02-15 11:25:33,42,Logout,S7CD050B5BC71BBA1,Normal,Normal
1987,2025-02-15 11:30:01,81,Lihat Perkara,S9C2D9672E3D1803C,Normal,Normal
1988,2025-02-15 11:32:52,81,Cari Berkas,S9C2D9672E3D1803C,Normal,Normal
1989,2025-02-15 11:35:51,81,Logout,S9C2D9672E3D1803C,Normal,Normal
1990,2025-02-15 12:56:40,41,Lihat Perkara,S4EBD982364FFF7A6,Normal,Normal
1991,2025-02-15 12:58:46,41,Cari Berkas,S4EBD982364FFF7A6,Normal,Normal
1992,2025-02-15 12:59:23,41,Logout,S4EBD982364FFF7A6,Normal,Normal
1997,2025-02-16 09:29:08,32,Login,S4E3698A4994A04CE,Normal,Normal
1998,2025-02-16 09:31:27,32,Lihat Perkara,S4E3698A4994A04CE,Normal,Normal
1999,2025-02-16 09:33:04,32,Cari Berkas,S4E3698A4994A04CE,Normal,Normal
2000,2025-02-16 09:34:16,32,Logout,S4E3698A4994A04CE,Normal,Normal
2001,2025-02-16 09:52:18,85,Login,S009A912FCE9B05F6,Normal,Normal
2002,2025-02-16 09:53:08,85,Lihat Perkara,S009A912FCE9B05F6,ip_berubah,Low
2003,2025-02-16 09:53:25,85,Lihat Berkas,S009A912FCE9B05F6,Normal,Normal
2004,2025-02-16 09:53:54,85,Input Berkas,S009A912FCE9B05F6,Normal,Normal
2005,2025-02-16 09:55:42,85,Verifikasi,S009A912FCE9B05F6,Normal,Normal
2006,2025-02-16 09:56:47,85,Logout,S009A912FCE9B05F6,Normal,Normal
2013,2025-02-16 12:32:42,86,Login,S000B1F5E8C91BD13,Normal,Normal
2014,2025-02-16 12:35:02,86,Lihat Perkara,S000B1F5E8C91BD13,Normal,Normal
2015,2025-02-16 12:37:35,86,Cari Berkas,S000B1F5E8C91BD13,Normal,Normal
2016,2025-02-16 12:38:37,86,Logout,S000B1F5E8C91BD13,Normal,Normal
2017,2025-02-16 13:54:20,27,Login,S00F7C7E28D5D0674,Normal,Normal
2018,2025-02-16 13:56:57,27,Lihat Perkara,S00F7C7E28D5D0674,device_berubah,Low
2019,2025-02-16 13:59:50,27,Cari Berkas,S00F7C7E28D5D0674,Normal,Normal
2020,2025-02-16 14:01:30,27,Logout,S00F7C7E28D5D0674,Normal,Normal
2021,2025-02-16 14:13:23,74,Login,S82AA5C4680499BBF,Normal,Normal
2022,2025-02-16 14:15:06,74,Lihat Perkara,S82AA5C4680499BBF,Normal,Normal
2023,2025-02-16 14:17:24,74,Cari Berkas,S82AA5C4680499BBF,Normal,Normal
2024,2025-02-16 14:17:36,74,Logout,S82AA5C4680499BBF,Normal,Normal
2025,2025-02-16 15:21:51,75,Login,SCB2CF47226CCB2E7,Normal,Normal
2026,2025-02-16 15:22:31,75,Lihat Perkara,SCB2CF47226CCB2E7,Normal,Normal
2027,2025-02-16 15:23:24,75,Cari Berkas,SCB2CF47226CCB2E7,Normal,Normal
2028,2025-02-16 15:24:48,75,Logout,SCB2CF47226CCB2E7,Normal,Normal
2029,2025-02-16 15:31:59,82,Login,SE4BDE475EC5EE44D,Normal,Normal
2030,2025-02-16 15:34:27,82,Lihat Perkara,SE4BDE475EC5EE44D,Normal,Normal
2031,2025-02-16 15:36:45,82,Cari Berkas,SE4BDE475EC5EE44D,Normal,Normal
2032,2025-02-16 15:37:33,82,Logout,SE4BDE475EC5EE44D,Normal,Normal
2033,2025-02-16 16:18:55,78,Login,SF30EE4FE262E5559,Normal,Normal
2034,2025-02-16 16:19:24,78,Lihat Perkara,SF30EE4FE262E5559,Normal,Normal
2035,2025-02-16 16:19:59,78,Cari Berkas,SF30EE4FE262E5559,Normal,Normal
2036,2025-02-16 16:21:14,78,Logout,SF30EE4FE262E5559,Normal,Normal
2044,2025-02-17 07:30:51,39,Login,S8361FD9EF9295554,Normal,Normal
2045,2025-02-17 07:32:00,39,Lihat Perkara,S8361FD9EF9295554,ip_berubah,Low
2046,2025-02-17 07:33:15,39,Cari Berkas,S8361FD9EF9295554,Normal,Normal
2047,2025-02-17 07:35:18,39,Logout,S8361FD9EF9295554,aktivitas_terlalu_cepat,Medium
2048,2025-02-17 08:43:28,43,Login,SBE2DE8C89FE3F824,Normal,Normal
2049,2025-02-17 08:46:09,43,Lihat Perkara,SBE2DE8C89FE3F824,Normal,Normal
2050,2025-02-17 08:47:45,43,Cari Berkas,SBE2DE8C89FE3F824,Normal,Normal
2051,2025-02-17 08:49:04,43,Logout,SBE2DE8C89FE3F824,Normal,Normal
2052,2025-02-17 10:10:39,81,Login,SF9DF10756AD0692B,Normal,Normal
2053,2025-02-17 10:12:51,81,Lihat Perkara,SF9DF10756AD0692B,Normal,Normal
2054,2025-02-17 10:14:55,81,Cari Berkas,SF9DF10756AD0692B,Normal,Normal
2055,2025-02-17 10:17:31,81,Logout,SF9DF10756AD0692B,Normal,Normal
2060,2025-02-17 13:59:57,8,Login,SF477461494639E57,Normal,Normal
2061,2025-02-17 14:02:32,8,Lihat Perkara,SF477461494639E57,Normal,Normal
2062,2025-02-17 14:05:22,8,Cari Berkas,SF477461494639E57,Normal,Normal
2063,2025-02-17 14:06:10,8,Logout,SF477461494639E57,Normal,Normal
2064,2025-02-17 14:15:44,48,Login,S498BCF673F8DCF96,Normal,Normal
2065,2025-02-17 14:17:21,48,Lihat Perkara,S498BCF673F8DCF96,Normal,Normal
2066,2025-02-17 14:17:50,48,Lihat Berkas,S498BCF673F8DCF96,peminjaman_massal,High
2067,2025-02-17 14:20:21,48,Input Berkas,S498BCF673F8DCF96,Normal,Normal
2068,2025-02-17 14:21:16,48,Verifikasi,S498BCF673F8DCF96,Normal,Normal
2069,2025-02-17 14:23:27,48,Logout,S498BCF673F8DCF96,Normal,Normal
2073,2025-02-17 15:57:29,59,Login,S8E32EBBF04FB7E52,Normal,Normal
2074,2025-02-17 16:00:19,59,Lihat Perkara,S8E32EBBF04FB7E52,Normal,Normal
2075,2025-02-17 16:02:30,59,Cari Berkas,S8E32EBBF04FB7E52,Normal,Normal
2076,2025-02-17 16:04:18,59,Logout,S8E32EBBF04FB7E52,Normal,Normal
2077,2025-02-17 16:08:00,31,Login,SF882EE16274055A9,Normal,Normal
2078,2025-02-17 16:10:29,31,Lihat Perkara,SF882EE16274055A9,Normal,Normal
2079,2025-02-17 16:11:39,31,Cari Berkas,SF882EE16274055A9,Normal,Normal
2080,2025-02-17 16:12:54,31,Logout,SF882EE16274055A9,Normal,Normal
2081,2025-02-17 16:19:16,23,Login,SAE216BA1F9E6142A,Normal,Normal
2082,2025-02-17 16:19:47,23,Lihat Perkara,SAE216BA1F9E6142A,Normal,Normal
2083,2025-02-17 16:20:51,23,Cari Berkas,SAE216BA1F9E6142A,Normal,Normal
2084,2025-02-17 16:21:35,23,Logout,SAE216BA1F9E6142A,Normal,Normal
2099,2025-02-18 10:06:18,56,Login,S90B625E45FD4134A,Normal,Normal
2100,2025-02-18 10:08:14,56,Lihat Perkara,S90B625E45FD4134A,Normal,Normal
2101,2025-02-18 10:10:36,56,Cari Berkas,S90B625E45FD4134A,Normal,Normal
2102,2025-02-18 10:11:09,56,Logout,S90B625E45FD4134A,Normal,Normal
2107,2025-02-18 12:45:11,69,Login,SCF18383A7F3EB240,Normal,Normal
2108,2025-02-18 12:47:09,69,Lihat Perkara,SCF18383A7F3EB240,Normal,Normal
2109,2025-02-18 12:47:32,69,Cari Berkas,SCF18383A7F3EB240,Normal,Normal
2110,2025-02-18 12:49:10,69,Logout,SCF18383A7F3EB240,Normal,Normal
2118,2025-02-18 14:07:34,8,Login,S66B7C65547D30624,device_berubah,Low
2119,2025-02-18 14:10:29,8,Lihat Perkara,S66B7C65547D30624,Normal,Normal
2120,2025-02-18 14:11:19,8,Cari Berkas,S66B7C65547D30624,Normal,Normal
2121,2025-02-18 14:14:18,8,Logout,S66B7C65547D30624,Normal,Normal
2122,2025-02-18 14:25:34,67,Login,S3E45E4A5DC8FE37C,Normal,Normal
2123,2025-02-18 14:26:35,67,Lihat Perkara,S3E45E4A5DC8FE37C,Normal,Normal
2124,2025-02-18 14:27:09,67,Cari Berkas,S3E45E4A5DC8FE37C,Normal,Normal
2125,2025-02-18 14:28:02,67,Logout,S3E45E4A5DC8FE37C,Normal,Normal
2126,2025-02-18 15:24:18,56,Login,S63ABD48FFDCDD45C,Normal,Normal
2127,2025-02-18 15:26:36,56,Lihat Perkara,S63ABD48FFDCDD45C,Normal,Normal
2128,2025-02-18 15:28:30,56,Cari Berkas,S63ABD48FFDCDD45C,Normal,Normal
2129,2025-02-18 15:31:01,56,Logout,S63ABD48FFDCDD45C,Normal,Normal
2130,2025-02-18 15:38:39,44,Login,S59DB6485F275B4F8,Normal,Normal
2131,2025-02-18 15:39:22,44,Lihat Perkara,S59DB6485F275B4F8,Normal,Normal
2132,2025-02-18 15:42:18,44,Cari Berkas,S59DB6485F275B4F8,Normal,Normal
2133,2025-02-18 15:43:18,44,Logout,S59DB6485F275B4F8,Normal,Normal
2138,2025-02-19 07:15:54,83,Login,S6A399B7F37577987,Normal,Normal
2139,2025-02-19 07:18:27,83,Lihat Perkara,S6A399B7F37577987,Normal,Normal
2140,2025-02-19 07:20:55,83,Cari Berkas,S6A399B7F37577987,Normal,Normal
2141,2025-02-19 07:21:14,83,Logout,S6A399B7F37577987,Normal,Normal
2142,2025-02-19 08:33:13,71,Login,S5C8AB5A040EC1632,Normal,Normal
2143,2025-02-19 08:36:13,71,Lihat Perkara,S5C8AB5A040EC1632,Normal,Normal
2144,2025-02-19 08:38:04,71,Cari Berkas,S5C8AB5A040EC1632,Normal,Normal
2145,2025-02-19 08:39:40,71,Logout,S5C8AB5A040EC1632,Normal,Normal
2146,2025-02-19 11:03:56,44,Login,S1F90AAEE8B31DEB9,Normal,Normal
2147,2025-02-19 11:04:59,44,Lihat Perkara,S1F90AAEE8B31DEB9,Normal,Normal
2148,2025-02-19 11:07:03,44,Cari Berkas,S1F90AAEE8B31DEB9,Normal,Normal
2149,2025-02-19 11:07:28,44,Logout,S1F90AAEE8B31DEB9,Normal,Normal
2150,2025-02-19 13:00:28,76,Login,S43B6C6EF35C82133,device_berubah,Low
2151,2025-02-19 13:03:22,76,Lihat Perkara,S43B6C6EF35C82133,durasi_tidak_wajar,Medium
2152,2025-02-19 13:03:50,76,Cari Berkas,S43B6C6EF35C82133,Normal,Normal
2153,2025-02-19 13:05:57,76,Logout,S43B6C6EF35C82133,Normal,Normal
2154,2025-02-19 13:57:59,53,Login,S8EDE02CF8FCF4D2A,Normal,Normal
2155,2025-02-19 13:58:23,53,Lihat Perkara,S8EDE02CF8FCF4D2A,Normal,Normal
2156,2025-02-19 14:00:07,53,Cari Berkas,S8EDE02CF8FCF4D2A,Normal,Normal
2157,2025-02-19 14:02:39,53,Logout,S8EDE02CF8FCF4D2A,Normal,Normal
2158,2025-02-19 14:04:57,66,Login,SD3FF7E5542ECBB8D,Normal,Normal
2159,2025-02-19 14:06:30,66,Lihat Perkara,SD3FF7E5542ECBB8D,Normal,Normal
2160,2025-02-19 14:06:47,59,Login,S0B7E51DD31FBF9DA,Normal,Normal
2161,2025-02-19 14:08:10,59,Lihat Perkara,S0B7E51DD31FBF9DA,Normal,Normal
2162,2025-02-19 14:09:02,66,Cari Berkas,SD3FF7E5542ECBB8D,Normal,Normal
2163,2025-02-19 14:10:26,59,Cari Berkas,S0B7E51DD31FBF9DA,Normal,Normal
2164,2025-02-19 14:10:27,66,Logout,SD3FF7E5542ECBB8D,Normal,Normal
2165,2025-02-19 14:11:11,59,Logout,S0B7E51DD31FBF9DA,Normal,Normal
2170,2025-02-20 04:45:21,64,Login,S662C4F006C2D1B96,login_luar_jam,Low
2171,2025-02-20 05:24:39,72,Login,S9F442E7B57869DB0,login_luar_jam,Low
2172,2025-02-20 09:25:35,72,Lihat Perkara,S9F442E7B57869DB0,Normal,Normal
2173,2025-02-20 09:27:26,72,Cari Berkas,S9F442E7B57869DB0,Normal,Normal
2174,2025-02-20 09:29:30,72,Logout,S9F442E7B57869DB0,Normal,Normal
2175,2025-02-20 11:02:00,46,Login,S69E20B451B18B735,Normal,Normal
2176,2025-02-20 11:04:59,46,Lihat Perkara,S69E20B451B18B735,Normal,Normal
2177,2025-02-20 11:06:25,46,Cari Berkas,S69E20B451B18B735,Normal,Normal
2178,2025-02-20 11:06:38,46,Logout,S69E20B451B18B735,verifikasi_massal,High
2179,2025-02-20 11:46:48,64,Lihat Perkara,S662C4F006C2D1B96,Normal,Normal
2180,2025-02-20 11:49:30,64,Cari Berkas,S662C4F006C2D1B96,Normal,Normal
2181,2025-02-20 11:50:59,64,Logout,S662C4F006C2D1B96,Normal,Normal
2182,2025-02-20 14:46:47,42,Login,SBD95AF35AA9BC58B,Normal,Normal
2183,2025-02-20 14:47:47,42,Lihat Perkara,SBD95AF35AA9BC58B,Normal,Normal
2184,2025-02-20 14:49:39,42,Cari Berkas,SBD95AF35AA9BC58B,Normal,Normal
2185,2025-02-20 14:51:49,42,Logout,SBD95AF35AA9BC58B,Normal,Normal
2186,2025-02-21 01:25:23,27,Login,S15556B95F3777CFF,login_luar_jam,Low
2189,2025-02-21 08:54:53,64,Login,S21231F2881AB5333,Normal,Normal
2192,2025-02-21 08:57:27,64,Lihat Perkara,S21231F2881AB5333,Normal,Normal
2194,2025-02-21 08:59:02,64,Cari Berkas,S21231F2881AB5333,Normal,Normal
2195,2025-02-21 09:01:01,64,Logout,S21231F2881AB5333,Normal,Normal
2204,2025-02-21 10:30:11,41,Login,S936C9D62393FA137,Normal,Normal
2205,2025-02-21 10:31:19,41,Lihat Perkara,S936C9D62393FA137,Normal,Normal
2206,2025-02-21 10:34:13,41,Cari Berkas,S936C9D62393FA137,Normal,Normal
2207,2025-02-21 10:35:07,41,Logout,S936C9D62393FA137,device_berubah,Low
2211,2025-02-21 12:12:29,28,Login,SC7903DC5900C0AF7,device_berubah,Low
2212,2025-02-21 12:14:56,28,Lihat Perkara,SC7903DC5900C0AF7,Normal,Normal
2213,2025-02-21 12:16:34,28,Cari Berkas,SC7903DC5900C0AF7,Normal,Normal
2214,2025-02-21 12:18:29,28,Logout,SC7903DC5900C0AF7,Normal,Normal
2215,2025-02-21 15:27:42,27,Lihat Perkara,S15556B95F3777CFF,Normal,Normal
2216,2025-02-21 15:29:31,27,Cari Berkas,S15556B95F3777CFF,Normal,Normal
2217,2025-02-21 15:30:05,27,Logout,S15556B95F3777CFF,Normal,Normal
2218,2025-02-21 16:11:51,45,Login,S246C4E5B7F25D908,Normal,Normal
2219,2025-02-21 16:13:39,45,Lihat Perkara,S246C4E5B7F25D908,Normal,Normal
2220,2025-02-21 16:14:02,45,Cari Berkas,S246C4E5B7F25D908,Normal,Normal
2221,2025-02-21 16:14:26,45,Logout,S246C4E5B7F25D908,Normal,Normal
2222,2025-02-21 16:17:38,39,Login,S872E1DA90577027D,Normal,Normal
2223,2025-02-21 16:18:38,39,Lihat Perkara,S872E1DA90577027D,Normal,Normal
2224,2025-02-21 16:20:32,39,Cari Berkas,S872E1DA90577027D,Normal,Normal
2225,2025-02-21 16:21:43,39,Logout,S872E1DA90577027D,Normal,Normal
2230,2025-02-22 01:15:06,41,Login,S400840CBAE9ABF14,login_luar_jam,Low
2231,2025-02-22 11:34:50,53,Login,S770B28A304AB90E4,Normal,Normal
2232,2025-02-22 11:36:42,53,Lihat Perkara,S770B28A304AB90E4,Normal,Normal
2233,2025-02-22 11:39:23,53,Cari Berkas,S770B28A304AB90E4,Normal,Normal
2234,2025-02-22 11:41:26,53,Logout,S770B28A304AB90E4,Normal,Normal
2235,2025-02-22 13:15:22,79,Login,S97E864CA2959B968,Normal,Normal
2236,2025-02-22 13:17:49,79,Lihat Perkara,S97E864CA2959B968,Normal,Normal
2237,2025-02-22 13:20:40,79,Cari Berkas,S97E864CA2959B968,Normal,Normal
2238,2025-02-22 13:22:25,79,Logout,S97E864CA2959B968,Normal,Normal
2239,2025-02-22 14:17:16,41,Lihat Perkara,S400840CBAE9ABF14,Normal,Normal
2240,2025-02-22 14:19:42,41,Cari Berkas,S400840CBAE9ABF14,Normal,Normal
2241,2025-02-22 14:20:19,41,Logout,S400840CBAE9ABF14,device_berubah,Low
2246,2025-02-22 15:07:58,80,Login,S808C9522290039B5,Normal,Normal
2247,2025-02-22 15:10:38,80,Lihat Perkara,S808C9522290039B5,Normal,Normal
2248,2025-02-22 15:11:57,80,Cari Berkas,S808C9522290039B5,Normal,Normal
2249,2025-02-22 15:14:14,80,Logout,S808C9522290039B5,Normal,Normal
2250,2025-02-22 15:30:02,38,Login,S5954D3D2288A5503,Normal,Normal
2251,2025-02-22 15:31:51,38,Lihat Perkara,S5954D3D2288A5503,Normal,Normal
2252,2025-02-22 15:33:50,38,Cari Berkas,S5954D3D2288A5503,Normal,Normal
2253,2025-02-22 15:35:51,38,Logout,S5954D3D2288A5503,Normal,Normal
2254,2025-02-23 00:03:44,86,Login,S0BAB99EE6A3990DA,login_luar_jam,Low
2255,2025-02-23 07:08:42,27,Login,S285E97043FCA1417,Normal,Normal
2256,2025-02-23 07:09:10,47,Login,SECDC9DA7819F42BC,Normal,Normal
2257,2025-02-23 07:11:18,27,Lihat Perkara,S285E97043FCA1417,Normal,Normal
2258,2025-02-23 07:11:49,47,Lihat Perkara,SECDC9DA7819F42BC,Normal,Normal
2259,2025-02-23 07:13:11,47,Cari Berkas,SECDC9DA7819F42BC,Normal,Normal
2260,2025-02-23 07:13:22,27,Cari Berkas,S285E97043FCA1417,Normal,Normal
2261,2025-02-23 07:14:05,27,Logout,S285E97043FCA1417,Normal,Normal
2262,2025-02-23 07:14:44,47,Logout,SECDC9DA7819F42BC,Normal,Normal
2263,2025-02-23 10:06:32,78,Login,S84A38A26004418F3,Normal,Normal
2264,2025-02-23 10:06:56,78,Lihat Perkara,S84A38A26004418F3,Normal,Normal
2265,2025-02-23 10:09:03,78,Cari Berkas,S84A38A26004418F3,Normal,Normal
2266,2025-02-23 10:11:32,78,Logout,S84A38A26004418F3,Normal,Normal
2267,2025-02-23 11:07:22,81,Login,SFECA6F41D908D319,Normal,Normal
2268,2025-02-23 11:08:55,81,Lihat Perkara,SFECA6F41D908D319,Normal,Normal
2269,2025-02-23 11:11:44,81,Cari Berkas,SFECA6F41D908D319,device_berubah,Low
2270,2025-02-23 11:12:41,81,Logout,SFECA6F41D908D319,Normal,Normal
2271,2025-02-23 11:30:22,62,Login,S761CAB86127870A4,Normal,Normal
2273,2025-02-23 11:32:07,62,Lihat Perkara,S761CAB86127870A4,Normal,Normal
2276,2025-02-23 11:35:05,62,Cari Berkas,S761CAB86127870A4,peminjaman_massal,High
2277,2025-02-23 11:35:51,62,Logout,S761CAB86127870A4,Normal,Normal
2283,2025-02-23 13:49:19,56,Login,S86B96A2A3C988376,Normal,Normal
2284,2025-02-23 13:49:50,56,Lihat Perkara,S86B96A2A3C988376,Normal,Normal
2285,2025-02-23 13:52:17,56,Cari Berkas,S86B96A2A3C988376,Normal,Normal
2286,2025-02-23 13:53:07,56,Logout,S86B96A2A3C988376,Normal,Normal
2287,2025-02-23 14:04:33,86,Lihat Perkara,S0BAB99EE6A3990DA,Normal,Normal
2288,2025-02-23 14:06:13,86,Cari Berkas,S0BAB99EE6A3990DA,Normal,Normal
2289,2025-02-23 14:09:00,86,Logout,S0BAB99EE6A3990DA,Normal,Normal
2290,2025-02-23 16:18:47,32,Login,SD4A5A81E6B382A0A,Normal,Normal
2291,2025-02-23 16:21:35,32,Lihat Perkara,SD4A5A81E6B382A0A,Normal,Normal
2292,2025-02-23 16:22:15,32,Cari Berkas,SD4A5A81E6B382A0A,Normal,Normal
2293,2025-02-23 16:23:37,32,Logout,SD4A5A81E6B382A0A,Normal,Normal
2295,2025-02-24 06:12:10,22,Login,S5E86CA3D07D712DF,login_luar_jam,Low
2296,2025-02-24 07:27:41,46,Login,SCEE1308767C0EC07,Normal,Normal
2297,2025-02-24 07:28:04,46,Lihat Perkara,SCEE1308767C0EC07,verifikasi_massal,High
2298,2025-02-24 07:30:10,46,Cari Berkas,SCEE1308767C0EC07,Normal,Normal
2299,2025-02-24 07:32:19,46,Logout,SCEE1308767C0EC07,peminjaman_massal,High
2300,2025-02-24 08:39:57,64,Login,S5C56D9BC5111D31D,Normal,Normal
2301,2025-02-24 08:40:08,64,Lihat Perkara,S5C56D9BC5111D31D,Normal,Normal
2302,2025-02-24 08:41:36,64,Cari Berkas,S5C56D9BC5111D31D,Normal,Normal
2303,2025-02-24 08:43:39,64,Logout,S5C56D9BC5111D31D,Normal,Normal
2304,2025-02-24 09:00:22,28,Login,S760116CF25B4C7AA,Normal,Normal
2305,2025-02-24 09:01:33,28,Lihat Perkara,S760116CF25B4C7AA,Normal,Normal
2306,2025-02-24 09:01:47,28,Cari Berkas,S760116CF25B4C7AA,Normal,Normal
2307,2025-02-24 09:03:54,28,Logout,S760116CF25B4C7AA,Normal,Normal
2308,2025-02-24 10:19:00,37,Login,SEF5FFB6EE7941AB1,Normal,Normal
2309,2025-02-24 10:19:58,37,Lihat Perkara,SEF5FFB6EE7941AB1,Normal,Normal
2310,2025-02-24 10:21:51,37,Cari Berkas,SEF5FFB6EE7941AB1,Normal,Normal
2311,2025-02-24 10:22:10,37,Logout,SEF5FFB6EE7941AB1,Normal,Normal
2320,2025-02-24 12:55:56,80,Login,S67DB09431A59C3EB,Normal,Normal
2321,2025-02-24 12:58:28,80,Lihat Perkara,S67DB09431A59C3EB,Normal,Normal
2322,2025-02-24 13:01:24,80,Cari Berkas,S67DB09431A59C3EB,Normal,Normal
2323,2025-02-24 13:01:52,80,Logout,S67DB09431A59C3EB,Normal,Normal
2324,2025-02-24 13:14:10,22,Lihat Perkara,S5E86CA3D07D712DF,Normal,Normal
2325,2025-02-24 13:16:15,22,Cari Berkas,S5E86CA3D07D712DF,Normal,Normal
2326,2025-02-24 13:17:54,22,Logout,S5E86CA3D07D712DF,Normal,Normal
2327,2025-02-24 13:19:42,75,Login,SD55A3290430CA1A0,Normal,Normal
2329,2025-02-24 13:21:38,75,Lihat Perkara,SD55A3290430CA1A0,Normal,Normal
2331,2025-02-24 13:22:48,75,Cari Berkas,SD55A3290430CA1A0,Normal,Normal
2332,2025-02-24 13:23:01,75,Logout,SD55A3290430CA1A0,Normal,Normal
2342,2025-02-25 02:01:23,59,Login,SC97A24AD41B455B8,login_luar_jam,Low
2343,2025-02-25 07:00:53,85,Login,SF712E8134E01009D,Normal,Normal
2344,2025-02-25 07:01:22,85,Lihat Perkara,SF712E8134E01009D,Normal,Normal
2345,2025-02-25 07:01:45,59,Lihat Perkara,SC97A24AD41B455B8,Normal,Normal
2346,2025-02-25 07:02:20,85,Lihat Berkas,SF712E8134E01009D,Normal,Normal
2347,2025-02-25 07:03:09,85,Input Berkas,SF712E8134E01009D,Normal,Normal
2348,2025-02-25 07:03:33,59,Cari Berkas,SC97A24AD41B455B8,Normal,Normal
2349,2025-02-25 07:05:35,59,Logout,SC97A24AD41B455B8,Normal,Normal
2350,2025-02-25 07:06:08,85,Verifikasi,SF712E8134E01009D,Normal,Normal
2351,2025-02-25 07:08:27,85,Logout,SF712E8134E01009D,ip_berubah,Low
2356,2025-02-25 09:37:08,37,Login,S7DF77791A53E62BA,Normal,Normal
2357,2025-02-25 09:39:36,37,Lihat Perkara,S7DF77791A53E62BA,Normal,Normal
2358,2025-02-25 09:41:36,37,Cari Berkas,S7DF77791A53E62BA,Normal,Normal
2359,2025-02-25 09:42:41,37,Logout,S7DF77791A53E62BA,Normal,Normal
2360,2025-02-25 11:31:35,58,Login,SDC96925ECCF3A171,Normal,Normal
2361,2025-02-25 11:32:34,58,Lihat Perkara,SDC96925ECCF3A171,Normal,Normal
2362,2025-02-25 11:33:32,58,Cari Berkas,SDC96925ECCF3A171,Normal,Normal
2363,2025-02-25 11:35:59,58,Logout,SDC96925ECCF3A171,Normal,Normal
2374,2025-02-26 06:15:01,1,Login,S35CFFE16A6DFD693,login_luar_jam,Low
2375,2025-02-26 07:16:56,1,Dashboard,S35CFFE16A6DFD693,Normal,Normal
2376,2025-02-26 07:17:33,1,Kelola User,S35CFFE16A6DFD693,Normal,Normal
2377,2025-02-26 07:19:10,1,Kelola Kode Klasifikasi,S35CFFE16A6DFD693,Normal,Normal
2378,2025-02-26 07:20:12,1,Logout,S35CFFE16A6DFD693,Normal,Normal
2390,2025-02-26 11:26:45,77,Login,SC0E5F03484048673,Normal,Normal
2391,2025-02-26 11:27:22,77,Lihat Perkara,SC0E5F03484048673,Normal,Normal
2392,2025-02-26 11:28:46,77,Cari Berkas,SC0E5F03484048673,Normal,Normal
2393,2025-02-26 11:30:28,77,Logout,SC0E5F03484048673,Normal,Normal
2398,2025-02-26 12:56:13,56,Login,SC76AEC883AE56C8D,Normal,Normal
2399,2025-02-26 12:57:21,56,Lihat Perkara,SC76AEC883AE56C8D,Normal,Normal
2400,2025-02-26 12:57:56,56,Cari Berkas,SC76AEC883AE56C8D,Normal,Normal
2401,2025-02-26 12:59:06,56,Logout,SC76AEC883AE56C8D,Normal,Normal
2406,2025-02-27 07:05:40,49,Login,S96889DD1B9ED8CAD,Normal,Normal
2407,2025-02-27 07:07:27,49,Lihat Perkara,S96889DD1B9ED8CAD,Normal,Normal
2408,2025-02-27 07:09:35,49,Cari Berkas,S96889DD1B9ED8CAD,Normal,Normal
2409,2025-02-27 07:11:36,49,Logout,S96889DD1B9ED8CAD,durasi_tidak_wajar,Medium
2420,2025-02-27 10:15:20,83,Login,S5D679515F8C5EF5C,Normal,Normal
2421,2025-02-27 10:17:18,83,Lihat Perkara,S5D679515F8C5EF5C,Normal,Normal
2422,2025-02-27 10:19:44,83,Cari Berkas,S5D679515F8C5EF5C,Normal,Normal
2423,2025-02-27 10:21:32,83,Logout,S5D679515F8C5EF5C,Normal,Normal
2425,2025-02-27 10:23:53,57,Login,SFF2ABDF72D4308B0,Normal,Normal
2426,2025-02-27 10:24:29,57,Lihat Perkara,SFF2ABDF72D4308B0,Normal,Normal
2429,2025-02-27 10:26:10,57,Cari Berkas,SFF2ABDF72D4308B0,Normal,Normal
2431,2025-02-27 10:27:59,57,Logout,SFF2ABDF72D4308B0,Normal,Normal
2432,2025-02-27 11:23:19,45,Login,S62C965B27EB0F62A,Normal,Normal
2433,2025-02-27 11:25:36,45,Lihat Perkara,S62C965B27EB0F62A,Normal,Normal
2434,2025-02-27 11:28:29,45,Cari Berkas,S62C965B27EB0F62A,Normal,Normal
2435,2025-02-27 11:31:11,45,Logout,S62C965B27EB0F62A,Normal,Normal
2436,2025-02-27 14:13:23,52,Login,S3A0D385982E86755,Normal,Normal
2437,2025-02-27 14:15:49,52,Lihat Perkara,S3A0D385982E86755,Normal,Normal
2438,2025-02-27 14:17:46,52,Cari Berkas,S3A0D385982E86755,Normal,Normal
2439,2025-02-27 14:18:49,52,Logout,S3A0D385982E86755,Normal,Normal
2440,2025-02-27 14:42:30,1,Login,S2C9A7B9A23FE1431,aktivitas_terlalu_cepat,Medium
2441,2025-02-27 14:43:23,43,Login,SFCC8B96BF32A2659,Normal,Normal
2442,2025-02-27 14:45:06,1,Dashboard,S2C9A7B9A23FE1431,Normal,Normal
2443,2025-02-27 14:45:22,1,Kelola User,S2C9A7B9A23FE1431,Normal,Normal
2444,2025-02-27 14:45:54,43,Lihat Perkara,SFCC8B96BF32A2659,Normal,Normal
2445,2025-02-27 14:46:51,43,Cari Berkas,SFCC8B96BF32A2659,Normal,Normal
2446,2025-02-27 14:46:53,76,Login,S113B776ED08CE31E,Normal,Normal
2447,2025-02-27 14:47:36,43,Logout,SFCC8B96BF32A2659,Normal,Normal
2448,2025-02-27 14:47:52,1,Kelola Kode Klasifikasi,S2C9A7B9A23FE1431,Normal,Normal
2449,2025-02-27 14:48:14,76,Lihat Perkara,S113B776ED08CE31E,Normal,Normal
2450,2025-02-27 14:49:01,76,Cari Berkas,S113B776ED08CE31E,ip_berubah,Low
2451,2025-02-27 14:49:34,76,Logout,S113B776ED08CE31E,Normal,Normal
2452,2025-02-27 14:50:12,1,Logout,S2C9A7B9A23FE1431,Normal,Normal
2463,2025-02-28 08:48:29,63,Login,S174D6B8741D6676A,Normal,Normal
2464,2025-02-28 08:50:57,63,Lihat Perkara,S174D6B8741D6676A,Normal,Normal
2465,2025-02-28 08:51:50,63,Cari Berkas,S174D6B8741D6676A,Normal,Normal
2466,2025-02-28 08:53:13,63,Logout,S174D6B8741D6676A,Normal,Normal
2488,2025-03-01 04:12:27,46,Login,S6CC3F8AAA9943D14,login_luar_jam,Low
2489,2025-03-01 08:46:09,53,Login,S7E1CA5A1FEF518A6,Normal,Normal
2490,2025-03-01 08:47:19,53,Lihat Perkara,S7E1CA5A1FEF518A6,Normal,Normal
2491,2025-03-01 08:49:46,53,Cari Berkas,S7E1CA5A1FEF518A6,Normal,Normal
2492,2025-03-01 08:50:30,53,Logout,S7E1CA5A1FEF518A6,Normal,Normal
2497,2025-03-01 10:14:35,46,Lihat Perkara,S6CC3F8AAA9943D14,Normal,Normal
2498,2025-03-01 10:16:06,46,Cari Berkas,S6CC3F8AAA9943D14,Normal,Normal
2499,2025-03-01 10:19:05,46,Logout,S6CC3F8AAA9943D14,Normal,Normal
2500,2025-03-01 10:25:55,62,Login,S0E5BA701E5FB3839,device_berubah,Low
2501,2025-03-01 10:27:29,62,Lihat Perkara,S0E5BA701E5FB3839,Normal,Normal
2502,2025-03-01 10:28:19,62,Cari Berkas,S0E5BA701E5FB3839,Normal,Normal
2503,2025-03-01 10:29:33,62,Logout,S0E5BA701E5FB3839,Normal,Normal
2504,2025-03-01 12:36:48,25,Login,SD8014004793BED1B,Normal,Normal
2505,2025-03-01 12:38:39,25,Lihat Perkara,SD8014004793BED1B,Normal,Normal
2506,2025-03-01 12:40:49,25,Cari Berkas,SD8014004793BED1B,Normal,Normal
2507,2025-03-01 12:43:04,25,Logout,SD8014004793BED1B,Normal,Normal
2508,2025-03-01 14:21:28,55,Login,S52C21221409D3602,Normal,Normal
2509,2025-03-01 14:23:49,55,Lihat Perkara,S52C21221409D3602,Normal,Normal
2510,2025-03-01 14:23:59,55,Lihat Berkas,S52C21221409D3602,ip_berubah,Low
2511,2025-03-01 14:26:57,55,Input Berkas,S52C21221409D3602,Normal,Normal
2512,2025-03-01 14:29:25,55,Verifikasi,S52C21221409D3602,Normal,Normal
2513,2025-03-01 14:31:33,55,Logout,S52C21221409D3602,Normal,Normal
2514,2025-03-01 16:26:09,8,Login,SE974AE301525B12E,Normal,Normal
2515,2025-03-01 16:27:42,8,Lihat Perkara,SE974AE301525B12E,Normal,Normal
2516,2025-03-01 16:30:31,8,Cari Berkas,SE974AE301525B12E,Normal,Normal
2517,2025-03-01 16:32:22,8,Logout,SE974AE301525B12E,Normal,Normal
2518,2025-03-02 04:41:47,83,Login,SC09C2EBE80DA2ED7,login_luar_jam,Low
2519,2025-03-02 07:58:46,33,Login,SECF2DD0FB604849B,Normal,Normal
2520,2025-03-02 08:00:27,33,Lihat Perkara,SECF2DD0FB604849B,Normal,Normal
2521,2025-03-02 08:00:56,33,Cari Berkas,SECF2DD0FB604849B,Normal,Normal
2522,2025-03-02 08:02:45,33,Logout,SECF2DD0FB604849B,Normal,Normal
2523,2025-03-02 08:29:01,51,Login,S50581A4A57713FFF,Normal,Normal
2524,2025-03-02 08:30:55,51,Lihat Perkara,S50581A4A57713FFF,Normal,Normal
2525,2025-03-02 08:32:52,51,Cari Berkas,S50581A4A57713FFF,Normal,Normal
2526,2025-03-02 08:35:11,51,Logout,S50581A4A57713FFF,Normal,Normal
2527,2025-03-02 08:44:00,83,Lihat Perkara,SC09C2EBE80DA2ED7,Normal,Normal
2528,2025-03-02 08:46:58,83,Cari Berkas,SC09C2EBE80DA2ED7,Normal,Normal
2529,2025-03-02 08:47:41,83,Logout,SC09C2EBE80DA2ED7,Normal,Normal
2538,2025-03-02 11:42:30,60,Login,SB6A033E63AB5D8D0,device_berubah,Low
2539,2025-03-02 11:43:02,60,Lihat Perkara,SB6A033E63AB5D8D0,Normal,Normal
2540,2025-03-02 11:45:40,60,Cari Berkas,SB6A033E63AB5D8D0,Normal,Normal
2541,2025-03-02 11:47:38,60,Logout,SB6A033E63AB5D8D0,Normal,Normal
2548,2025-03-02 13:44:13,23,Login,S1C253408CAB3DC85,Normal,Normal
2550,2025-03-02 13:46:29,23,Lihat Perkara,S1C253408CAB3DC85,aktivitas_terlalu_cepat,Medium
2552,2025-03-02 13:48:58,23,Cari Berkas,S1C253408CAB3DC85,Normal,Normal
2553,2025-03-02 13:51:04,23,Logout,S1C253408CAB3DC85,Normal,Normal
2554,2025-03-02 14:55:30,54,Login,SBECFA316C66B0A01,Normal,Normal
2555,2025-03-02 14:56:13,54,Lihat Perkara,SBECFA316C66B0A01,Normal,Normal
2556,2025-03-02 14:57:18,54,Lihat Berkas,SBECFA316C66B0A01,Normal,Normal
2557,2025-03-02 14:58:43,54,Input Berkas,SBECFA316C66B0A01,Normal,Normal
2558,2025-03-02 15:01:41,54,Verifikasi,SBECFA316C66B0A01,Normal,Normal
2559,2025-03-02 15:02:37,54,Logout,SBECFA316C66B0A01,Normal,Normal
2560,2025-03-03 00:27:47,1,Login,S9A920655272C7482,login_luar_jam,Low
2561,2025-03-03 07:27:15,78,Login,S2F85F6A6247D2D52,Normal,Normal
2562,2025-03-03 07:28:29,78,Lihat Perkara,S2F85F6A6247D2D52,Normal,Normal
2563,2025-03-03 07:29:59,78,Cari Berkas,S2F85F6A6247D2D52,Normal,Normal
2564,2025-03-03 07:31:20,78,Logout,S2F85F6A6247D2D52,Normal,Normal
2565,2025-03-03 10:30:21,54,Login,S3B048A8B405BFDC9,Normal,Normal
2566,2025-03-03 10:31:51,54,Lihat Perkara,S3B048A8B405BFDC9,Normal,Normal
2567,2025-03-03 10:32:31,54,Lihat Berkas,S3B048A8B405BFDC9,Normal,Normal
2568,2025-03-03 10:34:58,54,Input Berkas,S3B048A8B405BFDC9,Normal,Normal
2569,2025-03-03 10:35:55,54,Verifikasi,S3B048A8B405BFDC9,Normal,Normal
2570,2025-03-03 10:36:54,54,Logout,S3B048A8B405BFDC9,Normal,Normal
2571,2025-03-03 11:45:10,22,Login,S50EAE82376F7BD95,Normal,Normal
2572,2025-03-03 11:46:54,22,Lihat Perkara,S50EAE82376F7BD95,durasi_tidak_wajar,Medium
2573,2025-03-03 11:49:50,22,Cari Berkas,S50EAE82376F7BD95,Normal,Normal
2574,2025-03-03 11:50:19,22,Logout,S50EAE82376F7BD95,Normal,Normal
2575,2025-03-03 12:40:25,83,Login,SF5418B22E36345FC,Normal,Normal
2576,2025-03-03 12:41:49,83,Lihat Perkara,SF5418B22E36345FC,Normal,Normal
2577,2025-03-03 12:42:26,83,Cari Berkas,SF5418B22E36345FC,device_berubah,Low
2578,2025-03-03 12:44:05,83,Logout,SF5418B22E36345FC,device_berubah,Low
2583,2025-03-03 14:43:20,69,Login,SDDFC74DD6A57161A,Normal,Normal
2584,2025-03-03 14:44:13,69,Lihat Perkara,SDDFC74DD6A57161A,Normal,Normal
2585,2025-03-03 14:45:42,69,Cari Berkas,SDDFC74DD6A57161A,Normal,Normal
2586,2025-03-03 14:48:41,69,Logout,SDDFC74DD6A57161A,Normal,Normal
2587,2025-03-03 15:54:14,35,Login,S35AAD597C1B0F44B,Normal,Normal
2588,2025-03-03 15:56:58,35,Lihat Perkara,S35AAD597C1B0F44B,Normal,Normal
2589,2025-03-03 15:58:39,35,Cari Berkas,S35AAD597C1B0F44B,Normal,Normal
2590,2025-03-03 16:00:10,35,Logout,S35AAD597C1B0F44B,Normal,Normal
2591,2025-03-03 16:19:34,54,Login,S9F88BE6EA0CCFAFF,device_berubah,Low
2592,2025-03-03 16:22:11,54,Lihat Perkara,S9F88BE6EA0CCFAFF,device_berubah,Low
2593,2025-03-03 16:22:40,54,Lihat Berkas,S9F88BE6EA0CCFAFF,Normal,Normal
2594,2025-03-03 16:23:18,54,Input Berkas,S9F88BE6EA0CCFAFF,Normal,Normal
2595,2025-03-03 16:25:31,54,Verifikasi,S9F88BE6EA0CCFAFF,Normal,Normal
2596,2025-03-03 16:28:14,54,Logout,S9F88BE6EA0CCFAFF,Normal,Normal
2597,2025-03-03 16:28:21,1,Dashboard,S9A920655272C7482,Normal,Normal
2598,2025-03-03 16:29:34,1,Kelola User,S9A920655272C7482,ip_berubah,Low
2599,2025-03-03 16:30:36,1,Kelola Kode Klasifikasi,S9A920655272C7482,Normal,Normal
2600,2025-03-03 16:31:12,1,Logout,S9A920655272C7482,Normal,Normal
2601,2025-03-04 02:52:09,55,Login,S776ABF093DE28859,login_luar_jam,Low
2602,2025-03-04 03:23:29,59,Login,S696929B20513EDA8,login_luar_jam,Low
2603,2025-03-04 07:17:22,44,Login,S14572B45813026E3,Normal,Normal
2604,2025-03-04 07:19:01,44,Lihat Perkara,S14572B45813026E3,Normal,Normal
2605,2025-03-04 07:19:12,44,Cari Berkas,S14572B45813026E3,Normal,Normal
2606,2025-03-04 07:19:56,44,Logout,S14572B45813026E3,Normal,Normal
2607,2025-03-04 07:39:21,55,Login,S3727CAE25906FEB4,Normal,Normal
2608,2025-03-04 07:41:38,55,Lihat Perkara,S3727CAE25906FEB4,Normal,Normal
2609,2025-03-04 07:42:39,55,Lihat Berkas,S3727CAE25906FEB4,Normal,Normal
2610,2025-03-04 07:44:56,55,Input Berkas,S3727CAE25906FEB4,Normal,Normal
2611,2025-03-04 07:45:25,55,Verifikasi,S3727CAE25906FEB4,Normal,Normal
2612,2025-03-04 07:46:22,55,Logout,S3727CAE25906FEB4,Normal,Normal
2620,2025-03-04 08:26:54,46,Login,S10327BCDC4222D52,Normal,Normal
2622,2025-03-04 08:28:17,46,Lihat Perkara,S10327BCDC4222D52,Normal,Normal
2623,2025-03-04 08:31:02,46,Cari Berkas,S10327BCDC4222D52,Normal,Normal
2624,2025-03-04 08:33:00,46,Logout,S10327BCDC4222D52,Normal,Normal
2629,2025-03-04 09:32:32,26,Login,SB2CC43726532B3AE,Normal,Normal
2630,2025-03-04 09:35:04,26,Lihat Perkara,SB2CC43726532B3AE,Normal,Normal
2631,2025-03-04 09:36:25,26,Cari Berkas,SB2CC43726532B3AE,Normal,Normal
2632,2025-03-04 09:38:06,39,Login,S768C73D98E76DB29,Normal,Normal
2633,2025-03-04 09:38:25,26,Logout,SB2CC43726532B3AE,Normal,Normal
2634,2025-03-04 09:40:52,39,Lihat Perkara,S768C73D98E76DB29,Normal,Normal
2635,2025-03-04 09:42:31,39,Cari Berkas,S768C73D98E76DB29,Normal,Normal
2636,2025-03-04 09:43:03,39,Logout,S768C73D98E76DB29,Normal,Normal
2637,2025-03-04 11:54:14,55,Lihat Perkara,S776ABF093DE28859,Normal,Normal
2638,2025-03-04 11:55:27,55,Lihat Berkas,S776ABF093DE28859,Normal,Normal
2639,2025-03-04 11:56:13,55,Input Berkas,S776ABF093DE28859,Normal,Normal
2640,2025-03-04 11:56:47,55,Verifikasi,S776ABF093DE28859,Normal,Normal
2641,2025-03-04 11:57:09,55,Logout,S776ABF093DE28859,Normal,Normal
2647,2025-03-04 13:26:14,59,Lihat Perkara,S696929B20513EDA8,Normal,Normal
2649,2025-03-04 13:27:14,59,Cari Berkas,S696929B20513EDA8,Normal,Normal
2651,2025-03-04 13:29:51,59,Logout,S696929B20513EDA8,Normal,Normal
2653,2025-03-04 14:43:04,70,Login,S2FF5577ECD29DE77,Normal,Normal
2654,2025-03-04 14:45:36,70,Lihat Perkara,S2FF5577ECD29DE77,ip_berubah,Low
2655,2025-03-04 14:48:35,70,Cari Berkas,S2FF5577ECD29DE77,Normal,Normal
2656,2025-03-04 14:49:39,70,Logout,S2FF5577ECD29DE77,Normal,Normal
2657,2025-03-04 14:52:33,79,Login,S62DA73BEA19139EC,Normal,Normal
2658,2025-03-04 14:54:37,79,Lihat Perkara,S62DA73BEA19139EC,Normal,Normal
2659,2025-03-04 14:55:24,79,Cari Berkas,S62DA73BEA19139EC,Normal,Normal
2660,2025-03-04 14:56:01,79,Logout,S62DA73BEA19139EC,Normal,Normal
2665,2025-03-04 16:59:56,20,Login,S3E9168E52EFFD199,Normal,Normal
2666,2025-03-04 17:02:38,20,Lihat Perkara,S3E9168E52EFFD199,Normal,Normal
2667,2025-03-04 17:04:37,20,Cari Berkas,S3E9168E52EFFD199,Normal,Normal
2668,2025-03-04 17:06:50,20,Logout,S3E9168E52EFFD199,Normal,Normal
2669,2025-03-05 08:33:00,54,Login,SA5292F568FA09A4C,Normal,Normal
2670,2025-03-05 08:33:59,54,Lihat Perkara,SA5292F568FA09A4C,device_berubah,Low
2671,2025-03-05 08:36:47,54,Lihat Berkas,SA5292F568FA09A4C,Normal,Normal
2672,2025-03-05 08:39:15,54,Input Berkas,SA5292F568FA09A4C,Normal,Normal
2673,2025-03-05 08:41:52,54,Verifikasi,SA5292F568FA09A4C,Normal,Normal
2674,2025-03-05 08:42:15,54,Logout,SA5292F568FA09A4C,Normal,Normal
2675,2025-03-05 09:42:25,69,Login,S93F33691A3F20AE5,Normal,Normal
2676,2025-03-05 09:44:12,69,Lihat Perkara,S93F33691A3F20AE5,Normal,Normal
2677,2025-03-05 09:46:27,69,Cari Berkas,S93F33691A3F20AE5,Normal,Normal
2678,2025-03-05 09:47:05,69,Logout,S93F33691A3F20AE5,Normal,Normal
2679,2025-03-05 09:49:09,8,Login,S4D16954A60279729,Normal,Normal
2680,2025-03-05 09:49:58,8,Lihat Perkara,S4D16954A60279729,aktivitas_terlalu_cepat,Medium
2681,2025-03-05 09:52:13,8,Cari Berkas,S4D16954A60279729,Normal,Normal
2682,2025-03-05 09:53:00,8,Logout,S4D16954A60279729,Normal,Normal
2692,2025-03-06 04:01:11,18,Login,S9888D27BB1E52A90,login_luar_jam,Low
2695,2025-03-06 07:03:14,18,Lihat Perkara,S9888D27BB1E52A90,Normal,Normal
2696,2025-03-06 07:03:53,18,Cari Berkas,S9888D27BB1E52A90,Normal,Normal
2697,2025-03-06 07:04:26,18,Logout,S9888D27BB1E52A90,Normal,Normal
2698,2025-03-06 07:32:04,23,Login,S16EE251359D12415,Normal,Normal
2699,2025-03-06 07:35:01,23,Lihat Perkara,S16EE251359D12415,Normal,Normal
2700,2025-03-06 07:36:18,23,Cari Berkas,S16EE251359D12415,Normal,Normal
2701,2025-03-06 07:38:44,23,Logout,S16EE251359D12415,Normal,Normal
2702,2025-03-06 08:41:18,74,Login,S7BD4499FEC2F02E5,Normal,Normal
2703,2025-03-06 08:41:53,74,Lihat Perkara,S7BD4499FEC2F02E5,Normal,Normal
2704,2025-03-06 08:42:37,74,Cari Berkas,S7BD4499FEC2F02E5,Normal,Normal
2705,2025-03-06 08:44:40,74,Logout,S7BD4499FEC2F02E5,Normal,Normal
2709,2025-03-06 09:37:59,25,Login,S1835E89B88F4CA54,Normal,Normal
2710,2025-03-06 09:40:51,25,Lihat Perkara,S1835E89B88F4CA54,Normal,Normal
2711,2025-03-06 09:43:07,25,Cari Berkas,S1835E89B88F4CA54,aktivitas_terlalu_cepat,Medium
2712,2025-03-06 09:45:07,25,Logout,S1835E89B88F4CA54,peminjaman_massal,High
2713,2025-03-06 10:18:05,36,Login,S23B1F09F360C9040,Normal,Normal
2714,2025-03-06 10:19:13,36,Lihat Perkara,S23B1F09F360C9040,Normal,Normal
2715,2025-03-06 10:20:06,36,Cari Berkas,S23B1F09F360C9040,Normal,Normal
2716,2025-03-06 10:20:24,36,Logout,S23B1F09F360C9040,Normal,Normal
2717,2025-03-06 10:38:39,39,Login,S101B3C72D61A4A69,Normal,Normal
2718,2025-03-06 10:41:24,39,Lihat Perkara,S101B3C72D61A4A69,Normal,Normal
2719,2025-03-06 10:42:10,39,Cari Berkas,S101B3C72D61A4A69,Normal,Normal
2720,2025-03-06 10:45:05,39,Logout,S101B3C72D61A4A69,Normal,Normal
2724,2025-03-06 15:09:34,47,Login,S57CB90A8BD590275,Normal,Normal
2725,2025-03-06 15:11:08,47,Lihat Perkara,S57CB90A8BD590275,Normal,Normal
2726,2025-03-06 15:13:04,47,Cari Berkas,S57CB90A8BD590275,Normal,Normal
2727,2025-03-06 15:15:09,47,Logout,S57CB90A8BD590275,Normal,Normal
2728,2025-03-06 15:24:56,75,Login,S0F96DB1737E41536,Normal,Normal
2729,2025-03-06 15:26:02,75,Lihat Perkara,S0F96DB1737E41536,Normal,Normal
2730,2025-03-06 15:28:54,75,Cari Berkas,S0F96DB1737E41536,Normal,Normal
2731,2025-03-06 15:29:36,75,Logout,S0F96DB1737E41536,Normal,Normal
2744,2025-03-07 11:42:31,52,Login,S7885187D18FC83B7,Normal,Normal
2745,2025-03-07 11:45:04,52,Lihat Perkara,S7885187D18FC83B7,Normal,Normal
2746,2025-03-07 11:46:00,52,Cari Berkas,S7885187D18FC83B7,Normal,Normal
2747,2025-03-07 11:47:35,52,Logout,S7885187D18FC83B7,Normal,Normal
2748,2025-03-07 16:01:45,58,Login,S26B25825310F83A6,Normal,Normal
2749,2025-03-07 16:04:34,58,Lihat Perkara,S26B25825310F83A6,Normal,Normal
2750,2025-03-07 16:07:22,58,Cari Berkas,S26B25825310F83A6,Normal,Normal
2751,2025-03-07 16:09:38,58,Logout,S26B25825310F83A6,Normal,Normal
2752,2025-03-08 04:00:55,53,Login,S0885DBCFF57ECB8E,login_luar_jam,Low
2757,2025-03-08 13:01:19,53,Lihat Perkara,S0885DBCFF57ECB8E,Normal,Normal
2758,2025-03-08 13:02:30,53,Cari Berkas,S0885DBCFF57ECB8E,Normal,Normal
2759,2025-03-08 13:04:57,53,Logout,S0885DBCFF57ECB8E,aktivitas_terlalu_cepat,Medium
2760,2025-03-08 13:40:05,34,Login,S01A1296EBF34D889,Normal,Normal
2761,2025-03-08 13:42:26,34,Lihat Perkara,S01A1296EBF34D889,Normal,Normal
2762,2025-03-08 13:43:18,34,Cari Berkas,S01A1296EBF34D889,Normal,Normal
2763,2025-03-08 13:45:02,34,Logout,S01A1296EBF34D889,Normal,Normal
2764,2025-03-08 14:01:58,64,Login,S46BD672FBE450D5B,Normal,Normal
2765,2025-03-08 14:03:50,64,Lihat Perkara,S46BD672FBE450D5B,Normal,Normal
2766,2025-03-08 14:04:58,64,Cari Berkas,S46BD672FBE450D5B,Normal,Normal
2767,2025-03-08 14:06:07,64,Logout,S46BD672FBE450D5B,Normal,Normal
2768,2025-03-08 14:06:59,75,Login,S6F98E008F9C20003,Normal,Normal
2769,2025-03-08 14:07:15,63,Login,S414E7CC150278EC2,Normal,Normal
2770,2025-03-08 14:08:12,63,Lihat Perkara,S414E7CC150278EC2,Normal,Normal
2771,2025-03-08 14:08:21,75,Lihat Perkara,S6F98E008F9C20003,Normal,Normal
2772,2025-03-08 14:09:26,75,Cari Berkas,S6F98E008F9C20003,Normal,Normal
2773,2025-03-08 14:09:35,63,Cari Berkas,S414E7CC150278EC2,Normal,Normal
2774,2025-03-08 14:10:12,63,Logout,S414E7CC150278EC2,Normal,Normal
2775,2025-03-08 14:11:50,75,Logout,S6F98E008F9C20003,Normal,Normal
2776,2025-03-08 14:29:35,40,Login,SAD44FE0CDD6B5802,Normal,Normal
2777,2025-03-08 14:31:35,40,Lihat Perkara,SAD44FE0CDD6B5802,Normal,Normal
2778,2025-03-08 14:31:53,40,Cari Berkas,SAD44FE0CDD6B5802,Normal,Normal
2779,2025-03-08 14:34:44,40,Logout,SAD44FE0CDD6B5802,Normal,Normal
2780,2025-03-08 15:10:59,19,Login,SB4E0A890219E2A6E,Normal,Normal
2781,2025-03-08 15:13:51,19,Lihat Perkara,SB4E0A890219E2A6E,Normal,Normal
2782,2025-03-08 15:15:17,19,Cari Berkas,SB4E0A890219E2A6E,Normal,Normal
2783,2025-03-08 15:16:28,19,Logout,SB4E0A890219E2A6E,device_berubah,Low
2797,2025-03-09 01:11:14,30,Login,SBAD86B9DAACF490D,login_luar_jam,Low
2798,2025-03-09 04:04:42,62,Login,S88B0D2D966FD046F,login_luar_jam,Low
2799,2025-03-09 04:10:06,70,Login,S50E19F953CC94BEC,login_luar_jam,Low
2801,2025-03-09 07:05:13,62,Lihat Perkara,S88B0D2D966FD046F,Normal,Normal
2802,2025-03-09 07:07:24,62,Cari Berkas,S88B0D2D966FD046F,Normal,Normal
2803,2025-03-09 07:10:16,70,Lihat Perkara,S50E19F953CC94BEC,Normal,Normal
2805,2025-03-09 07:10:22,62,Logout,S88B0D2D966FD046F,Normal,Normal
2808,2025-03-09 07:12:23,70,Cari Berkas,S50E19F953CC94BEC,Normal,Normal
2809,2025-03-09 07:14:24,70,Logout,S50E19F953CC94BEC,Normal,Normal
2810,2025-03-09 11:14:01,30,Lihat Perkara,SBAD86B9DAACF490D,ip_berubah,Low
2811,2025-03-09 11:16:46,30,Cari Berkas,SBAD86B9DAACF490D,Normal,Normal
2812,2025-03-09 11:17:52,30,Logout,SBAD86B9DAACF490D,Normal,Normal
2817,2025-03-09 12:33:03,18,Login,SDB7FBF0BE3ADC629,Normal,Normal
2818,2025-03-09 12:35:36,18,Lihat Perkara,SDB7FBF0BE3ADC629,Normal,Normal
2819,2025-03-09 12:36:53,18,Cari Berkas,SDB7FBF0BE3ADC629,Normal,Normal
2820,2025-03-09 12:39:31,18,Logout,SDB7FBF0BE3ADC629,Normal,Normal
2821,2025-03-09 13:31:28,67,Login,S37CF45F6F32EDE3C,verifikasi_massal,High
2822,2025-03-09 13:32:53,67,Lihat Perkara,S37CF45F6F32EDE3C,Normal,Normal
2823,2025-03-09 13:34:04,67,Cari Berkas,S37CF45F6F32EDE3C,Normal,Normal
2824,2025-03-09 13:36:59,67,Logout,S37CF45F6F32EDE3C,Normal,Normal
2825,2025-03-09 16:42:51,52,Login,S1E85EDF7178E564D,Normal,Normal
2826,2025-03-09 16:44:58,52,Lihat Perkara,S1E85EDF7178E564D,Normal,Normal
2827,2025-03-09 16:47:49,52,Cari Berkas,S1E85EDF7178E564D,Normal,Normal
2828,2025-03-09 16:49:15,52,Logout,S1E85EDF7178E564D,Normal,Normal
2837,2025-03-10 11:05:07,57,Login,S0009ABFF42BDBE68,Normal,Normal
2838,2025-03-10 11:06:33,57,Lihat Perkara,S0009ABFF42BDBE68,Normal,Normal
2839,2025-03-10 11:08:43,57,Cari Berkas,S0009ABFF42BDBE68,Normal,Normal
2840,2025-03-10 11:09:24,57,Logout,S0009ABFF42BDBE68,Normal,Normal
2841,2025-03-10 11:34:38,1,Login,SB0F03DEE82BBF61B,Normal,Normal
2842,2025-03-10 11:35:01,1,Dashboard,SB0F03DEE82BBF61B,ip_berubah,Low
2843,2025-03-10 11:37:19,1,Kelola User,SB0F03DEE82BBF61B,Normal,Normal
2844,2025-03-10 11:40:05,1,Kelola Kode Klasifikasi,SB0F03DEE82BBF61B,Normal,Normal
2845,2025-03-10 11:41:12,1,Logout,SB0F03DEE82BBF61B,Normal,Normal
2854,2025-03-10 16:00:40,46,Login,SF758C794A08EC160,Normal,Normal
2855,2025-03-10 16:02:47,46,Lihat Perkara,SF758C794A08EC160,Normal,Normal
2856,2025-03-10 16:04:08,46,Cari Berkas,SF758C794A08EC160,Normal,Normal
2857,2025-03-10 16:05:33,46,Logout,SF758C794A08EC160,Normal,Normal
2866,2025-03-11 08:31:16,77,Login,SE545E7061E6BBBC5,Normal,Normal
2867,2025-03-11 08:32:08,77,Lihat Perkara,SE545E7061E6BBBC5,Normal,Normal
2870,2025-03-11 08:33:51,77,Cari Berkas,SE545E7061E6BBBC5,Normal,Normal
2872,2025-03-11 08:36:07,77,Logout,SE545E7061E6BBBC5,Normal,Normal
2878,2025-03-11 10:17:14,29,Login,S9D1B40F51FC61EB3,Normal,Normal
2879,2025-03-11 10:17:38,29,Lihat Perkara,S9D1B40F51FC61EB3,Normal,Normal
2880,2025-03-11 10:19:50,29,Cari Berkas,S9D1B40F51FC61EB3,Normal,Normal
2881,2025-03-11 10:21:32,29,Logout,S9D1B40F51FC61EB3,Normal,Normal
2882,2025-03-11 12:04:15,44,Login,SB6637A23FCA252B1,Normal,Normal
2883,2025-03-11 12:06:58,44,Lihat Perkara,SB6637A23FCA252B1,Normal,Normal
2884,2025-03-11 12:07:24,44,Cari Berkas,SB6637A23FCA252B1,Normal,Normal
2885,2025-03-11 12:08:33,44,Logout,SB6637A23FCA252B1,Normal,Normal
2889,2025-03-11 14:06:10,83,Login,S82D321DFDFB0AEC0,Normal,Normal
2891,2025-03-11 14:07:36,83,Lihat Perkara,S82D321DFDFB0AEC0,Normal,Normal
2892,2025-03-11 14:10:05,83,Cari Berkas,S82D321DFDFB0AEC0,Normal,Normal
2893,2025-03-11 14:12:06,83,Logout,S82D321DFDFB0AEC0,Normal,Normal
2898,2025-03-12 08:22:00,53,Login,S05A4702B6B03568B,Normal,Normal
2899,2025-03-12 08:22:51,53,Lihat Perkara,S05A4702B6B03568B,Normal,Normal
2900,2025-03-12 08:24:15,53,Cari Berkas,S05A4702B6B03568B,Normal,Normal
2901,2025-03-12 08:26:15,53,Logout,S05A4702B6B03568B,Normal,Normal
2906,2025-03-12 09:55:32,48,Login,S88FC929A4DDA6B87,Normal,Normal
2907,2025-03-12 09:56:12,48,Lihat Perkara,S88FC929A4DDA6B87,Normal,Normal
2908,2025-03-12 09:58:17,48,Lihat Berkas,S88FC929A4DDA6B87,ip_berubah,Low
2909,2025-03-12 09:59:58,48,Input Berkas,S88FC929A4DDA6B87,Normal,Normal
2910,2025-03-12 10:02:21,48,Verifikasi,S88FC929A4DDA6B87,Normal,Normal
2912,2025-03-12 10:04:42,48,Logout,S88FC929A4DDA6B87,Normal,Normal
2916,2025-03-12 12:49:00,82,Login,S4DA7F63202447C10,aktivitas_terlalu_cepat,Medium
2917,2025-03-12 12:50:12,82,Lihat Perkara,S4DA7F63202447C10,Normal,Normal
2918,2025-03-12 12:52:24,82,Cari Berkas,S4DA7F63202447C10,Normal,Normal
2919,2025-03-12 12:53:28,82,Logout,S4DA7F63202447C10,Normal,Normal
2920,2025-03-12 13:18:09,64,Login,S7F951F817C6D7E0D,Normal,Normal
2921,2025-03-12 13:18:19,64,Lihat Perkara,S7F951F817C6D7E0D,Normal,Normal
2922,2025-03-12 13:19:23,64,Cari Berkas,S7F951F817C6D7E0D,Normal,Normal
2923,2025-03-12 13:21:45,64,Logout,S7F951F817C6D7E0D,Normal,Normal
2924,2025-03-12 13:49:32,48,Login,S0EBD5E22AA2F7040,Normal,Normal
2925,2025-03-12 13:50:56,48,Lihat Perkara,S0EBD5E22AA2F7040,Normal,Normal
2926,2025-03-12 13:52:32,48,Lihat Berkas,S0EBD5E22AA2F7040,Normal,Normal
2927,2025-03-12 13:54:04,48,Input Berkas,S0EBD5E22AA2F7040,Normal,Normal
2928,2025-03-12 13:54:20,48,Verifikasi,S0EBD5E22AA2F7040,Normal,Normal
2929,2025-03-12 13:57:18,48,Logout,S0EBD5E22AA2F7040,Normal,Normal
2930,2025-03-12 14:22:45,73,Login,SC596FAB776B90472,Normal,Normal
2931,2025-03-12 14:23:42,73,Lihat Perkara,SC596FAB776B90472,Normal,Normal
2932,2025-03-12 14:25:26,73,Cari Berkas,SC596FAB776B90472,Normal,Normal
2933,2025-03-12 14:28:16,73,Logout,SC596FAB776B90472,Normal,Normal
2934,2025-03-12 14:32:48,41,Login,SEB15F8320C5BEF44,Normal,Normal
2935,2025-03-12 14:34:21,41,Lihat Perkara,SEB15F8320C5BEF44,Normal,Normal
2936,2025-03-12 14:36:07,41,Cari Berkas,SEB15F8320C5BEF44,Normal,Normal
2937,2025-03-12 14:36:35,63,Login,SC2D52A58D791AEDD,Normal,Normal
2938,2025-03-12 14:37:27,41,Logout,SEB15F8320C5BEF44,ip_berubah,Low
2939,2025-03-12 14:39:08,63,Lihat Perkara,SC2D52A58D791AEDD,Normal,Normal
2940,2025-03-12 14:41:34,47,Login,S6EA257C20471F6F8,Normal,Normal
2941,2025-03-12 14:41:43,63,Cari Berkas,SC2D52A58D791AEDD,Normal,Normal
2942,2025-03-12 14:41:47,47,Lihat Perkara,S6EA257C20471F6F8,Normal,Normal
2943,2025-03-12 14:42:03,63,Logout,SC2D52A58D791AEDD,Normal,Normal
2944,2025-03-12 14:43:35,47,Cari Berkas,S6EA257C20471F6F8,Normal,Normal
2945,2025-03-12 14:45:37,47,Logout,S6EA257C20471F6F8,Normal,Normal
2946,2025-03-13 03:48:18,50,Login,SD391D017DBD4A86D,login_luar_jam,Low
2947,2025-03-13 09:15:24,71,Login,SEC95CCF1A6798AB0,Normal,Normal
2948,2025-03-13 09:17:59,71,Lihat Perkara,SEC95CCF1A6798AB0,Normal,Normal
2949,2025-03-13 09:20:13,71,Cari Berkas,SEC95CCF1A6798AB0,Normal,Normal
2950,2025-03-13 09:20:33,71,Logout,SEC95CCF1A6798AB0,Normal,Normal
2951,2025-03-13 11:17:49,26,Login,SF17312F4659AE9F2,Normal,Normal
2952,2025-03-13 11:18:27,26,Lihat Perkara,SF17312F4659AE9F2,Normal,Normal
2953,2025-03-13 11:21:03,26,Cari Berkas,SF17312F4659AE9F2,Normal,Normal
2954,2025-03-13 11:23:21,26,Logout,SF17312F4659AE9F2,Normal,Normal
2963,2025-03-13 14:16:36,20,Login,SB44A26377195B192,Normal,Normal
2964,2025-03-13 14:17:26,20,Lihat Perkara,SB44A26377195B192,Normal,Normal
2965,2025-03-13 14:20:12,20,Cari Berkas,SB44A26377195B192,Normal,Normal
2966,2025-03-13 14:20:28,20,Logout,SB44A26377195B192,Normal,Normal
2967,2025-03-13 15:32:23,75,Login,SD4C3A832B231C60B,Normal,Normal
2968,2025-03-13 15:34:27,75,Lihat Perkara,SD4C3A832B231C60B,Normal,Normal
2969,2025-03-13 15:37:14,75,Cari Berkas,SD4C3A832B231C60B,Normal,Normal
2970,2025-03-13 15:37:25,75,Logout,SD4C3A832B231C60B,Normal,Normal
2971,2025-03-13 16:49:18,50,Lihat Perkara,SD391D017DBD4A86D,Normal,Normal
2972,2025-03-13 16:50:35,50,Cari Berkas,SD391D017DBD4A86D,Normal,Normal
2973,2025-03-13 16:53:25,50,Logout,SD391D017DBD4A86D,Normal,Normal
2974,2025-03-14 07:08:25,77,Login,S894ADE1822B51524,Normal,Normal
2975,2025-03-14 07:10:35,77,Lihat Perkara,S894ADE1822B51524,Normal,Normal
2976,2025-03-14 07:12:29,77,Cari Berkas,S894ADE1822B51524,Normal,Normal
2977,2025-03-14 07:13:22,77,Logout,S894ADE1822B51524,Normal,Normal
2982,2025-03-14 10:47:30,71,Login,S300087DC83FC4936,Normal,Normal
2983,2025-03-14 10:50:04,71,Lihat Perkara,S300087DC83FC4936,ip_berubah,Low
2984,2025-03-14 10:53:00,71,Cari Berkas,S300087DC83FC4936,Normal,Normal
2985,2025-03-14 10:54:43,71,Logout,S300087DC83FC4936,Normal,Normal
2990,2025-03-14 12:05:38,22,Login,SFF38B918F8F9A45D,Normal,Normal
2991,2025-03-14 12:06:11,22,Lihat Perkara,SFF38B918F8F9A45D,Normal,Normal
2992,2025-03-14 12:06:32,22,Cari Berkas,SFF38B918F8F9A45D,Normal,Normal
2993,2025-03-14 12:07:41,22,Logout,SFF38B918F8F9A45D,Normal,Normal
3000,2025-03-14 13:20:28,25,Login,SD4D13D551DB6B844,Normal,Normal
3001,2025-03-14 13:21:57,25,Lihat Perkara,SD4D13D551DB6B844,Normal,Normal
3002,2025-03-14 13:23:34,25,Cari Berkas,SD4D13D551DB6B844,Normal,Normal
3003,2025-03-14 13:25:40,25,Logout,SD4D13D551DB6B844,Normal,Normal
3004,2025-03-14 14:33:27,23,Login,S461DE0171EE92D3B,Normal,Normal
3005,2025-03-14 14:34:20,23,Lihat Perkara,S461DE0171EE92D3B,Normal,Normal
3006,2025-03-14 14:36:04,23,Cari Berkas,S461DE0171EE92D3B,device_berubah,Low
3007,2025-03-14 14:38:35,23,Logout,S461DE0171EE92D3B,Normal,Normal
3008,2025-03-14 15:27:33,52,Login,S6AE33A1A1A2A7B2D,Normal,Normal
3009,2025-03-14 15:29:07,52,Lihat Perkara,S6AE33A1A1A2A7B2D,Normal,Normal
3010,2025-03-14 15:29:17,52,Cari Berkas,S6AE33A1A1A2A7B2D,Normal,Normal
3011,2025-03-14 15:32:08,52,Logout,S6AE33A1A1A2A7B2D,Normal,Normal
3016,2025-03-14 15:57:38,28,Login,S2CEDC1F92C33ACB9,Normal,Normal
3017,2025-03-14 15:59:27,28,Lihat Perkara,S2CEDC1F92C33ACB9,Normal,Normal
3018,2025-03-14 16:00:42,28,Cari Berkas,S2CEDC1F92C33ACB9,Normal,Normal
3019,2025-03-14 16:01:55,28,Logout,S2CEDC1F92C33ACB9,Normal,Normal
3020,2025-03-14 16:30:03,44,Login,SA5571020CF8BE199,Normal,Normal
3021,2025-03-14 16:32:12,44,Lihat Perkara,SA5571020CF8BE199,Normal,Normal
3022,2025-03-14 16:34:07,44,Cari Berkas,SA5571020CF8BE199,Normal,Normal
3023,2025-03-14 16:36:48,44,Logout,SA5571020CF8BE199,Normal,Normal
3024,2025-03-15 00:21:23,57,Login,S2A873359F08F7F8B,login_luar_jam,Low
3025,2025-03-15 05:06:01,1,Login,SA24EA6F13FC39402,login_luar_jam,Low
3026,2025-03-15 07:08:19,1,Dashboard,SA24EA6F13FC39402,device_berubah,Low
3027,2025-03-15 07:09:07,1,Kelola User,SA24EA6F13FC39402,Normal,Normal
3028,2025-03-15 07:10:18,1,Kelola Kode Klasifikasi,SA24EA6F13FC39402,Normal,Normal
3029,2025-03-15 07:11:33,1,Logout,SA24EA6F13FC39402,Normal,Normal
3030,2025-03-15 08:59:17,23,Login,S3812AF8A860F9DF6,Normal,Normal
3031,2025-03-15 09:00:18,23,Lihat Perkara,S3812AF8A860F9DF6,Normal,Normal
3032,2025-03-15 09:00:31,23,Cari Berkas,S3812AF8A860F9DF6,Normal,Normal
3033,2025-03-15 09:02:10,23,Logout,S3812AF8A860F9DF6,Normal,Normal
3038,2025-03-15 10:17:37,49,Login,SCCF4C23D58195E87,Normal,Normal
3039,2025-03-15 10:19:35,49,Lihat Perkara,SCCF4C23D58195E87,Normal,Normal
3040,2025-03-15 10:21:39,49,Cari Berkas,SCCF4C23D58195E87,Normal,Normal
3041,2025-03-15 10:23:38,49,Logout,SCCF4C23D58195E87,Normal,Normal
3042,2025-03-15 12:18:08,80,Login,S3DEFA84993364F7E,Normal,Normal
3043,2025-03-15 12:20:07,80,Lihat Perkara,S3DEFA84993364F7E,Normal,Normal
3044,2025-03-15 12:20:17,80,Cari Berkas,S3DEFA84993364F7E,Normal,Normal
3045,2025-03-15 12:22:16,57,Lihat Perkara,S2A873359F08F7F8B,Normal,Normal
3046,2025-03-15 12:22:37,57,Cari Berkas,S2A873359F08F7F8B,Normal,Normal
3047,2025-03-15 12:23:04,80,Logout,S3DEFA84993364F7E,Normal,Normal
3048,2025-03-15 12:24:19,57,Logout,S2A873359F08F7F8B,Normal,Normal
3053,2025-03-16 01:32:12,38,Login,SD6EAF269514E1353,login_luar_jam,Low
3054,2025-03-16 07:33:43,38,Lihat Perkara,SD6EAF269514E1353,Normal,Normal
3055,2025-03-16 07:35:38,38,Cari Berkas,SD6EAF269514E1353,Normal,Normal
3056,2025-03-16 07:37:33,38,Logout,SD6EAF269514E1353,Normal,Normal
3057,2025-03-16 07:49:53,38,Login,S1FEBA1E73BB1591B,Normal,Normal
3058,2025-03-16 07:50:43,38,Lihat Perkara,S1FEBA1E73BB1591B,Normal,Normal
3059,2025-03-16 07:51:23,38,Cari Berkas,S1FEBA1E73BB1591B,Normal,Normal
3060,2025-03-16 07:54:03,38,Logout,S1FEBA1E73BB1591B,Normal,Normal
3061,2025-03-16 10:45:51,40,Login,SA292BD6CDB95E988,Normal,Normal
3062,2025-03-16 10:47:40,40,Lihat Perkara,SA292BD6CDB95E988,Normal,Normal
3063,2025-03-16 10:49:20,40,Cari Berkas,SA292BD6CDB95E988,Normal,Normal
3064,2025-03-16 10:50:18,40,Logout,SA292BD6CDB95E988,Normal,Normal
3065,2025-03-16 12:02:58,59,Login,S173D5030077D8688,Normal,Normal
3066,2025-03-16 12:05:36,59,Lihat Perkara,S173D5030077D8688,Normal,Normal
3067,2025-03-16 12:07:15,59,Cari Berkas,S173D5030077D8688,Normal,Normal
3068,2025-03-16 12:08:55,59,Logout,S173D5030077D8688,Normal,Normal
3073,2025-03-16 12:49:10,35,Login,S0EFA899394E74F26,Normal,Normal
3074,2025-03-16 12:51:18,35,Lihat Perkara,S0EFA899394E74F26,Normal,Normal
3075,2025-03-16 12:52:02,35,Cari Berkas,S0EFA899394E74F26,Normal,Normal
3076,2025-03-16 12:53:43,35,Logout,S0EFA899394E74F26,Normal,Normal
3077,2025-03-16 13:30:14,35,Login,S1E12D7940697F23E,Normal,Normal
3078,2025-03-16 13:31:19,35,Lihat Perkara,S1E12D7940697F23E,Normal,Normal
3079,2025-03-16 13:31:52,35,Cari Berkas,S1E12D7940697F23E,Normal,Normal
3080,2025-03-16 13:34:24,35,Logout,S1E12D7940697F23E,Normal,Normal
3081,2025-03-16 15:07:39,65,Login,S4A027E6490DC33EB,Normal,Normal
3082,2025-03-16 15:10:33,65,Lihat Perkara,S4A027E6490DC33EB,ip_berubah,Low
3083,2025-03-16 15:12:28,65,Cari Berkas,S4A027E6490DC33EB,Normal,Normal
3084,2025-03-16 15:15:18,65,Logout,S4A027E6490DC33EB,Normal,Normal
3085,2025-03-16 16:45:53,55,Login,S3CDFA05226D27228,Normal,Normal
3086,2025-03-16 16:47:36,55,Lihat Perkara,S3CDFA05226D27228,Normal,Normal
3087,2025-03-16 16:49:21,55,Lihat Berkas,S3CDFA05226D27228,Normal,Normal
3088,2025-03-16 16:51:00,55,Input Berkas,S3CDFA05226D27228,Normal,Normal
3089,2025-03-16 16:53:31,55,Verifikasi,S3CDFA05226D27228,Normal,Normal
3090,2025-03-16 16:53:45,55,Logout,S3CDFA05226D27228,Normal,Normal
3092,2025-03-17 05:44:58,61,Login,S1915BB1C744DA236,login_luar_jam,Low
3093,2025-03-17 07:53:58,53,Login,SB7FF60CAFB67485B,Normal,Normal
3094,2025-03-17 07:54:47,53,Lihat Perkara,SB7FF60CAFB67485B,Normal,Normal
3095,2025-03-17 07:57:17,53,Cari Berkas,SB7FF60CAFB67485B,Normal,Normal
3096,2025-03-17 07:59:08,53,Logout,SB7FF60CAFB67485B,Normal,Normal
3097,2025-03-17 08:51:18,37,Login,SE54960E02F74560F,Normal,Normal
3098,2025-03-17 08:52:48,37,Lihat Perkara,SE54960E02F74560F,Normal,Normal
3099,2025-03-17 08:54:27,37,Cari Berkas,SE54960E02F74560F,Normal,Normal
3100,2025-03-17 08:55:37,37,Logout,SE54960E02F74560F,Normal,Normal
3101,2025-03-17 11:16:50,18,Login,S4BF8C414CD8779F0,Normal,Normal
3102,2025-03-17 11:17:24,18,Lihat Perkara,S4BF8C414CD8779F0,Normal,Normal
3103,2025-03-17 11:19:15,18,Cari Berkas,S4BF8C414CD8779F0,Normal,Normal
3104,2025-03-17 11:21:30,18,Logout,S4BF8C414CD8779F0,Normal,Normal
3112,2025-03-17 13:40:31,32,Login,S31D7CA7C17A61E51,Normal,Normal
3113,2025-03-17 13:40:56,32,Lihat Perkara,S31D7CA7C17A61E51,Normal,Normal
3114,2025-03-17 13:43:20,32,Cari Berkas,S31D7CA7C17A61E51,Normal,Normal
3115,2025-03-17 13:45:16,32,Logout,S31D7CA7C17A61E51,Normal,Normal
3116,2025-03-17 14:18:03,32,Login,SCBF12ED9833CFFAB,Normal,Normal
3117,2025-03-17 14:18:31,32,Lihat Perkara,SCBF12ED9833CFFAB,Normal,Normal
3118,2025-03-17 14:21:25,32,Cari Berkas,SCBF12ED9833CFFAB,Normal,Normal
3119,2025-03-17 14:23:11,32,Logout,SCBF12ED9833CFFAB,Normal,Normal
3120,2025-03-17 14:46:53,61,Lihat Perkara,S1915BB1C744DA236,ip_berubah,Low
3121,2025-03-17 14:47:23,61,Cari Berkas,S1915BB1C744DA236,Normal,Normal
3122,2025-03-17 14:47:56,61,Logout,S1915BB1C744DA236,Normal,Normal
3127,2025-03-18 07:00:31,1,Login,S9427502CDCAAB0A6,Normal,Normal
3128,2025-03-18 07:01:43,1,Dashboard,S9427502CDCAAB0A6,Normal,Normal
3129,2025-03-18 07:02:50,1,Kelola User,S9427502CDCAAB0A6,Normal,Normal
3130,2025-03-18 07:03:20,1,Kelola Kode Klasifikasi,S9427502CDCAAB0A6,Normal,Normal
3131,2025-03-18 07:04:36,1,Logout,S9427502CDCAAB0A6,Normal,Normal
3132,2025-03-18 08:19:35,48,Login,S91C6485467A9CCA9,Normal,Normal
3133,2025-03-18 08:21:58,48,Lihat Perkara,S91C6485467A9CCA9,Normal,Normal
3134,2025-03-18 08:24:54,48,Lihat Berkas,S91C6485467A9CCA9,Normal,Normal
3135,2025-03-18 08:25:48,48,Input Berkas,S91C6485467A9CCA9,Normal,Normal
3136,2025-03-18 08:26:16,48,Verifikasi,S91C6485467A9CCA9,Normal,Normal
3137,2025-03-18 08:28:52,48,Logout,S91C6485467A9CCA9,Normal,Normal
3146,2025-03-18 09:49:32,41,Login,S7616E3A23D9D49D4,Normal,Normal
3147,2025-03-18 09:49:51,41,Lihat Perkara,S7616E3A23D9D49D4,aktivitas_terlalu_cepat,Medium
3148,2025-03-18 09:50:21,41,Cari Berkas,S7616E3A23D9D49D4,Normal,Normal
3149,2025-03-18 09:50:46,41,Logout,S7616E3A23D9D49D4,Normal,Normal
3162,2025-03-18 12:06:20,60,Login,SF83893A210F35676,Normal,Normal
3163,2025-03-18 12:06:37,60,Lihat Perkara,SF83893A210F35676,Normal,Normal
3164,2025-03-18 12:08:13,60,Cari Berkas,SF83893A210F35676,Normal,Normal
3165,2025-03-18 12:09:59,60,Logout,SF83893A210F35676,Normal,Normal
3170,2025-03-19 04:58:17,61,Login,SD5FA4E8B405913AB,login_luar_jam,Low
3172,2025-03-19 07:16:05,6,Login,S171726543B997815,Normal,Normal
3173,2025-03-19 07:18:21,6,Lihat Perkara,S171726543B997815,Normal,Normal
3174,2025-03-19 07:19:26,6,Lihat Berkas,S171726543B997815,Normal,Normal
3175,2025-03-19 07:21:03,6,Input Berkas,S171726543B997815,Normal,Normal
3176,2025-03-19 07:23:00,6,Verifikasi,S171726543B997815,Normal,Normal
3177,2025-03-19 07:24:29,6,Logout,S171726543B997815,Normal,Normal
3182,2025-03-19 08:49:05,85,Login,SD15BFDA0B83F0063,Normal,Normal
3183,2025-03-19 08:51:55,85,Lihat Perkara,SD15BFDA0B83F0063,Normal,Normal
3184,2025-03-19 08:54:21,85,Lihat Berkas,SD15BFDA0B83F0063,Normal,Normal
3185,2025-03-19 08:55:11,85,Input Berkas,SD15BFDA0B83F0063,Normal,Normal
3186,2025-03-19 08:55:44,85,Verifikasi,SD15BFDA0B83F0063,Normal,Normal
3187,2025-03-19 08:57:32,85,Logout,SD15BFDA0B83F0063,Normal,Normal
3188,2025-03-19 09:59:32,61,Lihat Perkara,SD5FA4E8B405913AB,Normal,Normal
3189,2025-03-19 10:00:11,61,Cari Berkas,SD5FA4E8B405913AB,Normal,Normal
3192,2025-03-19 10:01:03,61,Logout,SD5FA4E8B405913AB,Normal,Normal
3194,2025-03-19 11:01:34,22,Login,SC9BC5D2C6DDF76AE,Normal,Normal
3195,2025-03-19 11:02:13,22,Lihat Perkara,SC9BC5D2C6DDF76AE,peminjaman_massal,High
3196,2025-03-19 11:03:35,22,Cari Berkas,SC9BC5D2C6DDF76AE,Normal,Normal
3197,2025-03-19 11:06:34,22,Logout,SC9BC5D2C6DDF76AE,Normal,Normal
3198,2025-03-19 11:15:02,27,Login,SF587A482713884DC,Normal,Normal
3199,2025-03-19 11:17:02,27,Lihat Perkara,SF587A482713884DC,Normal,Normal
3200,2025-03-19 11:19:52,27,Cari Berkas,SF587A482713884DC,Normal,Normal
3201,2025-03-19 11:21:44,27,Logout,SF587A482713884DC,Normal,Normal
3202,2025-03-19 12:16:14,52,Login,SAF9D65829564D534,Normal,Normal
3203,2025-03-19 12:17:32,52,Lihat Perkara,SAF9D65829564D534,Normal,Normal
3204,2025-03-19 12:20:17,52,Cari Berkas,SAF9D65829564D534,Normal,Normal
3205,2025-03-19 12:23:03,52,Logout,SAF9D65829564D534,Normal,Normal
3210,2025-03-19 13:07:51,77,Login,S7DC6676FE92FDD21,Normal,Normal
3211,2025-03-19 13:10:32,77,Lihat Perkara,S7DC6676FE92FDD21,Normal,Normal
3212,2025-03-19 13:12:29,77,Cari Berkas,S7DC6676FE92FDD21,Normal,Normal
3213,2025-03-19 13:12:58,77,Logout,S7DC6676FE92FDD21,Normal,Normal
3214,2025-03-19 14:23:19,70,Login,S69D1517CB48D5C1B,Normal,Normal
3215,2025-03-19 14:24:57,70,Lihat Perkara,S69D1517CB48D5C1B,Normal,Normal
3216,2025-03-19 14:27:25,70,Cari Berkas,S69D1517CB48D5C1B,Normal,Normal
3217,2025-03-19 14:29:16,70,Logout,S69D1517CB48D5C1B,ip_berubah,Low
3218,2025-03-19 14:48:21,70,Login,SA41F8CD4752DCF24,Normal,Normal
3219,2025-03-19 14:49:45,70,Lihat Perkara,SA41F8CD4752DCF24,Normal,Normal
3220,2025-03-19 14:50:18,70,Cari Berkas,SA41F8CD4752DCF24,Normal,Normal
3221,2025-03-19 14:52:37,70,Logout,SA41F8CD4752DCF24,Normal,Normal
3226,2025-03-20 04:56:31,41,Login,S1521DFB4C063D440,login_luar_jam,Low
3231,2025-03-20 07:58:15,41,Lihat Perkara,S1521DFB4C063D440,Normal,Normal
3232,2025-03-20 08:00:46,41,Cari Berkas,S1521DFB4C063D440,Normal,Normal
3233,2025-03-20 08:03:18,41,Logout,S1521DFB4C063D440,Normal,Normal
3238,2025-03-20 09:34:42,42,Login,SB0DBA7B4FB6E5531,Normal,Normal
3239,2025-03-20 09:35:33,42,Lihat Perkara,SB0DBA7B4FB6E5531,Normal,Normal
3240,2025-03-20 09:37:53,42,Cari Berkas,SB0DBA7B4FB6E5531,Normal,Normal
3241,2025-03-20 09:38:07,42,Logout,SB0DBA7B4FB6E5531,Normal,Normal
3246,2025-03-20 10:56:15,81,Login,SC2CE56BD8301B3A6,Normal,Normal
3247,2025-03-20 10:57:58,81,Lihat Perkara,SC2CE56BD8301B3A6,Normal,Normal
3248,2025-03-20 10:58:37,81,Cari Berkas,SC2CE56BD8301B3A6,Normal,Normal
3249,2025-03-20 10:59:42,81,Logout,SC2CE56BD8301B3A6,Normal,Normal
3250,2025-03-20 12:17:10,57,Login,S7AF468FDFA6965F1,Normal,Normal
3251,2025-03-20 12:17:21,57,Lihat Perkara,S7AF468FDFA6965F1,Normal,Normal
3252,2025-03-20 12:18:50,57,Cari Berkas,S7AF468FDFA6965F1,Normal,Normal
3253,2025-03-20 12:20:03,57,Logout,S7AF468FDFA6965F1,Normal,Normal
3254,2025-03-20 16:45:50,22,Login,SA502DC4B5B0334D8,Normal,Normal
3255,2025-03-20 16:46:27,22,Lihat Perkara,SA502DC4B5B0334D8,Normal,Normal
3256,2025-03-20 16:47:09,22,Cari Berkas,SA502DC4B5B0334D8,Normal,Normal
3257,2025-03-20 16:49:23,22,Logout,SA502DC4B5B0334D8,Normal,Normal
3258,2025-03-21 00:18:27,41,Login,S05D9C4D3866E8085,login_luar_jam,Low
3259,2025-03-21 01:28:34,6,Login,SE4C6ED5A9A4F421E,login_luar_jam,Low
3260,2025-03-21 01:49:21,18,Login,S0725605BB8572BBE,login_luar_jam,Low
3261,2025-03-21 07:20:39,41,Lihat Perkara,S05D9C4D3866E8085,Normal,Normal
3262,2025-03-21 07:22:31,41,Cari Berkas,S05D9C4D3866E8085,Normal,Normal
3263,2025-03-21 07:23:01,41,Logout,S05D9C4D3866E8085,Normal,Normal
3264,2025-03-21 07:28:57,6,Lihat Perkara,SE4C6ED5A9A4F421E,Normal,Normal
3265,2025-03-21 07:30:34,6,Lihat Berkas,SE4C6ED5A9A4F421E,device_berubah,Low
3266,2025-03-21 07:33:34,6,Input Berkas,SE4C6ED5A9A4F421E,Normal,Normal
3267,2025-03-21 07:35:24,6,Verifikasi,SE4C6ED5A9A4F421E,Normal,Normal
3268,2025-03-21 07:36:19,6,Logout,SE4C6ED5A9A4F421E,ip_berubah,Low
3272,2025-03-21 08:05:32,6,Login,S1C7BF8EB4969B2A1,Normal,Normal
3274,2025-03-21 08:08:26,6,Lihat Perkara,S1C7BF8EB4969B2A1,verifikasi_massal,High
3275,2025-03-21 08:08:44,6,Lihat Berkas,S1C7BF8EB4969B2A1,Normal,Normal
3278,2025-03-21 08:11:28,6,Input Berkas,S1C7BF8EB4969B2A1,Normal,Normal
3279,2025-03-21 08:12:22,6,Verifikasi,S1C7BF8EB4969B2A1,durasi_tidak_wajar,Medium
3282,2025-03-21 08:14:40,6,Logout,S1C7BF8EB4969B2A1,Normal,Normal
3283,2025-03-21 08:50:47,18,Lihat Perkara,S0725605BB8572BBE,Normal,Normal
3284,2025-03-21 08:51:56,18,Cari Berkas,S0725605BB8572BBE,durasi_tidak_wajar,Medium
3285,2025-03-21 08:53:44,18,Logout,S0725605BB8572BBE,device_berubah,Low
3286,2025-03-21 10:15:21,30,Login,S9C577FDDCBE91838,Normal,Normal
3287,2025-03-21 10:17:57,30,Lihat Perkara,S9C577FDDCBE91838,Normal,Normal
3288,2025-03-21 10:19:18,30,Cari Berkas,S9C577FDDCBE91838,Normal,Normal
3289,2025-03-21 10:19:51,30,Logout,S9C577FDDCBE91838,Normal,Normal
3298,2025-03-21 12:31:34,61,Login,S4282B6E46986305A,aktivitas_terlalu_cepat,Medium
3299,2025-03-21 12:31:46,61,Lihat Perkara,S4282B6E46986305A,Normal,Normal
3300,2025-03-21 12:31:56,61,Cari Berkas,S4282B6E46986305A,Normal,Normal
3301,2025-03-21 12:34:19,61,Logout,S4282B6E46986305A,Normal,Normal
3302,2025-03-21 13:25:23,30,Login,S8FF63D7ED92FCF51,Normal,Normal
3303,2025-03-21 13:26:05,30,Lihat Perkara,S8FF63D7ED92FCF51,Normal,Normal
3304,2025-03-21 13:26:46,73,Login,S32A3B4BE4553EC86,Normal,Normal
3305,2025-03-21 13:27:15,30,Cari Berkas,S8FF63D7ED92FCF51,aktivitas_terlalu_cepat,Medium
3306,2025-03-21 13:28:23,30,Logout,S8FF63D7ED92FCF51,Normal,Normal
3307,2025-03-21 13:28:33,73,Lihat Perkara,S32A3B4BE4553EC86,Normal,Normal
3308,2025-03-21 13:30:43,73,Cari Berkas,S32A3B4BE4553EC86,Normal,Normal
3309,2025-03-21 13:32:08,73,Logout,S32A3B4BE4553EC86,Normal,Normal
3310,2025-03-21 13:36:17,79,Login,S5C3966CDC59265CE,ip_berubah,Low
3311,2025-03-21 13:37:28,79,Lihat Perkara,S5C3966CDC59265CE,ip_berubah,Low
3312,2025-03-21 13:37:57,79,Cari Berkas,S5C3966CDC59265CE,Normal,Normal
3313,2025-03-21 13:40:57,79,Logout,S5C3966CDC59265CE,Normal,Normal
3314,2025-03-21 14:58:56,81,Login,S9A867F8954F38394,Normal,Normal
3315,2025-03-21 14:59:31,81,Lihat Perkara,S9A867F8954F38394,Normal,Normal
3316,2025-03-21 15:00:47,81,Cari Berkas,S9A867F8954F38394,Normal,Normal
3317,2025-03-21 15:01:54,81,Logout,S9A867F8954F38394,Normal,Normal
3318,2025-03-21 15:14:04,35,Login,S563A14F625308DF2,Normal,Normal
3319,2025-03-21 15:15:37,35,Lihat Perkara,S563A14F625308DF2,Normal,Normal
3320,2025-03-21 15:18:28,35,Cari Berkas,S563A14F625308DF2,Normal,Normal
3321,2025-03-21 15:20:21,35,Logout,S563A14F625308DF2,Normal,Normal
3322,2025-03-21 15:33:19,73,Login,S8B8A716609CCDF05,Normal,Normal
3323,2025-03-21 15:34:06,73,Lihat Perkara,S8B8A716609CCDF05,Normal,Normal
3324,2025-03-21 15:36:59,73,Cari Berkas,S8B8A716609CCDF05,Normal,Normal
3325,2025-03-21 15:38:03,73,Logout,S8B8A716609CCDF05,Normal,Normal
3326,2025-03-21 16:00:08,43,Login,S414500009DC11271,Normal,Normal
3327,2025-03-21 16:02:41,43,Lihat Perkara,S414500009DC11271,Normal,Normal
3328,2025-03-21 16:05:15,43,Cari Berkas,S414500009DC11271,Normal,Normal
3329,2025-03-21 16:05:48,43,Logout,S414500009DC11271,Normal,Normal
3330,2025-03-22 01:11:49,72,Login,S22589A3698C6C1A7,login_luar_jam,Low
3331,2025-03-22 02:59:02,45,Login,SDEDBAEC4E2B2DE4B,login_luar_jam,Low
3332,2025-03-22 04:22:30,47,Login,SF68800C00FAF3A7A,login_luar_jam,Low
3341,2025-03-22 09:39:13,21,Login,S33844055B415E6C8,Normal,Normal
3342,2025-03-22 09:39:30,21,Lihat Perkara,S33844055B415E6C8,Normal,Normal
3343,2025-03-22 09:39:51,21,Cari Berkas,S33844055B415E6C8,Normal,Normal
3344,2025-03-22 09:42:46,21,Logout,S33844055B415E6C8,Normal,Normal
3345,2025-03-22 10:32:43,20,Login,S276B5B69AD8E9637,Normal,Normal
3346,2025-03-22 10:32:56,20,Lihat Perkara,S276B5B69AD8E9637,Normal,Normal
3347,2025-03-22 10:34:26,20,Cari Berkas,S276B5B69AD8E9637,Normal,Normal
3348,2025-03-22 10:37:00,20,Logout,S276B5B69AD8E9637,Normal,Normal
3349,2025-03-22 10:49:28,18,Login,SEB81E22464535F72,durasi_tidak_wajar,Medium
3350,2025-03-22 10:50:22,18,Lihat Perkara,SEB81E22464535F72,Normal,Normal
3351,2025-03-22 10:52:44,18,Cari Berkas,SEB81E22464535F72,Normal,Normal
3352,2025-03-22 10:55:05,18,Logout,SEB81E22464535F72,Normal,Normal
3357,2025-03-22 11:15:49,50,Login,S2C0CA9C0314A9ACE,Normal,Normal
3358,2025-03-22 11:16:10,50,Lihat Perkara,S2C0CA9C0314A9ACE,Normal,Normal
3359,2025-03-22 11:17:05,50,Cari Berkas,S2C0CA9C0314A9ACE,Normal,Normal
3360,2025-03-22 11:18:05,50,Logout,S2C0CA9C0314A9ACE,Normal,Normal
3361,2025-03-22 12:00:49,55,Login,S09397F9053ABC026,Normal,Normal
3362,2025-03-22 12:01:39,55,Lihat Perkara,S09397F9053ABC026,Normal,Normal
3363,2025-03-22 12:01:52,45,Lihat Perkara,SDEDBAEC4E2B2DE4B,Normal,Normal
3364,2025-03-22 12:02:10,55,Lihat Berkas,S09397F9053ABC026,Normal,Normal
3365,2025-03-22 12:04:19,45,Cari Berkas,SDEDBAEC4E2B2DE4B,Normal,Normal
3366,2025-03-22 12:04:32,55,Input Berkas,S09397F9053ABC026,Normal,Normal
3367,2025-03-22 12:05:43,45,Logout,SDEDBAEC4E2B2DE4B,Normal,Normal
3368,2025-03-22 12:07:31,55,Verifikasi,S09397F9053ABC026,Normal,Normal
3369,2025-03-22 12:08:17,55,Logout,S09397F9053ABC026,Normal,Normal
3370,2025-03-22 12:12:24,72,Lihat Perkara,S22589A3698C6C1A7,Normal,Normal
3371,2025-03-22 12:14:38,23,Login,SDF18E065DF5864D5,Normal,Normal
3372,2025-03-22 12:15:07,23,Lihat Perkara,SDF18E065DF5864D5,Normal,Normal
3373,2025-03-22 12:15:24,72,Cari Berkas,S22589A3698C6C1A7,Normal,Normal
3374,2025-03-22 12:17:33,23,Cari Berkas,SDF18E065DF5864D5,Normal,Normal
3375,2025-03-22 12:18:10,72,Logout,S22589A3698C6C1A7,Normal,Normal
3376,2025-03-22 12:19:04,41,Login,S5C94563AE9365D1B,Normal,Normal
3377,2025-03-22 12:20:10,23,Logout,SDF18E065DF5864D5,Normal,Normal
3378,2025-03-22 12:21:07,41,Lihat Perkara,S5C94563AE9365D1B,Normal,Normal
3379,2025-03-22 12:23:26,41,Cari Berkas,S5C94563AE9365D1B,Normal,Normal
3380,2025-03-22 12:25:43,41,Logout,S5C94563AE9365D1B,Normal,Normal
3381,2025-03-22 12:56:24,6,Login,S3E0000003B1E4290,Normal,Normal
3382,2025-03-22 12:57:25,65,Login,S10F3F3935384EECD,aktivitas_terlalu_cepat,Medium
3383,2025-03-22 12:58:32,6,Lihat Perkara,S3E0000003B1E4290,Normal,Normal
3384,2025-03-22 12:58:54,6,Lihat Berkas,S3E0000003B1E4290,Normal,Normal
3385,2025-03-22 12:59:05,65,Lihat Perkara,S10F3F3935384EECD,Normal,Normal
3386,2025-03-22 13:00:17,6,Input Berkas,S3E0000003B1E4290,Normal,Normal
3387,2025-03-22 13:00:39,65,Cari Berkas,S10F3F3935384EECD,ip_berubah,Low
3388,2025-03-22 13:01:12,65,Logout,S10F3F3935384EECD,Normal,Normal
3389,2025-03-22 13:03:15,6,Verifikasi,S3E0000003B1E4290,Normal,Normal
3390,2025-03-22 13:04:40,6,Logout,S3E0000003B1E4290,Normal,Normal
3391,2025-03-22 13:24:16,47,Lihat Perkara,SF68800C00FAF3A7A,Normal,Normal
3392,2025-03-22 13:24:41,47,Cari Berkas,SF68800C00FAF3A7A,Normal,Normal
3393,2025-03-22 13:25:02,47,Logout,SF68800C00FAF3A7A,Normal,Normal
3398,2025-03-22 14:20:26,29,Login,S8EFBDB582FB12185,Normal,Normal
3399,2025-03-22 14:23:07,29,Lihat Perkara,S8EFBDB582FB12185,Normal,Normal
3400,2025-03-22 14:26:07,29,Cari Berkas,S8EFBDB582FB12185,Normal,Normal
3401,2025-03-22 14:28:47,29,Logout,S8EFBDB582FB12185,Normal,Normal
3402,2025-03-22 14:33:47,46,Login,SE5B2DF55CAEA5BFB,Normal,Normal
3403,2025-03-22 14:34:26,46,Lihat Perkara,SE5B2DF55CAEA5BFB,Normal,Normal
3404,2025-03-22 14:35:53,46,Cari Berkas,SE5B2DF55CAEA5BFB,Normal,Normal
3405,2025-03-22 14:37:24,46,Logout,SE5B2DF55CAEA5BFB,Normal,Normal
3406,2025-03-22 16:10:15,65,Login,SCF805DCEFF5E45ED,Normal,Normal
3407,2025-03-22 16:11:12,65,Lihat Perkara,SCF805DCEFF5E45ED,Normal,Normal
3408,2025-03-22 16:11:52,65,Cari Berkas,SCF805DCEFF5E45ED,Normal,Normal
3409,2025-03-22 16:14:34,65,Logout,SCF805DCEFF5E45ED,Normal,Normal
3411,2025-03-23 01:07:04,1,Login,S76AD57F16EEC50CB,login_luar_jam,Low
3413,2025-03-23 06:17:31,33,Login,S844C978372DA02D0,login_luar_jam,Low
3418,2025-03-23 07:29:57,26,Login,S0E0F6619692661F5,Normal,Normal
3419,2025-03-23 07:32:48,26,Lihat Perkara,S0E0F6619692661F5,Normal,Normal
3420,2025-03-23 07:35:47,26,Cari Berkas,S0E0F6619692661F5,Normal,Normal
3421,2025-03-23 07:38:37,26,Logout,S0E0F6619692661F5,Normal,Normal
3422,2025-03-23 08:07:29,1,Dashboard,S76AD57F16EEC50CB,Normal,Normal
3425,2025-03-23 08:09:36,1,Kelola User,S76AD57F16EEC50CB,Normal,Normal
3427,2025-03-23 08:12:00,1,Kelola Kode Klasifikasi,S76AD57F16EEC50CB,Normal,Normal
3428,2025-03-23 08:13:24,1,Logout,S76AD57F16EEC50CB,Normal,Normal
3429,2025-03-23 08:53:16,22,Login,SF1458426FB481DED,Normal,Normal
3430,2025-03-23 08:55:12,22,Lihat Perkara,SF1458426FB481DED,Normal,Normal
3431,2025-03-23 08:57:53,22,Cari Berkas,SF1458426FB481DED,Normal,Normal
3432,2025-03-23 09:00:06,22,Logout,SF1458426FB481DED,Normal,Normal
3433,2025-03-23 09:18:34,84,Login,S0423793FDE3A564A,Normal,Normal
3434,2025-03-23 09:18:53,84,Dashboard,S0423793FDE3A564A,Normal,Normal
3435,2025-03-23 09:20:27,84,Kelola User,S0423793FDE3A564A,Normal,Normal
3436,2025-03-23 09:20:45,84,Kelola Kode Klasifikasi,S0423793FDE3A564A,Normal,Normal
3437,2025-03-23 09:23:29,84,Logout,S0423793FDE3A564A,Normal,Normal
3444,2025-03-23 10:21:03,66,Login,S9795795D2C017A94,Normal,Normal
3445,2025-03-23 10:23:01,66,Lihat Perkara,S9795795D2C017A94,Normal,Normal
3446,2025-03-23 10:25:01,66,Cari Berkas,S9795795D2C017A94,Normal,Normal
3447,2025-03-23 10:27:02,66,Logout,S9795795D2C017A94,Normal,Normal
3452,2025-03-23 11:33:07,82,Login,S21E5EED2A2EE459D,Normal,Normal
3453,2025-03-23 11:33:51,82,Lihat Perkara,S21E5EED2A2EE459D,Normal,Normal
3454,2025-03-23 11:34:32,82,Cari Berkas,S21E5EED2A2EE459D,Normal,Normal
3455,2025-03-23 11:36:25,82,Logout,S21E5EED2A2EE459D,Normal,Normal
3456,2025-03-23 12:31:31,8,Login,S64694F537F5085E7,Normal,Normal
3457,2025-03-23 12:34:01,8,Lihat Perkara,S64694F537F5085E7,ip_berubah,Low
3458,2025-03-23 12:35:22,8,Cari Berkas,S64694F537F5085E7,Normal,Normal
3459,2025-03-23 12:36:30,8,Logout,S64694F537F5085E7,Normal,Normal
3460,2025-03-23 13:18:55,33,Lihat Perkara,S844C978372DA02D0,Normal,Normal
3461,2025-03-23 13:20:43,33,Cari Berkas,S844C978372DA02D0,Normal,Normal
3462,2025-03-23 13:21:53,33,Logout,S844C978372DA02D0,Normal,Normal
3466,2025-03-24 00:53:40,42,Login,S794B0099081D4B79,login_luar_jam,Low
3471,2025-03-24 08:10:37,47,Login,SC1199D43480D0CF3,Normal,Normal
3472,2025-03-24 08:11:02,47,Lihat Perkara,SC1199D43480D0CF3,Normal,Normal
3473,2025-03-24 08:11:28,47,Cari Berkas,SC1199D43480D0CF3,durasi_tidak_wajar,Medium
3474,2025-03-24 08:13:44,47,Logout,SC1199D43480D0CF3,Normal,Normal
3475,2025-03-24 08:55:58,42,Lihat Perkara,S794B0099081D4B79,Normal,Normal
3476,2025-03-24 08:58:57,42,Cari Berkas,S794B0099081D4B79,Normal,Normal
3477,2025-03-24 09:01:16,42,Logout,S794B0099081D4B79,Normal,Normal
3482,2025-03-24 10:00:51,1,Login,S035C5A0B5630033C,Normal,Normal
3483,2025-03-24 10:01:20,1,Dashboard,S035C5A0B5630033C,Normal,Normal
3484,2025-03-24 10:03:41,1,Kelola User,S035C5A0B5630033C,peminjaman_massal,High
3485,2025-03-24 10:06:41,1,Kelola Kode Klasifikasi,S035C5A0B5630033C,Normal,Normal
3486,2025-03-24 10:07:15,1,Logout,S035C5A0B5630033C,Normal,Normal
3487,2025-03-24 12:52:29,57,Login,SC24967183AF1E2A2,Normal,Normal
3488,2025-03-24 12:54:16,57,Lihat Perkara,SC24967183AF1E2A2,aktivitas_terlalu_cepat,Medium
3489,2025-03-24 12:54:55,57,Cari Berkas,SC24967183AF1E2A2,Normal,Normal
3490,2025-03-24 12:57:47,57,Logout,SC24967183AF1E2A2,Normal,Normal
3495,2025-03-24 13:48:46,74,Login,S1C95870AC4B68B46,Normal,Normal
3496,2025-03-24 13:51:15,74,Lihat Perkara,S1C95870AC4B68B46,Normal,Normal
3497,2025-03-24 13:52:11,74,Cari Berkas,S1C95870AC4B68B46,Normal,Normal
3498,2025-03-24 13:54:38,74,Logout,S1C95870AC4B68B46,Normal,Normal
3503,2025-03-24 14:57:05,83,Login,SC8AAE0C8B05731FD,Normal,Normal
3504,2025-03-24 14:58:45,83,Lihat Perkara,SC8AAE0C8B05731FD,aktivitas_terlalu_cepat,Medium
3505,2025-03-24 15:01:21,83,Cari Berkas,SC8AAE0C8B05731FD,Normal,Normal
3506,2025-03-24 15:03:10,83,Logout,SC8AAE0C8B05731FD,peminjaman_massal,High
3516,2025-03-25 07:35:24,79,Login,S42E27EACE00650DF,Normal,Normal
3517,2025-03-25 07:35:49,79,Lihat Perkara,S42E27EACE00650DF,Normal,Normal
3518,2025-03-25 07:38:44,79,Cari Berkas,S42E27EACE00650DF,aktivitas_terlalu_cepat,Medium
3519,2025-03-25 07:39:11,79,Logout,S42E27EACE00650DF,Normal,Normal
3520,2025-03-25 08:05:34,65,Login,SB0C7700219566990,Normal,Normal
3521,2025-03-25 08:06:39,65,Lihat Perkara,SB0C7700219566990,ip_berubah,Low
3522,2025-03-25 08:07:54,65,Cari Berkas,SB0C7700219566990,Normal,Normal
3523,2025-03-25 08:10:05,65,Logout,SB0C7700219566990,Normal,Normal
3524,2025-03-25 09:30:15,53,Login,SA79617C47520D99E,Normal,Normal
3525,2025-03-25 09:32:18,53,Lihat Perkara,SA79617C47520D99E,Normal,Normal
3526,2025-03-25 09:34:31,53,Cari Berkas,SA79617C47520D99E,Normal,Normal
3527,2025-03-25 09:35:55,53,Logout,SA79617C47520D99E,Normal,Normal
3532,2025-03-25 14:16:11,86,Login,S57C8F6F60C0B2FD7,Normal,Normal
3534,2025-03-25 14:17:22,86,Lihat Perkara,S57C8F6F60C0B2FD7,Normal,Normal
3535,2025-03-25 14:18:19,86,Cari Berkas,S57C8F6F60C0B2FD7,Normal,Normal
3539,2025-03-25 14:21:17,86,Logout,S57C8F6F60C0B2FD7,Normal,Normal
3542,2025-03-25 14:43:25,41,Login,S4D8CC9C633A2B47B,Normal,Normal
3543,2025-03-25 14:44:44,41,Lihat Perkara,S4D8CC9C633A2B47B,Normal,Normal
3544,2025-03-25 14:45:53,41,Cari Berkas,S4D8CC9C633A2B47B,Normal,Normal
3545,2025-03-25 14:46:58,41,Logout,S4D8CC9C633A2B47B,Normal,Normal
3550,2025-03-26 00:01:20,48,Login,SA6009174AB403ED7,login_luar_jam,Low
3552,2025-03-26 07:12:04,54,Login,S81B83DE2EC073A4C,Normal,Normal
3553,2025-03-26 07:12:39,54,Lihat Perkara,S81B83DE2EC073A4C,Normal,Normal
3554,2025-03-26 07:13:26,54,Lihat Berkas,S81B83DE2EC073A4C,Normal,Normal
3555,2025-03-26 07:15:59,54,Input Berkas,S81B83DE2EC073A4C,Normal,Normal
3556,2025-03-26 07:17:18,54,Verifikasi,S81B83DE2EC073A4C,Normal,Normal
3557,2025-03-26 07:17:43,54,Logout,S81B83DE2EC073A4C,Normal,Normal
3558,2025-03-26 08:02:42,48,Lihat Perkara,SA6009174AB403ED7,Normal,Normal
3559,2025-03-26 08:03:13,48,Lihat Berkas,SA6009174AB403ED7,Normal,Normal
3560,2025-03-26 08:05:06,48,Input Berkas,SA6009174AB403ED7,Normal,Normal
3561,2025-03-26 08:06:28,48,Verifikasi,SA6009174AB403ED7,Normal,Normal
3562,2025-03-26 08:07:06,48,Logout,SA6009174AB403ED7,Normal,Normal
3563,2025-03-26 09:36:38,73,Login,S2B1A72F8751905B6,Normal,Normal
3564,2025-03-26 09:39:11,73,Lihat Perkara,S2B1A72F8751905B6,Normal,Normal
3565,2025-03-26 09:41:20,73,Cari Berkas,S2B1A72F8751905B6,peminjaman_massal,High
3566,2025-03-26 09:42:34,73,Logout,S2B1A72F8751905B6,Normal,Normal
3567,2025-03-26 10:50:47,52,Login,S9DE562C306E308F5,Normal,Normal
3568,2025-03-26 10:51:59,52,Lihat Perkara,S9DE562C306E308F5,Normal,Normal
3569,2025-03-26 10:53:38,52,Cari Berkas,S9DE562C306E308F5,Normal,Normal
3570,2025-03-26 10:54:04,52,Logout,S9DE562C306E308F5,Normal,Normal
3571,2025-03-26 13:07:07,51,Login,S9C4E7E7F3E44B4C7,Normal,Normal
3572,2025-03-26 13:07:57,51,Lihat Perkara,S9C4E7E7F3E44B4C7,Normal,Normal
3573,2025-03-26 13:10:40,51,Cari Berkas,S9C4E7E7F3E44B4C7,Normal,Normal
3574,2025-03-26 13:12:13,51,Logout,S9C4E7E7F3E44B4C7,Normal,Normal
3575,2025-03-26 13:42:57,6,Login,S470D8B462982C35F,Normal,Normal
3576,2025-03-26 13:45:02,6,Lihat Perkara,S470D8B462982C35F,Normal,Normal
3577,2025-03-26 13:45:27,6,Lihat Berkas,S470D8B462982C35F,Normal,Normal
3578,2025-03-26 13:46:38,6,Input Berkas,S470D8B462982C35F,Normal,Normal
3579,2025-03-26 13:47:42,6,Verifikasi,S470D8B462982C35F,Normal,Normal
3580,2025-03-26 13:48:48,6,Logout,S470D8B462982C35F,Normal,Normal
3581,2025-03-26 15:57:51,28,Login,SE599BD3C0BB81D38,Normal,Normal
3582,2025-03-26 15:58:36,28,Lihat Perkara,SE599BD3C0BB81D38,Normal,Normal
3584,2025-03-26 16:00:30,28,Cari Berkas,SE599BD3C0BB81D38,Normal,Normal
3585,2025-03-26 16:01:07,28,Logout,SE599BD3C0BB81D38,Normal,Normal
3588,2025-03-27 05:47:52,45,Login,SA84C04B4F604FCEF,login_luar_jam,Low
3590,2025-03-27 07:04:49,63,Login,S828236BC3E0B087A,Normal,Normal
3591,2025-03-27 07:06:59,63,Lihat Perkara,S828236BC3E0B087A,Normal,Normal
3592,2025-03-27 07:07:40,63,Cari Berkas,S828236BC3E0B087A,Normal,Normal
3593,2025-03-27 07:09:19,63,Logout,S828236BC3E0B087A,Normal,Normal
3594,2025-03-27 10:37:41,36,Login,SFF747A8A10E00199,Normal,Normal
3595,2025-03-27 10:39:56,36,Lihat Perkara,SFF747A8A10E00199,Normal,Normal
3596,2025-03-27 10:40:43,36,Cari Berkas,SFF747A8A10E00199,Normal,Normal
3597,2025-03-27 10:40:56,36,Logout,SFF747A8A10E00199,ip_berubah,Low
3598,2025-03-27 12:05:23,18,Login,S1FF49019AC4A7701,Normal,Normal
3599,2025-03-27 12:07:51,18,Lihat Perkara,S1FF49019AC4A7701,Normal,Normal
3600,2025-03-27 12:08:46,18,Cari Berkas,S1FF49019AC4A7701,Normal,Normal
3601,2025-03-27 12:10:23,18,Logout,S1FF49019AC4A7701,Normal,Normal
3617,2025-03-27 16:50:33,45,Lihat Perkara,SA84C04B4F604FCEF,Normal,Normal
3618,2025-03-27 16:52:11,45,Cari Berkas,SA84C04B4F604FCEF,Normal,Normal
3619,2025-03-27 16:52:41,45,Logout,SA84C04B4F604FCEF,Normal,Normal
3620,2025-03-28 00:27:46,62,Login,SFC3D31388A5A4272,login_luar_jam,Low
3621,2025-03-28 06:00:53,73,Login,S212552FA3094F256,login_luar_jam,Low
3626,2025-03-28 09:53:03,50,Login,SC2DD901D359A1533,Normal,Normal
3627,2025-03-28 09:55:18,50,Lihat Perkara,SC2DD901D359A1533,Normal,Normal
3628,2025-03-28 09:55:50,50,Cari Berkas,SC2DD901D359A1533,Normal,Normal
3629,2025-03-28 09:56:33,50,Logout,SC2DD901D359A1533,Normal,Normal
3638,2025-03-28 11:29:27,43,Login,S7D03B18AD799AA72,Normal,Normal
3639,2025-03-28 11:30:13,62,Lihat Perkara,SFC3D31388A5A4272,Normal,Normal
3640,2025-03-28 11:31:53,43,Lihat Perkara,S7D03B18AD799AA72,Normal,Normal
3641,2025-03-28 11:32:11,62,Cari Berkas,SFC3D31388A5A4272,Normal,Normal
3642,2025-03-28 11:33:51,43,Cari Berkas,S7D03B18AD799AA72,Normal,Normal
3643,2025-03-28 11:34:18,43,Logout,S7D03B18AD799AA72,Normal,Normal
3644,2025-03-28 11:34:43,62,Logout,SFC3D31388A5A4272,Normal,Normal
3645,2025-03-28 12:13:30,38,Login,SE1D82CB70A8A88D9,Normal,Normal
3646,2025-03-28 12:16:03,38,Lihat Perkara,SE1D82CB70A8A88D9,durasi_tidak_wajar,Medium
3647,2025-03-28 12:17:09,38,Cari Berkas,SE1D82CB70A8A88D9,Normal,Normal
3648,2025-03-28 12:19:12,38,Logout,SE1D82CB70A8A88D9,Normal,Normal
3649,2025-03-28 13:06:35,36,Login,S5CEDEC352C67E9F6,Normal,Normal
3650,2025-03-28 13:08:07,36,Lihat Perkara,S5CEDEC352C67E9F6,Normal,Normal
3651,2025-03-28 13:09:08,36,Cari Berkas,S5CEDEC352C67E9F6,Normal,Normal
3652,2025-03-28 13:12:07,36,Logout,S5CEDEC352C67E9F6,Normal,Normal
3653,2025-03-28 14:01:37,73,Lihat Perkara,S212552FA3094F256,Normal,Normal
3654,2025-03-28 14:03:38,73,Cari Berkas,S212552FA3094F256,durasi_tidak_wajar,Medium
3655,2025-03-28 14:04:18,73,Logout,S212552FA3094F256,Normal,Normal
3656,2025-03-28 15:03:04,57,Login,SE3E82C6D585F7F91,Normal,Normal
3657,2025-03-28 15:05:17,57,Lihat Perkara,SE3E82C6D585F7F91,Normal,Normal
3658,2025-03-28 15:07:09,57,Cari Berkas,SE3E82C6D585F7F91,Normal,Normal
3659,2025-03-28 15:07:28,57,Logout,SE3E82C6D585F7F91,Normal,Normal
3664,2025-03-28 16:15:40,51,Login,SD5BF85F32E3F674C,Normal,Normal
3665,2025-03-28 16:16:59,51,Lihat Perkara,SD5BF85F32E3F674C,Normal,Normal
3666,2025-03-28 16:19:33,51,Cari Berkas,SD5BF85F32E3F674C,Normal,Normal
3667,2025-03-28 16:22:32,51,Logout,SD5BF85F32E3F674C,Normal,Normal
3669,2025-03-29 07:24:09,70,Login,SF4028E77108D692F,Normal,Normal
3671,2025-03-29 07:26:42,70,Lihat Perkara,SF4028E77108D692F,Normal,Normal
3673,2025-03-29 07:28:46,70,Cari Berkas,SF4028E77108D692F,Normal,Normal
3676,2025-03-29 07:31:19,70,Logout,SF4028E77108D692F,Normal,Normal
3681,2025-03-29 08:05:39,82,Login,S4165964C0B21A308,Normal,Normal
3682,2025-03-29 08:07:01,82,Lihat Perkara,S4165964C0B21A308,Normal,Normal
3683,2025-03-29 08:08:02,82,Cari Berkas,S4165964C0B21A308,Normal,Normal
3684,2025-03-29 08:10:50,82,Logout,S4165964C0B21A308,Normal,Normal
3685,2025-03-29 08:53:28,76,Login,S699D0F7288ECA10B,Normal,Normal
3686,2025-03-29 08:53:41,76,Lihat Perkara,S699D0F7288ECA10B,Normal,Normal
3687,2025-03-29 08:55:55,76,Cari Berkas,S699D0F7288ECA10B,Normal,Normal
3688,2025-03-29 08:58:25,76,Logout,S699D0F7288ECA10B,Normal,Normal
3689,2025-03-29 09:37:57,30,Login,S534953CC8CC3E4C9,Normal,Normal
3690,2025-03-29 09:40:39,30,Lihat Perkara,S534953CC8CC3E4C9,Normal,Normal
3691,2025-03-29 09:43:37,30,Cari Berkas,S534953CC8CC3E4C9,Normal,Normal
3692,2025-03-29 09:44:09,30,Logout,S534953CC8CC3E4C9,Normal,Normal
3700,2025-03-29 14:06:03,41,Login,SB29E21268840E78A,Normal,Normal
3701,2025-03-29 14:07:18,41,Lihat Perkara,SB29E21268840E78A,durasi_tidak_wajar,Medium
3702,2025-03-29 14:09:11,41,Cari Berkas,SB29E21268840E78A,Normal,Normal
3703,2025-03-29 14:09:29,41,Logout,SB29E21268840E78A,Normal,Normal
3704,2025-03-29 16:23:24,6,Login,S76CC4AA5AFE0558C,Normal,Normal
3705,2025-03-29 16:25:09,6,Lihat Perkara,S76CC4AA5AFE0558C,Normal,Normal
3706,2025-03-29 16:25:25,6,Lihat Berkas,S76CC4AA5AFE0558C,Normal,Normal
3707,2025-03-29 16:26:18,6,Input Berkas,S76CC4AA5AFE0558C,Normal,Normal
3708,2025-03-29 16:27:30,6,Verifikasi,S76CC4AA5AFE0558C,Normal,Normal
3709,2025-03-29 16:30:29,6,Logout,S76CC4AA5AFE0558C,Normal,Normal
3710,2025-03-30 07:18:46,60,Login,S9328317841BC3273,Normal,Normal
3711,2025-03-30 07:20:38,60,Lihat Perkara,S9328317841BC3273,Normal,Normal
3712,2025-03-30 07:23:36,60,Cari Berkas,S9328317841BC3273,Normal,Normal
3713,2025-03-30 07:24:56,60,Logout,S9328317841BC3273,Normal,Normal
3718,2025-03-30 10:12:20,64,Login,SEF69A9805AD479EF,Normal,Normal
3719,2025-03-30 10:13:30,64,Lihat Perkara,SEF69A9805AD479EF,peminjaman_massal,High
3720,2025-03-30 10:16:11,64,Cari Berkas,SEF69A9805AD479EF,Normal,Normal
3721,2025-03-30 10:17:42,64,Logout,SEF69A9805AD479EF,Normal,Normal
3730,2025-03-30 13:17:56,43,Login,S266CAFEA2103E906,Normal,Normal
3731,2025-03-30 13:20:03,43,Lihat Perkara,S266CAFEA2103E906,Normal,Normal
3732,2025-03-30 13:21:47,43,Cari Berkas,S266CAFEA2103E906,Normal,Normal
3733,2025-03-30 13:22:01,43,Logout,S266CAFEA2103E906,Normal,Normal
3738,2025-03-30 13:48:57,23,Login,S4412DC0386BBA566,Normal,Normal
3739,2025-03-30 13:49:23,23,Lihat Perkara,S4412DC0386BBA566,aktivitas_terlalu_cepat,Medium
3740,2025-03-30 13:52:04,23,Cari Berkas,S4412DC0386BBA566,durasi_tidak_wajar,Medium
3741,2025-03-30 13:53:44,23,Logout,S4412DC0386BBA566,Normal,Normal
3742,2025-03-30 15:34:28,61,Login,SAED54A468BDE005B,Normal,Normal
3743,2025-03-30 15:34:56,61,Lihat Perkara,SAED54A468BDE005B,Normal,Normal
3744,2025-03-30 15:35:10,61,Cari Berkas,SAED54A468BDE005B,Normal,Normal
3745,2025-03-30 15:37:50,61,Logout,SAED54A468BDE005B,Normal,Normal
3746,2025-03-30 16:12:18,1,Login,S2C77A12591D5BFDD,Normal,Normal
3747,2025-03-30 16:14:45,1,Dashboard,S2C77A12591D5BFDD,Normal,Normal
3748,2025-03-30 16:16:06,1,Kelola User,S2C77A12591D5BFDD,Normal,Normal
3749,2025-03-30 16:18:53,1,Kelola Kode Klasifikasi,S2C77A12591D5BFDD,Normal,Normal
3750,2025-03-30 16:21:13,1,Logout,S2C77A12591D5BFDD,Normal,Normal
3756,2025-03-31 08:09:09,30,Login,S7801792BA53A43D6,Normal,Normal
3757,2025-03-31 08:11:16,30,Lihat Perkara,S7801792BA53A43D6,Normal,Normal
3758,2025-03-31 08:12:21,30,Cari Berkas,S7801792BA53A43D6,Normal,Normal
3759,2025-03-31 08:13:21,30,Logout,S7801792BA53A43D6,Normal,Normal
3760,2025-03-31 09:40:27,31,Login,SA15DD7C43A38204B,Normal,Normal
3761,2025-03-31 09:43:15,31,Lihat Perkara,SA15DD7C43A38204B,Normal,Normal
3762,2025-03-31 09:46:12,31,Cari Berkas,SA15DD7C43A38204B,device_berubah,Low
3763,2025-03-31 09:46:34,31,Logout,SA15DD7C43A38204B,Normal,Normal
3764,2025-03-31 14:33:20,65,Login,SD2CC48539CEF5EF4,aktivitas_terlalu_cepat,Medium
3765,2025-03-31 14:34:33,65,Lihat Perkara,SD2CC48539CEF5EF4,Normal,Normal
3766,2025-03-31 14:35:28,65,Cari Berkas,SD2CC48539CEF5EF4,Normal,Normal
3767,2025-03-31 14:38:16,65,Logout,SD2CC48539CEF5EF4,Normal,Normal
3771,2025-03-31 15:55:41,78,Login,S4F1E1A378AC8AD93,Normal,Normal
3772,2025-03-31 15:56:00,78,Lihat Perkara,S4F1E1A378AC8AD93,Normal,Normal
3773,2025-03-31 15:56:33,78,Cari Berkas,S4F1E1A378AC8AD93,Normal,Normal
3774,2025-03-31 15:56:57,78,Logout,S4F1E1A378AC8AD93,Normal,Normal
3779,2025-03-31 16:23:53,44,Login,SCC6262D5C2DA6C78,Normal,Normal
3780,2025-03-31 16:25:14,44,Lihat Perkara,SCC6262D5C2DA6C78,Normal,Normal
3781,2025-03-31 16:26:39,44,Cari Berkas,SCC6262D5C2DA6C78,ip_berubah,Low
3782,2025-03-31 16:27:24,44,Logout,SCC6262D5C2DA6C78,Normal,Normal
3783,2025-04-01 00:52:37,21,Login,S8990779CECC3B699,login_luar_jam,Low
3784,2025-04-01 07:35:01,28,Login,S8D8B4C60ACC54C62,Normal,Normal
3785,2025-04-01 07:37:45,28,Lihat Perkara,S8D8B4C60ACC54C62,Normal,Normal
3786,2025-04-01 07:40:00,28,Cari Berkas,S8D8B4C60ACC54C62,verifikasi_massal,High
3787,2025-04-01 07:40:16,28,Logout,S8D8B4C60ACC54C62,durasi_tidak_wajar,Medium
3788,2025-04-01 09:52:54,21,Lihat Perkara,S8990779CECC3B699,Normal,Normal
3789,2025-04-01 09:55:08,21,Cari Berkas,S8990779CECC3B699,Normal,Normal
3790,2025-04-01 09:57:29,21,Logout,S8990779CECC3B699,Normal,Normal
3791,2025-04-01 10:09:40,76,Login,S82221AD3ECA391D4,Normal,Normal
3792,2025-04-01 10:10:22,76,Lihat Perkara,S82221AD3ECA391D4,Normal,Normal
3793,2025-04-01 10:10:58,76,Cari Berkas,S82221AD3ECA391D4,Normal,Normal
3794,2025-04-01 10:12:47,76,Logout,S82221AD3ECA391D4,Normal,Normal
3795,2025-04-01 10:26:17,38,Login,S2F5DFF13759A9725,Normal,Normal
3796,2025-04-01 10:28:52,38,Lihat Perkara,S2F5DFF13759A9725,Normal,Normal
3797,2025-04-01 10:31:07,38,Cari Berkas,S2F5DFF13759A9725,Normal,Normal
3798,2025-04-01 10:32:03,38,Logout,S2F5DFF13759A9725,Normal,Normal
3803,2025-04-01 11:45:56,37,Login,S05808066322C3DAE,Normal,Normal
3804,2025-04-01 11:46:31,37,Lihat Perkara,S05808066322C3DAE,Normal,Normal
3805,2025-04-01 11:46:46,37,Cari Berkas,S05808066322C3DAE,Normal,Normal
3806,2025-04-01 11:47:31,37,Logout,S05808066322C3DAE,Normal,Normal
3807,2025-04-01 12:53:26,31,Login,SB7893986573BFC17,Normal,Normal
3808,2025-04-01 12:53:51,31,Lihat Perkara,SB7893986573BFC17,Normal,Normal
3809,2025-04-01 12:54:06,31,Cari Berkas,SB7893986573BFC17,Normal,Normal
3810,2025-04-01 12:54:53,31,Logout,SB7893986573BFC17,Normal,Normal
3811,2025-04-01 13:28:14,72,Login,SC3F8F3CC5B3CF9FE,ip_berubah,Low
3812,2025-04-01 13:30:17,72,Lihat Perkara,SC3F8F3CC5B3CF9FE,ip_berubah,Low
3813,2025-04-01 13:31:43,72,Cari Berkas,SC3F8F3CC5B3CF9FE,Normal,Normal
3814,2025-04-01 13:33:09,72,Logout,SC3F8F3CC5B3CF9FE,Normal,Normal
3815,2025-04-01 13:51:39,33,Login,S602C98871CECB536,Normal,Normal
3816,2025-04-01 13:53:11,33,Lihat Perkara,S602C98871CECB536,Normal,Normal
3817,2025-04-01 13:54:27,33,Cari Berkas,S602C98871CECB536,Normal,Normal
3818,2025-04-01 13:57:08,33,Logout,S602C98871CECB536,Normal,Normal
3819,2025-04-01 13:59:07,46,Login,S8FE08AF7BA3AB69D,Normal,Normal
3820,2025-04-01 14:01:55,46,Lihat Perkara,S8FE08AF7BA3AB69D,Normal,Normal
3821,2025-04-01 14:02:39,46,Cari Berkas,S8FE08AF7BA3AB69D,Normal,Normal
3822,2025-04-01 14:05:10,46,Logout,S8FE08AF7BA3AB69D,Normal,Normal
3823,2025-04-01 14:40:24,75,Login,S027E789CCE40483B,Normal,Normal
3824,2025-04-01 14:42:41,75,Lihat Perkara,S027E789CCE40483B,Normal,Normal
3825,2025-04-01 14:43:25,75,Cari Berkas,S027E789CCE40483B,Normal,Normal
3826,2025-04-01 14:46:16,75,Logout,S027E789CCE40483B,Normal,Normal
3827,2025-04-01 15:18:45,19,Login,S5A968960C6BDCE43,Normal,Normal
3828,2025-04-01 15:20:33,19,Lihat Perkara,S5A968960C6BDCE43,Normal,Normal
3829,2025-04-01 15:23:20,19,Cari Berkas,S5A968960C6BDCE43,Normal,Normal
3830,2025-04-01 15:23:58,71,Login,S3DEC163CFD5DDA42,Normal,Normal
3831,2025-04-01 15:25:45,19,Logout,S5A968960C6BDCE43,Normal,Normal
3832,2025-04-01 15:26:16,71,Lihat Perkara,S3DEC163CFD5DDA42,Normal,Normal
3833,2025-04-01 15:29:10,71,Cari Berkas,S3DEC163CFD5DDA42,durasi_tidak_wajar,Medium
3834,2025-04-01 15:29:48,71,Logout,S3DEC163CFD5DDA42,Normal,Normal
3839,2025-04-02 10:54:58,59,Login,S9EEEF474C205A109,Normal,Normal
3840,2025-04-02 10:57:25,59,Lihat Perkara,S9EEEF474C205A109,Normal,Normal
3841,2025-04-02 10:58:27,59,Cari Berkas,S9EEEF474C205A109,Normal,Normal
3842,2025-04-02 10:59:01,59,Logout,S9EEEF474C205A109,Normal,Normal
3843,2025-04-02 11:26:43,19,Login,S850122E2077BBB90,Normal,Normal
3844,2025-04-02 11:28:35,19,Lihat Perkara,S850122E2077BBB90,aktivitas_terlalu_cepat,Medium
3845,2025-04-02 11:31:09,19,Cari Berkas,S850122E2077BBB90,Normal,Normal
3846,2025-04-02 11:32:55,19,Logout,S850122E2077BBB90,Normal,Normal
3847,2025-04-02 11:55:04,20,Login,SCF42CE0A539E832E,Normal,Normal
3848,2025-04-02 11:56:16,20,Lihat Perkara,SCF42CE0A539E832E,Normal,Normal
3849,2025-04-02 11:58:41,20,Cari Berkas,SCF42CE0A539E832E,Normal,Normal
3850,2025-04-02 11:59:51,20,Logout,SCF42CE0A539E832E,Normal,Normal
3851,2025-04-02 14:13:27,36,Login,S6996BC941DC13D33,Normal,Normal
3852,2025-04-02 14:15:18,36,Lihat Perkara,S6996BC941DC13D33,Normal,Normal
3853,2025-04-02 14:15:33,36,Cari Berkas,S6996BC941DC13D33,Normal,Normal
3854,2025-04-02 14:16:38,36,Logout,S6996BC941DC13D33,Normal,Normal
3856,2025-04-03 02:50:12,33,Login,S4EF8A78734C5DD5B,login_luar_jam,Low
3858,2025-04-03 07:26:22,18,Login,S91225311374E5DFF,Normal,Normal
3859,2025-04-03 07:29:13,18,Lihat Perkara,S91225311374E5DFF,Normal,Normal
3860,2025-04-03 07:30:47,18,Cari Berkas,S91225311374E5DFF,Normal,Normal
3861,2025-04-03 07:31:22,18,Logout,S91225311374E5DFF,Normal,Normal
3862,2025-04-03 08:50:28,33,Lihat Perkara,S4EF8A78734C5DD5B,Normal,Normal
3863,2025-04-03 08:52:54,33,Cari Berkas,S4EF8A78734C5DD5B,Normal,Normal
3864,2025-04-03 08:55:38,33,Logout,S4EF8A78734C5DD5B,ip_berubah,Low
3865,2025-04-03 10:11:08,33,Login,S25E8C83D8D5DE8D9,Normal,Normal
3866,2025-04-03 10:13:40,33,Lihat Perkara,S25E8C83D8D5DE8D9,Normal,Normal
3867,2025-04-03 10:14:29,33,Cari Berkas,S25E8C83D8D5DE8D9,durasi_tidak_wajar,Medium
3868,2025-04-03 10:15:51,33,Logout,S25E8C83D8D5DE8D9,Normal,Normal
3873,2025-04-03 11:10:45,51,Login,S232F900E798CEFA5,Normal,Normal
3874,2025-04-03 11:12:51,51,Lihat Perkara,S232F900E798CEFA5,Normal,Normal
3875,2025-04-03 11:12:58,55,Login,S766C8D33819CEA5F,device_berubah,Low
3876,2025-04-03 11:13:38,51,Cari Berkas,S232F900E798CEFA5,Normal,Normal
3877,2025-04-03 11:13:59,51,Logout,S232F900E798CEFA5,Normal,Normal
3878,2025-04-03 11:14:53,55,Lihat Perkara,S766C8D33819CEA5F,Normal,Normal
3879,2025-04-03 11:16:06,55,Lihat Berkas,S766C8D33819CEA5F,Normal,Normal
3880,2025-04-03 11:17:34,55,Input Berkas,S766C8D33819CEA5F,Normal,Normal
3881,2025-04-03 11:18:01,55,Verifikasi,S766C8D33819CEA5F,Normal,Normal
3882,2025-04-03 11:18:41,55,Logout,S766C8D33819CEA5F,Normal,Normal
3883,2025-04-03 11:34:28,79,Login,SE70E695A9B605D6F,Normal,Normal
3884,2025-04-03 11:35:56,79,Lihat Perkara,SE70E695A9B605D6F,Normal,Normal
3885,2025-04-03 11:36:27,79,Cari Berkas,SE70E695A9B605D6F,Normal,Normal
3886,2025-04-03 11:39:27,79,Logout,SE70E695A9B605D6F,Normal,Normal
3887,2025-04-03 13:22:23,73,Login,SC973C84E2D4C0413,Normal,Normal
3888,2025-04-03 13:24:35,73,Lihat Perkara,SC973C84E2D4C0413,Normal,Normal
3889,2025-04-03 13:26:43,73,Cari Berkas,SC973C84E2D4C0413,Normal,Normal
3890,2025-04-03 13:28:15,73,Logout,SC973C84E2D4C0413,Normal,Normal
3894,2025-04-03 14:31:20,38,Login,SE6035C26079313DB,Normal,Normal
3895,2025-04-03 14:33:55,38,Lihat Perkara,SE6035C26079313DB,Normal,Normal
3897,2025-04-03 14:36:25,38,Cari Berkas,SE6035C26079313DB,Normal,Normal
3898,2025-04-03 14:36:38,38,Logout,SE6035C26079313DB,Normal,Normal
3902,2025-04-03 15:41:35,18,Login,S91678C1ABE065757,peminjaman_massal,High
3903,2025-04-03 15:43:25,18,Lihat Perkara,S91678C1ABE065757,Normal,Normal
3904,2025-04-03 15:45:38,18,Cari Berkas,S91678C1ABE065757,Normal,Normal
3905,2025-04-03 15:46:43,18,Logout,S91678C1ABE065757,Normal,Normal
3906,2025-04-03 16:31:29,63,Login,SBEE3FA4704F2A3FA,Normal,Normal
3907,2025-04-03 16:34:25,63,Lihat Perkara,SBEE3FA4704F2A3FA,Normal,Normal
3908,2025-04-03 16:35:52,63,Cari Berkas,SBEE3FA4704F2A3FA,Normal,Normal
3909,2025-04-03 16:37:47,63,Logout,SBEE3FA4704F2A3FA,Normal,Normal
3913,2025-04-04 06:20:57,69,Login,SB70BF7F65750C156,login_luar_jam,Low
3914,2025-04-04 07:54:55,32,Login,S7631DE9DDDE9F863,Normal,Normal
3915,2025-04-04 07:56:11,32,Lihat Perkara,S7631DE9DDDE9F863,Normal,Normal
3916,2025-04-04 07:57:58,32,Cari Berkas,S7631DE9DDDE9F863,aktivitas_terlalu_cepat,Medium
3917,2025-04-04 07:59:31,32,Logout,S7631DE9DDDE9F863,Normal,Normal
3918,2025-04-04 08:34:23,29,Login,S172F0D9BEB02C661,Normal,Normal
3919,2025-04-04 08:35:20,29,Lihat Perkara,S172F0D9BEB02C661,Normal,Normal
3920,2025-04-04 08:36:51,29,Cari Berkas,S172F0D9BEB02C661,Normal,Normal
3921,2025-04-04 08:39:32,29,Logout,S172F0D9BEB02C661,Normal,Normal
3922,2025-04-04 09:22:24,69,Lihat Perkara,SB70BF7F65750C156,ip_berubah,Low
3923,2025-04-04 09:24:16,69,Cari Berkas,SB70BF7F65750C156,Normal,Normal
3924,2025-04-04 09:27:02,69,Logout,SB70BF7F65750C156,Normal,Normal
3927,2025-04-04 10:20:19,85,Login,S22B94234EEDA2259,Normal,Normal
3930,2025-04-04 10:22:16,85,Lihat Perkara,S22B94234EEDA2259,device_berubah,Low
3931,2025-04-04 10:24:11,85,Lihat Berkas,S22B94234EEDA2259,Normal,Normal
3932,2025-04-04 10:26:22,85,Input Berkas,S22B94234EEDA2259,Normal,Normal
3933,2025-04-04 10:28:59,85,Verifikasi,S22B94234EEDA2259,Normal,Normal
3934,2025-04-04 10:29:35,40,Login,SBFFA7A4F0F1972DB,durasi_tidak_wajar,Medium
3935,2025-04-04 10:30:51,40,Lihat Perkara,SBFFA7A4F0F1972DB,Normal,Normal
3936,2025-04-04 10:31:53,85,Logout,S22B94234EEDA2259,Normal,Normal
3937,2025-04-04 10:32:45,40,Cari Berkas,SBFFA7A4F0F1972DB,Normal,Normal
3938,2025-04-04 10:34:47,40,Logout,SBFFA7A4F0F1972DB,Normal,Normal
3943,2025-04-04 11:58:04,80,Login,S7BD6DFBAB1D381A2,Normal,Normal
3944,2025-04-04 11:58:54,80,Lihat Perkara,S7BD6DFBAB1D381A2,Normal,Normal
3945,2025-04-04 12:01:52,80,Cari Berkas,S7BD6DFBAB1D381A2,Normal,Normal
3946,2025-04-04 12:02:46,80,Logout,S7BD6DFBAB1D381A2,Normal,Normal
3961,2025-04-05 13:38:43,41,Login,S94634072A8BEDB45,Normal,Normal
3963,2025-04-05 13:41:01,41,Lihat Perkara,S94634072A8BEDB45,Normal,Normal
3965,2025-04-05 13:43:27,41,Cari Berkas,S94634072A8BEDB45,Normal,Normal
3966,2025-04-05 13:44:40,41,Logout,S94634072A8BEDB45,durasi_tidak_wajar,Medium
3967,2025-04-05 13:51:47,36,Login,S7A0A97C192242628,Normal,Normal
3968,2025-04-05 13:53:34,36,Lihat Perkara,S7A0A97C192242628,Normal,Normal
3969,2025-04-05 13:56:08,36,Cari Berkas,S7A0A97C192242628,Normal,Normal
3970,2025-04-05 13:56:55,36,Logout,S7A0A97C192242628,Normal,Normal
3971,2025-04-05 14:41:38,76,Login,S5A93D16CA47F499D,Normal,Normal
3972,2025-04-05 14:44:03,76,Lihat Perkara,S5A93D16CA47F499D,Normal,Normal
3973,2025-04-05 14:45:54,76,Cari Berkas,S5A93D16CA47F499D,Normal,Normal
3974,2025-04-05 14:47:51,76,Logout,S5A93D16CA47F499D,Normal,Normal
3975,2025-04-05 15:04:43,64,Login,S37A1D11DAB31F518,Normal,Normal
3976,2025-04-05 15:06:36,64,Lihat Perkara,S37A1D11DAB31F518,Normal,Normal
3977,2025-04-05 15:07:31,64,Cari Berkas,S37A1D11DAB31F518,Normal,Normal
3978,2025-04-05 15:08:46,64,Logout,S37A1D11DAB31F518,Normal,Normal
3980,2025-04-06 00:02:23,50,Login,SB0595815BF32DBC5,login_luar_jam,Low
3981,2025-04-06 07:36:46,42,Login,S332CD7780621E9E2,Normal,Normal
3982,2025-04-06 07:38:54,42,Lihat Perkara,S332CD7780621E9E2,Normal,Normal
3983,2025-04-06 07:41:44,42,Cari Berkas,S332CD7780621E9E2,Normal,Normal
3984,2025-04-06 07:43:29,42,Logout,S332CD7780621E9E2,ip_berubah,Low
3985,2025-04-06 07:57:17,86,Login,S232ABD547D9AEEF5,Normal,Normal
3986,2025-04-06 07:58:24,86,Lihat Perkara,S232ABD547D9AEEF5,Normal,Normal
3987,2025-04-06 08:00:33,86,Cari Berkas,S232ABD547D9AEEF5,Normal,Normal
3988,2025-04-06 08:01:36,86,Logout,S232ABD547D9AEEF5,Normal,Normal
3989,2025-04-06 08:17:55,52,Login,S3503AE051EFECE73,Normal,Normal
3990,2025-04-06 08:18:22,52,Lihat Perkara,S3503AE051EFECE73,Normal,Normal
3991,2025-04-06 08:19:36,52,Cari Berkas,S3503AE051EFECE73,Normal,Normal
3992,2025-04-06 08:21:41,52,Logout,S3503AE051EFECE73,Normal,Normal
4001,2025-04-06 12:04:41,50,Lihat Perkara,SB0595815BF32DBC5,Normal,Normal
4002,2025-04-06 12:05:02,50,Cari Berkas,SB0595815BF32DBC5,Normal,Normal
4003,2025-04-06 12:07:46,50,Logout,SB0595815BF32DBC5,Normal,Normal
4004,2025-04-06 12:21:04,80,Login,S17BB849EB3093956,Normal,Normal
4005,2025-04-06 12:22:01,80,Lihat Perkara,S17BB849EB3093956,Normal,Normal
4006,2025-04-06 12:23:54,80,Cari Berkas,S17BB849EB3093956,Normal,Normal
4007,2025-04-06 12:25:55,80,Logout,S17BB849EB3093956,Normal,Normal
4019,2025-04-06 15:20:18,48,Login,S4761E3A7776A3CBB,Normal,Normal
4020,2025-04-06 15:20:41,48,Lihat Perkara,S4761E3A7776A3CBB,Normal,Normal
4021,2025-04-06 15:22:46,48,Lihat Berkas,S4761E3A7776A3CBB,Normal,Normal
4022,2025-04-06 15:23:31,48,Input Berkas,S4761E3A7776A3CBB,Normal,Normal
4023,2025-04-06 15:25:13,48,Verifikasi,S4761E3A7776A3CBB,Normal,Normal
4024,2025-04-06 15:26:39,48,Logout,S4761E3A7776A3CBB,Normal,Normal
4030,2025-04-06 16:23:49,33,Login,S736C1A10E4BC9BEF,aktivitas_terlalu_cepat,Medium
4031,2025-04-06 16:25:15,33,Lihat Perkara,S736C1A10E4BC9BEF,Normal,Normal
4032,2025-04-06 16:25:36,33,Cari Berkas,S736C1A10E4BC9BEF,Normal,Normal
4033,2025-04-06 16:27:40,33,Logout,S736C1A10E4BC9BEF,Normal,Normal
4034,2025-04-06 16:51:28,33,Login,S3F01632302DE709F,Normal,Normal
4035,2025-04-06 16:53:22,33,Lihat Perkara,S3F01632302DE709F,Normal,Normal
4036,2025-04-06 16:54:58,33,Cari Berkas,S3F01632302DE709F,Normal,Normal
4037,2025-04-06 16:57:32,33,Logout,S3F01632302DE709F,Normal,Normal
4038,2025-04-07 07:04:03,20,Login,S73F1DF2609502A6C,Normal,Normal
4039,2025-04-07 07:06:39,20,Lihat Perkara,S73F1DF2609502A6C,Normal,Normal
4040,2025-04-07 07:08:19,20,Cari Berkas,S73F1DF2609502A6C,Normal,Normal
4041,2025-04-07 07:08:33,20,Logout,S73F1DF2609502A6C,Normal,Normal
4042,2025-04-07 08:29:50,39,Login,S3FDE82AEB0EF0AA9,aktivitas_terlalu_cepat,Medium
4043,2025-04-07 08:30:52,39,Lihat Perkara,S3FDE82AEB0EF0AA9,Normal,Normal
4044,2025-04-07 08:32:35,39,Cari Berkas,S3FDE82AEB0EF0AA9,Normal,Normal
4045,2025-04-07 08:33:02,39,Logout,S3FDE82AEB0EF0AA9,Normal,Normal
4046,2025-04-07 11:10:49,61,Login,SCBB5AB50CCA7FA3B,Normal,Normal
4048,2025-04-07 11:11:58,61,Lihat Perkara,SCBB5AB50CCA7FA3B,Normal,Normal
4049,2025-04-07 11:12:12,61,Cari Berkas,SCBB5AB50CCA7FA3B,Normal,Normal
4052,2025-04-07 11:15:03,61,Logout,SCBB5AB50CCA7FA3B,Normal,Normal
4054,2025-04-07 12:19:17,18,Login,S9EC75492C8FF6EC3,Normal,Normal
4055,2025-04-07 12:19:44,18,Lihat Perkara,S9EC75492C8FF6EC3,Normal,Normal
4056,2025-04-07 12:20:51,18,Cari Berkas,S9EC75492C8FF6EC3,Normal,Normal
4057,2025-04-07 12:22:54,18,Logout,S9EC75492C8FF6EC3,Normal,Normal
4058,2025-04-07 13:02:26,18,Login,S6A7FF301B41865F4,ip_berubah,Low
4059,2025-04-07 13:05:19,18,Lihat Perkara,S6A7FF301B41865F4,Normal,Normal
4060,2025-04-07 13:05:45,18,Cari Berkas,S6A7FF301B41865F4,Normal,Normal
4061,2025-04-07 13:06:56,18,Logout,S6A7FF301B41865F4,Normal,Normal
4066,2025-04-07 14:23:05,76,Login,S5809F249DB90F232,Normal,Normal
4067,2025-04-07 14:25:10,76,Lihat Perkara,S5809F249DB90F232,Normal,Normal
4068,2025-04-07 14:26:14,76,Cari Berkas,S5809F249DB90F232,Normal,Normal
4069,2025-04-07 14:28:20,76,Logout,S5809F249DB90F232,Normal,Normal
4074,2025-04-08 02:32:33,46,Login,SB66C4A03378AA526,login_luar_jam,Low
4079,2025-04-08 08:33:30,86,Login,S8441AEFD0299436A,Normal,Normal
4080,2025-04-08 08:34:41,86,Lihat Perkara,S8441AEFD0299436A,Normal,Normal
4081,2025-04-08 08:36:35,86,Cari Berkas,S8441AEFD0299436A,Normal,Normal
4082,2025-04-08 08:38:50,86,Logout,S8441AEFD0299436A,Normal,Normal
4093,2025-04-08 10:30:56,44,Login,S62A50EEC881AF04F,Normal,Normal
4094,2025-04-08 10:33:20,44,Lihat Perkara,S62A50EEC881AF04F,Normal,Normal
4095,2025-04-08 10:35:31,46,Lihat Perkara,SB66C4A03378AA526,Normal,Normal
4096,2025-04-08 10:36:18,44,Cari Berkas,S62A50EEC881AF04F,peminjaman_massal,High
4097,2025-04-08 10:37:31,44,Logout,S62A50EEC881AF04F,Normal,Normal
4098,2025-04-08 10:38:19,46,Cari Berkas,SB66C4A03378AA526,Normal,Normal
4099,2025-04-08 10:40:02,46,Logout,SB66C4A03378AA526,Normal,Normal
4104,2025-04-08 11:50:45,43,Login,S340155BDB6AC1C8E,Normal,Normal
4105,2025-04-08 11:52:08,43,Lihat Perkara,S340155BDB6AC1C8E,Normal,Normal
4106,2025-04-08 11:52:34,30,Login,S944D25206521797D,Normal,Normal
4107,2025-04-08 11:54:24,43,Cari Berkas,S340155BDB6AC1C8E,Normal,Normal
4108,2025-04-08 11:54:44,30,Lihat Perkara,S944D25206521797D,Normal,Normal
4109,2025-04-08 11:56:11,43,Logout,S340155BDB6AC1C8E,Normal,Normal
4110,2025-04-08 11:56:41,30,Cari Berkas,S944D25206521797D,Normal,Normal
4111,2025-04-08 11:59:20,30,Logout,S944D25206521797D,Normal,Normal
4112,2025-04-08 14:27:02,27,Login,S349EF4A954C29D5C,Normal,Normal
4113,2025-04-08 14:29:33,27,Lihat Perkara,S349EF4A954C29D5C,Normal,Normal
4114,2025-04-08 14:32:01,27,Cari Berkas,S349EF4A954C29D5C,Normal,Normal
4115,2025-04-08 14:33:18,27,Logout,S349EF4A954C29D5C,Normal,Normal
4116,2025-04-08 15:45:08,25,Login,SB01DE9361527690A,Normal,Normal
4117,2025-04-08 15:45:43,25,Lihat Perkara,SB01DE9361527690A,Normal,Normal
4118,2025-04-08 15:47:45,25,Cari Berkas,SB01DE9361527690A,Normal,Normal
4119,2025-04-08 15:50:12,25,Logout,SB01DE9361527690A,Normal,Normal
4120,2025-04-09 08:30:18,79,Login,S4C4C83D0D3DAB73B,Normal,Normal
4121,2025-04-09 08:30:29,79,Lihat Perkara,S4C4C83D0D3DAB73B,Normal,Normal
4122,2025-04-09 08:32:23,79,Cari Berkas,S4C4C83D0D3DAB73B,Normal,Normal
4123,2025-04-09 08:34:05,79,Logout,S4C4C83D0D3DAB73B,Normal,Normal
4124,2025-04-09 08:37:55,30,Login,S07D0051CCA519807,Normal,Normal
4125,2025-04-09 08:40:52,30,Lihat Perkara,S07D0051CCA519807,Normal,Normal
4126,2025-04-09 08:43:18,30,Cari Berkas,S07D0051CCA519807,Normal,Normal
4127,2025-04-09 08:45:19,30,Logout,S07D0051CCA519807,Normal,Normal
4128,2025-04-09 09:08:20,1,Login,S3C52D68A8EC61BE5,Normal,Normal
4129,2025-04-09 09:10:45,1,Dashboard,S3C52D68A8EC61BE5,Normal,Normal
4130,2025-04-09 09:11:19,1,Kelola User,S3C52D68A8EC61BE5,Normal,Normal
4131,2025-04-09 09:14:07,1,Kelola Kode Klasifikasi,S3C52D68A8EC61BE5,Normal,Normal
4132,2025-04-09 09:15:49,1,Logout,S3C52D68A8EC61BE5,Normal,Normal
4133,2025-04-09 10:08:03,80,Login,S118F3C4FB982FD52,Normal,Normal
4134,2025-04-09 10:08:57,80,Lihat Perkara,S118F3C4FB982FD52,Normal,Normal
4135,2025-04-09 10:09:19,80,Cari Berkas,S118F3C4FB982FD52,Normal,Normal
4136,2025-04-09 10:11:38,80,Logout,S118F3C4FB982FD52,device_berubah,Low
4137,2025-04-09 10:43:40,57,Login,S395044A9BC0D11C7,Normal,Normal
4138,2025-04-09 10:44:08,57,Lihat Perkara,S395044A9BC0D11C7,Normal,Normal
4139,2025-04-09 10:47:03,57,Cari Berkas,S395044A9BC0D11C7,Normal,Normal
4140,2025-04-09 10:49:07,57,Logout,S395044A9BC0D11C7,Normal,Normal
4141,2025-04-09 11:29:15,48,Login,S7BF33A349C2DFA97,Normal,Normal
4142,2025-04-09 11:30:36,48,Lihat Perkara,S7BF33A349C2DFA97,Normal,Normal
4143,2025-04-09 11:33:08,48,Lihat Berkas,S7BF33A349C2DFA97,Normal,Normal
4144,2025-04-09 11:34:34,48,Input Berkas,S7BF33A349C2DFA97,peminjaman_massal,High
4145,2025-04-09 11:35:41,48,Verifikasi,S7BF33A349C2DFA97,Normal,Normal
4146,2025-04-09 11:37:07,48,Logout,S7BF33A349C2DFA97,Normal,Normal
4151,2025-04-09 12:07:51,82,Login,SB73F6E64378D2F8D,Normal,Normal
4152,2025-04-09 12:08:44,82,Lihat Perkara,SB73F6E64378D2F8D,Normal,Normal
4153,2025-04-09 12:11:11,82,Cari Berkas,SB73F6E64378D2F8D,Normal,Normal
4154,2025-04-09 12:11:22,82,Logout,SB73F6E64378D2F8D,Normal,Normal
4159,2025-04-09 13:20:59,75,Login,S9F4AB6AC42AC5CF3,Normal,Normal
4160,2025-04-09 13:22:20,75,Lihat Perkara,S9F4AB6AC42AC5CF3,Normal,Normal
4161,2025-04-09 13:24:59,75,Cari Berkas,S9F4AB6AC42AC5CF3,Normal,Normal
4162,2025-04-09 13:25:47,75,Logout,S9F4AB6AC42AC5CF3,Normal,Normal
4163,2025-04-09 13:40:07,52,Login,S2AE8761394C43FA8,Normal,Normal
4164,2025-04-09 13:42:11,52,Lihat Perkara,S2AE8761394C43FA8,Normal,Normal
4165,2025-04-09 13:44:13,52,Cari Berkas,S2AE8761394C43FA8,Normal,Normal
4166,2025-04-09 13:46:16,52,Logout,S2AE8761394C43FA8,Normal,Normal
4179,2025-04-10 08:10:08,54,Login,SE71836D073BA7DD2,Normal,Normal
4180,2025-04-10 08:13:04,54,Lihat Perkara,SE71836D073BA7DD2,Normal,Normal
4181,2025-04-10 08:13:39,54,Lihat Berkas,SE71836D073BA7DD2,Normal,Normal
4182,2025-04-10 08:15:30,54,Input Berkas,SE71836D073BA7DD2,Normal,Normal
4183,2025-04-10 08:17:51,54,Verifikasi,SE71836D073BA7DD2,Normal,Normal
4184,2025-04-10 08:20:17,54,Logout,SE71836D073BA7DD2,Normal,Normal
4189,2025-04-10 11:19:35,24,Login,SA6285D8E8D1D9B63,Normal,Normal
4190,2025-04-10 11:20:44,24,Lihat Perkara,SA6285D8E8D1D9B63,device_berubah,Low
4191,2025-04-10 11:23:24,24,Cari Berkas,SA6285D8E8D1D9B63,Normal,Normal
4192,2025-04-10 11:26:16,24,Logout,SA6285D8E8D1D9B63,peminjaman_massal,High
4196,2025-04-10 14:41:26,33,Login,SF202C05A0D360498,Normal,Normal
4198,2025-04-10 14:42:31,33,Lihat Perkara,SF202C05A0D360498,Normal,Normal
4200,2025-04-10 14:43:45,33,Cari Berkas,SF202C05A0D360498,Normal,Normal
4201,2025-04-10 14:45:12,33,Logout,SF202C05A0D360498,Normal,Normal
4203,2025-04-10 14:49:33,62,Login,S8FCB6DF2C5E3B186,Normal,Normal
4204,2025-04-10 14:51:30,62,Lihat Perkara,S8FCB6DF2C5E3B186,Normal,Normal
4205,2025-04-10 14:54:00,62,Cari Berkas,S8FCB6DF2C5E3B186,Normal,Normal
4206,2025-04-10 14:55:01,62,Logout,S8FCB6DF2C5E3B186,Normal,Normal
4207,2025-04-10 15:28:24,62,Login,S4D7ACD16B32CD207,Normal,Normal
4208,2025-04-10 15:28:47,62,Lihat Perkara,S4D7ACD16B32CD207,Normal,Normal
4209,2025-04-10 15:28:57,62,Cari Berkas,S4D7ACD16B32CD207,Normal,Normal
4210,2025-04-10 15:31:34,62,Logout,S4D7ACD16B32CD207,Normal,Normal
4211,2025-04-10 15:35:26,21,Login,S337636FF8386D737,Normal,Normal
4212,2025-04-10 15:37:46,21,Lihat Perkara,S337636FF8386D737,Normal,Normal
4213,2025-04-10 15:38:51,21,Cari Berkas,S337636FF8386D737,device_berubah,Low
4214,2025-04-10 15:40:41,21,Logout,S337636FF8386D737,Normal,Normal
4216,2025-04-11 06:15:12,40,Login,S3BB4689230EB1A74,login_luar_jam,Low
4217,2025-04-11 09:18:03,40,Lihat Perkara,S3BB4689230EB1A74,Normal,Normal
4218,2025-04-11 09:20:53,40,Cari Berkas,S3BB4689230EB1A74,Normal,Normal
4219,2025-04-11 09:23:20,40,Logout,S3BB4689230EB1A74,Normal,Normal
4220,2025-04-11 10:24:53,39,Login,S4F06EB02CF8DBE46,Normal,Normal
4221,2025-04-11 10:26:15,39,Lihat Perkara,S4F06EB02CF8DBE46,Normal,Normal
4222,2025-04-11 10:28:49,39,Cari Berkas,S4F06EB02CF8DBE46,Normal,Normal
4223,2025-04-11 10:30:55,39,Logout,S4F06EB02CF8DBE46,Normal,Normal
4224,2025-04-11 14:02:33,34,Login,SC1D5CA4F5927E266,Normal,Normal
4225,2025-04-11 14:05:09,34,Lihat Perkara,SC1D5CA4F5927E266,Normal,Normal
4226,2025-04-11 14:06:54,34,Cari Berkas,SC1D5CA4F5927E266,aktivitas_terlalu_cepat,Medium
4227,2025-04-11 14:07:40,34,Logout,SC1D5CA4F5927E266,Normal,Normal
4228,2025-04-11 14:41:50,77,Login,S38D822A788E478D0,Normal,Normal
4229,2025-04-11 14:43:58,77,Lihat Perkara,S38D822A788E478D0,Normal,Normal
4230,2025-04-11 14:45:19,77,Cari Berkas,S38D822A788E478D0,Normal,Normal
4231,2025-04-11 14:45:42,77,Logout,S38D822A788E478D0,Normal,Normal
4237,2025-04-11 16:07:12,69,Login,S55D25C83C7E9607B,Normal,Normal
4238,2025-04-11 16:09:01,69,Lihat Perkara,S55D25C83C7E9607B,Normal,Normal
4239,2025-04-11 16:11:37,69,Cari Berkas,S55D25C83C7E9607B,Normal,Normal
4240,2025-04-11 16:12:52,69,Logout,S55D25C83C7E9607B,Normal,Normal
4245,2025-04-12 07:18:27,27,Login,S00EF337708ED3047,Normal,Normal
4246,2025-04-12 07:20:34,27,Lihat Perkara,S00EF337708ED3047,Normal,Normal
4247,2025-04-12 07:22:27,27,Cari Berkas,S00EF337708ED3047,Normal,Normal
4248,2025-04-12 07:23:23,27,Logout,S00EF337708ED3047,Normal,Normal
4253,2025-04-12 10:18:58,64,Login,S0C4AEF81A1C2E70C,Normal,Normal
4254,2025-04-12 10:19:11,64,Lihat Perkara,S0C4AEF81A1C2E70C,Normal,Normal
4255,2025-04-12 10:19:57,64,Cari Berkas,S0C4AEF81A1C2E70C,Normal,Normal
4256,2025-04-12 10:22:49,64,Logout,S0C4AEF81A1C2E70C,Normal,Normal
4261,2025-04-12 11:37:10,39,Login,SE232524A86E9D465,Normal,Normal
4262,2025-04-12 11:38:56,39,Lihat Perkara,SE232524A86E9D465,Normal,Normal
4263,2025-04-12 11:40:45,39,Cari Berkas,SE232524A86E9D465,Normal,Normal
4264,2025-04-12 11:43:29,39,Logout,SE232524A86E9D465,Normal,Normal
4271,2025-04-12 14:48:56,23,Login,SBEF270827D68FB16,Normal,Normal
4272,2025-04-12 14:49:53,23,Lihat Perkara,SBEF270827D68FB16,Normal,Normal
4273,2025-04-12 14:52:33,23,Cari Berkas,SBEF270827D68FB16,Normal,Normal
4274,2025-04-12 14:53:20,23,Logout,SBEF270827D68FB16,Normal,Normal
4279,2025-04-12 15:58:01,26,Login,SADC4B86DA180EE9B,Normal,Normal
4280,2025-04-12 15:59:06,26,Lihat Perkara,SADC4B86DA180EE9B,Normal,Normal
4281,2025-04-12 15:59:50,26,Cari Berkas,SADC4B86DA180EE9B,Normal,Normal
4282,2025-04-12 16:01:43,26,Logout,SADC4B86DA180EE9B,Normal,Normal
4283,2025-04-12 16:19:21,30,Login,SBDB4971B582DC1B3,Normal,Normal
4284,2025-04-12 16:22:11,30,Lihat Perkara,SBDB4971B582DC1B3,Normal,Normal
4285,2025-04-12 16:23:09,30,Cari Berkas,SBDB4971B582DC1B3,Normal,Normal
4286,2025-04-12 16:24:36,30,Logout,SBDB4971B582DC1B3,Normal,Normal
4287,2025-04-12 16:42:42,54,Login,SD143E0A25513B74F,Normal,Normal
4288,2025-04-12 16:43:12,54,Lihat Perkara,SD143E0A25513B74F,Normal,Normal
4289,2025-04-12 16:45:09,69,Login,S29712D80716B6D03,Normal,Normal
4290,2025-04-12 16:45:21,54,Lihat Berkas,SD143E0A25513B74F,Normal,Normal
4291,2025-04-12 16:47:00,69,Lihat Perkara,S29712D80716B6D03,Normal,Normal
4292,2025-04-12 16:47:56,54,Input Berkas,SD143E0A25513B74F,Normal,Normal
4293,2025-04-12 16:48:39,54,Verifikasi,SD143E0A25513B74F,Normal,Normal
4294,2025-04-12 16:48:58,69,Cari Berkas,S29712D80716B6D03,ip_berubah,Low
4295,2025-04-12 16:49:12,54,Logout,SD143E0A25513B74F,Normal,Normal
4296,2025-04-12 16:50:34,69,Logout,S29712D80716B6D03,Normal,Normal
4298,2025-04-13 08:01:38,37,Login,S7647F43F59A14829,Normal,Normal
4299,2025-04-13 08:02:56,37,Login,SE00BD5343158F1FB,Normal,Normal
4300,2025-04-13 08:03:28,37,Lihat Perkara,S7647F43F59A14829,Normal,Normal
4301,2025-04-13 08:04:09,37,Lihat Perkara,SE00BD5343158F1FB,Normal,Normal
4302,2025-04-13 08:04:27,37,Cari Berkas,SE00BD5343158F1FB,Normal,Normal
4303,2025-04-13 08:05:15,37,Cari Berkas,S7647F43F59A14829,Normal,Normal
4304,2025-04-13 08:06:04,37,Logout,S7647F43F59A14829,Normal,Normal
4305,2025-04-13 08:06:33,37,Logout,SE00BD5343158F1FB,Normal,Normal
4314,2025-04-13 10:07:56,1,Login,S25C1F899A89A92C5,Normal,Normal
4315,2025-04-13 10:09:23,1,Dashboard,S25C1F899A89A92C5,Normal,Normal
4316,2025-04-13 10:10:51,1,Kelola User,S25C1F899A89A92C5,Normal,Normal
4317,2025-04-13 10:11:21,1,Kelola Kode Klasifikasi,S25C1F899A89A92C5,Normal,Normal
4318,2025-04-13 10:12:18,1,Logout,S25C1F899A89A92C5,Normal,Normal
4319,2025-04-13 11:28:02,56,Login,S810618ECDAF10B0D,Normal,Normal
4320,2025-04-13 11:29:31,56,Lihat Perkara,S810618ECDAF10B0D,verifikasi_massal,High
4321,2025-04-13 11:29:50,56,Cari Berkas,S810618ECDAF10B0D,Normal,Normal
4322,2025-04-13 11:32:12,56,Logout,S810618ECDAF10B0D,Normal,Normal
4330,2025-04-13 16:36:35,46,Login,S53CE8FB6187C3BB0,Normal,Normal
4331,2025-04-13 16:37:33,46,Lihat Perkara,S53CE8FB6187C3BB0,Normal,Normal
4332,2025-04-13 16:40:16,46,Cari Berkas,S53CE8FB6187C3BB0,Normal,Normal
4333,2025-04-13 16:40:47,46,Logout,S53CE8FB6187C3BB0,Normal,Normal
4334,2025-04-13 16:48:27,46,Login,SC354FC525EE88627,Normal,Normal
4335,2025-04-13 16:51:15,46,Lihat Perkara,SC354FC525EE88627,ip_berubah,Low
4336,2025-04-13 16:52:10,46,Cari Berkas,SC354FC525EE88627,Normal,Normal
4337,2025-04-13 16:52:54,46,Logout,SC354FC525EE88627,Normal,Normal
4338,2025-04-14 02:31:38,62,Login,S55B36A79324A6038,login_luar_jam,Low
4340,2025-04-14 07:33:19,62,Lihat Perkara,S55B36A79324A6038,Normal,Normal
4341,2025-04-14 07:34:25,62,Cari Berkas,S55B36A79324A6038,Normal,Normal
4342,2025-04-14 07:35:20,62,Logout,S55B36A79324A6038,Normal,Normal
4350,2025-04-14 14:09:18,82,Login,SD2E9C930EEEC175D,Normal,Normal
4351,2025-04-14 14:12:03,82,Lihat Perkara,SD2E9C930EEEC175D,Normal,Normal
4352,2025-04-14 14:14:53,82,Cari Berkas,SD2E9C930EEEC175D,Normal,Normal
4353,2025-04-14 14:15:35,82,Logout,SD2E9C930EEEC175D,Normal,Normal
4354,2025-04-15 00:34:18,35,Login,S7F5FCA4F07ACC717,login_luar_jam,Low
4356,2025-04-15 08:38:29,76,Login,S18737A1D4D6D1F82,durasi_tidak_wajar,Medium
4357,2025-04-15 08:39:31,76,Lihat Perkara,S18737A1D4D6D1F82,Normal,Normal
4358,2025-04-15 08:41:14,76,Cari Berkas,S18737A1D4D6D1F82,Normal,Normal
4359,2025-04-15 08:41:43,76,Logout,S18737A1D4D6D1F82,Normal,Normal
4364,2025-04-15 10:23:20,67,Login,SFEBF1675B5D0D08B,Normal,Normal
4365,2025-04-15 10:25:35,67,Lihat Perkara,SFEBF1675B5D0D08B,Normal,Normal
4366,2025-04-15 10:28:16,67,Cari Berkas,SFEBF1675B5D0D08B,Normal,Normal
4367,2025-04-15 10:28:38,67,Logout,SFEBF1675B5D0D08B,Normal,Normal
4368,2025-04-15 11:11:24,21,Login,S0633C388757E1B17,Normal,Normal
4369,2025-04-15 11:14:20,21,Lihat Perkara,S0633C388757E1B17,Normal,Normal
4370,2025-04-15 11:15:26,86,Login,S1883B28DCF54F778,ip_berubah,Low
4371,2025-04-15 11:17:06,21,Cari Berkas,S0633C388757E1B17,Normal,Normal
4372,2025-04-15 11:17:37,86,Lihat Perkara,S1883B28DCF54F778,Normal,Normal
4373,2025-04-15 11:19:31,21,Logout,S0633C388757E1B17,Normal,Normal
4374,2025-04-15 11:20:33,86,Cari Berkas,S1883B28DCF54F778,Normal,Normal
4375,2025-04-15 11:21:16,86,Logout,S1883B28DCF54F778,device_berubah,Low
4380,2025-04-15 12:35:05,78,Login,S368A2097417CF2ED,Normal,Normal
4381,2025-04-15 12:36:11,35,Lihat Perkara,S7F5FCA4F07ACC717,Normal,Normal
4382,2025-04-15 12:36:33,78,Lihat Perkara,S368A2097417CF2ED,Normal,Normal
4383,2025-04-15 12:37:16,78,Cari Berkas,S368A2097417CF2ED,verifikasi_massal,High
4384,2025-04-15 12:37:52,78,Logout,S368A2097417CF2ED,verifikasi_massal,High
4385,2025-04-15 12:39:01,35,Cari Berkas,S7F5FCA4F07ACC717,Normal,Normal
4386,2025-04-15 12:40:46,35,Logout,S7F5FCA4F07ACC717,Normal,Normal
4390,2025-04-15 13:11:34,68,Login,S76E5AE787BF7E1D3,Normal,Normal
4391,2025-04-15 13:14:19,68,Lihat Perkara,S76E5AE787BF7E1D3,Normal,Normal
4392,2025-04-15 13:15:05,68,Cari Berkas,S76E5AE787BF7E1D3,Normal,Normal
4393,2025-04-15 13:16:35,68,Logout,S76E5AE787BF7E1D3,Normal,Normal
4394,2025-04-15 13:23:12,70,Login,SD7AD3336BC5EC5BB,Normal,Normal
4395,2025-04-15 13:24:20,70,Lihat Perkara,SD7AD3336BC5EC5BB,durasi_tidak_wajar,Medium
4396,2025-04-15 13:25:31,70,Cari Berkas,SD7AD3336BC5EC5BB,Normal,Normal
4397,2025-04-15 13:26:33,70,Logout,SD7AD3336BC5EC5BB,Normal,Normal
4402,2025-04-15 14:06:40,65,Login,S619E17FFFAEC8F42,Normal,Normal
4403,2025-04-15 14:07:06,65,Lihat Perkara,S619E17FFFAEC8F42,Normal,Normal
4404,2025-04-15 14:09:32,65,Cari Berkas,S619E17FFFAEC8F42,Normal,Normal
4405,2025-04-15 14:11:20,65,Logout,S619E17FFFAEC8F42,Normal,Normal
4406,2025-04-15 15:25:22,84,Login,S523664EF8D8B1051,Normal,Normal
4407,2025-04-15 15:28:00,84,Dashboard,S523664EF8D8B1051,Normal,Normal
4408,2025-04-15 15:30:23,84,Kelola User,S523664EF8D8B1051,Normal,Normal
4409,2025-04-15 15:31:17,84,Kelola Kode Klasifikasi,S523664EF8D8B1051,Normal,Normal
4410,2025-04-15 15:31:57,84,Logout,S523664EF8D8B1051,Normal,Normal
4415,2025-04-16 10:21:02,66,Login,S4580A4AE9B72A9FE,Normal,Normal
4416,2025-04-16 10:21:12,66,Lihat Perkara,S4580A4AE9B72A9FE,Normal,Normal
4417,2025-04-16 10:22:02,66,Cari Berkas,S4580A4AE9B72A9FE,Normal,Normal
4418,2025-04-16 10:24:38,66,Logout,S4580A4AE9B72A9FE,Normal,Normal
4419,2025-04-16 10:40:00,36,Login,S1DC4E66E2E790459,Normal,Normal
4420,2025-04-16 10:41:47,36,Lihat Perkara,S1DC4E66E2E790459,Normal,Normal
4421,2025-04-16 10:44:10,36,Cari Berkas,S1DC4E66E2E790459,Normal,Normal
4422,2025-04-16 10:46:52,36,Logout,S1DC4E66E2E790459,Normal,Normal
4423,2025-04-16 12:30:27,18,Login,S0BB386DBC0005895,Normal,Normal
4424,2025-04-16 12:31:34,18,Lihat Perkara,S0BB386DBC0005895,Normal,Normal
4425,2025-04-16 12:32:59,18,Cari Berkas,S0BB386DBC0005895,Normal,Normal
4426,2025-04-16 12:34:26,18,Logout,S0BB386DBC0005895,Normal,Normal
4427,2025-04-16 12:38:20,41,Login,SDED5C01721433DFC,Normal,Normal
4428,2025-04-16 12:40:20,41,Lihat Perkara,SDED5C01721433DFC,Normal,Normal
4429,2025-04-16 12:43:20,41,Cari Berkas,SDED5C01721433DFC,Normal,Normal
4430,2025-04-16 12:45:31,41,Logout,SDED5C01721433DFC,ip_berubah,Low
4435,2025-04-16 15:50:19,79,Login,S5B5F53480768D812,Normal,Normal
4436,2025-04-16 15:51:18,79,Lihat Perkara,S5B5F53480768D812,Normal,Normal
4437,2025-04-16 15:52:50,54,Login,SCB4A1B4B2A683E18,Normal,Normal
4438,2025-04-16 15:53:43,79,Cari Berkas,S5B5F53480768D812,Normal,Normal
4439,2025-04-16 15:54:07,79,Logout,S5B5F53480768D812,Normal,Normal
4440,2025-04-16 15:54:50,54,Lihat Perkara,SCB4A1B4B2A683E18,aktivitas_terlalu_cepat,Medium
4441,2025-04-16 15:56:54,54,Lihat Berkas,SCB4A1B4B2A683E18,Normal,Normal
4442,2025-04-16 15:58:52,54,Input Berkas,SCB4A1B4B2A683E18,Normal,Normal
4443,2025-04-16 16:01:34,54,Verifikasi,SCB4A1B4B2A683E18,Normal,Normal
4444,2025-04-16 16:02:53,54,Logout,SCB4A1B4B2A683E18,Normal,Normal
4457,2025-04-17 15:46:06,39,Login,SACF85EA78EC0793D,Normal,Normal
4458,2025-04-17 15:47:47,39,Lihat Perkara,SACF85EA78EC0793D,Normal,Normal
4459,2025-04-17 15:49:10,39,Cari Berkas,SACF85EA78EC0793D,Normal,Normal
4460,2025-04-17 15:50:00,39,Logout,SACF85EA78EC0793D,Normal,Normal
4461,2025-04-18 03:59:29,45,Login,S46A47588A676ACE1,login_luar_jam,Low
4462,2025-04-18 04:14:25,21,Login,S9F690E9C79EF6C27,login_luar_jam,Low
4463,2025-04-18 07:57:08,30,Login,SAA7F879980053FCB,Normal,Normal
4464,2025-04-18 08:00:06,30,Lihat Perkara,SAA7F879980053FCB,Normal,Normal
4465,2025-04-18 08:02:12,30,Cari Berkas,SAA7F879980053FCB,Normal,Normal
4466,2025-04-18 08:03:12,30,Logout,SAA7F879980053FCB,Normal,Normal
4467,2025-04-18 08:22:20,19,Login,S3C0D409F21A3C034,peminjaman_massal,High
4468,2025-04-18 08:23:53,19,Lihat Perkara,S3C0D409F21A3C034,Normal,Normal
4469,2025-04-18 08:26:41,19,Cari Berkas,S3C0D409F21A3C034,Normal,Normal
4470,2025-04-18 08:29:30,19,Logout,S3C0D409F21A3C034,Normal,Normal
4475,2025-04-18 11:16:34,21,Lihat Perkara,S9F690E9C79EF6C27,Normal,Normal
4476,2025-04-18 11:18:39,21,Cari Berkas,S9F690E9C79EF6C27,Normal,Normal
4477,2025-04-18 11:19:47,21,Logout,S9F690E9C79EF6C27,Normal,Normal
4478,2025-04-18 11:42:02,26,Login,SC5FE21D68365D2CF,durasi_tidak_wajar,Medium
4479,2025-04-18 11:43:07,26,Lihat Perkara,SC5FE21D68365D2CF,Normal,Normal
4480,2025-04-18 11:45:16,26,Cari Berkas,SC5FE21D68365D2CF,Normal,Normal
4481,2025-04-18 11:46:32,26,Logout,SC5FE21D68365D2CF,Normal,Normal
4482,2025-04-18 12:20:07,22,Login,SCD68CB3998A0DB61,Normal,Normal
4483,2025-04-18 12:21:52,22,Lihat Perkara,SCD68CB3998A0DB61,Normal,Normal
4484,2025-04-18 12:24:40,22,Cari Berkas,SCD68CB3998A0DB61,Normal,Normal
4485,2025-04-18 12:26:36,22,Logout,SCD68CB3998A0DB61,Normal,Normal
4492,2025-04-18 13:34:10,77,Login,S9165911E5DB93433,Normal,Normal
4493,2025-04-18 13:36:43,77,Lihat Perkara,S9165911E5DB93433,Normal,Normal
4494,2025-04-18 13:38:41,77,Cari Berkas,S9165911E5DB93433,Normal,Normal
4495,2025-04-18 13:39:09,77,Logout,S9165911E5DB93433,Normal,Normal
4496,2025-04-18 14:00:01,45,Lihat Perkara,S46A47588A676ACE1,Normal,Normal
4497,2025-04-18 14:00:38,45,Cari Berkas,S46A47588A676ACE1,Normal,Normal
4498,2025-04-18 14:01:21,45,Logout,S46A47588A676ACE1,Normal,Normal
4499,2025-04-18 14:15:19,69,Login,S832A94318DCD6ACA,Normal,Normal
4500,2025-04-18 14:17:42,69,Lihat Perkara,S832A94318DCD6ACA,Normal,Normal
4501,2025-04-18 14:20:20,69,Cari Berkas,S832A94318DCD6ACA,Normal,Normal
4502,2025-04-18 14:22:45,69,Logout,S832A94318DCD6ACA,Normal,Normal
4511,2025-04-19 06:44:56,29,Login,S6FC0760380CD513E,login_luar_jam,Low
4512,2025-04-19 10:10:14,63,Login,S57BEB416DE6AF3D3,Normal,Normal
4513,2025-04-19 10:11:39,63,Lihat Perkara,S57BEB416DE6AF3D3,Normal,Normal
4514,2025-04-19 10:13:08,63,Cari Berkas,S57BEB416DE6AF3D3,Normal,Normal
4515,2025-04-19 10:15:33,63,Logout,S57BEB416DE6AF3D3,Normal,Normal
4516,2025-04-19 10:17:51,59,Login,S818CD118DD24F2DB,Normal,Normal
4517,2025-04-19 10:19:33,59,Lihat Perkara,S818CD118DD24F2DB,Normal,Normal
4518,2025-04-19 10:20:02,59,Cari Berkas,S818CD118DD24F2DB,Normal,Normal
4519,2025-04-19 10:22:45,59,Logout,S818CD118DD24F2DB,Normal,Normal
4520,2025-04-19 11:48:47,86,Login,S87FAECA00FF220A4,Normal,Normal
4521,2025-04-19 11:51:20,86,Lihat Perkara,S87FAECA00FF220A4,device_berubah,Low
4522,2025-04-19 11:51:31,86,Cari Berkas,S87FAECA00FF220A4,Normal,Normal
4523,2025-04-19 11:54:19,86,Logout,S87FAECA00FF220A4,Normal,Normal
4524,2025-04-19 15:53:48,38,Login,S9E491EEFA8154F36,Normal,Normal
4525,2025-04-19 15:56:13,38,Lihat Perkara,S9E491EEFA8154F36,Normal,Normal
4526,2025-04-19 15:56:49,38,Cari Berkas,S9E491EEFA8154F36,Normal,Normal
4527,2025-04-19 15:58:02,38,Logout,S9E491EEFA8154F36,Normal,Normal
4528,2025-04-19 16:46:41,29,Lihat Perkara,S6FC0760380CD513E,Normal,Normal
4529,2025-04-19 16:48:16,29,Cari Berkas,S6FC0760380CD513E,Normal,Normal
4530,2025-04-19 16:50:46,29,Logout,S6FC0760380CD513E,Normal,Normal
4531,2025-04-20 07:09:02,32,Login,SFAE9BF9D7D8BD58A,Normal,Normal
4532,2025-04-20 07:10:19,32,Lihat Perkara,SFAE9BF9D7D8BD58A,Normal,Normal
4533,2025-04-20 07:11:05,32,Cari Berkas,SFAE9BF9D7D8BD58A,Normal,Normal
4534,2025-04-20 07:13:19,32,Logout,SFAE9BF9D7D8BD58A,device_berubah,Low
4535,2025-04-20 07:21:52,55,Login,S9B354089429E5882,durasi_tidak_wajar,Medium
4536,2025-04-20 07:22:52,55,Lihat Perkara,S9B354089429E5882,Normal,Normal
4537,2025-04-20 07:24:45,55,Lihat Berkas,S9B354089429E5882,Normal,Normal
4538,2025-04-20 07:26:10,55,Input Berkas,S9B354089429E5882,Normal,Normal
4539,2025-04-20 07:27:56,55,Verifikasi,S9B354089429E5882,Normal,Normal
4540,2025-04-20 07:30:23,55,Logout,S9B354089429E5882,ip_berubah,Low
4541,2025-04-20 07:40:26,40,Login,S9F7B3992ECEC73F2,Normal,Normal
4542,2025-04-20 07:41:51,40,Lihat Perkara,S9F7B3992ECEC73F2,Normal,Normal
4543,2025-04-20 07:44:27,40,Cari Berkas,S9F7B3992ECEC73F2,Normal,Normal
4544,2025-04-20 07:45:26,40,Logout,S9F7B3992ECEC73F2,Normal,Normal
4545,2025-04-20 08:24:59,51,Login,S038E484010B968A0,Normal,Normal
4546,2025-04-20 08:27:25,51,Lihat Perkara,S038E484010B968A0,Normal,Normal
4547,2025-04-20 08:28:53,51,Cari Berkas,S038E484010B968A0,Normal,Normal
4548,2025-04-20 08:29:19,51,Logout,S038E484010B968A0,Normal,Normal
4553,2025-04-20 10:44:46,64,Login,SB4698DB30123A348,Normal,Normal
4554,2025-04-20 10:46:07,64,Lihat Perkara,SB4698DB30123A348,Normal,Normal
4555,2025-04-20 10:46:33,64,Cari Berkas,SB4698DB30123A348,Normal,Normal
4556,2025-04-20 10:49:10,64,Logout,SB4698DB30123A348,Normal,Normal
4557,2025-04-20 12:30:50,27,Login,S353924F4DA709690,Normal,Normal
4558,2025-04-20 12:32:33,27,Lihat Perkara,S353924F4DA709690,Normal,Normal
4559,2025-04-20 12:35:10,27,Cari Berkas,S353924F4DA709690,Normal,Normal
4560,2025-04-20 12:36:48,27,Logout,S353924F4DA709690,Normal,Normal
4565,2025-04-20 15:38:56,67,Login,S3B8EE0E01BA34C18,Normal,Normal
4566,2025-04-20 15:40:50,67,Lihat Perkara,S3B8EE0E01BA34C18,Normal,Normal
4567,2025-04-20 15:41:00,67,Cari Berkas,S3B8EE0E01BA34C18,Normal,Normal
4568,2025-04-20 15:42:37,67,Logout,S3B8EE0E01BA34C18,Normal,Normal
4569,2025-04-21 00:33:52,23,Login,S34C93EBFE099AB65,login_luar_jam,Low
4572,2025-04-21 09:26:35,53,Login,SD527189BDB2865DA,Normal,Normal
4573,2025-04-21 09:29:19,53,Lihat Perkara,SD527189BDB2865DA,Normal,Normal
4574,2025-04-21 09:31:50,53,Cari Berkas,SD527189BDB2865DA,Normal,Normal
4575,2025-04-21 09:32:55,53,Logout,SD527189BDB2865DA,Normal,Normal
4579,2025-04-21 10:02:55,36,Login,SF45E95808775347D,Normal,Normal
4580,2025-04-21 10:04:43,36,Lihat Perkara,SF45E95808775347D,Normal,Normal
4581,2025-04-21 10:06:59,36,Cari Berkas,SF45E95808775347D,Normal,Normal
4582,2025-04-21 10:07:15,36,Logout,SF45E95808775347D,Normal,Normal
4586,2025-04-21 15:34:51,23,Lihat Perkara,S34C93EBFE099AB65,Normal,Normal
4587,2025-04-21 15:36:50,23,Cari Berkas,S34C93EBFE099AB65,Normal,Normal
4588,2025-04-21 15:38:55,23,Logout,S34C93EBFE099AB65,Normal,Normal
4595,2025-04-21 16:31:54,25,Login,S06BCB3C014AEE34D,Normal,Normal
4596,2025-04-21 16:33:10,25,Lihat Perkara,S06BCB3C014AEE34D,Normal,Normal
4597,2025-04-21 16:35:14,25,Cari Berkas,S06BCB3C014AEE34D,Normal,Normal
4598,2025-04-21 16:35:50,25,Logout,S06BCB3C014AEE34D,Normal,Normal
4599,2025-04-22 07:00:55,78,Login,S346D592E6C9C7EBD,Normal,Normal
4600,2025-04-22 07:02:20,78,Lihat Perkara,S346D592E6C9C7EBD,Normal,Normal
4601,2025-04-22 07:02:58,78,Cari Berkas,S346D592E6C9C7EBD,Normal,Normal
4602,2025-04-22 07:03:26,78,Logout,S346D592E6C9C7EBD,Normal,Normal
4603,2025-04-22 07:39:05,21,Login,S3DB8DBF6053D239C,Normal,Normal
4604,2025-04-22 07:40:49,21,Lihat Perkara,S3DB8DBF6053D239C,Normal,Normal
4605,2025-04-22 07:41:17,21,Cari Berkas,S3DB8DBF6053D239C,Normal,Normal
4606,2025-04-22 07:41:31,21,Logout,S3DB8DBF6053D239C,Normal,Normal
4607,2025-04-22 09:03:20,21,Login,SAAAC826EDD18AB28,Normal,Normal
4608,2025-04-22 09:04:30,21,Lihat Perkara,SAAAC826EDD18AB28,Normal,Normal
4609,2025-04-22 09:07:22,21,Cari Berkas,SAAAC826EDD18AB28,device_berubah,Low
4610,2025-04-22 09:09:23,21,Logout,SAAAC826EDD18AB28,Normal,Normal
4611,2025-04-22 13:45:11,33,Login,S8585DB006FF80CA1,Normal,Normal
4612,2025-04-22 13:45:29,33,Lihat Perkara,S8585DB006FF80CA1,Normal,Normal
4613,2025-04-22 13:47:35,33,Cari Berkas,S8585DB006FF80CA1,Normal,Normal
4614,2025-04-22 13:47:51,33,Logout,S8585DB006FF80CA1,device_berubah,Low
4615,2025-04-22 15:11:53,75,Login,S9E9A3E839A4EF6FC,Normal,Normal
4616,2025-04-22 15:14:24,75,Lihat Perkara,S9E9A3E839A4EF6FC,Normal,Normal
4617,2025-04-22 15:15:01,75,Cari Berkas,S9E9A3E839A4EF6FC,Normal,Normal
4618,2025-04-22 15:15:14,75,Logout,S9E9A3E839A4EF6FC,Normal,Normal
4629,2025-04-23 03:11:11,21,Login,S7C4A14CF44B0703F,login_luar_jam,Low
4630,2025-04-23 09:53:42,32,Login,S0CD837A6C1C107CD,Normal,Normal
4631,2025-04-23 09:55:52,32,Lihat Perkara,S0CD837A6C1C107CD,Normal,Normal
4632,2025-04-23 09:56:55,32,Cari Berkas,S0CD837A6C1C107CD,Normal,Normal
4633,2025-04-23 09:58:32,32,Logout,S0CD837A6C1C107CD,Normal,Normal
4646,2025-04-23 13:14:03,21,Lihat Perkara,S7C4A14CF44B0703F,ip_berubah,Low
4647,2025-04-23 13:14:24,21,Cari Berkas,S7C4A14CF44B0703F,ip_berubah,Low
4648,2025-04-23 13:15:52,21,Logout,S7C4A14CF44B0703F,Normal,Normal
4649,2025-04-23 14:33:31,85,Login,SA4F873CA40420C58,Normal,Normal
4650,2025-04-23 14:35:24,85,Lihat Perkara,SA4F873CA40420C58,Normal,Normal
4651,2025-04-23 14:36:36,85,Lihat Berkas,SA4F873CA40420C58,Normal,Normal
4652,2025-04-23 14:37:49,85,Input Berkas,SA4F873CA40420C58,Normal,Normal
4653,2025-04-23 14:40:00,85,Verifikasi,SA4F873CA40420C58,Normal,Normal
4654,2025-04-23 14:41:45,85,Logout,SA4F873CA40420C58,Normal,Normal
4655,2025-04-23 16:22:29,42,Login,S6FE61BFA74D2FEB6,Normal,Normal
4656,2025-04-23 16:23:11,42,Lihat Perkara,S6FE61BFA74D2FEB6,Normal,Normal
4657,2025-04-23 16:25:26,42,Cari Berkas,S6FE61BFA74D2FEB6,Normal,Normal
4658,2025-04-23 16:26:49,42,Logout,S6FE61BFA74D2FEB6,Normal,Normal
4659,2025-04-24 00:30:39,34,Login,S087628B5EC3F6C13,login_luar_jam,Low
4660,2025-04-24 07:00:35,60,Login,S1AB84C1B85243095,Normal,Normal
4661,2025-04-24 07:03:07,60,Lihat Perkara,S1AB84C1B85243095,Normal,Normal
4662,2025-04-24 07:05:35,60,Cari Berkas,S1AB84C1B85243095,Normal,Normal
4663,2025-04-24 07:08:11,60,Logout,S1AB84C1B85243095,Normal,Normal
4668,2025-04-24 09:41:06,55,Login,S787BC08CFC9BBA52,Normal,Normal
4669,2025-04-24 09:41:35,55,Lihat Perkara,S787BC08CFC9BBA52,Normal,Normal
4670,2025-04-24 09:43:35,55,Lihat Berkas,S787BC08CFC9BBA52,Normal,Normal
4671,2025-04-24 09:45:14,55,Input Berkas,S787BC08CFC9BBA52,Normal,Normal
4672,2025-04-24 09:45:38,55,Verifikasi,S787BC08CFC9BBA52,Normal,Normal
4673,2025-04-24 09:46:33,55,Logout,S787BC08CFC9BBA52,Normal,Normal
4674,2025-04-24 09:47:19,56,Login,SB2A0F778809D6444,Normal,Normal
4675,2025-04-24 09:47:41,56,Lihat Perkara,SB2A0F778809D6444,Normal,Normal
4676,2025-04-24 09:49:31,56,Cari Berkas,SB2A0F778809D6444,Normal,Normal
4677,2025-04-24 09:51:35,56,Logout,SB2A0F778809D6444,Normal,Normal
4680,2025-04-24 11:02:46,66,Login,S96D0D89DF2314C7D,aktivitas_terlalu_cepat,Medium
4682,2025-04-24 11:04:23,66,Lihat Perkara,S96D0D89DF2314C7D,Normal,Normal
4684,2025-04-24 11:06:48,66,Cari Berkas,S96D0D89DF2314C7D,Normal,Normal
4685,2025-04-24 11:09:33,66,Logout,S96D0D89DF2314C7D,Normal,Normal
4692,2025-04-24 14:33:22,34,Lihat Perkara,S087628B5EC3F6C13,Normal,Normal
4693,2025-04-24 14:34:31,34,Cari Berkas,S087628B5EC3F6C13,Normal,Normal
4694,2025-04-24 14:34:54,34,Logout,S087628B5EC3F6C13,Normal,Normal
4695,2025-04-24 14:51:14,54,Login,S8FDFC543B015D2CB,Normal,Normal
4696,2025-04-24 14:51:25,54,Lihat Perkara,S8FDFC543B015D2CB,Normal,Normal
4697,2025-04-24 14:53:59,54,Lihat Berkas,S8FDFC543B015D2CB,Normal,Normal
4698,2025-04-24 14:56:51,54,Input Berkas,S8FDFC543B015D2CB,Normal,Normal
4699,2025-04-24 14:58:20,54,Verifikasi,S8FDFC543B015D2CB,Normal,Normal
4700,2025-04-24 14:59:23,54,Logout,S8FDFC543B015D2CB,aktivitas_terlalu_cepat,Medium
4701,2025-04-25 02:14:13,66,Login,S1A96B9D0412AFFF6,login_luar_jam,Low
4702,2025-04-25 03:42:19,28,Login,S5AD9E1B16EAEA044,login_luar_jam,Low
4712,2025-04-25 08:04:44,41,Login,S08F042ED41E7E487,Normal,Normal
4713,2025-04-25 08:06:21,41,Lihat Perkara,S08F042ED41E7E487,Normal,Normal
4714,2025-04-25 08:09:21,41,Cari Berkas,S08F042ED41E7E487,Normal,Normal
4715,2025-04-25 08:11:32,41,Logout,S08F042ED41E7E487,aktivitas_terlalu_cepat,Medium
4728,2025-04-25 12:21:35,39,Login,S2F592F3E1BBD2513,Normal,Normal
4729,2025-04-25 12:22:21,39,Lihat Perkara,S2F592F3E1BBD2513,Normal,Normal
4730,2025-04-25 12:24:21,39,Cari Berkas,S2F592F3E1BBD2513,Normal,Normal
4731,2025-04-25 12:26:14,39,Logout,S2F592F3E1BBD2513,Normal,Normal
4732,2025-04-25 13:15:32,66,Lihat Perkara,S1A96B9D0412AFFF6,Normal,Normal
4733,2025-04-25 13:18:27,66,Cari Berkas,S1A96B9D0412AFFF6,Normal,Normal
4734,2025-04-25 13:21:19,66,Logout,S1A96B9D0412AFFF6,Normal,Normal
4735,2025-04-25 15:10:43,55,Login,S9744CEB0D5B5984B,Normal,Normal
4736,2025-04-25 15:12:00,55,Lihat Perkara,S9744CEB0D5B5984B,Normal,Normal
4737,2025-04-25 15:13:26,55,Lihat Berkas,S9744CEB0D5B5984B,Normal,Normal
4738,2025-04-25 15:16:22,55,Input Berkas,S9744CEB0D5B5984B,Normal,Normal
4739,2025-04-25 15:16:41,55,Verifikasi,S9744CEB0D5B5984B,Normal,Normal
4740,2025-04-25 15:17:49,55,Logout,S9744CEB0D5B5984B,Normal,Normal
4741,2025-04-25 15:44:35,28,Lihat Perkara,S5AD9E1B16EAEA044,Normal,Normal
4742,2025-04-25 15:46:44,28,Cari Berkas,S5AD9E1B16EAEA044,Normal,Normal
4743,2025-04-25 15:49:08,28,Logout,S5AD9E1B16EAEA044,Normal,Normal
4748,2025-04-25 16:23:11,66,Login,S19B4F0B400533212,Normal,Normal
4749,2025-04-25 16:24:41,66,Lihat Perkara,S19B4F0B400533212,Normal,Normal
4750,2025-04-25 16:26:11,66,Cari Berkas,S19B4F0B400533212,Normal,Normal
4751,2025-04-25 16:26:21,66,Logout,S19B4F0B400533212,Normal,Normal
4752,2025-04-25 16:37:17,82,Login,S7EF3F84E5D0CDA73,Normal,Normal
4753,2025-04-25 16:38:16,82,Lihat Perkara,S7EF3F84E5D0CDA73,Normal,Normal
4754,2025-04-25 16:40:47,82,Cari Berkas,S7EF3F84E5D0CDA73,Normal,Normal
4755,2025-04-25 16:42:26,82,Logout,S7EF3F84E5D0CDA73,Normal,Normal
4760,2025-04-26 09:21:38,56,Login,S976AC3C23634CE84,Normal,Normal
4761,2025-04-26 09:22:22,56,Lihat Perkara,S976AC3C23634CE84,Normal,Normal
4762,2025-04-26 09:23:39,56,Cari Berkas,S976AC3C23634CE84,Normal,Normal
4763,2025-04-26 09:24:21,56,Logout,S976AC3C23634CE84,Normal,Normal
4776,2025-04-26 15:30:39,75,Login,SABF419AA27772053,Normal,Normal
4777,2025-04-26 15:32:29,75,Lihat Perkara,SABF419AA27772053,Normal,Normal
4778,2025-04-26 15:34:24,75,Cari Berkas,SABF419AA27772053,Normal,Normal
4779,2025-04-26 15:35:00,75,Logout,SABF419AA27772053,Normal,Normal
4780,2025-04-27 01:44:02,77,Login,SD6667BA856BEBE18,login_luar_jam,Low
4781,2025-04-27 04:17:26,29,Login,S85BB1FAC43CF1BFE,login_luar_jam,Low
4786,2025-04-27 07:46:06,77,Lihat Perkara,SD6667BA856BEBE18,Normal,Normal
4787,2025-04-27 07:48:03,77,Cari Berkas,SD6667BA856BEBE18,Normal,Normal
4788,2025-04-27 07:50:36,77,Logout,SD6667BA856BEBE18,Normal,Normal
4789,2025-04-27 08:10:42,54,Login,S57EA38AD35B00F9F,Normal,Normal
4790,2025-04-27 08:11:27,54,Lihat Perkara,S57EA38AD35B00F9F,Normal,Normal
4791,2025-04-27 08:13:35,54,Lihat Berkas,S57EA38AD35B00F9F,Normal,Normal
4792,2025-04-27 08:16:17,54,Input Berkas,S57EA38AD35B00F9F,ip_berubah,Low
4793,2025-04-27 08:17:34,54,Verifikasi,S57EA38AD35B00F9F,Normal,Normal
4794,2025-04-27 08:18:43,54,Logout,S57EA38AD35B00F9F,durasi_tidak_wajar,Medium
4795,2025-04-27 12:06:22,8,Login,S2B69B3D17CD7A80A,Normal,Normal
4796,2025-04-27 12:08:16,8,Lihat Perkara,S2B69B3D17CD7A80A,Normal,Normal
4797,2025-04-27 12:08:52,8,Cari Berkas,S2B69B3D17CD7A80A,Normal,Normal
4798,2025-04-27 12:10:34,8,Logout,S2B69B3D17CD7A80A,Normal,Normal
4799,2025-04-27 12:45:44,60,Login,S89C9C0F39DCC91B0,Normal,Normal
4800,2025-04-27 12:47:12,60,Lihat Perkara,S89C9C0F39DCC91B0,Normal,Normal
4801,2025-04-27 12:47:47,60,Cari Berkas,S89C9C0F39DCC91B0,Normal,Normal
4802,2025-04-27 12:48:20,60,Logout,S89C9C0F39DCC91B0,Normal,Normal
4803,2025-04-27 13:02:04,43,Login,SA1CF040FE5C6E572,Normal,Normal
4804,2025-04-27 13:04:22,43,Lihat Perkara,SA1CF040FE5C6E572,Normal,Normal
4805,2025-04-27 13:07:21,43,Cari Berkas,SA1CF040FE5C6E572,Normal,Normal
4806,2025-04-27 13:08:46,43,Logout,SA1CF040FE5C6E572,Normal,Normal
4807,2025-04-27 13:17:54,29,Lihat Perkara,S85BB1FAC43CF1BFE,Normal,Normal
4808,2025-04-27 13:19:29,29,Cari Berkas,S85BB1FAC43CF1BFE,Normal,Normal
4809,2025-04-27 13:21:22,29,Logout,S85BB1FAC43CF1BFE,Normal,Normal
4810,2025-04-27 13:46:05,37,Login,S63D18504FCB1A281,Normal,Normal
4811,2025-04-27 13:47:57,37,Lihat Perkara,S63D18504FCB1A281,Normal,Normal
4812,2025-04-27 13:48:18,37,Cari Berkas,S63D18504FCB1A281,Normal,Normal
4813,2025-04-27 13:49:07,37,Logout,S63D18504FCB1A281,Normal,Normal
4818,2025-04-28 01:25:45,52,Login,SBDCD00A98FC2AE2D,login_luar_jam,Low
4819,2025-04-28 07:28:53,30,Login,SCF03C9AD72D568D4,Normal,Normal
4820,2025-04-28 07:29:04,30,Lihat Perkara,SCF03C9AD72D568D4,Normal,Normal
4821,2025-04-28 07:31:40,30,Cari Berkas,SCF03C9AD72D568D4,Normal,Normal
4822,2025-04-28 07:34:21,30,Logout,SCF03C9AD72D568D4,Normal,Normal
4823,2025-04-28 11:25:21,84,Login,S383A56CCB1026224,Normal,Normal
4824,2025-04-28 11:28:05,84,Dashboard,S383A56CCB1026224,Normal,Normal
4825,2025-04-28 11:30:43,84,Kelola User,S383A56CCB1026224,Normal,Normal
4826,2025-04-28 11:32:07,84,Kelola Kode Klasifikasi,S383A56CCB1026224,Normal,Normal
4827,2025-04-28 11:33:10,84,Logout,S383A56CCB1026224,Normal,Normal
4828,2025-04-28 13:28:42,52,Lihat Perkara,SBDCD00A98FC2AE2D,Normal,Normal
4829,2025-04-28 13:31:12,52,Cari Berkas,SBDCD00A98FC2AE2D,Normal,Normal
4830,2025-04-28 13:33:11,52,Logout,SBDCD00A98FC2AE2D,Normal,Normal
4831,2025-04-28 14:32:13,60,Login,SDA8D93FA7351CC0C,Normal,Normal
4832,2025-04-28 14:34:38,60,Lihat Perkara,SDA8D93FA7351CC0C,Normal,Normal
4833,2025-04-28 14:36:12,60,Cari Berkas,SDA8D93FA7351CC0C,Normal,Normal
4834,2025-04-28 14:36:23,60,Logout,SDA8D93FA7351CC0C,Normal,Normal
4835,2025-04-28 15:18:57,42,Login,SC083A0E2E9209932,Normal,Normal
4836,2025-04-28 15:19:56,42,Lihat Perkara,SC083A0E2E9209932,Normal,Normal
4837,2025-04-28 15:20:40,42,Cari Berkas,SC083A0E2E9209932,Normal,Normal
4838,2025-04-28 15:22:42,42,Logout,SC083A0E2E9209932,Normal,Normal
4839,2025-04-28 16:39:51,83,Login,S8A19DE1F5CD70899,Normal,Normal
4840,2025-04-28 16:40:43,83,Lihat Perkara,S8A19DE1F5CD70899,ip_berubah,Low
4841,2025-04-28 16:42:28,83,Cari Berkas,S8A19DE1F5CD70899,Normal,Normal
4842,2025-04-28 16:43:18,83,Logout,S8A19DE1F5CD70899,Normal,Normal
4843,2025-04-28 16:49:41,34,Login,S57BF356510A678BA,Normal,Normal
4844,2025-04-28 16:51:30,34,Lihat Perkara,S57BF356510A678BA,Normal,Normal
4845,2025-04-28 16:52:09,34,Cari Berkas,S57BF356510A678BA,aktivitas_terlalu_cepat,Medium
4846,2025-04-28 16:52:45,34,Logout,S57BF356510A678BA,Normal,Normal
4847,2025-04-28 16:55:54,43,Login,S048FBC73E4B0796B,Normal,Normal
4848,2025-04-28 16:57:19,43,Lihat Perkara,S048FBC73E4B0796B,Normal,Normal
4849,2025-04-28 16:59:06,43,Cari Berkas,S048FBC73E4B0796B,Normal,Normal
4850,2025-04-28 17:01:50,43,Logout,S048FBC73E4B0796B,Normal,Normal
4851,2025-04-29 03:41:07,29,Login,S0A2D6F038F464F34,login_luar_jam,Low
4852,2025-04-29 04:58:45,48,Login,S82DC286E060CFBA5,login_luar_jam,Low
4854,2025-04-29 06:15:12,26,Login,SB88A24B11EB7687A,login_luar_jam,Low
4859,2025-04-29 10:30:21,51,Login,S29F9824433A3ACED,Normal,Normal
4860,2025-04-29 10:31:32,51,Lihat Perkara,S29F9824433A3ACED,Normal,Normal
4861,2025-04-29 10:31:55,51,Cari Berkas,S29F9824433A3ACED,Normal,Normal
4862,2025-04-29 10:32:41,51,Logout,S29F9824433A3ACED,Normal,Normal
4863,2025-04-29 10:41:54,29,Lihat Perkara,S0A2D6F038F464F34,aktivitas_terlalu_cepat,Medium
4864,2025-04-29 10:43:20,29,Cari Berkas,S0A2D6F038F464F34,aktivitas_terlalu_cepat,Medium
4865,2025-04-29 10:44:04,29,Logout,S0A2D6F038F464F34,Normal,Normal
4866,2025-04-29 10:56:24,41,Login,S00AF085D2B088FCD,Normal,Normal
4867,2025-04-29 10:56:57,41,Lihat Perkara,S00AF085D2B088FCD,Normal,Normal
4868,2025-04-29 10:59:44,41,Cari Berkas,S00AF085D2B088FCD,Normal,Normal
4869,2025-04-29 11:00:31,41,Logout,S00AF085D2B088FCD,Normal,Normal
4870,2025-04-29 11:17:23,26,Lihat Perkara,SB88A24B11EB7687A,Normal,Normal
4871,2025-04-29 11:20:09,26,Cari Berkas,SB88A24B11EB7687A,Normal,Normal
4872,2025-04-29 11:21:42,26,Logout,SB88A24B11EB7687A,Normal,Normal
4873,2025-04-29 12:50:21,47,Login,SCF248B558A767F56,Normal,Normal
4874,2025-04-29 12:51:24,47,Lihat Perkara,SCF248B558A767F56,Normal,Normal
4875,2025-04-29 12:52:35,47,Cari Berkas,SCF248B558A767F56,Normal,Normal
4876,2025-04-29 12:54:39,47,Logout,SCF248B558A767F56,Normal,Normal
4881,2025-04-29 14:04:44,53,Login,SFA1B98EA7C149A94,Normal,Normal
4882,2025-04-29 14:06:45,53,Lihat Perkara,SFA1B98EA7C149A94,Normal,Normal
4883,2025-04-29 14:08:28,53,Cari Berkas,SFA1B98EA7C149A94,Normal,Normal
4884,2025-04-29 14:09:30,53,Logout,SFA1B98EA7C149A94,Normal,Normal
4885,2025-04-29 15:01:43,48,Lihat Perkara,S82DC286E060CFBA5,Normal,Normal
4886,2025-04-29 15:04:15,48,Lihat Berkas,S82DC286E060CFBA5,Normal,Normal
4887,2025-04-29 15:04:47,48,Input Berkas,S82DC286E060CFBA5,Normal,Normal
4888,2025-04-29 15:07:21,48,Verifikasi,S82DC286E060CFBA5,device_berubah,Low
4889,2025-04-29 15:07:59,48,Logout,S82DC286E060CFBA5,Normal,Normal
4902,2025-04-30 10:46:20,58,Login,SD1A9F0118D8565CE,Normal,Normal
4903,2025-04-30 10:48:43,58,Lihat Perkara,SD1A9F0118D8565CE,Normal,Normal
4904,2025-04-30 10:50:47,58,Cari Berkas,SD1A9F0118D8565CE,Normal,Normal
4905,2025-04-30 10:53:07,58,Logout,SD1A9F0118D8565CE,Normal,Normal
4917,2025-04-30 14:26:11,59,Login,S1D7EF83985432556,Normal,Normal
4918,2025-04-30 14:28:29,59,Lihat Perkara,S1D7EF83985432556,Normal,Normal
4919,2025-04-30 14:29:20,59,Cari Berkas,S1D7EF83985432556,Normal,Normal
4920,2025-04-30 14:30:11,59,Logout,S1D7EF83985432556,Normal,Normal
4925,2025-04-30 16:09:52,63,Login,SA3FDD59C82D29BF8,durasi_tidak_wajar,Medium
4926,2025-04-30 16:12:32,63,Lihat Perkara,SA3FDD59C82D29BF8,Normal,Normal
4927,2025-04-30 16:12:45,63,Cari Berkas,SA3FDD59C82D29BF8,Normal,Normal
4929,2025-04-30 16:13:54,63,Logout,SA3FDD59C82D29BF8,Normal,Normal
4933,2025-04-30 16:49:33,20,Login,S705FDDF566FADCA0,Normal,Normal
4934,2025-04-30 16:50:38,20,Lihat Perkara,S705FDDF566FADCA0,Normal,Normal
4935,2025-04-30 16:51:02,20,Cari Berkas,S705FDDF566FADCA0,ip_berubah,Low
4936,2025-04-30 16:51:47,20,Logout,S705FDDF566FADCA0,Normal,Normal
4938,2025-05-01 08:30:33,45,Login,S89F38C4E6A10BFFC,Normal,Normal
4939,2025-05-01 08:31:27,45,Lihat Perkara,S89F38C4E6A10BFFC,Normal,Normal
4940,2025-05-01 08:33:37,45,Cari Berkas,S89F38C4E6A10BFFC,Normal,Normal
4941,2025-05-01 08:35:14,45,Logout,S89F38C4E6A10BFFC,Normal,Normal
4942,2025-05-01 08:40:20,28,Login,S29D3629185D4F2C1,Normal,Normal
4943,2025-05-01 08:42:02,28,Lihat Perkara,S29D3629185D4F2C1,Normal,Normal
4944,2025-05-01 08:43:43,28,Cari Berkas,S29D3629185D4F2C1,Normal,Normal
4945,2025-05-01 08:45:19,28,Logout,S29D3629185D4F2C1,Normal,Normal
4946,2025-05-01 09:19:42,41,Login,S147FF950ADACBF26,Normal,Normal
4947,2025-05-01 09:22:31,41,Lihat Perkara,S147FF950ADACBF26,Normal,Normal
4948,2025-05-01 09:23:58,41,Cari Berkas,S147FF950ADACBF26,Normal,Normal
4949,2025-05-01 09:24:16,41,Logout,S147FF950ADACBF26,ip_berubah,Low
4957,2025-05-01 13:40:07,19,Login,S113634A520509C62,Normal,Normal
4958,2025-05-01 13:41:49,19,Lihat Perkara,S113634A520509C62,peminjaman_massal,High
4959,2025-05-01 13:43:37,19,Cari Berkas,S113634A520509C62,Normal,Normal
4960,2025-05-01 13:46:12,19,Logout,S113634A520509C62,Normal,Normal
4961,2025-05-01 14:51:32,51,Login,S07FBB920DD9D2E4D,Normal,Normal
4962,2025-05-01 14:54:13,51,Lihat Perkara,S07FBB920DD9D2E4D,Normal,Normal
4963,2025-05-01 14:56:03,51,Cari Berkas,S07FBB920DD9D2E4D,Normal,Normal
4964,2025-05-01 14:58:53,51,Logout,S07FBB920DD9D2E4D,Normal,Normal
4965,2025-05-01 15:11:51,28,Login,S4A10A7FAD8F8CB0A,Normal,Normal
4966,2025-05-01 15:14:51,28,Lihat Perkara,S4A10A7FAD8F8CB0A,Normal,Normal
4967,2025-05-01 15:15:02,28,Cari Berkas,S4A10A7FAD8F8CB0A,Normal,Normal
4968,2025-05-01 15:16:20,28,Logout,S4A10A7FAD8F8CB0A,Normal,Normal
4969,2025-05-01 15:30:50,18,Login,S63884E94DF7790C3,Normal,Normal
4970,2025-05-01 15:33:22,18,Lihat Perkara,S63884E94DF7790C3,Normal,Normal
4971,2025-05-01 15:33:54,18,Cari Berkas,S63884E94DF7790C3,Normal,Normal
4972,2025-05-01 15:36:05,18,Logout,S63884E94DF7790C3,Normal,Normal
4973,2025-05-01 16:21:42,49,Login,S2138FE3C5C699E1F,Normal,Normal
4974,2025-05-01 16:24:06,49,Lihat Perkara,S2138FE3C5C699E1F,Normal,Normal
4975,2025-05-01 16:26:38,49,Cari Berkas,S2138FE3C5C699E1F,Normal,Normal
4976,2025-05-01 16:28:17,49,Logout,S2138FE3C5C699E1F,Normal,Normal
4977,2025-05-01 16:42:29,1,Login,S56C76990740173C1,Normal,Normal
4978,2025-05-01 16:45:11,1,Dashboard,S56C76990740173C1,Normal,Normal
4979,2025-05-01 16:46:20,1,Kelola User,S56C76990740173C1,aktivitas_terlalu_cepat,Medium
4980,2025-05-01 16:47:59,1,Kelola Kode Klasifikasi,S56C76990740173C1,Normal,Normal
4981,2025-05-01 16:49:25,1,Logout,S56C76990740173C1,Normal,Normal
4982,2025-05-02 07:31:28,36,Login,SCE34DC5E0F071C60,Normal,Normal
4983,2025-05-02 07:32:14,36,Lihat Perkara,SCE34DC5E0F071C60,Normal,Normal
4984,2025-05-02 07:33:57,36,Cari Berkas,SCE34DC5E0F071C60,Normal,Normal
4985,2025-05-02 07:34:41,36,Logout,SCE34DC5E0F071C60,Normal,Normal
4990,2025-05-02 08:04:50,39,Login,S8C2D23A97E1E7E84,Normal,Normal
4991,2025-05-02 08:06:50,39,Lihat Perkara,S8C2D23A97E1E7E84,Normal,Normal
4992,2025-05-02 08:07:54,39,Cari Berkas,S8C2D23A97E1E7E84,Normal,Normal
4993,2025-05-02 08:10:40,39,Logout,S8C2D23A97E1E7E84,Normal,Normal
4994,2025-05-02 08:35:26,23,Login,S92689D81276CF202,Normal,Normal
4995,2025-05-02 08:35:55,23,Lihat Perkara,S92689D81276CF202,Normal,Normal
4996,2025-05-02 08:36:07,23,Cari Berkas,S92689D81276CF202,Normal,Normal
4997,2025-05-02 08:36:20,23,Logout,S92689D81276CF202,Normal,Normal
4998,2025-05-02 09:00:08,51,Login,S35A056373164E879,Normal,Normal
4999,2025-05-02 09:01:53,51,Lihat Perkara,S35A056373164E879,Normal,Normal
5000,2025-05-02 09:03:50,51,Cari Berkas,S35A056373164E879,Normal,Normal
5001,2025-05-02 09:06:28,51,Logout,S35A056373164E879,Normal,Normal
5002,2025-05-02 10:47:11,84,Login,S5A37FE116B9C7D7C,Normal,Normal
5003,2025-05-02 10:50:02,84,Dashboard,S5A37FE116B9C7D7C,Normal,Normal
5004,2025-05-02 10:52:38,84,Kelola User,S5A37FE116B9C7D7C,Normal,Normal
5005,2025-05-02 10:54:07,84,Kelola Kode Klasifikasi,S5A37FE116B9C7D7C,durasi_tidak_wajar,Medium
5006,2025-05-02 10:55:08,84,Logout,S5A37FE116B9C7D7C,Normal,Normal
5007,2025-05-02 11:21:01,78,Login,SBD4FA81CF3ABC4EB,Normal,Normal
5008,2025-05-02 11:21:18,78,Lihat Perkara,SBD4FA81CF3ABC4EB,Normal,Normal
5009,2025-05-02 11:21:45,78,Cari Berkas,SBD4FA81CF3ABC4EB,Normal,Normal
5010,2025-05-02 11:22:09,78,Logout,SBD4FA81CF3ABC4EB,Normal,Normal
5011,2025-05-02 11:54:15,38,Login,S434A130E8C6EA6AD,Normal,Normal
5012,2025-05-02 11:56:25,38,Lihat Perkara,S434A130E8C6EA6AD,Normal,Normal
5013,2025-05-02 11:59:11,38,Cari Berkas,S434A130E8C6EA6AD,Normal,Normal
5014,2025-05-02 12:00:48,38,Logout,S434A130E8C6EA6AD,Normal,Normal
5015,2025-05-02 12:04:49,58,Login,S261847B19D0693FE,Normal,Normal
5016,2025-05-02 12:06:47,58,Lihat Perkara,S261847B19D0693FE,Normal,Normal
5017,2025-05-02 12:08:37,58,Cari Berkas,S261847B19D0693FE,Normal,Normal
5018,2025-05-02 12:10:08,58,Logout,S261847B19D0693FE,Normal,Normal
5023,2025-05-02 16:59:18,75,Login,SA4951E7AFE64EA6C,Normal,Normal
5024,2025-05-02 17:00:37,75,Lihat Perkara,SA4951E7AFE64EA6C,Normal,Normal
5025,2025-05-02 17:02:42,75,Cari Berkas,SA4951E7AFE64EA6C,Normal,Normal
5026,2025-05-02 17:05:35,75,Logout,SA4951E7AFE64EA6C,Normal,Normal
5031,2025-05-03 08:07:49,31,Login,SEBEDB454B383D8AA,Normal,Normal
5032,2025-05-03 08:09:58,31,Lihat Perkara,SEBEDB454B383D8AA,Normal,Normal
5033,2025-05-03 08:10:15,31,Cari Berkas,SEBEDB454B383D8AA,Normal,Normal
5034,2025-05-03 08:13:13,31,Logout,SEBEDB454B383D8AA,Normal,Normal
5043,2025-05-03 09:50:08,51,Login,SD4EDDB5AADC47057,Normal,Normal
5044,2025-05-03 09:50:23,51,Lihat Perkara,SD4EDDB5AADC47057,ip_berubah,Low
5045,2025-05-03 09:51:26,51,Cari Berkas,SD4EDDB5AADC47057,device_berubah,Low
5046,2025-05-03 09:51:59,51,Logout,SD4EDDB5AADC47057,Normal,Normal
5047,2025-05-03 10:10:39,81,Login,S697AE294734EAB10,ip_berubah,Low
5049,2025-05-03 10:13:25,81,Lihat Perkara,S697AE294734EAB10,Normal,Normal
5051,2025-05-03 10:13:44,81,Cari Berkas,S697AE294734EAB10,Normal,Normal
5054,2025-05-03 10:16:26,81,Logout,S697AE294734EAB10,Normal,Normal
5055,2025-05-03 12:36:57,50,Login,S00CFA44D1B7DB566,Normal,Normal
5056,2025-05-03 12:38:58,50,Lihat Perkara,S00CFA44D1B7DB566,Normal,Normal
5057,2025-05-03 12:41:36,50,Cari Berkas,S00CFA44D1B7DB566,Normal,Normal
5058,2025-05-03 12:44:19,50,Logout,S00CFA44D1B7DB566,Normal,Normal
5063,2025-05-04 05:37:44,20,Login,SF40846283B1F38F0,login_luar_jam,Low
5064,2025-05-04 08:02:00,34,Login,SC3F62136846D5A3B,Normal,Normal
5065,2025-05-04 08:04:43,34,Lihat Perkara,SC3F62136846D5A3B,Normal,Normal
5066,2025-05-04 08:05:55,46,Login,S5A6D4596358017D6,Normal,Normal
5067,2025-05-04 08:06:06,46,Lihat Perkara,S5A6D4596358017D6,Normal,Normal
5068,2025-05-04 08:06:36,34,Cari Berkas,SC3F62136846D5A3B,Normal,Normal
5069,2025-05-04 08:08:56,46,Cari Berkas,S5A6D4596358017D6,Normal,Normal
5070,2025-05-04 08:09:35,34,Logout,SC3F62136846D5A3B,Normal,Normal
5071,2025-05-04 08:10:31,46,Logout,S5A6D4596358017D6,Normal,Normal
5076,2025-05-04 10:32:54,74,Login,SACDFE0FFC5ED3982,Normal,Normal
5077,2025-05-04 10:35:17,74,Lihat Perkara,SACDFE0FFC5ED3982,Normal,Normal
5078,2025-05-04 10:36:53,74,Cari Berkas,SACDFE0FFC5ED3982,Normal,Normal
5079,2025-05-04 10:37:49,74,Logout,SACDFE0FFC5ED3982,Normal,Normal
5080,2025-05-04 10:57:02,61,Login,S7D2683506EB771E4,Normal,Normal
5081,2025-05-04 10:58:00,61,Lihat Perkara,S7D2683506EB771E4,ip_berubah,Low
5082,2025-05-04 10:58:46,61,Cari Berkas,S7D2683506EB771E4,Normal,Normal
5083,2025-05-04 11:01:30,61,Logout,S7D2683506EB771E4,Normal,Normal
5084,2025-05-04 11:14:57,53,Login,SC14988C87804B7BE,Normal,Normal
5085,2025-05-04 11:15:23,53,Lihat Perkara,SC14988C87804B7BE,Normal,Normal
5086,2025-05-04 11:16:37,53,Cari Berkas,SC14988C87804B7BE,Normal,Normal
5087,2025-05-04 11:18:19,53,Logout,SC14988C87804B7BE,Normal,Normal
5092,2025-05-04 14:38:39,20,Lihat Perkara,SF40846283B1F38F0,Normal,Normal
5093,2025-05-04 14:38:51,20,Cari Berkas,SF40846283B1F38F0,Normal,Normal
5094,2025-05-04 14:39:37,20,Logout,SF40846283B1F38F0,Normal,Normal
5096,2025-05-05 07:34:29,33,Login,SAE441E21D25864F2,Normal,Normal
5097,2025-05-05 07:37:05,33,Lihat Perkara,SAE441E21D25864F2,Normal,Normal
5098,2025-05-05 07:37:43,33,Cari Berkas,SAE441E21D25864F2,Normal,Normal
5099,2025-05-05 07:38:41,33,Logout,SAE441E21D25864F2,Normal,Normal
5103,2025-05-05 11:06:41,66,Login,S90A3FBBF7580E050,Normal,Normal
5104,2025-05-05 11:08:07,66,Lihat Perkara,S90A3FBBF7580E050,Normal,Normal
5105,2025-05-05 11:08:37,66,Cari Berkas,S90A3FBBF7580E050,Normal,Normal
5106,2025-05-05 11:11:34,66,Logout,S90A3FBBF7580E050,Normal,Normal
5107,2025-05-05 11:58:32,42,Login,S5A893FF211B2BD30,Normal,Normal
5108,2025-05-05 11:59:23,42,Lihat Perkara,S5A893FF211B2BD30,Normal,Normal
5109,2025-05-05 12:01:53,42,Cari Berkas,S5A893FF211B2BD30,Normal,Normal
5110,2025-05-05 12:02:21,42,Logout,S5A893FF211B2BD30,Normal,Normal
5111,2025-05-05 12:15:38,29,Login,S764878D769343F60,Normal,Normal
5112,2025-05-05 12:17:45,29,Lihat Perkara,S764878D769343F60,Normal,Normal
5113,2025-05-05 12:20:07,29,Cari Berkas,S764878D769343F60,ip_berubah,Low
5114,2025-05-05 12:22:58,29,Logout,S764878D769343F60,Normal,Normal
5119,2025-05-05 14:11:25,24,Login,S31E184C1ED9D3F55,Normal,Normal
5120,2025-05-05 14:14:18,24,Lihat Perkara,S31E184C1ED9D3F55,Normal,Normal
5121,2025-05-05 14:15:23,24,Cari Berkas,S31E184C1ED9D3F55,Normal,Normal
5122,2025-05-05 14:15:50,24,Logout,S31E184C1ED9D3F55,Normal,Normal
5123,2025-05-05 14:45:57,55,Login,S1F0B1094597CE0CF,Normal,Normal
5124,2025-05-05 14:46:17,55,Lihat Perkara,S1F0B1094597CE0CF,Normal,Normal
5125,2025-05-05 14:46:48,34,Login,SECB5AD17AF88A9B2,Normal,Normal
5126,2025-05-05 14:47:21,34,Lihat Perkara,SECB5AD17AF88A9B2,Normal,Normal
5127,2025-05-05 14:48:53,55,Lihat Berkas,S1F0B1094597CE0CF,Normal,Normal
5128,2025-05-05 14:49:18,55,Input Berkas,S1F0B1094597CE0CF,Normal,Normal
5129,2025-05-05 14:49:38,34,Cari Berkas,SECB5AD17AF88A9B2,Normal,Normal
5130,2025-05-05 14:51:43,55,Verifikasi,S1F0B1094597CE0CF,Normal,Normal
5131,2025-05-05 14:52:19,34,Logout,SECB5AD17AF88A9B2,Normal,Normal
5132,2025-05-05 14:53:16,55,Logout,S1F0B1094597CE0CF,Normal,Normal
5133,2025-05-05 14:53:33,43,Login,SC906F88BDBFF45BD,Normal,Normal
5134,2025-05-05 14:54:33,43,Lihat Perkara,SC906F88BDBFF45BD,Normal,Normal
5135,2025-05-05 14:54:53,43,Cari Berkas,SC906F88BDBFF45BD,Normal,Normal
5136,2025-05-05 14:56:28,43,Logout,SC906F88BDBFF45BD,Normal,Normal
5145,2025-05-06 12:47:13,73,Login,S0794BF3B298EA5E0,Normal,Normal
5146,2025-05-06 12:49:23,73,Lihat Perkara,S0794BF3B298EA5E0,Normal,Normal
5147,2025-05-06 12:52:03,73,Cari Berkas,S0794BF3B298EA5E0,Normal,Normal
5148,2025-05-06 12:53:50,73,Logout,S0794BF3B298EA5E0,durasi_tidak_wajar,Medium
5158,2025-05-06 15:52:23,72,Login,SCF8CD3F40BF0CE37,Normal,Normal
5159,2025-05-06 15:54:46,72,Lihat Perkara,SCF8CD3F40BF0CE37,Normal,Normal
5160,2025-05-06 15:55:11,72,Cari Berkas,SCF8CD3F40BF0CE37,Normal,Normal
5161,2025-05-06 15:57:36,72,Logout,SCF8CD3F40BF0CE37,Normal,Normal
5170,2025-05-07 12:02:31,55,Login,S23CBE943CA840003,Normal,Normal
5171,2025-05-07 12:05:26,55,Lihat Perkara,S23CBE943CA840003,Normal,Normal
5172,2025-05-07 12:05:57,55,Lihat Berkas,S23CBE943CA840003,Normal,Normal
5173,2025-05-07 12:07:10,55,Input Berkas,S23CBE943CA840003,Normal,Normal
5174,2025-05-07 12:09:41,55,Verifikasi,S23CBE943CA840003,Normal,Normal
5175,2025-05-07 12:12:24,55,Logout,S23CBE943CA840003,Normal,Normal
5176,2025-05-07 15:54:47,29,Login,S623C22D18CB1A229,Normal,Normal
5177,2025-05-07 15:55:29,29,Lihat Perkara,S623C22D18CB1A229,durasi_tidak_wajar,Medium
5178,2025-05-07 15:57:16,29,Cari Berkas,S623C22D18CB1A229,Normal,Normal
5179,2025-05-07 15:58:21,29,Logout,S623C22D18CB1A229,Normal,Normal
5180,2025-05-07 16:09:18,55,Login,S5988B3F234D65BA0,Normal,Normal
5181,2025-05-07 16:09:47,55,Lihat Perkara,S5988B3F234D65BA0,Normal,Normal
5182,2025-05-07 16:10:14,55,Lihat Berkas,S5988B3F234D65BA0,ip_berubah,Low
5183,2025-05-07 16:11:48,55,Input Berkas,S5988B3F234D65BA0,peminjaman_massal,High
5184,2025-05-07 16:14:04,55,Verifikasi,S5988B3F234D65BA0,Normal,Normal
5185,2025-05-07 16:15:44,55,Logout,S5988B3F234D65BA0,Normal,Normal
5186,2025-05-07 16:56:41,33,Login,S59206DBDEC8EBA6A,Normal,Normal
5187,2025-05-07 16:57:56,33,Lihat Perkara,S59206DBDEC8EBA6A,Normal,Normal
5188,2025-05-07 16:58:24,33,Cari Berkas,S59206DBDEC8EBA6A,Normal,Normal
5189,2025-05-07 17:00:55,33,Logout,S59206DBDEC8EBA6A,Normal,Normal
5190,2025-05-08 03:34:59,57,Login,SFC22B9C70BCABFE1,login_luar_jam,Low
5195,2025-05-08 08:41:50,28,Login,S904FDA438D0F24A5,Normal,Normal
5196,2025-05-08 08:44:42,28,Lihat Perkara,S904FDA438D0F24A5,Normal,Normal
5197,2025-05-08 08:45:29,28,Cari Berkas,S904FDA438D0F24A5,Normal,Normal
5198,2025-05-08 08:47:41,28,Logout,S904FDA438D0F24A5,durasi_tidak_wajar,Medium
5199,2025-05-08 10:01:49,8,Login,S9C1CAC23533487F7,Normal,Normal
5200,2025-05-08 10:04:24,8,Lihat Perkara,S9C1CAC23533487F7,Normal,Normal
5201,2025-05-08 10:07:14,8,Cari Berkas,S9C1CAC23533487F7,Normal,Normal
5202,2025-05-08 10:09:24,8,Logout,S9C1CAC23533487F7,Normal,Normal
5203,2025-05-08 11:36:35,57,Lihat Perkara,SFC22B9C70BCABFE1,Normal,Normal
5204,2025-05-08 11:38:18,57,Cari Berkas,SFC22B9C70BCABFE1,Normal,Normal
5205,2025-05-08 11:39:26,57,Logout,SFC22B9C70BCABFE1,Normal,Normal
5206,2025-05-08 11:59:29,82,Login,S525647F60B97E778,Normal,Normal
5207,2025-05-08 12:00:16,82,Lihat Perkara,S525647F60B97E778,Normal,Normal
5208,2025-05-08 12:01:55,82,Cari Berkas,S525647F60B97E778,Normal,Normal
5209,2025-05-08 12:02:33,82,Logout,S525647F60B97E778,Normal,Normal
5210,2025-05-08 12:18:36,85,Login,S607CBD3384DCFF4D,verifikasi_massal,High
5211,2025-05-08 12:20:29,85,Lihat Perkara,S607CBD3384DCFF4D,Normal,Normal
5212,2025-05-08 12:22:35,85,Lihat Berkas,S607CBD3384DCFF4D,Normal,Normal
5213,2025-05-08 12:23:46,85,Input Berkas,S607CBD3384DCFF4D,Normal,Normal
5214,2025-05-08 12:26:27,85,Verifikasi,S607CBD3384DCFF4D,Normal,Normal
5215,2025-05-08 12:27:05,85,Logout,S607CBD3384DCFF4D,Normal,Normal
5216,2025-05-08 12:55:51,62,Login,S0CFB46D323254F28,Normal,Normal
5217,2025-05-08 12:56:22,62,Lihat Perkara,S0CFB46D323254F28,Normal,Normal
5218,2025-05-08 12:59:13,62,Cari Berkas,S0CFB46D323254F28,Normal,Normal
5219,2025-05-08 13:01:50,62,Logout,S0CFB46D323254F28,Normal,Normal
5220,2025-05-08 13:28:52,44,Login,SD5BEA8DC33E88249,Normal,Normal
5221,2025-05-08 13:29:41,44,Lihat Perkara,SD5BEA8DC33E88249,Normal,Normal
5222,2025-05-08 13:30:18,44,Cari Berkas,SD5BEA8DC33E88249,Normal,Normal
5223,2025-05-08 13:30:58,44,Logout,SD5BEA8DC33E88249,peminjaman_massal,High
5224,2025-05-08 14:26:28,30,Login,SC321BB829AB246AD,Normal,Normal
5225,2025-05-08 14:26:39,30,Lihat Perkara,SC321BB829AB246AD,Normal,Normal
5226,2025-05-08 14:28:27,30,Cari Berkas,SC321BB829AB246AD,aktivitas_terlalu_cepat,Medium
5227,2025-05-08 14:28:58,30,Logout,SC321BB829AB246AD,Normal,Normal
5232,2025-05-08 15:54:07,43,Login,SCECBE1F1F6551AC6,Normal,Normal
5233,2025-05-08 15:55:50,43,Lihat Perkara,SCECBE1F1F6551AC6,Normal,Normal
5234,2025-05-08 15:57:40,43,Cari Berkas,SCECBE1F1F6551AC6,Normal,Normal
5235,2025-05-08 15:59:10,43,Logout,SCECBE1F1F6551AC6,Normal,Normal
5236,2025-05-08 16:25:01,67,Login,SC18119A6C2B619F5,durasi_tidak_wajar,Medium
5237,2025-05-08 16:27:56,67,Lihat Perkara,SC18119A6C2B619F5,Normal,Normal
5238,2025-05-08 16:29:19,67,Cari Berkas,SC18119A6C2B619F5,Normal,Normal
5239,2025-05-08 16:31:55,67,Logout,SC18119A6C2B619F5,Normal,Normal
5240,2025-05-08 16:33:58,21,Login,SCA99D2CCCBCD9EED,Normal,Normal
5241,2025-05-08 16:34:27,21,Lihat Perkara,SCA99D2CCCBCD9EED,Normal,Normal
5242,2025-05-08 16:34:50,21,Cari Berkas,SCA99D2CCCBCD9EED,Normal,Normal
5243,2025-05-08 16:36:53,21,Logout,SCA99D2CCCBCD9EED,Normal,Normal
5248,2025-05-09 00:05:04,40,Login,SC3E6319B4461DB61,login_luar_jam,Low
5249,2025-05-09 02:43:32,45,Login,S946B835DAF69789B,login_luar_jam,Low
5250,2025-05-09 08:20:26,67,Login,S786330781D115C12,Normal,Normal
5251,2025-05-09 08:21:25,67,Lihat Perkara,S786330781D115C12,Normal,Normal
5252,2025-05-09 08:23:22,67,Cari Berkas,S786330781D115C12,Normal,Normal
5253,2025-05-09 08:24:51,67,Logout,S786330781D115C12,Normal,Normal
5254,2025-05-09 08:29:44,54,Login,SC73E54ABF5F5431F,Normal,Normal
5255,2025-05-09 08:31:52,54,Lihat Perkara,SC73E54ABF5F5431F,Normal,Normal
5256,2025-05-09 08:32:12,54,Lihat Berkas,SC73E54ABF5F5431F,Normal,Normal
5257,2025-05-09 08:34:01,54,Input Berkas,SC73E54ABF5F5431F,Normal,Normal
5258,2025-05-09 08:35:25,54,Verifikasi,SC73E54ABF5F5431F,Normal,Normal
5259,2025-05-09 08:38:16,54,Logout,SC73E54ABF5F5431F,Normal,Normal
5260,2025-05-09 08:45:50,45,Lihat Perkara,S946B835DAF69789B,Normal,Normal
5261,2025-05-09 08:47:32,45,Cari Berkas,S946B835DAF69789B,Normal,Normal
5262,2025-05-09 08:48:52,45,Logout,S946B835DAF69789B,Normal,Normal
5263,2025-05-09 10:10:10,45,Login,S240DFFAEBE734970,Normal,Normal
5264,2025-05-09 10:11:14,45,Lihat Perkara,S240DFFAEBE734970,Normal,Normal
5265,2025-05-09 10:12:41,45,Cari Berkas,S240DFFAEBE734970,Normal,Normal
5266,2025-05-09 10:15:02,45,Logout,S240DFFAEBE734970,Normal,Normal
5267,2025-05-09 11:29:40,85,Login,S826147AA3AFF8085,Normal,Normal
5268,2025-05-09 11:31:49,85,Lihat Perkara,S826147AA3AFF8085,Normal,Normal
5269,2025-05-09 11:34:21,85,Lihat Berkas,S826147AA3AFF8085,Normal,Normal
5270,2025-05-09 11:35:15,85,Input Berkas,S826147AA3AFF8085,Normal,Normal
5271,2025-05-09 11:36:33,70,Login,S3160C6125AE9E8BB,Normal,Normal
5272,2025-05-09 11:37:05,85,Verifikasi,S826147AA3AFF8085,durasi_tidak_wajar,Medium
5273,2025-05-09 11:37:19,85,Logout,S826147AA3AFF8085,Normal,Normal
5274,2025-05-09 11:37:28,70,Lihat Perkara,S3160C6125AE9E8BB,Normal,Normal
5275,2025-05-09 11:37:48,70,Cari Berkas,S3160C6125AE9E8BB,Normal,Normal
5276,2025-05-09 11:38:13,70,Logout,S3160C6125AE9E8BB,Normal,Normal
5277,2025-05-09 13:07:29,40,Lihat Perkara,SC3E6319B4461DB61,Normal,Normal
5278,2025-05-09 13:10:24,40,Cari Berkas,SC3E6319B4461DB61,verifikasi_massal,High
5279,2025-05-09 13:10:39,40,Logout,SC3E6319B4461DB61,Normal,Normal
5284,2025-05-09 13:55:13,76,Login,S990DDC7345F72E6C,Normal,Normal
5285,2025-05-09 13:56:47,38,Login,SE54C87393133839E,durasi_tidak_wajar,Medium
5286,2025-05-09 13:56:52,76,Lihat Perkara,S990DDC7345F72E6C,Normal,Normal
5287,2025-05-09 13:57:00,38,Lihat Perkara,SE54C87393133839E,aktivitas_terlalu_cepat,Medium
5288,2025-05-09 13:57:41,38,Cari Berkas,SE54C87393133839E,Normal,Normal
5289,2025-05-09 13:58:54,38,Logout,SE54C87393133839E,Normal,Normal
5290,2025-05-09 13:59:43,76,Cari Berkas,S990DDC7345F72E6C,Normal,Normal
5291,2025-05-09 14:00:47,76,Logout,S990DDC7345F72E6C,Normal,Normal
5292,2025-05-09 14:10:56,31,Login,SE1A3F33C25C5EECD,Normal,Normal
5293,2025-05-09 14:11:50,31,Lihat Perkara,SE1A3F33C25C5EECD,Normal,Normal
5294,2025-05-09 14:13:40,31,Cari Berkas,SE1A3F33C25C5EECD,Normal,Normal
5295,2025-05-09 14:15:52,31,Logout,SE1A3F33C25C5EECD,Normal,Normal
5296,2025-05-09 14:24:44,73,Login,S002072C6FE034A0E,ip_berubah,Low
5297,2025-05-09 14:27:27,73,Lihat Perkara,S002072C6FE034A0E,Normal,Normal
5298,2025-05-09 14:28:46,73,Cari Berkas,S002072C6FE034A0E,Normal,Normal
5299,2025-05-09 14:31:02,73,Logout,S002072C6FE034A0E,Normal,Normal
5300,2025-05-09 15:41:31,38,Login,S7A98AAAD56C542C5,Normal,Normal
5301,2025-05-09 15:43:43,38,Lihat Perkara,S7A98AAAD56C542C5,Normal,Normal
5302,2025-05-09 15:45:00,64,Login,SDC7FF95C669F7676,Normal,Normal
5303,2025-05-09 15:45:56,38,Cari Berkas,S7A98AAAD56C542C5,Normal,Normal
5304,2025-05-09 15:46:50,64,Lihat Perkara,SDC7FF95C669F7676,Normal,Normal
5305,2025-05-09 15:47:11,64,Cari Berkas,SDC7FF95C669F7676,Normal,Normal
5306,2025-05-09 15:47:17,38,Logout,S7A98AAAD56C542C5,Normal,Normal
5307,2025-05-09 15:49:44,64,Logout,SDC7FF95C669F7676,Normal,Normal
5308,2025-05-10 07:25:55,53,Login,SB4D811351367CEC9,Normal,Normal
5309,2025-05-10 07:28:24,53,Lihat Perkara,SB4D811351367CEC9,Normal,Normal
5310,2025-05-10 07:28:56,53,Cari Berkas,SB4D811351367CEC9,Normal,Normal
5311,2025-05-10 07:31:00,53,Logout,SB4D811351367CEC9,Normal,Normal
5312,2025-05-10 07:47:16,75,Login,SE89560411E71AFA9,Normal,Normal
5313,2025-05-10 07:47:42,75,Lihat Perkara,SE89560411E71AFA9,Normal,Normal
5314,2025-05-10 07:49:09,75,Cari Berkas,SE89560411E71AFA9,Normal,Normal
5315,2025-05-10 07:52:09,75,Logout,SE89560411E71AFA9,Normal,Normal
5328,2025-05-10 15:36:40,23,Login,S1F423FFED6123ECD,Normal,Normal
5329,2025-05-10 15:38:11,23,Lihat Perkara,S1F423FFED6123ECD,Normal,Normal
5330,2025-05-10 15:39:35,23,Cari Berkas,S1F423FFED6123ECD,Normal,Normal
5331,2025-05-10 15:42:33,23,Logout,S1F423FFED6123ECD,Normal,Normal
5332,2025-05-10 16:40:58,51,Login,S9C9A9D7D29C09A85,Normal,Normal
5333,2025-05-10 16:42:03,51,Lihat Perkara,S9C9A9D7D29C09A85,Normal,Normal
5334,2025-05-10 16:42:41,51,Cari Berkas,S9C9A9D7D29C09A85,Normal,Normal
5335,2025-05-10 16:44:03,51,Logout,S9C9A9D7D29C09A85,Normal,Normal
5336,2025-05-10 16:53:15,31,Login,SD12DE8E263403148,Normal,Normal
5337,2025-05-10 16:54:17,31,Lihat Perkara,SD12DE8E263403148,Normal,Normal
5338,2025-05-10 16:55:19,31,Cari Berkas,SD12DE8E263403148,Normal,Normal
5339,2025-05-10 16:56:23,31,Logout,SD12DE8E263403148,Normal,Normal
5340,2025-05-11 05:27:42,69,Login,SEADA0857E9491313,login_luar_jam,Low
5345,2025-05-11 09:29:46,69,Lihat Perkara,SEADA0857E9491313,Normal,Normal
5346,2025-05-11 09:30:31,69,Cari Berkas,SEADA0857E9491313,Normal,Normal
5347,2025-05-11 09:33:12,69,Logout,SEADA0857E9491313,Normal,Normal
5352,2025-05-11 13:31:53,52,Login,S698F5D92B694F5A1,durasi_tidak_wajar,Medium
5353,2025-05-11 13:33:07,52,Lihat Perkara,S698F5D92B694F5A1,Normal,Normal
5354,2025-05-11 13:35:56,52,Cari Berkas,S698F5D92B694F5A1,Normal,Normal
5355,2025-05-11 13:38:04,52,Logout,S698F5D92B694F5A1,Normal,Normal
5360,2025-05-11 15:14:54,47,Login,S8677098C144A1458,Normal,Normal
5361,2025-05-11 15:15:42,47,Lihat Perkara,S8677098C144A1458,Normal,Normal
5362,2025-05-11 15:17:07,47,Cari Berkas,S8677098C144A1458,Normal,Normal
5363,2025-05-11 15:17:53,47,Logout,S8677098C144A1458,peminjaman_massal,High
5364,2025-05-11 16:00:43,23,Login,SCFDEA771305D9749,ip_berubah,Low
5365,2025-05-11 16:02:49,23,Lihat Perkara,SCFDEA771305D9749,Normal,Normal
5366,2025-05-11 16:05:19,23,Cari Berkas,SCFDEA771305D9749,Normal,Normal
5367,2025-05-11 16:07:58,23,Logout,SCFDEA771305D9749,Normal,Normal
5372,2025-05-12 02:30:27,34,Login,SE44B4EF12CD4FF6E,login_luar_jam,Low
5373,2025-05-12 07:47:22,46,Login,SC3C33FDDBD2D489F,Normal,Normal
5374,2025-05-12 07:49:30,46,Lihat Perkara,SC3C33FDDBD2D489F,durasi_tidak_wajar,Medium
5375,2025-05-12 07:50:49,46,Cari Berkas,SC3C33FDDBD2D489F,Normal,Normal
5376,2025-05-12 07:53:37,46,Logout,SC3C33FDDBD2D489F,Normal,Normal
5377,2025-05-12 08:48:55,60,Login,S14AED155212075D1,Normal,Normal
5378,2025-05-12 08:49:17,60,Lihat Perkara,S14AED155212075D1,Normal,Normal
5379,2025-05-12 08:51:28,60,Cari Berkas,S14AED155212075D1,Normal,Normal
5380,2025-05-12 08:51:40,60,Logout,S14AED155212075D1,Normal,Normal
5381,2025-05-12 10:35:28,45,Login,S257D5E521A5165CA,Normal,Normal
5382,2025-05-12 10:36:22,45,Lihat Perkara,S257D5E521A5165CA,Normal,Normal
5383,2025-05-12 10:39:06,45,Cari Berkas,S257D5E521A5165CA,Normal,Normal
5384,2025-05-12 10:39:55,45,Logout,S257D5E521A5165CA,Normal,Normal
5385,2025-05-12 11:28:22,64,Login,SFC6C5725CDB7FBFF,Normal,Normal
5386,2025-05-12 11:28:53,64,Lihat Perkara,SFC6C5725CDB7FBFF,Normal,Normal
5387,2025-05-12 11:30:52,64,Cari Berkas,SFC6C5725CDB7FBFF,Normal,Normal
5388,2025-05-12 11:33:08,64,Logout,SFC6C5725CDB7FBFF,Normal,Normal
5389,2025-05-12 12:31:43,34,Lihat Perkara,SE44B4EF12CD4FF6E,Normal,Normal
5390,2025-05-12 12:32:10,34,Cari Berkas,SE44B4EF12CD4FF6E,Normal,Normal
5391,2025-05-12 12:34:31,34,Logout,SE44B4EF12CD4FF6E,Normal,Normal
5392,2025-05-12 13:28:10,31,Login,S824723C3A32A4516,Normal,Normal
5393,2025-05-12 13:30:07,31,Lihat Perkara,S824723C3A32A4516,Normal,Normal
5394,2025-05-12 13:32:20,31,Cari Berkas,S824723C3A32A4516,Normal,Normal
5395,2025-05-12 13:35:08,31,Logout,S824723C3A32A4516,Normal,Normal
5396,2025-05-12 14:14:56,36,Login,SBD76BB2FF1896BAD,Normal,Normal
5397,2025-05-12 14:16:18,36,Lihat Perkara,SBD76BB2FF1896BAD,Normal,Normal
5398,2025-05-12 14:18:45,36,Cari Berkas,SBD76BB2FF1896BAD,Normal,Normal
5399,2025-05-12 14:20:08,36,Logout,SBD76BB2FF1896BAD,Normal,Normal
5404,2025-05-13 07:15:09,47,Login,SAC99004A574F054C,ip_berubah,Low
5405,2025-05-13 07:16:18,47,Lihat Perkara,SAC99004A574F054C,Normal,Normal
5407,2025-05-13 07:17:46,47,Cari Berkas,SAC99004A574F054C,Normal,Normal
5408,2025-05-13 07:20:25,47,Logout,SAC99004A574F054C,Normal,Normal
5409,2025-05-13 07:57:05,72,Login,S208EBE6AB0CE98B9,Normal,Normal
5410,2025-05-13 07:58:48,72,Lihat Perkara,S208EBE6AB0CE98B9,Normal,Normal
5411,2025-05-13 08:00:31,72,Cari Berkas,S208EBE6AB0CE98B9,Normal,Normal
5412,2025-05-13 08:02:08,72,Logout,S208EBE6AB0CE98B9,Normal,Normal
5413,2025-05-13 10:04:37,27,Login,SEE5B6379213FA67B,Normal,Normal
5414,2025-05-13 10:07:35,27,Lihat Perkara,SEE5B6379213FA67B,device_berubah,Low
5415,2025-05-13 10:08:59,27,Cari Berkas,SEE5B6379213FA67B,Normal,Normal
5416,2025-05-13 10:10:14,27,Logout,SEE5B6379213FA67B,Normal,Normal
5419,2025-05-13 10:13:49,48,Login,SBBB890DEA025E80B,Normal,Normal
5421,2025-05-13 10:16:19,48,Lihat Perkara,SBBB890DEA025E80B,Normal,Normal
5423,2025-05-13 10:18:30,48,Lihat Berkas,SBBB890DEA025E80B,Normal,Normal
5424,2025-05-13 10:20:47,48,Input Berkas,SBBB890DEA025E80B,durasi_tidak_wajar,Medium
5425,2025-05-13 10:22:00,48,Verifikasi,SBBB890DEA025E80B,aktivitas_terlalu_cepat,Medium
5426,2025-05-13 10:24:22,48,Logout,SBBB890DEA025E80B,Normal,Normal
5427,2025-05-13 11:07:28,63,Login,SFC231B0C90E54BC6,Normal,Normal
5428,2025-05-13 11:07:38,63,Lihat Perkara,SFC231B0C90E54BC6,Normal,Normal
5429,2025-05-13 11:09:30,63,Cari Berkas,SFC231B0C90E54BC6,Normal,Normal
5430,2025-05-13 11:12:16,63,Logout,SFC231B0C90E54BC6,Normal,Normal
5434,2025-05-13 12:24:28,74,Login,S2BFE6EB67AE25BD2,Normal,Normal
5435,2025-05-13 12:25:26,74,Lihat Perkara,S2BFE6EB67AE25BD2,Normal,Normal
5436,2025-05-13 12:28:18,74,Cari Berkas,S2BFE6EB67AE25BD2,Normal,Normal
5437,2025-05-13 12:29:46,74,Logout,S2BFE6EB67AE25BD2,Normal,Normal
5438,2025-05-13 13:37:37,35,Login,SAB7DD70328EDB2F8,Normal,Normal
5439,2025-05-13 13:40:00,35,Lihat Perkara,SAB7DD70328EDB2F8,Normal,Normal
5440,2025-05-13 13:42:23,35,Cari Berkas,SAB7DD70328EDB2F8,Normal,Normal
5441,2025-05-13 13:43:33,35,Logout,SAB7DD70328EDB2F8,Normal,Normal
5442,2025-05-13 15:19:08,83,Login,S9452F39A9C7D8944,Normal,Normal
5443,2025-05-13 15:19:22,83,Lihat Perkara,S9452F39A9C7D8944,Normal,Normal
5444,2025-05-13 15:21:16,83,Cari Berkas,S9452F39A9C7D8944,Normal,Normal
5445,2025-05-13 15:21:53,83,Logout,S9452F39A9C7D8944,Normal,Normal
5446,2025-05-14 01:26:57,58,Login,S2A17879A67A79886,login_luar_jam,Low
5447,2025-05-14 07:04:59,66,Login,S812FAC3B68ABAC0A,Normal,Normal
5448,2025-05-14 07:06:33,66,Lihat Perkara,S812FAC3B68ABAC0A,Normal,Normal
5449,2025-05-14 07:07:41,66,Cari Berkas,S812FAC3B68ABAC0A,Normal,Normal
5450,2025-05-14 07:09:34,66,Logout,S812FAC3B68ABAC0A,Normal,Normal
5451,2025-05-14 08:28:30,58,Lihat Perkara,S2A17879A67A79886,Normal,Normal
5452,2025-05-14 08:29:27,58,Cari Berkas,S2A17879A67A79886,Normal,Normal
5453,2025-05-14 08:31:53,58,Logout,S2A17879A67A79886,Normal,Normal
5454,2025-05-14 10:50:39,25,Login,S5BC7FF7EB39A54BF,Normal,Normal
5455,2025-05-14 10:51:51,25,Lihat Perkara,S5BC7FF7EB39A54BF,Normal,Normal
5456,2025-05-14 10:54:44,25,Cari Berkas,S5BC7FF7EB39A54BF,Normal,Normal
5457,2025-05-14 10:57:36,25,Logout,S5BC7FF7EB39A54BF,Normal,Normal
5458,2025-05-14 11:39:01,76,Login,S6CA2243DA6D31812,verifikasi_massal,High
5459,2025-05-14 11:41:45,76,Lihat Perkara,S6CA2243DA6D31812,Normal,Normal
5460,2025-05-14 11:43:02,76,Cari Berkas,S6CA2243DA6D31812,Normal,Normal
5461,2025-05-14 11:44:06,76,Logout,S6CA2243DA6D31812,Normal,Normal
5466,2025-05-14 15:20:14,60,Login,S1D4D08E717C169A5,Normal,Normal
5467,2025-05-14 15:22:38,60,Lihat Perkara,S1D4D08E717C169A5,Normal,Normal
5468,2025-05-14 15:25:00,60,Cari Berkas,S1D4D08E717C169A5,Normal,Normal
5469,2025-05-14 15:27:09,60,Logout,S1D4D08E717C169A5,Normal,Normal
5470,2025-05-15 08:47:48,54,Login,S1B4C4255684A5073,Normal,Normal
5471,2025-05-15 08:48:24,54,Lihat Perkara,S1B4C4255684A5073,Normal,Normal
5472,2025-05-15 08:51:19,54,Lihat Berkas,S1B4C4255684A5073,Normal,Normal
5473,2025-05-15 08:53:57,54,Input Berkas,S1B4C4255684A5073,ip_berubah,Low
5474,2025-05-15 08:56:54,54,Verifikasi,S1B4C4255684A5073,Normal,Normal
5475,2025-05-15 08:57:31,54,Logout,S1B4C4255684A5073,Normal,Normal
5476,2025-05-15 10:17:17,28,Login,S484F7F7C244F52F4,Normal,Normal
5477,2025-05-15 10:17:50,28,Lihat Perkara,S484F7F7C244F52F4,Normal,Normal
5478,2025-05-15 10:18:19,28,Cari Berkas,S484F7F7C244F52F4,Normal,Normal
5479,2025-05-15 10:20:35,28,Logout,S484F7F7C244F52F4,Normal,Normal
5480,2025-05-15 14:16:54,80,Login,S3897BFE3A642F14A,Normal,Normal
5481,2025-05-15 14:19:51,80,Lihat Perkara,S3897BFE3A642F14A,Normal,Normal
5482,2025-05-15 14:20:56,80,Cari Berkas,S3897BFE3A642F14A,Normal,Normal
5483,2025-05-15 14:23:51,80,Logout,S3897BFE3A642F14A,Normal,Normal
5488,2025-05-15 15:19:05,30,Login,S244F802B4D53280E,Normal,Normal
5489,2025-05-15 15:20:07,30,Lihat Perkara,S244F802B4D53280E,Normal,Normal
5490,2025-05-15 15:20:47,30,Cari Berkas,S244F802B4D53280E,Normal,Normal
5491,2025-05-15 15:23:39,30,Logout,S244F802B4D53280E,verifikasi_massal,High
5492,2025-05-15 15:34:46,52,Login,S76CB084682F154DA,peminjaman_massal,High
5493,2025-05-15 15:35:31,49,Login,SEECED5B33A8DA127,Normal,Normal
5494,2025-05-15 15:36:58,49,Lihat Perkara,SEECED5B33A8DA127,Normal,Normal
5495,2025-05-15 15:37:37,52,Lihat Perkara,S76CB084682F154DA,Normal,Normal
5496,2025-05-15 15:38:10,52,Cari Berkas,S76CB084682F154DA,Normal,Normal
5497,2025-05-15 15:38:42,49,Cari Berkas,SEECED5B33A8DA127,Normal,Normal
5498,2025-05-15 15:39:29,49,Logout,SEECED5B33A8DA127,Normal,Normal
5499,2025-05-15 15:39:40,52,Logout,S76CB084682F154DA,Normal,Normal
5504,2025-05-15 16:06:23,64,Login,SE07134599735AF57,Normal,Normal
5505,2025-05-15 16:08:19,64,Lihat Perkara,SE07134599735AF57,Normal,Normal
5506,2025-05-15 16:08:57,64,Cari Berkas,SE07134599735AF57,Normal,Normal
5507,2025-05-15 16:11:12,64,Logout,SE07134599735AF57,Normal,Normal
5508,2025-05-16 01:20:03,48,Login,S936BCBF6E3B047A5,login_luar_jam,Low
5509,2025-05-16 08:33:29,68,Login,S0E7D3BA24A0699BF,Normal,Normal
5510,2025-05-16 08:34:12,68,Lihat Perkara,S0E7D3BA24A0699BF,Normal,Normal
5511,2025-05-16 08:34:40,68,Cari Berkas,S0E7D3BA24A0699BF,Normal,Normal
5512,2025-05-16 08:35:05,68,Logout,S0E7D3BA24A0699BF,Normal,Normal
5521,2025-05-16 10:00:22,23,Login,SD2925F7CB624013A,Normal,Normal
5522,2025-05-16 10:02:22,23,Lihat Perkara,SD2925F7CB624013A,Normal,Normal
5523,2025-05-16 10:05:21,23,Cari Berkas,SD2925F7CB624013A,Normal,Normal
5524,2025-05-16 10:06:06,23,Logout,SD2925F7CB624013A,Normal,Normal
5525,2025-05-16 12:22:38,48,Lihat Perkara,S936BCBF6E3B047A5,Normal,Normal
5526,2025-05-16 12:24:13,48,Lihat Berkas,S936BCBF6E3B047A5,Normal,Normal
5527,2025-05-16 12:26:25,48,Input Berkas,S936BCBF6E3B047A5,Normal,Normal
5528,2025-05-16 12:29:19,48,Verifikasi,S936BCBF6E3B047A5,Normal,Normal
5529,2025-05-16 12:30:42,48,Logout,S936BCBF6E3B047A5,Normal,Normal
5534,2025-05-16 13:27:29,71,Login,S3ED9D8E3460017C8,Normal,Normal
5535,2025-05-16 13:27:50,71,Lihat Perkara,S3ED9D8E3460017C8,Normal,Normal
5536,2025-05-16 13:30:35,71,Cari Berkas,S3ED9D8E3460017C8,Normal,Normal
5537,2025-05-16 13:32:28,71,Logout,S3ED9D8E3460017C8,Normal,Normal
5542,2025-05-16 16:34:45,86,Login,S5933FA7E4FEA52E9,Normal,Normal
5543,2025-05-16 16:35:34,86,Lihat Perkara,S5933FA7E4FEA52E9,Normal,Normal
5544,2025-05-16 16:37:20,86,Cari Berkas,S5933FA7E4FEA52E9,Normal,Normal
5545,2025-05-16 16:38:05,86,Logout,S5933FA7E4FEA52E9,Normal,Normal
5550,2025-05-17 10:34:40,77,Login,S741969621F8FA9DD,Normal,Normal
5551,2025-05-17 10:34:55,77,Lihat Perkara,S741969621F8FA9DD,Normal,Normal
5552,2025-05-17 10:37:49,77,Cari Berkas,S741969621F8FA9DD,Normal,Normal
5553,2025-05-17 10:39:47,77,Logout,S741969621F8FA9DD,Normal,Normal
5554,2025-05-17 11:03:27,78,Login,S3CF54BCD3D8DCCB5,Normal,Normal
5555,2025-05-17 11:05:12,78,Lihat Perkara,S3CF54BCD3D8DCCB5,aktivitas_terlalu_cepat,Medium
5556,2025-05-17 11:08:09,78,Cari Berkas,S3CF54BCD3D8DCCB5,Normal,Normal
5557,2025-05-17 11:11:06,78,Logout,S3CF54BCD3D8DCCB5,Normal,Normal
5562,2025-05-17 12:48:16,46,Login,SE49A3CD986DF42BD,Normal,Normal
5563,2025-05-17 12:50:44,46,Lihat Perkara,SE49A3CD986DF42BD,Normal,Normal
5564,2025-05-17 12:53:02,46,Cari Berkas,SE49A3CD986DF42BD,Normal,Normal
5565,2025-05-17 12:53:38,46,Logout,SE49A3CD986DF42BD,Normal,Normal
5570,2025-05-17 16:07:11,69,Login,S626F96BCC31FDDAF,Normal,Normal
5571,2025-05-17 16:09:23,69,Lihat Perkara,S626F96BCC31FDDAF,Normal,Normal
5572,2025-05-17 16:11:47,69,Cari Berkas,S626F96BCC31FDDAF,Normal,Normal
5573,2025-05-17 16:12:39,69,Logout,S626F96BCC31FDDAF,Normal,Normal
5578,2025-05-18 07:29:50,21,Login,SB9C3CC98747A7BAC,Normal,Normal
5579,2025-05-18 07:30:56,21,Lihat Perkara,SB9C3CC98747A7BAC,Normal,Normal
5580,2025-05-18 07:32:00,21,Cari Berkas,SB9C3CC98747A7BAC,Normal,Normal
5581,2025-05-18 07:34:05,21,Logout,SB9C3CC98747A7BAC,Normal,Normal
5582,2025-05-18 08:50:27,70,Login,S45856270140C9B0D,Normal,Normal
5583,2025-05-18 08:51:16,70,Lihat Perkara,S45856270140C9B0D,Normal,Normal
5584,2025-05-18 08:54:15,70,Cari Berkas,S45856270140C9B0D,ip_berubah,Low
5585,2025-05-18 08:56:49,70,Logout,S45856270140C9B0D,Normal,Normal
5586,2025-05-18 09:09:20,57,Login,S0F00AAA893808821,Normal,Normal
5587,2025-05-18 09:10:00,57,Lihat Perkara,S0F00AAA893808821,Normal,Normal
5591,2025-05-18 09:12:07,57,Cari Berkas,S0F00AAA893808821,Normal,Normal
5593,2025-05-18 09:15:05,57,Logout,S0F00AAA893808821,Normal,Normal
5594,2025-05-18 09:48:04,53,Login,SEFC5A8DCCF54F88A,Normal,Normal
5595,2025-05-18 09:49:08,53,Lihat Perkara,SEFC5A8DCCF54F88A,Normal,Normal
5596,2025-05-18 09:51:29,53,Cari Berkas,SEFC5A8DCCF54F88A,Normal,Normal
5597,2025-05-18 09:54:23,53,Logout,SEFC5A8DCCF54F88A,Normal,Normal
5598,2025-05-18 10:15:13,23,Login,S19FC9448C5D899DF,Normal,Normal
5599,2025-05-18 10:17:39,23,Lihat Perkara,S19FC9448C5D899DF,Normal,Normal
5600,2025-05-18 10:18:20,23,Cari Berkas,S19FC9448C5D899DF,Normal,Normal
5601,2025-05-18 10:20:28,23,Logout,S19FC9448C5D899DF,Normal,Normal
5602,2025-05-18 10:42:44,71,Login,S5302E6E2387BCCDA,Normal,Normal
5603,2025-05-18 10:45:22,71,Lihat Perkara,S5302E6E2387BCCDA,Normal,Normal
5604,2025-05-18 10:48:13,71,Cari Berkas,S5302E6E2387BCCDA,Normal,Normal
5605,2025-05-18 10:50:04,71,Logout,S5302E6E2387BCCDA,Normal,Normal
5614,2025-05-18 13:11:40,19,Login,SA396027B944D620F,Normal,Normal
5615,2025-05-18 13:14:13,19,Lihat Perkara,SA396027B944D620F,Normal,Normal
5616,2025-05-18 13:16:26,19,Cari Berkas,SA396027B944D620F,Normal,Normal
5617,2025-05-18 13:18:08,19,Logout,SA396027B944D620F,Normal,Normal
5618,2025-05-19 07:33:12,67,Login,SD0D1CC8AEB0A0A80,Normal,Normal
5619,2025-05-19 07:36:12,67,Lihat Perkara,SD0D1CC8AEB0A0A80,Normal,Normal
5620,2025-05-19 07:37:32,67,Cari Berkas,SD0D1CC8AEB0A0A80,Normal,Normal
5621,2025-05-19 07:37:52,67,Logout,SD0D1CC8AEB0A0A80,Normal,Normal
5622,2025-05-19 12:43:29,27,Login,S6EE34080F251E040,Normal,Normal
5623,2025-05-19 12:43:41,27,Lihat Perkara,S6EE34080F251E040,device_berubah,Low
5624,2025-05-19 12:45:41,27,Cari Berkas,S6EE34080F251E040,Normal,Normal
5625,2025-05-19 12:45:59,27,Logout,S6EE34080F251E040,Normal,Normal
5630,2025-05-19 15:56:22,32,Login,SE18BC945BD9B5899,Normal,Normal
5631,2025-05-19 15:58:16,32,Lihat Perkara,SE18BC945BD9B5899,Normal,Normal
5632,2025-05-19 15:58:29,32,Cari Berkas,SE18BC945BD9B5899,Normal,Normal
5633,2025-05-19 16:01:04,32,Logout,SE18BC945BD9B5899,Normal,Normal
5634,2025-05-19 16:05:18,59,Login,S1A9AAB54E01A5B5E,Normal,Normal
5635,2025-05-19 16:08:17,59,Lihat Perkara,S1A9AAB54E01A5B5E,Normal,Normal
5636,2025-05-19 16:10:01,59,Cari Berkas,S1A9AAB54E01A5B5E,Normal,Normal
5637,2025-05-19 16:11:18,59,Logout,S1A9AAB54E01A5B5E,Normal,Normal
5638,2025-05-19 16:45:31,78,Login,S6CF4090928349F05,ip_berubah,Low
5639,2025-05-19 16:48:25,78,Lihat Perkara,S6CF4090928349F05,Normal,Normal
5640,2025-05-19 16:50:54,78,Cari Berkas,S6CF4090928349F05,aktivitas_terlalu_cepat,Medium
5641,2025-05-19 16:52:07,78,Logout,S6CF4090928349F05,Normal,Normal
5657,2025-05-20 10:03:32,52,Login,S99B5D7065B8C6739,Normal,Normal
5658,2025-05-20 10:04:04,52,Lihat Perkara,S99B5D7065B8C6739,Normal,Normal
5659,2025-05-20 10:04:18,52,Cari Berkas,S99B5D7065B8C6739,Normal,Normal
5661,2025-05-20 10:05:44,52,Logout,S99B5D7065B8C6739,Normal,Normal
5662,2025-05-20 10:37:36,43,Login,S3030D7F4D5D4999B,Normal,Normal
5663,2025-05-20 10:37:52,69,Login,SB22ED234404C86F1,Normal,Normal
5664,2025-05-20 10:38:31,43,Lihat Perkara,S3030D7F4D5D4999B,Normal,Normal
5665,2025-05-20 10:39:56,43,Cari Berkas,S3030D7F4D5D4999B,Normal,Normal
5666,2025-05-20 10:40:42,69,Lihat Perkara,SB22ED234404C86F1,Normal,Normal
5667,2025-05-20 10:41:12,43,Logout,S3030D7F4D5D4999B,Normal,Normal
5668,2025-05-20 10:42:34,69,Cari Berkas,SB22ED234404C86F1,Normal,Normal
5669,2025-05-20 10:45:18,69,Logout,SB22ED234404C86F1,Normal,Normal
5688,2025-05-20 14:44:03,85,Login,S3C701E2AD73D5F9A,Normal,Normal
5689,2025-05-20 14:46:37,85,Lihat Perkara,S3C701E2AD73D5F9A,Normal,Normal
5690,2025-05-20 14:48:10,85,Lihat Berkas,S3C701E2AD73D5F9A,Normal,Normal
5691,2025-05-20 14:49:27,85,Input Berkas,S3C701E2AD73D5F9A,Normal,Normal
5692,2025-05-20 14:50:48,85,Verifikasi,S3C701E2AD73D5F9A,Normal,Normal
5693,2025-05-20 14:53:22,85,Logout,S3C701E2AD73D5F9A,Normal,Normal
5694,2025-05-20 16:06:38,53,Login,S670ACC5CB321BF21,Normal,Normal
5695,2025-05-20 16:09:06,53,Lihat Perkara,S670ACC5CB321BF21,Normal,Normal
5696,2025-05-20 16:11:22,53,Cari Berkas,S670ACC5CB321BF21,Normal,Normal
5697,2025-05-20 16:13:24,53,Logout,S670ACC5CB321BF21,Normal,Normal
5698,2025-05-20 16:20:36,56,Login,S2BFABA2DDAFBF997,Normal,Normal
5699,2025-05-20 16:20:51,56,Lihat Perkara,S2BFABA2DDAFBF997,Normal,Normal
5700,2025-05-20 16:23:09,56,Cari Berkas,S2BFABA2DDAFBF997,Normal,Normal
5701,2025-05-20 16:25:28,56,Logout,S2BFABA2DDAFBF997,Normal,Normal
5702,2025-05-20 16:50:39,21,Login,S64939646AB15463D,Normal,Normal
5703,2025-05-20 16:52:19,21,Lihat Perkara,S64939646AB15463D,Normal,Normal
5704,2025-05-20 16:54:21,21,Cari Berkas,S64939646AB15463D,Normal,Normal
5705,2025-05-20 16:56:56,21,Logout,S64939646AB15463D,Normal,Normal
5706,2025-05-21 01:09:28,83,Login,S575519CD3FBFE7EB,login_luar_jam,Low
5707,2025-05-21 02:53:05,8,Login,SF6D811EFF388FEF7,login_luar_jam,Low
5708,2025-05-21 05:37:08,69,Login,SF367043BDADF5F67,login_luar_jam,Low
5709,2025-05-21 07:38:25,42,Login,SEAC7FD70ABD82C53,Normal,Normal
5710,2025-05-21 07:41:14,42,Lihat Perkara,SEAC7FD70ABD82C53,Normal,Normal
5711,2025-05-21 07:42:26,42,Cari Berkas,SEAC7FD70ABD82C53,Normal,Normal
5712,2025-05-21 07:44:01,42,Logout,SEAC7FD70ABD82C53,Normal,Normal
5717,2025-05-21 12:53:26,8,Lihat Perkara,SF6D811EFF388FEF7,Normal,Normal
5718,2025-05-21 12:54:12,8,Cari Berkas,SF6D811EFF388FEF7,Normal,Normal
5719,2025-05-21 12:55:25,8,Logout,SF6D811EFF388FEF7,ip_berubah,Low
5724,2025-05-21 14:40:00,18,Login,S4A0F3B413DC7C09A,Normal,Normal
5725,2025-05-21 14:42:53,18,Lihat Perkara,S4A0F3B413DC7C09A,Normal,Normal
5726,2025-05-21 14:43:58,18,Cari Berkas,S4A0F3B413DC7C09A,Normal,Normal
5727,2025-05-21 14:45:04,18,Logout,S4A0F3B413DC7C09A,Normal,Normal
5728,2025-05-21 15:38:39,69,Lihat Perkara,SF367043BDADF5F67,Normal,Normal
5729,2025-05-21 15:39:27,69,Cari Berkas,SF367043BDADF5F67,Normal,Normal
5730,2025-05-21 15:42:27,69,Logout,SF367043BDADF5F67,Normal,Normal
5731,2025-05-21 15:51:32,36,Login,S49B016E51E595D1F,Normal,Normal
5732,2025-05-21 15:53:34,36,Lihat Perkara,S49B016E51E595D1F,Normal,Normal
5733,2025-05-21 15:54:41,36,Cari Berkas,S49B016E51E595D1F,ip_berubah,Low
5734,2025-05-21 15:55:34,36,Logout,S49B016E51E595D1F,Normal,Normal
5735,2025-05-21 16:10:57,83,Lihat Perkara,S575519CD3FBFE7EB,Normal,Normal
5736,2025-05-21 16:13:47,83,Cari Berkas,S575519CD3FBFE7EB,Normal,Normal
5737,2025-05-21 16:15:49,83,Logout,S575519CD3FBFE7EB,Normal,Normal
5748,2025-05-22 07:35:25,25,Login,SCEBE11C816E7350E,Normal,Normal
5749,2025-05-22 07:35:38,25,Lihat Perkara,SCEBE11C816E7350E,Normal,Normal
5750,2025-05-22 07:36:41,25,Cari Berkas,SCEBE11C816E7350E,Normal,Normal
5751,2025-05-22 07:38:07,25,Logout,SCEBE11C816E7350E,peminjaman_massal,High
5756,2025-05-22 08:40:01,81,Login,SBA1CF2B3CFB61B2A,Normal,Normal
5757,2025-05-22 08:40:39,81,Lihat Perkara,SBA1CF2B3CFB61B2A,Normal,Normal
5758,2025-05-22 08:43:02,81,Cari Berkas,SBA1CF2B3CFB61B2A,Normal,Normal
5759,2025-05-22 08:46:00,81,Logout,SBA1CF2B3CFB61B2A,Normal,Normal
5764,2025-05-22 13:02:18,37,Login,S82520D78CDBFAA37,Normal,Normal
5765,2025-05-22 13:03:47,37,Lihat Perkara,S82520D78CDBFAA37,Normal,Normal
5766,2025-05-22 13:04:10,37,Cari Berkas,S82520D78CDBFAA37,Normal,Normal
5767,2025-05-22 13:07:08,37,Logout,S82520D78CDBFAA37,Normal,Normal
5772,2025-05-22 14:03:58,54,Login,S1322C4B9014027E5,Normal,Normal
5773,2025-05-22 14:06:45,54,Lihat Perkara,S1322C4B9014027E5,Normal,Normal
5774,2025-05-22 14:08:34,54,Lihat Berkas,S1322C4B9014027E5,Normal,Normal
5775,2025-05-22 14:09:05,54,Input Berkas,S1322C4B9014027E5,Normal,Normal
5776,2025-05-22 14:10:15,54,Verifikasi,S1322C4B9014027E5,Normal,Normal
5777,2025-05-22 14:12:08,54,Logout,S1322C4B9014027E5,Normal,Normal
5778,2025-05-22 16:29:23,46,Login,SA33DC7AFD701410D,ip_berubah,Low
5779,2025-05-22 16:31:37,46,Lihat Perkara,SA33DC7AFD701410D,Normal,Normal
5780,2025-05-22 16:34:27,46,Cari Berkas,SA33DC7AFD701410D,Normal,Normal
5781,2025-05-22 16:35:38,46,Logout,SA33DC7AFD701410D,durasi_tidak_wajar,Medium
5782,2025-05-22 16:54:10,33,Login,SC02AC91824EA2F78,Normal,Normal
5783,2025-05-22 16:56:19,33,Lihat Perkara,SC02AC91824EA2F78,Normal,Normal
5784,2025-05-22 16:56:36,33,Cari Berkas,SC02AC91824EA2F78,Normal,Normal
5785,2025-05-22 16:59:16,33,Logout,SC02AC91824EA2F78,Normal,Normal
5786,2025-05-23 08:05:52,44,Login,S7EAEF4528EBA2E78,Normal,Normal
5787,2025-05-23 08:06:44,44,Lihat Perkara,S7EAEF4528EBA2E78,Normal,Normal
5788,2025-05-23 08:09:27,44,Cari Berkas,S7EAEF4528EBA2E78,Normal,Normal
5789,2025-05-23 08:12:15,44,Logout,S7EAEF4528EBA2E78,Normal,Normal
5794,2025-05-23 08:26:39,19,Login,S0D06959FFE2C7432,Normal,Normal
5795,2025-05-23 08:29:38,19,Lihat Perkara,S0D06959FFE2C7432,Normal,Normal
5796,2025-05-23 08:29:51,40,Login,SBFEFBD38A8112386,Normal,Normal
5797,2025-05-23 08:30:48,40,Lihat Perkara,SBFEFBD38A8112386,Normal,Normal
5798,2025-05-23 08:31:52,19,Cari Berkas,S0D06959FFE2C7432,Normal,Normal
5799,2025-05-23 08:32:01,40,Cari Berkas,SBFEFBD38A8112386,Normal,Normal
5800,2025-05-23 08:32:18,40,Logout,SBFEFBD38A8112386,Normal,Normal
5801,2025-05-23 08:33:21,19,Logout,S0D06959FFE2C7432,Normal,Normal
5814,2025-05-23 12:14:32,69,Login,S2A28E8CD28E4E653,Normal,Normal
5815,2025-05-23 12:16:16,69,Lihat Perkara,S2A28E8CD28E4E653,Normal,Normal
5816,2025-05-23 12:16:56,69,Cari Berkas,S2A28E8CD28E4E653,Normal,Normal
5817,2025-05-23 12:17:11,69,Logout,S2A28E8CD28E4E653,Normal,Normal
5818,2025-05-23 12:33:52,32,Login,S5C982E6D08709A73,Normal,Normal
5819,2025-05-23 12:36:35,32,Lihat Perkara,S5C982E6D08709A73,Normal,Normal
5820,2025-05-23 12:37:33,32,Cari Berkas,S5C982E6D08709A73,Normal,Normal
5821,2025-05-23 12:38:43,32,Logout,S5C982E6D08709A73,Normal,Normal
5822,2025-05-23 13:23:32,50,Login,S11C58EF0DD463C09,Normal,Normal
5823,2025-05-23 13:26:26,50,Lihat Perkara,S11C58EF0DD463C09,Normal,Normal
5824,2025-05-23 13:28:46,50,Cari Berkas,S11C58EF0DD463C09,device_berubah,Low
5825,2025-05-23 13:30:38,50,Logout,S11C58EF0DD463C09,Normal,Normal
5826,2025-05-23 13:56:43,76,Login,S4AE3BA943020366C,Normal,Normal
5827,2025-05-23 13:59:00,76,Lihat Perkara,S4AE3BA943020366C,Normal,Normal
5828,2025-05-23 13:59:32,76,Cari Berkas,S4AE3BA943020366C,Normal,Normal
5829,2025-05-23 14:01:44,76,Logout,S4AE3BA943020366C,Normal,Normal
5830,2025-05-23 14:26:30,63,Login,S62EF47F648EEA92B,Normal,Normal
5831,2025-05-23 14:28:42,63,Lihat Perkara,S62EF47F648EEA92B,Normal,Normal
5832,2025-05-23 14:30:28,63,Cari Berkas,S62EF47F648EEA92B,Normal,Normal
5833,2025-05-23 14:31:44,63,Logout,S62EF47F648EEA92B,Normal,Normal
5851,2025-05-24 09:05:37,80,Login,S3FDD0E2B2FD6129A,Normal,Normal
5852,2025-05-24 09:06:54,80,Lihat Perkara,S3FDD0E2B2FD6129A,Normal,Normal
5853,2025-05-24 09:08:07,80,Cari Berkas,S3FDD0E2B2FD6129A,Normal,Normal
5854,2025-05-24 09:11:07,80,Logout,S3FDD0E2B2FD6129A,Normal,Normal
5855,2025-05-24 10:14:46,28,Login,S3768B54ABB0C686A,Normal,Normal
5856,2025-05-24 10:16:03,28,Lihat Perkara,S3768B54ABB0C686A,Normal,Normal
5857,2025-05-24 10:18:37,28,Cari Berkas,S3768B54ABB0C686A,Normal,Normal
5858,2025-05-24 10:19:13,28,Logout,S3768B54ABB0C686A,Normal,Normal
5863,2025-05-24 11:42:56,45,Login,S0856CC4B9EA46E7D,Normal,Normal
5864,2025-05-24 11:45:24,45,Lihat Perkara,S0856CC4B9EA46E7D,Normal,Normal
5865,2025-05-24 11:48:00,45,Cari Berkas,S0856CC4B9EA46E7D,Normal,Normal
5866,2025-05-24 11:48:18,45,Logout,S0856CC4B9EA46E7D,Normal,Normal
5867,2025-05-24 13:56:37,33,Login,SDC40410491AF4892,Normal,Normal
5869,2025-05-24 13:59:16,33,Lihat Perkara,SDC40410491AF4892,Normal,Normal
5870,2025-05-24 13:59:38,33,Cari Berkas,SDC40410491AF4892,Normal,Normal
5871,2025-05-24 14:00:27,33,Logout,SDC40410491AF4892,Normal,Normal
5874,2025-05-24 16:02:28,27,Login,SC751F523897C9F4E,Normal,Normal
5875,2025-05-24 16:02:58,27,Lihat Perkara,SC751F523897C9F4E,Normal,Normal
5876,2025-05-24 16:04:14,27,Cari Berkas,SC751F523897C9F4E,Normal,Normal
5877,2025-05-24 16:06:01,27,Logout,SC751F523897C9F4E,Normal,Normal
5882,2025-05-25 00:32:08,65,Login,SEC2FB9E659432772,login_luar_jam,Low
5890,2025-05-25 07:43:31,70,Login,S76FAB8280C6D5A71,Normal,Normal
5891,2025-05-25 07:44:12,70,Lihat Perkara,S76FAB8280C6D5A71,Normal,Normal
5892,2025-05-25 07:46:27,70,Cari Berkas,S76FAB8280C6D5A71,Normal,Normal
5893,2025-05-25 07:48:34,70,Logout,S76FAB8280C6D5A71,ip_berubah,Low
5894,2025-05-25 08:49:35,55,Login,SD5B8C4CA2EC18FF5,Normal,Normal
5895,2025-05-25 08:51:06,55,Lihat Perkara,SD5B8C4CA2EC18FF5,Normal,Normal
5896,2025-05-25 08:53:20,55,Lihat Berkas,SD5B8C4CA2EC18FF5,Normal,Normal
5897,2025-05-25 08:54:26,55,Input Berkas,SD5B8C4CA2EC18FF5,Normal,Normal
5898,2025-05-25 08:54:55,55,Verifikasi,SD5B8C4CA2EC18FF5,Normal,Normal
5899,2025-05-25 08:57:55,55,Logout,SD5B8C4CA2EC18FF5,Normal,Normal
5900,2025-05-25 09:14:49,73,Login,S37A2A1800A7BE6E7,Normal,Normal
5901,2025-05-25 09:15:12,73,Lihat Perkara,S37A2A1800A7BE6E7,Normal,Normal
5902,2025-05-25 09:17:27,73,Cari Berkas,S37A2A1800A7BE6E7,Normal,Normal
5903,2025-05-25 09:18:55,73,Logout,S37A2A1800A7BE6E7,Normal,Normal
5904,2025-05-25 09:23:57,38,Login,S7F297630BBCAA210,Normal,Normal
5905,2025-05-25 09:24:57,38,Lihat Perkara,S7F297630BBCAA210,Normal,Normal
5906,2025-05-25 09:27:49,38,Cari Berkas,S7F297630BBCAA210,Normal,Normal
5907,2025-05-25 09:28:21,38,Logout,S7F297630BBCAA210,Normal,Normal
5916,2025-05-25 10:50:03,85,Login,S45B89CD927CB6F2A,Normal,Normal
5917,2025-05-25 10:51:40,85,Lihat Perkara,S45B89CD927CB6F2A,Normal,Normal
5918,2025-05-25 10:52:42,85,Lihat Berkas,S45B89CD927CB6F2A,Normal,Normal
5919,2025-05-25 10:55:34,85,Input Berkas,S45B89CD927CB6F2A,Normal,Normal
5920,2025-05-25 10:56:51,85,Verifikasi,S45B89CD927CB6F2A,Normal,Normal
5921,2025-05-25 10:59:10,85,Logout,S45B89CD927CB6F2A,Normal,Normal
5922,2025-05-25 12:30:40,85,Login,SCFE06AC9CF70B5E7,Normal,Normal
5923,2025-05-25 12:32:07,85,Lihat Perkara,SCFE06AC9CF70B5E7,Normal,Normal
5924,2025-05-25 12:32:56,85,Lihat Berkas,SCFE06AC9CF70B5E7,Normal,Normal
5925,2025-05-25 12:33:09,85,Input Berkas,SCFE06AC9CF70B5E7,Normal,Normal
5926,2025-05-25 12:33:56,85,Verifikasi,SCFE06AC9CF70B5E7,Normal,Normal
5927,2025-05-25 12:34:46,85,Logout,SCFE06AC9CF70B5E7,Normal,Normal
5937,2025-05-25 14:35:06,65,Lihat Perkara,SEC2FB9E659432772,Normal,Normal
5938,2025-05-25 14:37:07,65,Cari Berkas,SEC2FB9E659432772,Normal,Normal
5939,2025-05-25 14:38:20,65,Logout,SEC2FB9E659432772,Normal,Normal
5940,2025-05-25 15:33:53,23,Login,SC239E970DA96E847,Normal,Normal
5941,2025-05-25 15:35:08,23,Lihat Perkara,SC239E970DA96E847,Normal,Normal
5942,2025-05-25 15:37:53,23,Cari Berkas,SC239E970DA96E847,Normal,Normal
5943,2025-05-25 15:40:21,23,Logout,SC239E970DA96E847,Normal,Normal
5944,2025-05-25 16:40:02,31,Login,SDC29ACA720612CDD,Normal,Normal
5945,2025-05-25 16:42:58,31,Lihat Perkara,SDC29ACA720612CDD,Normal,Normal
5946,2025-05-25 16:43:35,31,Cari Berkas,SDC29ACA720612CDD,Normal,Normal
5947,2025-05-25 16:45:12,31,Logout,SDC29ACA720612CDD,Normal,Normal
5948,2025-05-26 02:31:36,81,Login,S1FEAE1E0D9E604B3,login_luar_jam,Low
5949,2025-05-26 07:43:58,40,Login,S308777B41C54956F,Normal,Normal
5950,2025-05-26 07:44:42,40,Lihat Perkara,S308777B41C54956F,Normal,Normal
5951,2025-05-26 07:46:33,40,Cari Berkas,S308777B41C54956F,Normal,Normal
5952,2025-05-26 07:48:30,40,Logout,S308777B41C54956F,Normal,Normal
5953,2025-05-26 08:32:27,81,Lihat Perkara,S1FEAE1E0D9E604B3,Normal,Normal
5954,2025-05-26 08:33:46,81,Cari Berkas,S1FEAE1E0D9E604B3,Normal,Normal
5955,2025-05-26 08:35:51,81,Logout,S1FEAE1E0D9E604B3,Normal,Normal
5968,2025-05-26 15:12:03,57,Login,S1E6EFE84CF119520,Normal,Normal
5969,2025-05-26 15:12:52,57,Lihat Perkara,S1E6EFE84CF119520,Normal,Normal
5970,2025-05-26 15:14:09,57,Cari Berkas,S1E6EFE84CF119520,Normal,Normal
5971,2025-05-26 15:16:51,57,Logout,S1E6EFE84CF119520,Normal,Normal
5972,2025-05-26 15:29:24,65,Login,S74D55F12AE67CC6C,Normal,Normal
5973,2025-05-26 15:32:15,65,Lihat Perkara,S74D55F12AE67CC6C,Normal,Normal
5974,2025-05-26 15:33:54,65,Cari Berkas,S74D55F12AE67CC6C,Normal,Normal
5975,2025-05-26 15:34:47,65,Logout,S74D55F12AE67CC6C,Normal,Normal
5976,2025-05-26 15:51:31,59,Login,S1C6345AB6E0ED1E8,Normal,Normal
5977,2025-05-26 15:53:55,59,Lihat Perkara,S1C6345AB6E0ED1E8,Normal,Normal
5978,2025-05-26 15:56:55,59,Cari Berkas,S1C6345AB6E0ED1E8,Normal,Normal
5979,2025-05-26 15:58:23,59,Logout,S1C6345AB6E0ED1E8,Normal,Normal
5980,2025-05-26 16:42:24,86,Login,S7BBCCB5D474F9205,Normal,Normal
5981,2025-05-26 16:44:43,86,Lihat Perkara,S7BBCCB5D474F9205,Normal,Normal
5982,2025-05-26 16:45:55,86,Cari Berkas,S7BBCCB5D474F9205,Normal,Normal
5983,2025-05-26 16:47:42,86,Logout,S7BBCCB5D474F9205,Normal,Normal
5984,2025-05-27 01:18:56,78,Login,SE88442C06C3D7A28,login_luar_jam,Low
5985,2025-05-27 07:20:26,78,Lihat Perkara,SE88442C06C3D7A28,Normal,Normal
5986,2025-05-27 07:21:47,78,Cari Berkas,SE88442C06C3D7A28,Normal,Normal
5987,2025-05-27 07:24:00,78,Logout,SE88442C06C3D7A28,Normal,Normal
5988,2025-05-27 10:04:56,30,Login,S93DD49CEC84F20DC,Normal,Normal
5989,2025-05-27 10:06:09,30,Lihat Perkara,S93DD49CEC84F20DC,Normal,Normal
5990,2025-05-27 10:09:03,30,Cari Berkas,S93DD49CEC84F20DC,Normal,Normal
5991,2025-05-27 10:09:51,30,Logout,S93DD49CEC84F20DC,aktivitas_terlalu_cepat,Medium
5996,2025-05-27 11:45:09,86,Login,S816E433BA98F70A1,Normal,Normal
5997,2025-05-27 11:46:28,86,Lihat Perkara,S816E433BA98F70A1,Normal,Normal
5998,2025-05-27 11:47:31,86,Cari Berkas,S816E433BA98F70A1,Normal,Normal
5999,2025-05-27 11:49:45,86,Logout,S816E433BA98F70A1,ip_berubah,Low
6000,2025-05-27 12:38:07,69,Login,S0D5A5F44F4F65F9B,Normal,Normal
6001,2025-05-27 12:40:34,69,Lihat Perkara,S0D5A5F44F4F65F9B,Normal,Normal
6002,2025-05-27 12:42:25,69,Cari Berkas,S0D5A5F44F4F65F9B,Normal,Normal
6003,2025-05-27 12:44:32,69,Logout,S0D5A5F44F4F65F9B,Normal,Normal
6004,2025-05-27 12:57:54,83,Login,SC93FD5215E37D331,Normal,Normal
6005,2025-05-27 13:00:07,83,Lihat Perkara,SC93FD5215E37D331,Normal,Normal
6006,2025-05-27 13:01:55,83,Cari Berkas,SC93FD5215E37D331,peminjaman_massal,High
6007,2025-05-27 13:03:28,83,Logout,SC93FD5215E37D331,Normal,Normal
6008,2025-05-27 13:45:18,21,Login,S03BAB52CE56A7D7B,Normal,Normal
6009,2025-05-27 13:47:40,21,Lihat Perkara,S03BAB52CE56A7D7B,Normal,Normal
6010,2025-05-27 13:48:23,21,Cari Berkas,S03BAB52CE56A7D7B,Normal,Normal
6011,2025-05-27 13:48:44,21,Logout,S03BAB52CE56A7D7B,Normal,Normal
6012,2025-05-27 13:50:13,32,Login,S98A8A428266ECB23,Normal,Normal
6013,2025-05-27 13:50:55,32,Lihat Perkara,S98A8A428266ECB23,Normal,Normal
6014,2025-05-27 13:51:09,32,Cari Berkas,S98A8A428266ECB23,Normal,Normal
6015,2025-05-27 13:53:50,32,Logout,S98A8A428266ECB23,Normal,Normal
6016,2025-05-27 14:30:53,81,Login,S3155DC875905FD87,Normal,Normal
6017,2025-05-27 14:32:37,81,Lihat Perkara,S3155DC875905FD87,Normal,Normal
6018,2025-05-27 14:34:13,81,Cari Berkas,S3155DC875905FD87,Normal,Normal
6019,2025-05-27 14:36:23,81,Logout,S3155DC875905FD87,Normal,Normal
6020,2025-05-27 15:26:32,25,Login,S9D1911A5618DDE71,aktivitas_terlalu_cepat,Medium
6021,2025-05-27 15:29:23,25,Lihat Perkara,S9D1911A5618DDE71,Normal,Normal
6022,2025-05-27 15:30:10,25,Cari Berkas,S9D1911A5618DDE71,Normal,Normal
6023,2025-05-27 15:31:02,25,Logout,S9D1911A5618DDE71,Normal,Normal
6024,2025-05-27 16:32:39,57,Login,S450EF2A90B530C34,Normal,Normal
6025,2025-05-27 16:32:56,57,Lihat Perkara,S450EF2A90B530C34,Normal,Normal
6026,2025-05-27 16:34:47,57,Cari Berkas,S450EF2A90B530C34,Normal,Normal
6027,2025-05-27 16:37:44,57,Logout,S450EF2A90B530C34,Normal,Normal
6028,2025-05-28 08:00:12,54,Login,SFE068B4E7F63ABB8,Normal,Normal
6029,2025-05-28 08:02:37,54,Lihat Perkara,SFE068B4E7F63ABB8,Normal,Normal
6030,2025-05-28 08:02:57,54,Lihat Berkas,SFE068B4E7F63ABB8,Normal,Normal
6031,2025-05-28 08:03:55,54,Input Berkas,SFE068B4E7F63ABB8,Normal,Normal
6032,2025-05-28 08:04:27,54,Verifikasi,SFE068B4E7F63ABB8,Normal,Normal
6033,2025-05-28 08:05:55,54,Logout,SFE068B4E7F63ABB8,Normal,Normal
6034,2025-05-28 10:05:54,81,Login,SE79400EE4A5ED287,Normal,Normal
6035,2025-05-28 10:08:50,81,Lihat Perkara,SE79400EE4A5ED287,Normal,Normal
6036,2025-05-28 10:10:15,81,Cari Berkas,SE79400EE4A5ED287,Normal,Normal
6037,2025-05-28 10:12:04,81,Logout,SE79400EE4A5ED287,Normal,Normal
6042,2025-05-28 11:27:40,52,Login,SBBE1FA3B70EB6A37,Normal,Normal
6043,2025-05-28 11:29:43,52,Lihat Perkara,SBBE1FA3B70EB6A37,device_berubah,Low
6044,2025-05-28 11:29:56,52,Cari Berkas,SBBE1FA3B70EB6A37,Normal,Normal
6045,2025-05-28 11:30:36,52,Logout,SBBE1FA3B70EB6A37,Normal,Normal
6046,2025-05-28 11:52:57,84,Login,S1D306AFA5F380B5B,Normal,Normal
6047,2025-05-28 11:55:28,84,Dashboard,S1D306AFA5F380B5B,Normal,Normal
6048,2025-05-28 11:57:21,84,Kelola User,S1D306AFA5F380B5B,Normal,Normal
6049,2025-05-28 11:59:58,84,Kelola Kode Klasifikasi,S1D306AFA5F380B5B,Normal,Normal
6050,2025-05-28 12:02:29,84,Logout,S1D306AFA5F380B5B,device_berubah,Low
6055,2025-05-28 15:31:20,86,Login,S1B534472ED3FA2A2,Normal,Normal
6056,2025-05-28 15:31:54,86,Lihat Perkara,S1B534472ED3FA2A2,Normal,Normal
6057,2025-05-28 15:32:50,86,Cari Berkas,S1B534472ED3FA2A2,Normal,Normal
6058,2025-05-28 15:34:39,86,Logout,S1B534472ED3FA2A2,Normal,Normal
6059,2025-05-28 16:03:00,45,Login,S857132539956AD9B,Normal,Normal
6060,2025-05-28 16:03:29,45,Lihat Perkara,S857132539956AD9B,Normal,Normal
6061,2025-05-28 16:05:29,45,Cari Berkas,S857132539956AD9B,Normal,Normal
6062,2025-05-28 16:08:12,45,Logout,S857132539956AD9B,Normal,Normal
6063,2025-05-29 07:44:03,82,Login,S43874957D4D61370,Normal,Normal
6064,2025-05-29 07:44:42,82,Lihat Perkara,S43874957D4D61370,Normal,Normal
6065,2025-05-29 07:45:53,82,Cari Berkas,S43874957D4D61370,Normal,Normal
6066,2025-05-29 07:47:20,82,Logout,S43874957D4D61370,Normal,Normal
6067,2025-05-29 08:10:42,38,Login,S58AABC346EA8A10D,Normal,Normal
6068,2025-05-29 08:12:43,38,Lihat Perkara,S58AABC346EA8A10D,Normal,Normal
6069,2025-05-29 08:15:43,38,Cari Berkas,S58AABC346EA8A10D,Normal,Normal
6070,2025-05-29 08:18:09,38,Logout,S58AABC346EA8A10D,Normal,Normal
6071,2025-05-29 08:35:46,43,Login,S1D9DDB864253FB27,Normal,Normal
6072,2025-05-29 08:36:24,43,Lihat Perkara,S1D9DDB864253FB27,Normal,Normal
6073,2025-05-29 08:36:56,43,Cari Berkas,S1D9DDB864253FB27,Normal,Normal
6074,2025-05-29 08:38:33,43,Logout,S1D9DDB864253FB27,Normal,Normal
6075,2025-05-29 09:09:42,46,Login,SFECFB5C1DFDA5C11,Normal,Normal
6076,2025-05-29 09:11:56,46,Lihat Perkara,SFECFB5C1DFDA5C11,Normal,Normal
6077,2025-05-29 09:12:16,77,Login,SEB977E3F780859A9,Normal,Normal
6078,2025-05-29 09:14:09,46,Cari Berkas,SFECFB5C1DFDA5C11,Normal,Normal
6079,2025-05-29 09:15:11,77,Lihat Perkara,SEB977E3F780859A9,Normal,Normal
6080,2025-05-29 09:16:36,77,Cari Berkas,SEB977E3F780859A9,Normal,Normal
6081,2025-05-29 09:16:59,46,Logout,SFECFB5C1DFDA5C11,Normal,Normal
6082,2025-05-29 09:18:33,77,Logout,SEB977E3F780859A9,Normal,Normal
6083,2025-05-29 10:41:55,73,Login,S428C92A6330E6BD9,Normal,Normal
6084,2025-05-29 10:42:14,73,Lihat Perkara,S428C92A6330E6BD9,Normal,Normal
6085,2025-05-29 10:43:49,73,Cari Berkas,S428C92A6330E6BD9,Normal,Normal
6086,2025-05-29 10:44:58,73,Logout,S428C92A6330E6BD9,Normal,Normal
6091,2025-05-29 11:23:41,83,Login,SBEC4BCC07DA34A98,Normal,Normal
6092,2025-05-29 11:23:56,83,Lihat Perkara,SBEC4BCC07DA34A98,Normal,Normal
6093,2025-05-29 11:26:44,83,Cari Berkas,SBEC4BCC07DA34A98,Normal,Normal
6094,2025-05-29 11:28:38,83,Logout,SBEC4BCC07DA34A98,Normal,Normal
6095,2025-05-29 12:45:11,83,Login,S43E587B9072804AA,Normal,Normal
6096,2025-05-29 12:45:23,83,Lihat Perkara,S43E587B9072804AA,Normal,Normal
6097,2025-05-29 12:48:07,83,Cari Berkas,S43E587B9072804AA,Normal,Normal
6098,2025-05-29 12:48:59,83,Logout,S43E587B9072804AA,Normal,Normal
6099,2025-05-29 12:58:23,32,Login,S4169B9FCC3A00C6F,Normal,Normal
6100,2025-05-29 12:59:03,32,Lihat Perkara,S4169B9FCC3A00C6F,Normal,Normal
6101,2025-05-29 12:59:14,32,Cari Berkas,S4169B9FCC3A00C6F,Normal,Normal
6102,2025-05-29 13:01:31,32,Logout,S4169B9FCC3A00C6F,ip_berubah,Low
6103,2025-05-30 02:14:55,59,Login,S6ADC1E64F619016E,login_luar_jam,Low
6105,2025-05-30 06:12:32,6,Login,S6E310234C4100108,login_luar_jam,Low
6106,2025-05-30 09:00:43,23,Login,SA1068C7C03119338,Normal,Normal
6107,2025-05-30 09:01:44,23,Lihat Perkara,SA1068C7C03119338,Normal,Normal
6108,2025-05-30 09:02:25,23,Cari Berkas,SA1068C7C03119338,Normal,Normal
6109,2025-05-30 09:03:35,23,Logout,SA1068C7C03119338,Normal,Normal
6110,2025-05-30 09:35:49,52,Login,S40A53E3416A08D89,Normal,Normal
6111,2025-05-30 09:37:59,52,Lihat Perkara,S40A53E3416A08D89,Normal,Normal
6112,2025-05-30 09:38:38,52,Cari Berkas,S40A53E3416A08D89,Normal,Normal
6113,2025-05-30 09:41:17,52,Logout,S40A53E3416A08D89,Normal,Normal
6114,2025-05-30 10:22:52,39,Login,S7773FC59A2C39075,ip_berubah,Low
6115,2025-05-30 10:24:29,39,Lihat Perkara,S7773FC59A2C39075,Normal,Normal
6116,2025-05-30 10:25:23,39,Cari Berkas,S7773FC59A2C39075,peminjaman_massal,High
6117,2025-05-30 10:26:54,39,Logout,S7773FC59A2C39075,Normal,Normal
6118,2025-05-30 11:12:43,6,Lihat Perkara,S6E310234C4100108,Normal,Normal
6119,2025-05-30 11:15:13,6,Lihat Berkas,S6E310234C4100108,Normal,Normal
6120,2025-05-30 11:16:58,6,Input Berkas,S6E310234C4100108,Normal,Normal
6121,2025-05-30 11:17:56,6,Verifikasi,S6E310234C4100108,Normal,Normal
6122,2025-05-30 11:19:51,6,Logout,S6E310234C4100108,Normal,Normal
6123,2025-05-30 12:44:25,82,Login,S4DD516C85E8354DA,aktivitas_terlalu_cepat,Medium
6124,2025-05-30 12:46:30,82,Lihat Perkara,S4DD516C85E8354DA,Normal,Normal
6125,2025-05-30 12:48:39,82,Cari Berkas,S4DD516C85E8354DA,Normal,Normal
6126,2025-05-30 12:48:56,82,Logout,S4DD516C85E8354DA,Normal,Normal
6135,2025-05-30 14:10:58,70,Login,S33BC3C0734BACEBE,Normal,Normal
6136,2025-05-30 14:13:07,70,Lihat Perkara,S33BC3C0734BACEBE,Normal,Normal
6137,2025-05-30 14:14:28,70,Cari Berkas,S33BC3C0734BACEBE,Normal,Normal
6138,2025-05-30 14:17:23,70,Logout,S33BC3C0734BACEBE,Normal,Normal
6143,2025-05-30 16:09:50,32,Login,S8AB5535249DEF69D,Normal,Normal
6144,2025-05-30 16:10:16,32,Lihat Perkara,S8AB5535249DEF69D,ip_berubah,Low
6145,2025-05-30 16:11:22,32,Cari Berkas,S8AB5535249DEF69D,Normal,Normal
6146,2025-05-30 16:11:38,32,Logout,S8AB5535249DEF69D,Normal,Normal
6147,2025-05-30 16:16:35,59,Lihat Perkara,S6ADC1E64F619016E,Normal,Normal
6148,2025-05-30 16:19:04,59,Cari Berkas,S6ADC1E64F619016E,Normal,Normal
6149,2025-05-30 16:21:03,59,Logout,S6ADC1E64F619016E,Normal,Normal
6154,2025-05-31 03:26:27,23,Login,SDB06732E2F322E4D,login_luar_jam,Low
6156,2025-05-31 07:34:01,75,Login,SF9375FFFF14656F1,Normal,Normal
6157,2025-05-31 07:34:52,75,Lihat Perkara,SF9375FFFF14656F1,Normal,Normal
6158,2025-05-31 07:36:36,75,Cari Berkas,SF9375FFFF14656F1,Normal,Normal
6159,2025-05-31 07:36:57,75,Logout,SF9375FFFF14656F1,Normal,Normal
6168,2025-05-31 13:28:36,23,Lihat Perkara,SDB06732E2F322E4D,Normal,Normal
6169,2025-05-31 13:29:10,23,Cari Berkas,SDB06732E2F322E4D,Normal,Normal
6170,2025-05-31 13:31:38,23,Logout,SDB06732E2F322E4D,Normal,Normal
6171,2025-05-31 15:01:34,37,Login,S8A853D243BB822C4,Normal,Normal
6172,2025-05-31 15:03:29,37,Lihat Perkara,S8A853D243BB822C4,Normal,Normal
6173,2025-05-31 15:04:00,37,Cari Berkas,S8A853D243BB822C4,Normal,Normal
6174,2025-05-31 15:06:53,37,Logout,S8A853D243BB822C4,Normal,Normal
6178,2025-05-31 15:42:40,82,Login,SC9A1DB15494DC24A,Normal,Normal
6179,2025-05-31 15:45:24,82,Lihat Perkara,SC9A1DB15494DC24A,Normal,Normal
6180,2025-05-31 15:46:36,82,Cari Berkas,SC9A1DB15494DC24A,Normal,Normal
6181,2025-05-31 15:48:34,82,Logout,SC9A1DB15494DC24A,Normal,Normal
6193,2025-06-01 07:48:56,77,Login,SAF0E8D04D24F2357,aktivitas_terlalu_cepat,Medium
6194,2025-06-01 07:49:46,77,Lihat Perkara,SAF0E8D04D24F2357,Normal,Normal
6195,2025-06-01 07:50:12,77,Cari Berkas,SAF0E8D04D24F2357,Normal,Normal
6196,2025-06-01 07:51:55,77,Logout,SAF0E8D04D24F2357,Normal,Normal
6197,2025-06-01 08:29:47,19,Login,SD765CBD27B1364E7,Normal,Normal
6199,2025-06-01 08:31:02,19,Lihat Perkara,SD765CBD27B1364E7,Normal,Normal
6201,2025-06-01 08:32:19,19,Cari Berkas,SD765CBD27B1364E7,Normal,Normal
6202,2025-06-01 08:33:25,19,Logout,SD765CBD27B1364E7,Normal,Normal
6213,2025-06-01 09:55:10,60,Login,S68E5C8CDB4146E4A,Normal,Normal
6214,2025-06-01 09:55:30,60,Lihat Perkara,S68E5C8CDB4146E4A,Normal,Normal
6215,2025-06-01 09:56:14,39,Login,SE3C3FB686676A191,aktivitas_terlalu_cepat,Medium
6216,2025-06-01 09:57:53,39,Lihat Perkara,SE3C3FB686676A191,Normal,Normal
6217,2025-06-01 09:58:00,60,Cari Berkas,S68E5C8CDB4146E4A,Normal,Normal
6218,2025-06-01 09:59:25,39,Cari Berkas,SE3C3FB686676A191,verifikasi_massal,High
6219,2025-06-01 09:59:37,39,Logout,SE3C3FB686676A191,Normal,Normal
6220,2025-06-01 10:00:07,56,Login,SC6A9DCDE342EDB30,Normal,Normal
6221,2025-06-01 10:00:17,60,Logout,S68E5C8CDB4146E4A,Normal,Normal
6222,2025-06-01 10:02:36,56,Lihat Perkara,SC6A9DCDE342EDB30,Normal,Normal
6223,2025-06-01 10:05:18,56,Cari Berkas,SC6A9DCDE342EDB30,Normal,Normal
6224,2025-06-01 10:05:28,56,Logout,SC6A9DCDE342EDB30,Normal,Normal
6225,2025-06-01 10:14:54,67,Login,SCBF84759DF93998B,Normal,Normal
6228,2025-06-01 10:17:01,67,Lihat Perkara,SCBF84759DF93998B,Normal,Normal
6229,2025-06-01 10:17:51,67,Cari Berkas,SCBF84759DF93998B,ip_berubah,Low
6231,2025-06-01 10:20:26,67,Logout,SCBF84759DF93998B,Normal,Normal
6233,2025-06-01 10:22:48,34,Login,S4F91A9CE50877A24,Normal,Normal
6234,2025-06-01 10:23:30,34,Lihat Perkara,S4F91A9CE50877A24,Normal,Normal
6235,2025-06-01 10:26:23,34,Cari Berkas,S4F91A9CE50877A24,Normal,Normal
6236,2025-06-01 10:27:55,34,Logout,S4F91A9CE50877A24,Normal,Normal
6245,2025-06-01 12:40:22,62,Login,S6E5B45CFE421BD67,Normal,Normal
6246,2025-06-01 12:40:51,62,Lihat Perkara,S6E5B45CFE421BD67,Normal,Normal
6247,2025-06-01 12:43:30,62,Cari Berkas,S6E5B45CFE421BD67,Normal,Normal
6248,2025-06-01 12:46:06,62,Logout,S6E5B45CFE421BD67,Normal,Normal
6254,2025-06-01 14:16:21,35,Login,S33E1B105D8D1A80D,Normal,Normal
6255,2025-06-01 14:19:19,35,Lihat Perkara,S33E1B105D8D1A80D,Normal,Normal
6256,2025-06-01 14:19:49,35,Cari Berkas,S33E1B105D8D1A80D,Normal,Normal
6257,2025-06-01 14:21:20,35,Logout,S33E1B105D8D1A80D,Normal,Normal
6258,2025-06-02 01:56:01,22,Login,S1EEA94FB21DCC0AD,login_luar_jam,Low
6263,2025-06-02 10:05:09,45,Login,SA81DA87066393244,peminjaman_massal,High
6264,2025-06-02 10:06:05,45,Lihat Perkara,SA81DA87066393244,Normal,Normal
6265,2025-06-02 10:06:27,45,Cari Berkas,SA81DA87066393244,Normal,Normal
6266,2025-06-02 10:09:05,45,Logout,SA81DA87066393244,Normal,Normal
6271,2025-06-02 11:38:57,36,Login,S2627D7220A9B5F64,Normal,Normal
6272,2025-06-02 11:40:15,36,Lihat Perkara,S2627D7220A9B5F64,Normal,Normal
6273,2025-06-02 11:40:28,36,Cari Berkas,S2627D7220A9B5F64,Normal,Normal
6274,2025-06-02 11:42:40,36,Logout,S2627D7220A9B5F64,Normal,Normal
6275,2025-06-02 12:04:14,63,Login,S0299CB289BD53714,Normal,Normal
6276,2025-06-02 12:06:35,63,Lihat Perkara,S0299CB289BD53714,Normal,Normal
6277,2025-06-02 12:07:52,63,Cari Berkas,S0299CB289BD53714,Normal,Normal
6278,2025-06-02 12:09:52,63,Logout,S0299CB289BD53714,Normal,Normal
6283,2025-06-02 13:56:30,22,Lihat Perkara,S1EEA94FB21DCC0AD,Normal,Normal
6284,2025-06-02 13:58:18,22,Cari Berkas,S1EEA94FB21DCC0AD,Normal,Normal
6285,2025-06-02 14:01:04,22,Logout,S1EEA94FB21DCC0AD,Normal,Normal
6286,2025-06-02 14:48:23,72,Login,S715629EEE893BE3D,Normal,Normal
6287,2025-06-02 14:49:51,72,Lihat Perkara,S715629EEE893BE3D,Normal,Normal
6288,2025-06-02 14:52:26,72,Cari Berkas,S715629EEE893BE3D,Normal,Normal
6289,2025-06-02 14:55:14,72,Logout,S715629EEE893BE3D,Normal,Normal
6295,2025-06-03 08:21:16,27,Login,S47247BC4FFA8E93A,Normal,Normal
6296,2025-06-03 08:22:09,27,Lihat Perkara,S47247BC4FFA8E93A,Normal,Normal
6297,2025-06-03 08:23:38,27,Cari Berkas,S47247BC4FFA8E93A,durasi_tidak_wajar,Medium
6298,2025-06-03 08:25:14,27,Logout,S47247BC4FFA8E93A,Normal,Normal
6303,2025-06-03 09:29:52,26,Login,S6F6E0A4EF70A1523,Normal,Normal
6304,2025-06-03 09:30:53,26,Lihat Perkara,S6F6E0A4EF70A1523,Normal,Normal
6305,2025-06-03 09:31:28,26,Cari Berkas,S6F6E0A4EF70A1523,Normal,Normal
6306,2025-06-03 09:33:17,26,Logout,S6F6E0A4EF70A1523,Normal,Normal
6307,2025-06-03 14:06:05,64,Login,S30E59543A925DE85,Normal,Normal
6308,2025-06-03 14:06:42,64,Lihat Perkara,S30E59543A925DE85,Normal,Normal
6309,2025-06-03 14:09:33,64,Cari Berkas,S30E59543A925DE85,ip_berubah,Low
6310,2025-06-03 14:11:14,64,Logout,S30E59543A925DE85,Normal,Normal
6322,2025-06-04 09:22:14,6,Login,S66FFFBF42E88574C,Normal,Normal
6323,2025-06-04 09:23:17,6,Lihat Perkara,S66FFFBF42E88574C,Normal,Normal
6324,2025-06-04 09:25:10,6,Lihat Berkas,S66FFFBF42E88574C,Normal,Normal
6325,2025-06-04 09:26:05,6,Input Berkas,S66FFFBF42E88574C,Normal,Normal
6326,2025-06-04 09:27:32,6,Verifikasi,S66FFFBF42E88574C,Normal,Normal
6327,2025-06-04 09:29:08,6,Logout,S66FFFBF42E88574C,Normal,Normal
6328,2025-06-04 11:51:38,44,Login,SF938C93CA38905FD,Normal,Normal
6329,2025-06-04 11:53:19,44,Lihat Perkara,SF938C93CA38905FD,Normal,Normal
6330,2025-06-04 11:55:18,44,Cari Berkas,SF938C93CA38905FD,Normal,Normal
6331,2025-06-04 11:57:39,44,Logout,SF938C93CA38905FD,Normal,Normal
6332,2025-06-04 11:57:46,71,Login,SDAD01446D3255C03,Normal,Normal
6333,2025-06-04 12:00:32,71,Lihat Perkara,SDAD01446D3255C03,Normal,Normal
6334,2025-06-04 12:03:07,71,Cari Berkas,SDAD01446D3255C03,Normal,Normal
6335,2025-06-04 12:04:00,71,Logout,SDAD01446D3255C03,Normal,Normal
6340,2025-06-04 16:30:42,82,Login,SBAB7D9F93C7B54B8,Normal,Normal
6341,2025-06-04 16:32:55,82,Lihat Perkara,SBAB7D9F93C7B54B8,Normal,Normal
6342,2025-06-04 16:33:11,82,Cari Berkas,SBAB7D9F93C7B54B8,Normal,Normal
6343,2025-06-04 16:35:55,82,Logout,SBAB7D9F93C7B54B8,device_berubah,Low
6344,2025-06-05 00:03:04,77,Login,SA95CE8B30BE167B5,login_luar_jam,Low
6349,2025-06-05 07:45:16,61,Login,S2DC3E172078B5C05,Normal,Normal
6350,2025-06-05 07:47:08,61,Lihat Perkara,S2DC3E172078B5C05,ip_berubah,Low
6351,2025-06-05 07:48:38,61,Cari Berkas,S2DC3E172078B5C05,Normal,Normal
6352,2025-06-05 07:49:04,61,Logout,S2DC3E172078B5C05,Normal,Normal
6353,2025-06-05 10:14:43,57,Login,SBCDB829B2D7C60C1,Normal,Normal
6354,2025-06-05 10:15:36,57,Lihat Perkara,SBCDB829B2D7C60C1,Normal,Normal
6355,2025-06-05 10:16:07,57,Cari Berkas,SBCDB829B2D7C60C1,Normal,Normal
6356,2025-06-05 10:18:46,57,Logout,SBCDB829B2D7C60C1,Normal,Normal
6359,2025-06-05 11:27:16,22,Login,S7787BF68CA09A293,Normal,Normal
6360,2025-06-05 11:27:55,22,Lihat Perkara,S7787BF68CA09A293,Normal,Normal
6362,2025-06-05 11:29:48,22,Cari Berkas,S7787BF68CA09A293,durasi_tidak_wajar,Medium
6364,2025-06-05 11:31:35,22,Logout,S7787BF68CA09A293,Normal,Normal
6365,2025-06-05 11:31:54,66,Login,SFF35A7C0350CE885,Normal,Normal
6366,2025-06-05 11:32:26,66,Lihat Perkara,SFF35A7C0350CE885,Normal,Normal
6367,2025-06-05 11:34:44,66,Cari Berkas,SFF35A7C0350CE885,Normal,Normal
6368,2025-06-05 11:35:06,66,Logout,SFF35A7C0350CE885,Normal,Normal
6369,2025-06-05 12:05:08,77,Lihat Perkara,SA95CE8B30BE167B5,Normal,Normal
6370,2025-06-05 12:07:20,77,Cari Berkas,SA95CE8B30BE167B5,Normal,Normal
6371,2025-06-05 12:09:33,77,Logout,SA95CE8B30BE167B5,Normal,Normal
6376,2025-06-05 13:21:55,82,Login,S8311E3C48C924F96,Normal,Normal
6377,2025-06-05 13:24:13,82,Lihat Perkara,S8311E3C48C924F96,Normal,Normal
6378,2025-06-05 13:27:03,82,Cari Berkas,S8311E3C48C924F96,Normal,Normal
6379,2025-06-05 13:29:18,82,Logout,S8311E3C48C924F96,Normal,Normal
6380,2025-06-05 13:50:06,39,Login,SDA8BB7F587E62A56,Normal,Normal
6381,2025-06-05 13:52:42,39,Lihat Perkara,SDA8BB7F587E62A56,Normal,Normal
6382,2025-06-05 13:55:31,39,Cari Berkas,SDA8BB7F587E62A56,Normal,Normal
6383,2025-06-05 13:55:54,39,Logout,SDA8BB7F587E62A56,Normal,Normal
6384,2025-06-05 14:41:45,45,Login,SC62F3461D50CF57E,Normal,Normal
6385,2025-06-05 14:44:04,45,Lihat Perkara,SC62F3461D50CF57E,Normal,Normal
6386,2025-06-05 14:44:42,45,Cari Berkas,SC62F3461D50CF57E,ip_berubah,Low
6387,2025-06-05 14:45:07,45,Logout,SC62F3461D50CF57E,Normal,Normal
6388,2025-06-05 14:48:03,64,Login,S355CDFFF5FFA7DBE,Normal,Normal
6389,2025-06-05 14:50:51,64,Lihat Perkara,S355CDFFF5FFA7DBE,Normal,Normal
6390,2025-06-05 14:53:31,64,Cari Berkas,S355CDFFF5FFA7DBE,Normal,Normal
6392,2025-06-05 14:55:43,64,Logout,S355CDFFF5FFA7DBE,Normal,Normal
6396,2025-06-05 16:03:37,82,Login,SEA58FAAFB404D9A8,Normal,Normal
6397,2025-06-05 16:05:03,82,Lihat Perkara,SEA58FAAFB404D9A8,Normal,Normal
6398,2025-06-05 16:05:57,82,Cari Berkas,SEA58FAAFB404D9A8,Normal,Normal
6399,2025-06-05 16:08:50,82,Logout,SEA58FAAFB404D9A8,Normal,Normal
6408,2025-06-06 07:37:32,26,Login,S979171314A3D6276,Normal,Normal
6409,2025-06-06 07:38:23,26,Lihat Perkara,S979171314A3D6276,Normal,Normal
6410,2025-06-06 07:41:11,26,Cari Berkas,S979171314A3D6276,Normal,Normal
6411,2025-06-06 07:43:35,26,Logout,S979171314A3D6276,Normal,Normal
6412,2025-06-06 09:17:08,51,Login,S402E49CE7D4F98A6,Normal,Normal
6413,2025-06-06 09:17:45,51,Lihat Perkara,S402E49CE7D4F98A6,Normal,Normal
6414,2025-06-06 09:19:49,51,Cari Berkas,S402E49CE7D4F98A6,Normal,Normal
6415,2025-06-06 09:21:31,51,Logout,S402E49CE7D4F98A6,Normal,Normal
6420,2025-06-06 10:14:06,63,Login,S0BC6E292B9B436D3,Normal,Normal
6421,2025-06-06 10:14:52,63,Lihat Perkara,S0BC6E292B9B436D3,Normal,Normal
6422,2025-06-06 10:16:54,63,Cari Berkas,S0BC6E292B9B436D3,Normal,Normal
6423,2025-06-06 10:18:51,63,Logout,S0BC6E292B9B436D3,Normal,Normal
6424,2025-06-06 13:03:36,32,Login,S3FB3D3EBFAEFB39C,Normal,Normal
6425,2025-06-06 13:04:48,32,Lihat Perkara,S3FB3D3EBFAEFB39C,Normal,Normal
6426,2025-06-06 13:05:53,32,Cari Berkas,S3FB3D3EBFAEFB39C,device_berubah,Low
6427,2025-06-06 13:07:32,32,Logout,S3FB3D3EBFAEFB39C,Normal,Normal
6428,2025-06-06 14:39:27,51,Login,S42334F914D120D03,Normal,Normal
6429,2025-06-06 14:41:09,51,Lihat Perkara,S42334F914D120D03,Normal,Normal
6430,2025-06-06 14:43:23,51,Cari Berkas,S42334F914D120D03,Normal,Normal
6431,2025-06-06 14:44:52,51,Logout,S42334F914D120D03,Normal,Normal
6432,2025-06-06 16:26:21,81,Login,SFFBF9BE30B572FC4,Normal,Normal
6433,2025-06-06 16:27:14,81,Lihat Perkara,SFFBF9BE30B572FC4,Normal,Normal
6434,2025-06-06 16:30:00,81,Cari Berkas,SFFBF9BE30B572FC4,Normal,Normal
6435,2025-06-06 16:31:24,81,Logout,SFFBF9BE30B572FC4,Normal,Normal
6436,2025-06-07 06:20:04,40,Login,SC1143180373BF989,login_luar_jam,Low
6437,2025-06-07 07:20:50,40,Lihat Perkara,SC1143180373BF989,Normal,Normal
6438,2025-06-07 07:21:53,40,Cari Berkas,SC1143180373BF989,Normal,Normal
6439,2025-06-07 07:24:05,40,Logout,SC1143180373BF989,Normal,Normal
6440,2025-06-07 08:12:06,34,Login,S3687F1E1F53CA48B,Normal,Normal
6441,2025-06-07 08:13:48,34,Lihat Perkara,S3687F1E1F53CA48B,Normal,Normal
6442,2025-06-07 08:16:37,34,Cari Berkas,S3687F1E1F53CA48B,Normal,Normal
6443,2025-06-07 08:18:07,34,Logout,S3687F1E1F53CA48B,Normal,Normal
6444,2025-06-07 08:59:10,59,Login,SEB33225C94DE92F7,Normal,Normal
6445,2025-06-07 09:00:03,59,Lihat Perkara,SEB33225C94DE92F7,Normal,Normal
6446,2025-06-07 09:01:13,59,Cari Berkas,SEB33225C94DE92F7,Normal,Normal
6447,2025-06-07 09:02:29,59,Logout,SEB33225C94DE92F7,Normal,Normal
6448,2025-06-07 09:22:21,84,Login,S632A992B5DDF6F80,Normal,Normal
6449,2025-06-07 09:23:25,84,Dashboard,S632A992B5DDF6F80,Normal,Normal
6450,2025-06-07 09:23:41,84,Kelola User,S632A992B5DDF6F80,Normal,Normal
6451,2025-06-07 09:24:57,84,Kelola Kode Klasifikasi,S632A992B5DDF6F80,Normal,Normal
6452,2025-06-07 09:25:26,84,Logout,S632A992B5DDF6F80,ip_berubah,Low
6453,2025-06-07 13:01:34,43,Login,S38A89514CA0E0BC2,Normal,Normal
6454,2025-06-07 13:02:08,43,Lihat Perkara,S38A89514CA0E0BC2,Normal,Normal
6455,2025-06-07 13:02:35,43,Cari Berkas,S38A89514CA0E0BC2,Normal,Normal
6456,2025-06-07 13:02:48,43,Logout,S38A89514CA0E0BC2,Normal,Normal
6457,2025-06-07 13:05:23,6,Login,S845BA1D0C6EE1F6A,Normal,Normal
6458,2025-06-07 13:05:43,6,Lihat Perkara,S845BA1D0C6EE1F6A,Normal,Normal
6459,2025-06-07 13:07:49,6,Lihat Berkas,S845BA1D0C6EE1F6A,Normal,Normal
6460,2025-06-07 13:10:45,6,Input Berkas,S845BA1D0C6EE1F6A,Normal,Normal
6461,2025-06-07 13:13:18,6,Verifikasi,S845BA1D0C6EE1F6A,Normal,Normal
6462,2025-06-07 13:15:06,6,Logout,S845BA1D0C6EE1F6A,Normal,Normal
6463,2025-06-07 13:29:41,78,Login,S6C9522A887418BF3,Normal,Normal
6464,2025-06-07 13:32:04,78,Lihat Perkara,S6C9522A887418BF3,Normal,Normal
6465,2025-06-07 13:34:12,78,Cari Berkas,S6C9522A887418BF3,Normal,Normal
6466,2025-06-07 13:34:36,78,Logout,S6C9522A887418BF3,aktivitas_terlalu_cepat,Medium
6471,2025-06-07 14:37:57,41,Login,S0DBBD8ED4EBED7C3,Normal,Normal
6472,2025-06-07 14:39:43,41,Lihat Perkara,S0DBBD8ED4EBED7C3,Normal,Normal
6473,2025-06-07 14:42:13,41,Cari Berkas,S0DBBD8ED4EBED7C3,Normal,Normal
6474,2025-06-07 14:43:02,41,Logout,S0DBBD8ED4EBED7C3,Normal,Normal
6479,2025-06-07 16:14:01,56,Login,S3442853A72BE5FB8,ip_berubah,Low
6480,2025-06-07 16:16:42,56,Lihat Perkara,S3442853A72BE5FB8,Normal,Normal
6481,2025-06-07 16:19:16,56,Cari Berkas,S3442853A72BE5FB8,device_berubah,Low
6482,2025-06-07 16:20:07,56,Logout,S3442853A72BE5FB8,Normal,Normal
6484,2025-06-08 07:18:14,24,Login,S33B7178BE4ED2829,Normal,Normal
6485,2025-06-08 07:21:09,24,Lihat Perkara,S33B7178BE4ED2829,Normal,Normal
6486,2025-06-08 07:22:13,24,Cari Berkas,S33B7178BE4ED2829,Normal,Normal
6487,2025-06-08 07:24:47,24,Logout,S33B7178BE4ED2829,Normal,Normal
6507,2025-06-09 06:19:22,45,Login,S80EFB86D3E8DCA0E,login_luar_jam,Low
6508,2025-06-09 08:08:38,40,Login,S544810DE2A1B76E3,Normal,Normal
6509,2025-06-09 08:11:28,40,Lihat Perkara,S544810DE2A1B76E3,Normal,Normal
6510,2025-06-09 08:14:18,40,Cari Berkas,S544810DE2A1B76E3,device_berubah,Low
6511,2025-06-09 08:14:52,40,Logout,S544810DE2A1B76E3,Normal,Normal
6512,2025-06-09 08:21:33,45,Lihat Perkara,S80EFB86D3E8DCA0E,Normal,Normal
6513,2025-06-09 08:23:56,45,Cari Berkas,S80EFB86D3E8DCA0E,Normal,Normal
6514,2025-06-09 08:26:02,45,Logout,S80EFB86D3E8DCA0E,peminjaman_massal,High
6515,2025-06-09 08:43:43,77,Login,S418428187442F12F,Normal,Normal
6516,2025-06-09 08:44:01,77,Lihat Perkara,S418428187442F12F,Normal,Normal
6517,2025-06-09 08:46:34,77,Cari Berkas,S418428187442F12F,Normal,Normal
6518,2025-06-09 08:47:48,77,Logout,S418428187442F12F,Normal,Normal
6523,2025-06-09 11:55:15,45,Login,S516334468C92CCAF,Normal,Normal
6524,2025-06-09 11:56:10,45,Lihat Perkara,S516334468C92CCAF,Normal,Normal
6525,2025-06-09 11:57:31,45,Cari Berkas,S516334468C92CCAF,Normal,Normal
6526,2025-06-09 11:57:56,45,Logout,S516334468C92CCAF,Normal,Normal
6531,2025-06-09 12:43:47,6,Login,SCA5E6705D1F80FCF,Normal,Normal
6532,2025-06-09 12:45:45,6,Lihat Perkara,SCA5E6705D1F80FCF,Normal,Normal
6533,2025-06-09 12:47:28,6,Lihat Berkas,SCA5E6705D1F80FCF,Normal,Normal
6534,2025-06-09 12:49:43,6,Input Berkas,SCA5E6705D1F80FCF,Normal,Normal
6535,2025-06-09 12:51:46,6,Verifikasi,SCA5E6705D1F80FCF,Normal,Normal
6537,2025-06-09 12:53:23,6,Logout,SCA5E6705D1F80FCF,Normal,Normal
6541,2025-06-09 13:49:56,28,Login,S0692DC639424AED5,aktivitas_terlalu_cepat,Medium
6542,2025-06-09 13:51:47,28,Lihat Perkara,S0692DC639424AED5,Normal,Normal
6543,2025-06-09 13:52:47,28,Cari Berkas,S0692DC639424AED5,verifikasi_massal,High
6544,2025-06-09 13:53:16,28,Logout,S0692DC639424AED5,Normal,Normal
6545,2025-06-09 14:24:56,8,Login,S49DBD7B210AA7CAC,Normal,Normal
6546,2025-06-09 14:26:16,8,Lihat Perkara,S49DBD7B210AA7CAC,Normal,Normal
6547,2025-06-09 14:26:53,8,Cari Berkas,S49DBD7B210AA7CAC,Normal,Normal
6548,2025-06-09 14:29:42,8,Logout,S49DBD7B210AA7CAC,Normal,Normal
6550,2025-06-10 09:08:44,25,Login,S224A66A6AC0F6801,Normal,Normal
6551,2025-06-10 09:09:55,25,Lihat Perkara,S224A66A6AC0F6801,Normal,Normal
6552,2025-06-10 09:11:23,25,Cari Berkas,S224A66A6AC0F6801,durasi_tidak_wajar,Medium
6553,2025-06-10 09:12:02,25,Logout,S224A66A6AC0F6801,Normal,Normal
6554,2025-06-10 09:14:23,86,Login,SCCEE6B1C727DDA84,Normal,Normal
6555,2025-06-10 09:14:43,86,Lihat Perkara,SCCEE6B1C727DDA84,Normal,Normal
6556,2025-06-10 09:15:25,86,Cari Berkas,SCCEE6B1C727DDA84,Normal,Normal
6557,2025-06-10 09:18:02,86,Logout,SCCEE6B1C727DDA84,Normal,Normal
6558,2025-06-10 10:32:09,18,Login,SDA5DCF8DD3778853,Normal,Normal
6559,2025-06-10 10:33:40,18,Lihat Perkara,SDA5DCF8DD3778853,Normal,Normal
6560,2025-06-10 10:35:43,18,Cari Berkas,SDA5DCF8DD3778853,Normal,Normal
6561,2025-06-10 10:36:30,18,Logout,SDA5DCF8DD3778853,Normal,Normal
6562,2025-06-10 10:38:32,70,Login,S8A3A0129A9D84C4F,Normal,Normal
6563,2025-06-10 10:40:28,70,Lihat Perkara,S8A3A0129A9D84C4F,Normal,Normal
6564,2025-06-10 10:42:20,70,Cari Berkas,S8A3A0129A9D84C4F,Normal,Normal
6565,2025-06-10 10:43:34,70,Logout,S8A3A0129A9D84C4F,Normal,Normal
6566,2025-06-10 10:46:45,22,Login,S78FECE7FA03261C3,Normal,Normal
6567,2025-06-10 10:47:13,22,Lihat Perkara,S78FECE7FA03261C3,Normal,Normal
6568,2025-06-10 10:48:18,22,Cari Berkas,S78FECE7FA03261C3,Normal,Normal
6569,2025-06-10 10:50:07,22,Logout,S78FECE7FA03261C3,Normal,Normal
6570,2025-06-10 12:04:24,82,Login,S65E58F345DF06E8C,Normal,Normal
6571,2025-06-10 12:05:37,82,Lihat Perkara,S65E58F345DF06E8C,Normal,Normal
6572,2025-06-10 12:06:16,82,Cari Berkas,S65E58F345DF06E8C,Normal,Normal
6573,2025-06-10 12:06:32,82,Logout,S65E58F345DF06E8C,Normal,Normal
6577,2025-06-11 02:34:32,54,Login,SDB9A0EB7B48C531B,login_luar_jam,Low
6578,2025-06-11 07:35:51,54,Lihat Perkara,SDB9A0EB7B48C531B,Normal,Normal
6579,2025-06-11 07:37:46,54,Lihat Berkas,SDB9A0EB7B48C531B,Normal,Normal
6580,2025-06-11 07:38:18,54,Input Berkas,SDB9A0EB7B48C531B,Normal,Normal
6581,2025-06-11 07:40:35,54,Verifikasi,SDB9A0EB7B48C531B,Normal,Normal
6582,2025-06-11 07:41:45,54,Logout,SDB9A0EB7B48C531B,Normal,Normal
6583,2025-06-11 08:11:44,31,Login,S39B9E307C64375ED,Normal,Normal
6584,2025-06-11 08:11:55,31,Lihat Perkara,S39B9E307C64375ED,Normal,Normal
6586,2025-06-11 08:14:05,31,Cari Berkas,S39B9E307C64375ED,Normal,Normal
6589,2025-06-11 08:16:00,31,Logout,S39B9E307C64375ED,Normal,Normal
6591,2025-06-11 08:47:37,84,Login,S0864155C8121F2AD,Normal,Normal
6592,2025-06-11 08:47:59,84,Dashboard,S0864155C8121F2AD,Normal,Normal
6593,2025-06-11 08:50:44,84,Kelola User,S0864155C8121F2AD,Normal,Normal
6594,2025-06-11 08:51:50,84,Kelola Kode Klasifikasi,S0864155C8121F2AD,Normal,Normal
6595,2025-06-11 08:52:48,84,Logout,S0864155C8121F2AD,Normal,Normal
6596,2025-06-11 09:25:18,26,Login,SE7F8394BC91F5379,Normal,Normal
6597,2025-06-11 09:26:44,26,Lihat Perkara,SE7F8394BC91F5379,Normal,Normal
6598,2025-06-11 09:26:57,26,Cari Berkas,SE7F8394BC91F5379,Normal,Normal
6599,2025-06-11 09:28:16,26,Logout,SE7F8394BC91F5379,Normal,Normal
6600,2025-06-11 09:30:04,39,Login,S84732BEE0FC765CE,Normal,Normal
6601,2025-06-11 09:31:09,39,Lihat Perkara,S84732BEE0FC765CE,device_berubah,Low
6602,2025-06-11 09:31:45,39,Cari Berkas,S84732BEE0FC765CE,Normal,Normal
6603,2025-06-11 09:33:26,39,Logout,S84732BEE0FC765CE,Normal,Normal
6608,2025-06-11 11:32:17,49,Login,S00C65EC892FCBAFC,Normal,Normal
6609,2025-06-11 11:35:17,49,Lihat Perkara,S00C65EC892FCBAFC,Normal,Normal
6610,2025-06-11 11:35:43,49,Cari Berkas,S00C65EC892FCBAFC,ip_berubah,Low
6611,2025-06-11 11:37:14,49,Logout,S00C65EC892FCBAFC,Normal,Normal
6612,2025-06-11 11:54:17,59,Login,SEF0B9584ABEF499B,Normal,Normal
6613,2025-06-11 11:56:13,59,Lihat Perkara,SEF0B9584ABEF499B,Normal,Normal
6614,2025-06-11 11:57:39,70,Login,S0A9FFB25958100FC,Normal,Normal
6615,2025-06-11 11:57:52,59,Cari Berkas,SEF0B9584ABEF499B,Normal,Normal
6616,2025-06-11 11:58:21,59,Logout,SEF0B9584ABEF499B,Normal,Normal
6617,2025-06-11 11:59:28,70,Lihat Perkara,S0A9FFB25958100FC,Normal,Normal
6618,2025-06-11 12:02:08,70,Cari Berkas,S0A9FFB25958100FC,Normal,Normal
6619,2025-06-11 12:04:53,70,Logout,S0A9FFB25958100FC,Normal,Normal
6624,2025-06-11 12:52:25,66,Login,SBDEC914406297A2A,Normal,Normal
6625,2025-06-11 12:52:40,66,Lihat Perkara,SBDEC914406297A2A,Normal,Normal
6626,2025-06-11 12:55:33,66,Cari Berkas,SBDEC914406297A2A,Normal,Normal
6627,2025-06-11 12:57:00,66,Logout,SBDEC914406297A2A,Normal,Normal
6628,2025-06-11 13:43:59,1,Login,S47FFB3DB926E44B0,Normal,Normal
6629,2025-06-11 13:46:54,1,Dashboard,S47FFB3DB926E44B0,Normal,Normal
6630,2025-06-11 13:49:48,1,Kelola User,S47FFB3DB926E44B0,Normal,Normal
6631,2025-06-11 13:51:51,1,Kelola Kode Klasifikasi,S47FFB3DB926E44B0,Normal,Normal
6632,2025-06-11 13:53:00,1,Logout,S47FFB3DB926E44B0,Normal,Normal
6633,2025-06-11 13:59:49,63,Login,S4529982CA8E60074,Normal,Normal
6634,2025-06-11 14:00:44,63,Lihat Perkara,S4529982CA8E60074,Normal,Normal
6635,2025-06-11 14:03:36,63,Cari Berkas,S4529982CA8E60074,Normal,Normal
6636,2025-06-11 14:04:53,63,Logout,S4529982CA8E60074,Normal,Normal
6641,2025-06-11 16:31:48,54,Login,SBA281D3AF7B36BC2,Normal,Normal
6642,2025-06-11 16:32:12,54,Lihat Perkara,SBA281D3AF7B36BC2,Normal,Normal
6643,2025-06-11 16:34:40,54,Lihat Berkas,SBA281D3AF7B36BC2,Normal,Normal
6644,2025-06-11 16:36:04,54,Input Berkas,SBA281D3AF7B36BC2,Normal,Normal
6645,2025-06-11 16:37:02,54,Verifikasi,SBA281D3AF7B36BC2,Normal,Normal
6646,2025-06-11 16:37:32,54,Logout,SBA281D3AF7B36BC2,Normal,Normal
6651,2025-06-12 08:06:46,60,Login,S92593C477A6B003F,Normal,Normal
6652,2025-06-12 08:07:02,60,Lihat Perkara,S92593C477A6B003F,Normal,Normal
6653,2025-06-12 08:08:24,60,Cari Berkas,S92593C477A6B003F,Normal,Normal
6654,2025-06-12 08:10:36,60,Logout,S92593C477A6B003F,Normal,Normal
6655,2025-06-12 09:18:08,45,Login,S0A88E6CA1DEE4B6D,Normal,Normal
6656,2025-06-12 09:20:10,45,Lihat Perkara,S0A88E6CA1DEE4B6D,Normal,Normal
6657,2025-06-12 09:21:26,45,Cari Berkas,S0A88E6CA1DEE4B6D,Normal,Normal
6658,2025-06-12 09:23:10,45,Logout,S0A88E6CA1DEE4B6D,Normal,Normal
6659,2025-06-12 12:14:36,69,Login,S5D1C153EF6EBCACF,Normal,Normal
6660,2025-06-12 12:15:31,69,Lihat Perkara,S5D1C153EF6EBCACF,Normal,Normal
6661,2025-06-12 12:17:49,69,Cari Berkas,S5D1C153EF6EBCACF,Normal,Normal
6662,2025-06-12 12:18:31,69,Logout,S5D1C153EF6EBCACF,Normal,Normal
6663,2025-06-12 13:08:21,21,Login,S13BED02F56C8D221,Normal,Normal
6664,2025-06-12 13:10:31,21,Lihat Perkara,S13BED02F56C8D221,Normal,Normal
6665,2025-06-12 13:12:56,21,Cari Berkas,S13BED02F56C8D221,Normal,Normal
6666,2025-06-12 13:15:49,21,Logout,S13BED02F56C8D221,Normal,Normal
6675,2025-06-13 05:03:50,19,Login,S3534F5214D564CA1,login_luar_jam,Low
6676,2025-06-13 05:42:03,23,Login,S712BF0827574C1A7,login_luar_jam,Low
6677,2025-06-13 08:04:39,19,Lihat Perkara,S3534F5214D564CA1,Normal,Normal
6678,2025-06-13 08:05:47,19,Cari Berkas,S3534F5214D564CA1,Normal,Normal
6679,2025-06-13 08:08:14,19,Logout,S3534F5214D564CA1,Normal,Normal
6680,2025-06-13 09:34:44,55,Login,S418F69AC134C9E86,Normal,Normal
6681,2025-06-13 09:34:58,55,Lihat Perkara,S418F69AC134C9E86,Normal,Normal
6682,2025-06-13 09:35:32,55,Lihat Berkas,S418F69AC134C9E86,Normal,Normal
6683,2025-06-13 09:37:24,55,Input Berkas,S418F69AC134C9E86,Normal,Normal
6684,2025-06-13 09:39:22,55,Verifikasi,S418F69AC134C9E86,Normal,Normal
6685,2025-06-13 09:40:35,55,Logout,S418F69AC134C9E86,Normal,Normal
6690,2025-06-13 10:14:52,51,Login,S6252439052A3069D,Normal,Normal
6691,2025-06-13 10:15:38,51,Lihat Perkara,S6252439052A3069D,Normal,Normal
6692,2025-06-13 10:15:58,51,Cari Berkas,S6252439052A3069D,Normal,Normal
6693,2025-06-13 10:17:01,51,Logout,S6252439052A3069D,Normal,Normal
6698,2025-06-13 10:44:42,23,Lihat Perkara,S712BF0827574C1A7,Normal,Normal
6699,2025-06-13 10:47:13,23,Cari Berkas,S712BF0827574C1A7,ip_berubah,Low
6700,2025-06-13 10:49:16,23,Logout,S712BF0827574C1A7,Normal,Normal
6701,2025-06-13 12:18:20,37,Login,S65F30779F6EE5CDB,Normal,Normal
6702,2025-06-13 12:21:12,37,Lihat Perkara,S65F30779F6EE5CDB,Normal,Normal
6703,2025-06-13 12:23:27,37,Cari Berkas,S65F30779F6EE5CDB,ip_berubah,Low
6704,2025-06-13 12:26:04,37,Logout,S65F30779F6EE5CDB,Normal,Normal
6705,2025-06-13 12:48:27,80,Login,S60152641BB2CB72D,Normal,Normal
6706,2025-06-13 12:49:07,80,Lihat Perkara,S60152641BB2CB72D,Normal,Normal
6707,2025-06-13 12:49:20,80,Cari Berkas,S60152641BB2CB72D,Normal,Normal
6708,2025-06-13 12:51:44,80,Logout,S60152641BB2CB72D,Normal,Normal
6709,2025-06-13 14:34:44,63,Login,S86433603C92A7D7C,Normal,Normal
6710,2025-06-13 14:36:38,63,Lihat Perkara,S86433603C92A7D7C,Normal,Normal
6711,2025-06-13 14:37:26,63,Cari Berkas,S86433603C92A7D7C,Normal,Normal
6712,2025-06-13 14:38:52,63,Logout,S86433603C92A7D7C,Normal,Normal
6713,2025-06-13 15:25:01,69,Login,S00B397CF943C71B3,Normal,Normal
6714,2025-06-13 15:25:30,69,Lihat Perkara,S00B397CF943C71B3,Normal,Normal
6716,2025-06-13 15:25:58,69,Cari Berkas,S00B397CF943C71B3,Normal,Normal
6717,2025-06-13 15:26:53,69,Logout,S00B397CF943C71B3,Normal,Normal
6721,2025-06-14 08:59:17,56,Login,S67CED3E868B8DACD,Normal,Normal
6722,2025-06-14 09:00:34,56,Lihat Perkara,S67CED3E868B8DACD,Normal,Normal
6723,2025-06-14 09:01:00,56,Cari Berkas,S67CED3E868B8DACD,Normal,Normal
6724,2025-06-14 09:02:09,56,Logout,S67CED3E868B8DACD,Normal,Normal
6725,2025-06-14 10:22:07,54,Login,SE1661340545C3A0D,Normal,Normal
6726,2025-06-14 10:22:35,54,Lihat Perkara,SE1661340545C3A0D,Normal,Normal
6727,2025-06-14 10:24:50,54,Lihat Berkas,SE1661340545C3A0D,Normal,Normal
6728,2025-06-14 10:26:33,54,Input Berkas,SE1661340545C3A0D,Normal,Normal
6729,2025-06-14 10:26:58,54,Verifikasi,SE1661340545C3A0D,Normal,Normal
6730,2025-06-14 10:28:21,54,Logout,SE1661340545C3A0D,Normal,Normal
6735,2025-06-14 13:16:18,61,Login,S30C3EF8A592AB43D,Normal,Normal
6736,2025-06-14 13:19:00,61,Lihat Perkara,S30C3EF8A592AB43D,device_berubah,Low
6737,2025-06-14 13:21:57,61,Cari Berkas,S30C3EF8A592AB43D,Normal,Normal
6738,2025-06-14 13:22:13,61,Logout,S30C3EF8A592AB43D,Normal,Normal
6739,2025-06-14 14:11:02,70,Login,SDEE4254B0AFC13FB,Normal,Normal
6740,2025-06-14 14:11:19,70,Lihat Perkara,SDEE4254B0AFC13FB,Normal,Normal
6741,2025-06-14 14:12:18,70,Cari Berkas,SDEE4254B0AFC13FB,Normal,Normal
6742,2025-06-14 14:14:03,70,Logout,SDEE4254B0AFC13FB,Normal,Normal
6747,2025-06-14 16:58:41,85,Login,S0DA7C2379FE2CADC,Normal,Normal
6748,2025-06-14 16:59:10,85,Lihat Perkara,S0DA7C2379FE2CADC,Normal,Normal
6749,2025-06-14 16:59:29,85,Lihat Berkas,S0DA7C2379FE2CADC,Normal,Normal
6750,2025-06-14 17:01:57,85,Input Berkas,S0DA7C2379FE2CADC,Normal,Normal
6751,2025-06-14 17:02:11,85,Verifikasi,S0DA7C2379FE2CADC,Normal,Normal
6752,2025-06-14 17:02:50,85,Logout,S0DA7C2379FE2CADC,Normal,Normal
6753,2025-06-15 06:57:12,44,Login,S2C981221D4B6F0F2,login_luar_jam,Low
6754,2025-06-15 07:52:11,36,Login,S942CAA0CDD53ABE1,Normal,Normal
6755,2025-06-15 07:52:57,36,Lihat Perkara,S942CAA0CDD53ABE1,Normal,Normal
6756,2025-06-15 07:54:48,36,Cari Berkas,S942CAA0CDD53ABE1,Normal,Normal
6757,2025-06-15 07:56:13,36,Logout,S942CAA0CDD53ABE1,Normal,Normal
6758,2025-06-15 09:29:02,27,Login,S4D407B285628DDCD,Normal,Normal
6759,2025-06-15 09:29:52,27,Lihat Perkara,S4D407B285628DDCD,Normal,Normal
6760,2025-06-15 09:31:53,27,Cari Berkas,S4D407B285628DDCD,Normal,Normal
6761,2025-06-15 09:34:46,27,Logout,S4D407B285628DDCD,Normal,Normal
6762,2025-06-15 09:42:11,30,Login,S8FCA9026A73830E8,Normal,Normal
6763,2025-06-15 09:42:24,30,Lihat Perkara,S8FCA9026A73830E8,Normal,Normal
6764,2025-06-15 09:45:22,30,Cari Berkas,S8FCA9026A73830E8,Normal,Normal
6765,2025-06-15 09:45:50,30,Logout,S8FCA9026A73830E8,Normal,Normal
6768,2025-06-15 10:45:17,70,Login,S07B5C69A4A13DE29,Normal,Normal
6769,2025-06-15 10:46:04,70,Lihat Perkara,S07B5C69A4A13DE29,Normal,Normal
6771,2025-06-15 10:48:55,70,Cari Berkas,S07B5C69A4A13DE29,Normal,Normal
6773,2025-06-15 10:51:00,70,Logout,S07B5C69A4A13DE29,durasi_tidak_wajar,Medium
6775,2025-06-15 11:22:46,31,Login,S20D377AC621D6235,Normal,Normal
6779,2025-06-15 11:25:13,31,Lihat Perkara,S20D377AC621D6235,Normal,Normal
6782,2025-06-15 11:25:46,31,Cari Berkas,S20D377AC621D6235,Normal,Normal
6785,2025-06-15 11:27:06,31,Logout,S20D377AC621D6235,Normal,Normal
6788,2025-06-15 11:30:25,82,Login,S01A77438CD5A708A,Normal,Normal
6789,2025-06-15 11:32:28,82,Lihat Perkara,S01A77438CD5A708A,Normal,Normal
6790,2025-06-15 11:34:23,82,Cari Berkas,S01A77438CD5A708A,Normal,Normal
6791,2025-06-15 11:35:50,82,Logout,S01A77438CD5A708A,Normal,Normal
6793,2025-06-15 13:11:29,47,Login,S5EA5C3135EF87075,Normal,Normal
6796,2025-06-15 13:14:07,47,Lihat Perkara,S5EA5C3135EF87075,Normal,Normal
6798,2025-06-15 13:15:42,47,Cari Berkas,S5EA5C3135EF87075,Normal,Normal
6799,2025-06-15 13:16:05,47,Logout,S5EA5C3135EF87075,Normal,Normal
6801,2025-06-15 13:16:24,25,Login,S7A426A39F0086838,Normal,Normal
6803,2025-06-15 13:17:58,25,Lihat Perkara,S7A426A39F0086838,Normal,Normal
6805,2025-06-15 13:20:41,25,Cari Berkas,S7A426A39F0086838,Normal,Normal
6807,2025-06-15 13:23:31,25,Logout,S7A426A39F0086838,Normal,Normal
6808,2025-06-15 14:58:08,44,Lihat Perkara,S2C981221D4B6F0F2,Normal,Normal
6809,2025-06-15 14:59:11,44,Cari Berkas,S2C981221D4B6F0F2,Normal,Normal
6810,2025-06-15 15:01:32,44,Logout,S2C981221D4B6F0F2,Normal,Normal
6811,2025-06-15 15:40:41,28,Login,SF3F48D531120C1B7,Normal,Normal
6812,2025-06-15 15:43:26,28,Lihat Perkara,SF3F48D531120C1B7,Normal,Normal
6813,2025-06-15 15:44:50,28,Cari Berkas,SF3F48D531120C1B7,Normal,Normal
6814,2025-06-15 15:45:36,28,Logout,SF3F48D531120C1B7,Normal,Normal
6815,2025-06-16 07:33:15,29,Login,SB686FD53E280A0A8,Normal,Normal
6816,2025-06-16 07:35:35,29,Lihat Perkara,SB686FD53E280A0A8,Normal,Normal
6817,2025-06-16 07:38:11,29,Cari Berkas,SB686FD53E280A0A8,Normal,Normal
6818,2025-06-16 07:38:55,29,Logout,SB686FD53E280A0A8,Normal,Normal
6823,2025-06-16 08:01:05,25,Login,SCAC8D16E6B8E51FD,Normal,Normal
6825,2025-06-16 08:03:40,25,Lihat Perkara,SCAC8D16E6B8E51FD,ip_berubah,Low
6826,2025-06-16 08:05:01,25,Cari Berkas,SCAC8D16E6B8E51FD,Normal,Normal
6828,2025-06-16 08:07:54,25,Logout,SCAC8D16E6B8E51FD,Normal,Normal
6829,2025-06-16 09:19:04,63,Login,SBF86BC0D34FF2D85,Normal,Normal
6830,2025-06-16 09:20:12,63,Lihat Perkara,SBF86BC0D34FF2D85,Normal,Normal
6831,2025-06-16 09:21:49,63,Cari Berkas,SBF86BC0D34FF2D85,Normal,Normal
6832,2025-06-16 09:23:44,63,Logout,SBF86BC0D34FF2D85,Normal,Normal
6833,2025-06-16 10:07:43,66,Login,SF758DCE20556DAEA,Normal,Normal
6834,2025-06-16 10:10:31,66,Lihat Perkara,SF758DCE20556DAEA,Normal,Normal
6835,2025-06-16 10:12:38,66,Cari Berkas,SF758DCE20556DAEA,Normal,Normal
6836,2025-06-16 10:12:53,40,Login,SF055E55D8006BAE5,Normal,Normal
6837,2025-06-16 10:13:44,40,Lihat Perkara,SF055E55D8006BAE5,Normal,Normal
6838,2025-06-16 10:14:20,66,Logout,SF758DCE20556DAEA,Normal,Normal
6839,2025-06-16 10:14:49,40,Cari Berkas,SF055E55D8006BAE5,Normal,Normal
6840,2025-06-16 10:16:25,40,Logout,SF055E55D8006BAE5,Normal,Normal
6841,2025-06-16 10:36:55,51,Login,SC4035969D7A6DA0D,Normal,Normal
6842,2025-06-16 10:37:44,51,Lihat Perkara,SC4035969D7A6DA0D,Normal,Normal
6843,2025-06-16 10:38:00,51,Cari Berkas,SC4035969D7A6DA0D,peminjaman_massal,High
6844,2025-06-16 10:40:00,51,Logout,SC4035969D7A6DA0D,aktivitas_terlalu_cepat,Medium
6845,2025-06-16 13:37:14,45,Login,S2AA3ED5EE58E8FB6,Normal,Normal
6846,2025-06-16 13:38:26,45,Lihat Perkara,S2AA3ED5EE58E8FB6,Normal,Normal
6847,2025-06-16 13:41:03,45,Cari Berkas,S2AA3ED5EE58E8FB6,Normal,Normal
6848,2025-06-16 13:43:31,45,Logout,S2AA3ED5EE58E8FB6,Normal,Normal
6855,2025-06-16 14:20:26,74,Login,S762E0DA3E14604DF,Normal,Normal
6856,2025-06-16 14:22:34,74,Lihat Perkara,S762E0DA3E14604DF,Normal,Normal
6857,2025-06-16 14:24:42,74,Cari Berkas,S762E0DA3E14604DF,Normal,Normal
6858,2025-06-16 14:26:47,74,Logout,S762E0DA3E14604DF,Normal,Normal
6859,2025-06-16 14:27:56,28,Login,SC43BE7AF8120053D,Normal,Normal
6860,2025-06-16 14:30:01,28,Lihat Perkara,SC43BE7AF8120053D,Normal,Normal
6861,2025-06-16 14:30:53,28,Cari Berkas,SC43BE7AF8120053D,Normal,Normal
6862,2025-06-16 14:32:07,28,Logout,SC43BE7AF8120053D,Normal,Normal
6863,2025-06-16 15:05:18,20,Login,SCEBC1BD7F8378BE2,Normal,Normal
6864,2025-06-16 15:06:27,20,Lihat Perkara,SCEBC1BD7F8378BE2,Normal,Normal
6865,2025-06-16 15:09:12,20,Cari Berkas,SCEBC1BD7F8378BE2,Normal,Normal
6866,2025-06-16 15:11:26,20,Logout,SCEBC1BD7F8378BE2,Normal,Normal
6871,2025-06-16 16:51:43,38,Login,S864C1D6724635434,Normal,Normal
6872,2025-06-16 16:52:29,38,Lihat Perkara,S864C1D6724635434,Normal,Normal
6873,2025-06-16 16:54:14,38,Cari Berkas,S864C1D6724635434,Normal,Normal
6874,2025-06-16 16:56:44,38,Logout,S864C1D6724635434,Normal,Normal
6875,2025-06-17 00:51:11,43,Login,S13089F8BBA345E82,login_luar_jam,Low
6876,2025-06-17 04:17:25,72,Login,S3E56EA06C8DF9C54,login_luar_jam,Low
6881,2025-06-17 09:53:30,43,Lihat Perkara,S13089F8BBA345E82,Normal,Normal
6882,2025-06-17 09:55:05,43,Cari Berkas,S13089F8BBA345E82,Normal,Normal
6883,2025-06-17 09:56:25,43,Logout,S13089F8BBA345E82,Normal,Normal
6884,2025-06-17 12:18:00,72,Lihat Perkara,S3E56EA06C8DF9C54,aktivitas_terlalu_cepat,Medium
6885,2025-06-17 12:18:10,72,Cari Berkas,S3E56EA06C8DF9C54,Normal,Normal
6886,2025-06-17 12:19:41,72,Logout,S3E56EA06C8DF9C54,Normal,Normal
6891,2025-06-17 12:35:58,41,Login,S973A1F213ECBA673,Normal,Normal
6892,2025-06-17 12:38:01,41,Lihat Perkara,S973A1F213ECBA673,Normal,Normal
6893,2025-06-17 12:40:36,41,Cari Berkas,S973A1F213ECBA673,Normal,Normal
6894,2025-06-17 12:41:53,41,Logout,S973A1F213ECBA673,Normal,Normal
6895,2025-06-17 13:00:45,57,Login,S178393CA3FD386B4,Normal,Normal
6896,2025-06-17 13:02:46,57,Lihat Perkara,S178393CA3FD386B4,ip_berubah,Low
6897,2025-06-17 13:04:39,57,Cari Berkas,S178393CA3FD386B4,Normal,Normal
6898,2025-06-17 13:06:08,57,Logout,S178393CA3FD386B4,Normal,Normal
6899,2025-06-17 13:29:01,43,Login,S00C818BAA210DD25,Normal,Normal
6900,2025-06-17 13:31:49,43,Lihat Perkara,S00C818BAA210DD25,Normal,Normal
6901,2025-06-17 13:34:02,43,Cari Berkas,S00C818BAA210DD25,Normal,Normal
6902,2025-06-17 13:36:35,43,Logout,S00C818BAA210DD25,Normal,Normal
6903,2025-06-17 15:42:05,21,Login,S9118DBDF6FD0F672,Normal,Normal
6904,2025-06-17 15:42:58,21,Lihat Perkara,S9118DBDF6FD0F672,Normal,Normal
6905,2025-06-17 15:44:36,21,Cari Berkas,S9118DBDF6FD0F672,Normal,Normal
6906,2025-06-17 15:45:28,21,Logout,S9118DBDF6FD0F672,Normal,Normal
6907,2025-06-18 04:58:23,81,Login,SD291A86873B6311F,login_luar_jam,Low
6908,2025-06-18 05:02:04,62,Login,S3C44994A3B6DB5EF,login_luar_jam,Low
6909,2025-06-18 07:28:21,78,Login,S18246315AD49E072,Normal,Normal
6910,2025-06-18 07:29:43,78,Lihat Perkara,S18246315AD49E072,Normal,Normal
6911,2025-06-18 07:30:24,78,Cari Berkas,S18246315AD49E072,Normal,Normal
6912,2025-06-18 07:32:14,78,Logout,S18246315AD49E072,durasi_tidak_wajar,Medium
6913,2025-06-18 08:01:01,81,Lihat Perkara,SD291A86873B6311F,Normal,Normal
6914,2025-06-18 08:03:32,81,Cari Berkas,SD291A86873B6311F,Normal,Normal
6915,2025-06-18 08:03:50,81,Logout,SD291A86873B6311F,Normal,Normal
6916,2025-06-18 09:19:35,86,Login,SA4BBF962606E0E1C,Normal,Normal
6917,2025-06-18 09:21:59,86,Lihat Perkara,SA4BBF962606E0E1C,Normal,Normal
6918,2025-06-18 09:22:32,86,Cari Berkas,SA4BBF962606E0E1C,Normal,Normal
6919,2025-06-18 09:25:27,86,Logout,SA4BBF962606E0E1C,Normal,Normal
6920,2025-06-18 09:48:20,72,Login,S093783F2E2285BFF,Normal,Normal
6921,2025-06-18 09:48:41,72,Lihat Perkara,S093783F2E2285BFF,Normal,Normal
6922,2025-06-18 09:49:53,72,Cari Berkas,S093783F2E2285BFF,Normal,Normal
6923,2025-06-18 09:50:23,72,Logout,S093783F2E2285BFF,Normal,Normal
6930,2025-06-18 11:33:39,42,Login,SD1678AC08E89EA97,Normal,Normal
6931,2025-06-18 11:36:32,42,Lihat Perkara,SD1678AC08E89EA97,Normal,Normal
6932,2025-06-18 11:36:52,42,Cari Berkas,SD1678AC08E89EA97,Normal,Normal
6933,2025-06-18 11:39:42,42,Logout,SD1678AC08E89EA97,Normal,Normal
6934,2025-06-18 12:22:14,62,Login,SB3D83B46F5103177,Normal,Normal
6935,2025-06-18 12:25:13,62,Lihat Perkara,SB3D83B46F5103177,Normal,Normal
6936,2025-06-18 12:26:56,62,Cari Berkas,SB3D83B46F5103177,Normal,Normal
6937,2025-06-18 12:27:42,34,Login,S704AAA017256C86F,ip_berubah,Low
6938,2025-06-18 12:29:38,62,Logout,SB3D83B46F5103177,Normal,Normal
6939,2025-06-18 12:29:46,34,Lihat Perkara,S704AAA017256C86F,Normal,Normal
6940,2025-06-18 12:31:51,34,Cari Berkas,S704AAA017256C86F,Normal,Normal
6941,2025-06-18 12:34:41,34,Logout,S704AAA017256C86F,Normal,Normal
6942,2025-06-18 13:02:59,62,Lihat Perkara,S3C44994A3B6DB5EF,Normal,Normal
6943,2025-06-18 13:04:57,62,Cari Berkas,S3C44994A3B6DB5EF,Normal,Normal
6944,2025-06-18 13:05:50,62,Logout,S3C44994A3B6DB5EF,Normal,Normal
6945,2025-06-18 13:21:18,26,Login,S3DD54BF2A81F82C2,Normal,Normal
6946,2025-06-18 13:23:09,26,Lihat Perkara,S3DD54BF2A81F82C2,peminjaman_massal,High
6947,2025-06-18 13:25:07,26,Cari Berkas,S3DD54BF2A81F82C2,Normal,Normal
6948,2025-06-18 13:27:55,26,Logout,S3DD54BF2A81F82C2,Normal,Normal
6949,2025-06-18 16:37:56,25,Login,S03AEFA62764DA243,Normal,Normal
6950,2025-06-18 16:39:22,25,Lihat Perkara,S03AEFA62764DA243,Normal,Normal
6951,2025-06-18 16:40:39,25,Cari Berkas,S03AEFA62764DA243,Normal,Normal
6952,2025-06-18 16:42:13,25,Logout,S03AEFA62764DA243,Normal,Normal
6957,2025-06-19 00:24:45,51,Login,S9A2F86238B5B600A,login_luar_jam,Low
6958,2025-06-19 08:49:11,36,Login,S4F4CEA72E493C415,Normal,Normal
6959,2025-06-19 08:49:30,36,Lihat Perkara,S4F4CEA72E493C415,Normal,Normal
6960,2025-06-19 08:52:09,36,Cari Berkas,S4F4CEA72E493C415,Normal,Normal
6961,2025-06-19 08:52:40,36,Logout,S4F4CEA72E493C415,Normal,Normal
6966,2025-06-19 09:40:17,45,Login,S8A48D37682EDE591,Normal,Normal
6967,2025-06-19 09:42:39,45,Lihat Perkara,S8A48D37682EDE591,Normal,Normal
6968,2025-06-19 09:44:44,45,Cari Berkas,S8A48D37682EDE591,Normal,Normal
6969,2025-06-19 09:45:10,45,Logout,S8A48D37682EDE591,Normal,Normal
6970,2025-06-19 13:27:11,51,Lihat Perkara,S9A2F86238B5B600A,Normal,Normal
6971,2025-06-19 13:29:20,51,Cari Berkas,S9A2F86238B5B600A,Normal,Normal
6972,2025-06-19 13:31:22,51,Logout,S9A2F86238B5B600A,Normal,Normal
6973,2025-06-19 13:37:55,33,Login,SE4C36320066D7D77,Normal,Normal
6974,2025-06-19 13:39:39,33,Lihat Perkara,SE4C36320066D7D77,Normal,Normal
6975,2025-06-19 13:41:17,33,Cari Berkas,SE4C36320066D7D77,Normal,Normal
6976,2025-06-19 13:43:04,33,Logout,SE4C36320066D7D77,Normal,Normal
6985,2025-06-19 15:16:02,69,Login,S20FDE1804D1AF053,Normal,Normal
6986,2025-06-19 15:16:25,69,Lihat Perkara,S20FDE1804D1AF053,Normal,Normal
6987,2025-06-19 15:18:19,69,Cari Berkas,S20FDE1804D1AF053,Normal,Normal
6988,2025-06-19 15:21:13,69,Logout,S20FDE1804D1AF053,Normal,Normal
6990,2025-06-20 07:28:49,1,Login,SE79940FCB565A6BB,Normal,Normal
6991,2025-06-20 07:31:23,1,Dashboard,SE79940FCB565A6BB,Normal,Normal
6992,2025-06-20 07:33:00,1,Kelola User,SE79940FCB565A6BB,Normal,Normal
6993,2025-06-20 07:34:05,1,Kelola Kode Klasifikasi,SE79940FCB565A6BB,Normal,Normal
6994,2025-06-20 07:34:17,1,Logout,SE79940FCB565A6BB,Normal,Normal
7002,2025-06-20 08:59:59,56,Login,S88A934A162115E17,Normal,Normal
7003,2025-06-20 09:00:45,56,Lihat Perkara,S88A934A162115E17,Normal,Normal
7004,2025-06-20 09:01:08,56,Cari Berkas,S88A934A162115E17,Normal,Normal
7005,2025-06-20 09:03:05,56,Logout,S88A934A162115E17,Normal,Normal
7006,2025-06-20 09:46:47,63,Login,SFB2C2C830F0E5767,verifikasi_massal,High
7007,2025-06-20 09:47:50,63,Lihat Perkara,SFB2C2C830F0E5767,Normal,Normal
7008,2025-06-20 09:48:57,63,Cari Berkas,SFB2C2C830F0E5767,Normal,Normal
7009,2025-06-20 09:49:20,63,Logout,SFB2C2C830F0E5767,Normal,Normal
7014,2025-06-20 10:59:23,24,Login,SDAB584BBD6A84942,Normal,Normal
7015,2025-06-20 11:01:25,24,Lihat Perkara,SDAB584BBD6A84942,Normal,Normal
7016,2025-06-20 11:02:36,24,Cari Berkas,SDAB584BBD6A84942,Normal,Normal
7017,2025-06-20 11:04:21,24,Logout,SDAB584BBD6A84942,ip_berubah,Low
7018,2025-06-20 11:48:12,54,Login,S89E9F343649183FB,Normal,Normal
7019,2025-06-20 11:50:53,54,Lihat Perkara,S89E9F343649183FB,Normal,Normal
7020,2025-06-20 11:51:45,54,Lihat Berkas,S89E9F343649183FB,Normal,Normal
7021,2025-06-20 11:54:02,54,Input Berkas,S89E9F343649183FB,Normal,Normal
7022,2025-06-20 11:54:44,54,Verifikasi,S89E9F343649183FB,Normal,Normal
7023,2025-06-20 11:56:08,54,Logout,S89E9F343649183FB,Normal,Normal
7028,2025-06-20 13:04:52,72,Login,SDDFE6DE6724B3414,Normal,Normal
7029,2025-06-20 13:05:02,72,Lihat Perkara,SDDFE6DE6724B3414,Normal,Normal
7030,2025-06-20 13:05:20,72,Cari Berkas,SDDFE6DE6724B3414,Normal,Normal
7031,2025-06-20 13:06:52,72,Logout,SDDFE6DE6724B3414,Normal,Normal
7032,2025-06-20 13:27:40,47,Login,SD07AC8127CF5E307,Normal,Normal
7033,2025-06-20 13:27:54,47,Lihat Perkara,SD07AC8127CF5E307,Normal,Normal
7034,2025-06-20 13:28:33,47,Cari Berkas,SD07AC8127CF5E307,Normal,Normal
7035,2025-06-20 13:29:32,47,Logout,SD07AC8127CF5E307,Normal,Normal
7036,2025-06-20 13:50:43,47,Login,S809EED7EE9AB2565,Normal,Normal
7037,2025-06-20 13:51:31,47,Lihat Perkara,S809EED7EE9AB2565,Normal,Normal
7038,2025-06-20 13:53:02,47,Cari Berkas,S809EED7EE9AB2565,Normal,Normal
7039,2025-06-20 13:55:12,47,Logout,S809EED7EE9AB2565,Normal,Normal
7044,2025-06-20 14:31:10,6,Login,SD76CE1000174386D,Normal,Normal
7045,2025-06-20 14:33:12,6,Lihat Perkara,SD76CE1000174386D,Normal,Normal
7046,2025-06-20 14:34:21,6,Lihat Berkas,SD76CE1000174386D,Normal,Normal
7047,2025-06-20 14:37:14,6,Input Berkas,SD76CE1000174386D,Normal,Normal
7048,2025-06-20 14:38:55,6,Verifikasi,SD76CE1000174386D,Normal,Normal
7049,2025-06-20 14:39:45,6,Logout,SD76CE1000174386D,Normal,Normal
7050,2025-06-21 11:40:35,54,Login,S13AE046FBBA4B1A0,Normal,Normal
7051,2025-06-21 11:43:24,54,Lihat Perkara,S13AE046FBBA4B1A0,Normal,Normal
7052,2025-06-21 11:44:12,54,Lihat Berkas,S13AE046FBBA4B1A0,Normal,Normal
7053,2025-06-21 11:45:53,54,Input Berkas,S13AE046FBBA4B1A0,Normal,Normal
7054,2025-06-21 11:47:10,54,Verifikasi,S13AE046FBBA4B1A0,Normal,Normal
7055,2025-06-21 11:50:02,54,Logout,S13AE046FBBA4B1A0,Normal,Normal
7060,2025-06-21 12:36:41,30,Login,SAE690E2B1D9A06FD,Normal,Normal
7061,2025-06-21 12:39:29,30,Lihat Perkara,SAE690E2B1D9A06FD,device_berubah,Low
7062,2025-06-21 12:40:03,30,Cari Berkas,SAE690E2B1D9A06FD,Normal,Normal
7063,2025-06-21 12:42:12,30,Logout,SAE690E2B1D9A06FD,Normal,Normal
7073,2025-06-22 07:25:22,22,Login,SD3C94B8E2FD4B066,Normal,Normal
7074,2025-06-22 07:27:28,22,Lihat Perkara,SD3C94B8E2FD4B066,Normal,Normal
7075,2025-06-22 07:29:15,22,Cari Berkas,SD3C94B8E2FD4B066,Normal,Normal
7076,2025-06-22 07:31:14,22,Logout,SD3C94B8E2FD4B066,Normal,Normal
7077,2025-06-22 07:50:23,81,Login,SBCA40FC2A9569750,Normal,Normal
7078,2025-06-22 07:53:19,81,Lihat Perkara,SBCA40FC2A9569750,Normal,Normal
7079,2025-06-22 07:55:59,81,Cari Berkas,SBCA40FC2A9569750,Normal,Normal
7080,2025-06-22 07:57:58,81,Logout,SBCA40FC2A9569750,Normal,Normal
7081,2025-06-22 08:54:25,33,Login,SEC731EEDEEDFA621,Normal,Normal
7082,2025-06-22 08:57:18,33,Lihat Perkara,SEC731EEDEEDFA621,Normal,Normal
7083,2025-06-22 08:59:48,33,Cari Berkas,SEC731EEDEEDFA621,Normal,Normal
7084,2025-06-22 09:00:35,33,Logout,SEC731EEDEEDFA621,Normal,Normal
7089,2025-06-22 11:41:37,41,Login,S12B2B7571F9BDF4C,Normal,Normal
7090,2025-06-22 11:42:14,41,Lihat Perkara,S12B2B7571F9BDF4C,ip_berubah,Low
7091,2025-06-22 11:45:07,41,Cari Berkas,S12B2B7571F9BDF4C,Normal,Normal
7092,2025-06-22 11:45:34,41,Logout,S12B2B7571F9BDF4C,Normal,Normal
7104,2025-06-22 14:44:14,19,Login,S640400BE180695CB,ip_berubah,Low
7105,2025-06-22 14:45:25,74,Login,S9F021A1983239BA9,Normal,Normal
7106,2025-06-22 14:46:08,19,Lihat Perkara,S640400BE180695CB,Normal,Normal
7107,2025-06-22 14:47:13,19,Cari Berkas,S640400BE180695CB,Normal,Normal
7108,2025-06-22 14:47:30,74,Lihat Perkara,S9F021A1983239BA9,Normal,Normal
7109,2025-06-22 14:49:39,74,Cari Berkas,S9F021A1983239BA9,Normal,Normal
7110,2025-06-22 14:50:04,19,Logout,S640400BE180695CB,Normal,Normal
7111,2025-06-22 14:51:39,74,Logout,S9F021A1983239BA9,Normal,Normal
7117,2025-06-23 04:23:19,84,Login,SA9D4BB3AB3D205AE,login_luar_jam,Low
7122,2025-06-23 07:52:19,61,Login,SACA8F04B72269639,Normal,Normal
7123,2025-06-23 07:53:11,61,Lihat Perkara,SACA8F04B72269639,device_berubah,Low
7124,2025-06-23 07:53:48,61,Cari Berkas,SACA8F04B72269639,Normal,Normal
7125,2025-06-23 07:56:46,61,Logout,SACA8F04B72269639,Normal,Normal
7126,2025-06-23 07:56:51,42,Login,S668B28DA8222CD7F,Normal,Normal
7127,2025-06-23 07:57:42,42,Lihat Perkara,S668B28DA8222CD7F,Normal,Normal
7128,2025-06-23 07:59:31,42,Cari Berkas,S668B28DA8222CD7F,Normal,Normal
7129,2025-06-23 08:02:23,42,Logout,S668B28DA8222CD7F,device_berubah,Low
7134,2025-06-23 09:33:40,43,Login,S88F05A37B88EDF3A,Normal,Normal
7135,2025-06-23 09:34:01,43,Lihat Perkara,S88F05A37B88EDF3A,Normal,Normal
7136,2025-06-23 09:34:45,43,Cari Berkas,S88F05A37B88EDF3A,Normal,Normal
7137,2025-06-23 09:35:56,43,Logout,S88F05A37B88EDF3A,Normal,Normal
7138,2025-06-23 09:57:49,51,Login,S64B56F4E08335CEE,Normal,Normal
7139,2025-06-23 10:00:00,51,Lihat Perkara,S64B56F4E08335CEE,Normal,Normal
7140,2025-06-23 10:02:05,51,Cari Berkas,S64B56F4E08335CEE,Normal,Normal
7141,2025-06-23 10:03:46,51,Logout,S64B56F4E08335CEE,aktivitas_terlalu_cepat,Medium
7142,2025-06-23 10:25:29,84,Dashboard,SA9D4BB3AB3D205AE,Normal,Normal
7143,2025-06-23 10:26:15,84,Kelola User,SA9D4BB3AB3D205AE,Normal,Normal
7144,2025-06-23 10:28:40,84,Kelola Kode Klasifikasi,SA9D4BB3AB3D205AE,Normal,Normal
7145,2025-06-23 10:30:48,84,Logout,SA9D4BB3AB3D205AE,Normal,Normal
7155,2025-06-23 11:02:00,65,Login,S4F6E274BDEDAB027,Normal,Normal
7156,2025-06-23 11:03:35,65,Lihat Perkara,S4F6E274BDEDAB027,Normal,Normal
7157,2025-06-23 11:04:28,65,Cari Berkas,S4F6E274BDEDAB027,Normal,Normal
7158,2025-06-23 11:04:57,65,Logout,S4F6E274BDEDAB027,Normal,Normal
7159,2025-06-23 16:12:27,75,Login,S25F979CDA1010D68,Normal,Normal
7160,2025-06-23 16:12:53,75,Lihat Perkara,S25F979CDA1010D68,Normal,Normal
7161,2025-06-23 16:13:49,75,Cari Berkas,S25F979CDA1010D68,Normal,Normal
7162,2025-06-23 16:14:38,75,Logout,S25F979CDA1010D68,Normal,Normal
7163,2025-06-23 16:17:15,67,Login,S5B15E527F7D046D0,Normal,Normal
7164,2025-06-23 16:17:30,67,Lihat Perkara,S5B15E527F7D046D0,Normal,Normal
7165,2025-06-23 16:19:27,67,Cari Berkas,S5B15E527F7D046D0,Normal,Normal
7166,2025-06-23 16:20:14,67,Logout,S5B15E527F7D046D0,Normal,Normal
7168,2025-06-24 07:59:27,28,Login,S3D051BF4793C4FBF,Normal,Normal
7169,2025-06-24 08:01:02,28,Lihat Perkara,S3D051BF4793C4FBF,Normal,Normal
7170,2025-06-24 08:03:25,28,Cari Berkas,S3D051BF4793C4FBF,Normal,Normal
7171,2025-06-24 08:04:35,28,Logout,S3D051BF4793C4FBF,Normal,Normal
7172,2025-06-24 08:22:50,64,Login,S824BEF98E4C49882,Normal,Normal
7173,2025-06-24 08:23:54,64,Lihat Perkara,S824BEF98E4C49882,Normal,Normal
7174,2025-06-24 08:25:28,64,Cari Berkas,S824BEF98E4C49882,Normal,Normal
7175,2025-06-24 08:26:26,64,Logout,S824BEF98E4C49882,Normal,Normal
7176,2025-06-24 08:49:19,75,Login,SDBBCB1D653EA4B54,Normal,Normal
7177,2025-06-24 08:51:39,75,Lihat Perkara,SDBBCB1D653EA4B54,Normal,Normal
7178,2025-06-24 08:54:09,75,Cari Berkas,SDBBCB1D653EA4B54,Normal,Normal
7179,2025-06-24 08:56:11,75,Logout,SDBBCB1D653EA4B54,Normal,Normal
7180,2025-06-24 10:21:22,75,Login,S70C2903F7A8D03AA,Normal,Normal
7181,2025-06-24 10:21:45,75,Lihat Perkara,S70C2903F7A8D03AA,Normal,Normal
7182,2025-06-24 10:22:59,75,Cari Berkas,S70C2903F7A8D03AA,Normal,Normal
7184,2025-06-24 10:25:11,75,Logout,S70C2903F7A8D03AA,Normal,Normal
7189,2025-06-24 11:28:03,51,Login,S7A97A5DF881E04EF,Normal,Normal
7190,2025-06-24 11:28:40,51,Lihat Perkara,S7A97A5DF881E04EF,Normal,Normal
7191,2025-06-24 11:29:19,51,Cari Berkas,S7A97A5DF881E04EF,Normal,Normal
7192,2025-06-24 11:31:57,51,Logout,S7A97A5DF881E04EF,Normal,Normal
7193,2025-06-24 11:55:30,1,Login,SF23EF5F39720C1BA,Normal,Normal
7194,2025-06-24 11:57:12,24,Login,SFA9F4841E1568C60,Normal,Normal
7195,2025-06-24 11:57:28,1,Dashboard,SF23EF5F39720C1BA,Normal,Normal
7196,2025-06-24 11:57:32,24,Lihat Perkara,SFA9F4841E1568C60,Normal,Normal
7197,2025-06-24 11:59:19,24,Cari Berkas,SFA9F4841E1568C60,Normal,Normal
7198,2025-06-24 11:59:58,1,Kelola User,SF23EF5F39720C1BA,Normal,Normal
7199,2025-06-24 12:00:34,24,Logout,SFA9F4841E1568C60,Normal,Normal
7200,2025-06-24 12:02:55,1,Kelola Kode Klasifikasi,SF23EF5F39720C1BA,Normal,Normal
7201,2025-06-24 12:05:21,1,Logout,SF23EF5F39720C1BA,Normal,Normal
7202,2025-06-24 13:51:19,63,Login,S2F281D8E256EFEA5,Normal,Normal
7203,2025-06-24 13:52:40,63,Lihat Perkara,S2F281D8E256EFEA5,Normal,Normal
7204,2025-06-24 13:54:56,63,Cari Berkas,S2F281D8E256EFEA5,Normal,Normal
7205,2025-06-24 13:55:22,63,Logout,S2F281D8E256EFEA5,Normal,Normal
7206,2025-06-24 14:06:17,40,Login,S26C0495057178768,Normal,Normal
7207,2025-06-24 14:06:35,40,Lihat Perkara,S26C0495057178768,Normal,Normal
7208,2025-06-24 14:06:45,40,Cari Berkas,S26C0495057178768,Normal,Normal
7209,2025-06-24 14:09:08,40,Logout,S26C0495057178768,Normal,Normal
7210,2025-06-24 14:12:35,29,Login,S55520712AF92EF22,Normal,Normal
7211,2025-06-24 14:15:10,29,Lihat Perkara,S55520712AF92EF22,Normal,Normal
7212,2025-06-24 14:17:57,29,Cari Berkas,S55520712AF92EF22,Normal,Normal
7213,2025-06-24 14:18:14,29,Logout,S55520712AF92EF22,Normal,Normal
7218,2025-06-24 16:07:43,45,Login,S5CBE693E5E7F78D9,Normal,Normal
7219,2025-06-24 16:07:53,45,Lihat Perkara,S5CBE693E5E7F78D9,Normal,Normal
7220,2025-06-24 16:10:39,45,Cari Berkas,S5CBE693E5E7F78D9,Normal,Normal
7221,2025-06-24 16:13:22,45,Logout,S5CBE693E5E7F78D9,Normal,Normal
7222,2025-06-25 00:39:55,41,Login,S11D6782066849B64,login_luar_jam,Low
7223,2025-06-25 02:13:23,47,Login,SB0649C85E1DA674A,login_luar_jam,Low
7224,2025-06-25 02:32:11,82,Login,S08789EF0DCACFA54,login_luar_jam,Low
7226,2025-06-25 05:55:36,33,Login,S5278DB82E9289E9D,login_luar_jam,Low
7231,2025-06-25 08:32:58,82,Lihat Perkara,S08789EF0DCACFA54,Normal,Normal
7232,2025-06-25 08:35:40,82,Cari Berkas,S08789EF0DCACFA54,Normal,Normal
7233,2025-06-25 08:36:29,82,Logout,S08789EF0DCACFA54,Normal,Normal
7234,2025-06-25 08:57:38,33,Lihat Perkara,S5278DB82E9289E9D,Normal,Normal
7235,2025-06-25 08:58:57,33,Cari Berkas,S5278DB82E9289E9D,Normal,Normal
7236,2025-06-25 08:59:24,33,Logout,S5278DB82E9289E9D,Normal,Normal
7237,2025-06-25 09:32:49,44,Login,S2DFFD3CEA8994D62,Normal,Normal
7238,2025-06-25 09:35:15,44,Lihat Perkara,S2DFFD3CEA8994D62,Normal,Normal
7239,2025-06-25 09:36:03,44,Cari Berkas,S2DFFD3CEA8994D62,Normal,Normal
7240,2025-06-25 09:38:55,44,Logout,S2DFFD3CEA8994D62,Normal,Normal
7241,2025-06-25 09:55:08,23,Login,S2553FF33298BFA25,ip_berubah,Low
7242,2025-06-25 09:57:31,23,Lihat Perkara,S2553FF33298BFA25,Normal,Normal
7243,2025-06-25 09:59:57,23,Cari Berkas,S2553FF33298BFA25,Normal,Normal
7244,2025-06-25 10:00:56,23,Logout,S2553FF33298BFA25,verifikasi_massal,High
7245,2025-06-25 10:15:19,47,Lihat Perkara,SB0649C85E1DA674A,Normal,Normal
7246,2025-06-25 10:16:23,47,Cari Berkas,SB0649C85E1DA674A,Normal,Normal
7247,2025-06-25 10:18:15,47,Logout,SB0649C85E1DA674A,Normal,Normal
7252,2025-06-25 10:26:22,46,Login,SE1697C3E03DD19B1,Normal,Normal
7253,2025-06-25 10:29:00,46,Lihat Perkara,SE1697C3E03DD19B1,Normal,Normal
7254,2025-06-25 10:29:16,46,Cari Berkas,SE1697C3E03DD19B1,Normal,Normal
7255,2025-06-25 10:29:35,46,Logout,SE1697C3E03DD19B1,Normal,Normal
7263,2025-06-25 13:48:32,67,Login,SB38A5783FC242BDE,Normal,Normal
7264,2025-06-25 13:49:23,67,Lihat Perkara,SB38A5783FC242BDE,Normal,Normal
7265,2025-06-25 13:50:31,67,Cari Berkas,SB38A5783FC242BDE,Normal,Normal
7266,2025-06-25 13:53:06,67,Logout,SB38A5783FC242BDE,Normal,Normal
7267,2025-06-25 14:05:40,30,Login,S92ACC851BC195987,Normal,Normal
7268,2025-06-25 14:08:29,30,Lihat Perkara,S92ACC851BC195987,Normal,Normal
7269,2025-06-25 14:09:28,30,Cari Berkas,S92ACC851BC195987,Normal,Normal
7270,2025-06-25 14:10:23,30,Logout,S92ACC851BC195987,Normal,Normal
7275,2025-06-25 16:42:12,41,Lihat Perkara,S11D6782066849B64,Normal,Normal
7276,2025-06-25 16:43:14,41,Cari Berkas,S11D6782066849B64,Normal,Normal
7277,2025-06-25 16:45:01,41,Logout,S11D6782066849B64,Normal,Normal
7278,2025-06-26 08:22:15,24,Login,SA2388E95799204C2,Normal,Normal
7279,2025-06-26 08:23:31,24,Lihat Perkara,SA2388E95799204C2,Normal,Normal
7280,2025-06-26 08:25:03,24,Cari Berkas,SA2388E95799204C2,Normal,Normal
7281,2025-06-26 08:25:15,24,Logout,SA2388E95799204C2,Normal,Normal
7282,2025-06-26 08:35:59,57,Login,S6FCE66696394EB4D,Normal,Normal
7283,2025-06-26 08:38:30,57,Lihat Perkara,S6FCE66696394EB4D,Normal,Normal
7284,2025-06-26 08:39:28,57,Cari Berkas,S6FCE66696394EB4D,Normal,Normal
7285,2025-06-26 08:41:31,57,Logout,S6FCE66696394EB4D,Normal,Normal
7290,2025-06-26 09:06:48,1,Login,SF91CA3FD22AADD4D,Normal,Normal
7291,2025-06-26 09:09:24,1,Dashboard,SF91CA3FD22AADD4D,ip_berubah,Low
7292,2025-06-26 09:09:44,1,Kelola User,SF91CA3FD22AADD4D,Normal,Normal
7293,2025-06-26 09:11:34,1,Kelola Kode Klasifikasi,SF91CA3FD22AADD4D,Normal,Normal
7294,2025-06-26 09:14:30,1,Logout,SF91CA3FD22AADD4D,Normal,Normal
7295,2025-06-26 09:19:36,77,Login,S3F027521C8BA5226,Normal,Normal
7296,2025-06-26 09:21:21,77,Lihat Perkara,S3F027521C8BA5226,Normal,Normal
7297,2025-06-26 09:24:08,77,Cari Berkas,S3F027521C8BA5226,Normal,Normal
7298,2025-06-26 09:25:48,77,Logout,S3F027521C8BA5226,Normal,Normal
7299,2025-06-26 10:51:16,54,Login,SBF905D6A35C606B5,Normal,Normal
7300,2025-06-26 10:53:11,54,Lihat Perkara,SBF905D6A35C606B5,Normal,Normal
7301,2025-06-26 10:56:06,54,Lihat Berkas,SBF905D6A35C606B5,Normal,Normal
7304,2025-06-26 10:58:27,54,Input Berkas,SBF905D6A35C606B5,Normal,Normal
7306,2025-06-26 10:59:13,54,Verifikasi,SBF905D6A35C606B5,Normal,Normal
7308,2025-06-26 11:00:04,54,Logout,SBF905D6A35C606B5,Normal,Normal
7309,2025-06-26 11:27:39,68,Login,S0409AAEBE178E8F0,Normal,Normal
7310,2025-06-26 11:30:18,68,Lihat Perkara,S0409AAEBE178E8F0,aktivitas_terlalu_cepat,Medium
7311,2025-06-26 11:31:07,68,Cari Berkas,S0409AAEBE178E8F0,Normal,Normal
7312,2025-06-26 11:32:57,68,Logout,S0409AAEBE178E8F0,Normal,Normal
7321,2025-06-26 14:06:45,73,Login,SBC1F1D420F9AA271,Normal,Normal
7322,2025-06-26 14:08:04,73,Lihat Perkara,SBC1F1D420F9AA271,Normal,Normal
7323,2025-06-26 14:10:13,73,Cari Berkas,SBC1F1D420F9AA271,Normal,Normal
7324,2025-06-26 14:13:06,73,Logout,SBC1F1D420F9AA271,Normal,Normal
7331,2025-06-27 07:25:01,47,Login,S17E84A53013C9824,Normal,Normal
7332,2025-06-27 07:26:17,47,Lihat Perkara,S17E84A53013C9824,Normal,Normal
7333,2025-06-27 07:27:21,47,Cari Berkas,S17E84A53013C9824,Normal,Normal
7334,2025-06-27 07:27:44,45,Login,S018AF2D2427C3D5F,Normal,Normal
7335,2025-06-27 07:30:08,45,Lihat Perkara,S018AF2D2427C3D5F,Normal,Normal
7336,2025-06-27 07:30:14,47,Logout,S17E84A53013C9824,Normal,Normal
7337,2025-06-27 07:32:52,45,Cari Berkas,S018AF2D2427C3D5F,Normal,Normal
7338,2025-06-27 07:33:39,45,Logout,S018AF2D2427C3D5F,Normal,Normal
7339,2025-06-27 07:49:12,77,Login,SAFFF9235995FAF9E,Normal,Normal
7340,2025-06-27 07:49:53,77,Lihat Perkara,SAFFF9235995FAF9E,Normal,Normal
7341,2025-06-27 07:51:20,77,Cari Berkas,SAFFF9235995FAF9E,Normal,Normal
7342,2025-06-27 07:53:06,77,Logout,SAFFF9235995FAF9E,Normal,Normal
7343,2025-06-27 08:27:05,35,Login,S215A6D3A62AEBDB6,Normal,Normal
7344,2025-06-27 08:29:27,35,Lihat Perkara,S215A6D3A62AEBDB6,Normal,Normal
7345,2025-06-27 08:31:56,35,Cari Berkas,S215A6D3A62AEBDB6,Normal,Normal
7346,2025-06-27 08:33:06,35,Logout,S215A6D3A62AEBDB6,Normal,Normal
7347,2025-06-27 09:32:51,36,Login,SD77987B7AE6791CD,Normal,Normal
7348,2025-06-27 09:34:21,36,Lihat Perkara,SD77987B7AE6791CD,Normal,Normal
7349,2025-06-27 09:34:56,36,Cari Berkas,SD77987B7AE6791CD,Normal,Normal
7350,2025-06-27 09:36:49,36,Logout,SD77987B7AE6791CD,Normal,Normal
7351,2025-06-27 10:59:15,61,Login,SE2768326879D3591,Normal,Normal
7352,2025-06-27 11:01:54,61,Lihat Perkara,SE2768326879D3591,Normal,Normal
7353,2025-06-27 11:04:53,61,Cari Berkas,SE2768326879D3591,Normal,Normal
7354,2025-06-27 11:05:43,61,Logout,SE2768326879D3591,Normal,Normal
7355,2025-06-27 11:07:05,82,Login,SAAD7E7D35CE1D22A,Normal,Normal
7356,2025-06-27 11:08:54,82,Lihat Perkara,SAAD7E7D35CE1D22A,Normal,Normal
7357,2025-06-27 11:09:05,82,Cari Berkas,SAAD7E7D35CE1D22A,Normal,Normal
7358,2025-06-27 11:11:02,82,Logout,SAAD7E7D35CE1D22A,Normal,Normal
7363,2025-06-27 13:32:10,22,Login,SE53428C5AFD10343,verifikasi_massal,High
7364,2025-06-27 13:35:06,22,Lihat Perkara,SE53428C5AFD10343,Normal,Normal
7365,2025-06-27 13:36:45,22,Cari Berkas,SE53428C5AFD10343,Normal,Normal
7366,2025-06-27 13:38:21,22,Logout,SE53428C5AFD10343,Normal,Normal
7367,2025-06-27 14:48:03,59,Login,SD5BBA4BC877D51D2,Normal,Normal
7368,2025-06-27 14:49:37,59,Lihat Perkara,SD5BBA4BC877D51D2,Normal,Normal
7369,2025-06-27 14:50:41,59,Cari Berkas,SD5BBA4BC877D51D2,Normal,Normal
7370,2025-06-27 14:51:52,59,Logout,SD5BBA4BC877D51D2,Normal,Normal
7375,2025-06-27 16:54:51,80,Login,S5824E832005F6552,Normal,Normal
7376,2025-06-27 16:55:21,80,Lihat Perkara,S5824E832005F6552,Normal,Normal
7377,2025-06-27 16:55:55,80,Cari Berkas,S5824E832005F6552,Normal,Normal
7378,2025-06-27 16:57:27,80,Logout,S5824E832005F6552,Normal,Normal
7380,2025-06-28 05:48:48,52,Login,S8E541DA71FDE4909,login_luar_jam,Low
7381,2025-06-28 07:29:22,31,Login,S5DCD0D40D6415102,Normal,Normal
7382,2025-06-28 07:32:12,31,Lihat Perkara,S5DCD0D40D6415102,ip_berubah,Low
7383,2025-06-28 07:33:49,31,Cari Berkas,S5DCD0D40D6415102,Normal,Normal
7384,2025-06-28 07:35:36,31,Logout,S5DCD0D40D6415102,Normal,Normal
7385,2025-06-28 12:08:00,77,Login,S8769EE241875589A,Normal,Normal
7386,2025-06-28 12:10:31,77,Lihat Perkara,S8769EE241875589A,Normal,Normal
7387,2025-06-28 12:11:50,77,Cari Berkas,S8769EE241875589A,Normal,Normal
7388,2025-06-28 12:14:35,77,Logout,S8769EE241875589A,Normal,Normal
7389,2025-06-28 12:19:25,76,Login,S220B5B96428B8275,Normal,Normal
7390,2025-06-28 12:20:16,76,Lihat Perkara,S220B5B96428B8275,Normal,Normal
7392,2025-06-28 12:23:07,76,Cari Berkas,S220B5B96428B8275,Normal,Normal
7394,2025-06-28 12:25:45,76,Logout,S220B5B96428B8275,ip_berubah,Low
7397,2025-06-28 12:51:24,52,Lihat Perkara,S8E541DA71FDE4909,Normal,Normal
7398,2025-06-28 12:53:01,52,Cari Berkas,S8E541DA71FDE4909,Normal,Normal
7399,2025-06-28 12:53:21,52,Logout,S8E541DA71FDE4909,Normal,Normal
7407,2025-06-28 14:46:29,64,Login,S12EEE5859B3F857D,Normal,Normal
7408,2025-06-28 14:49:15,64,Lihat Perkara,S12EEE5859B3F857D,Normal,Normal
7409,2025-06-28 14:51:26,64,Cari Berkas,S12EEE5859B3F857D,Normal,Normal
7410,2025-06-28 14:53:51,64,Logout,S12EEE5859B3F857D,peminjaman_massal,High
7411,2025-06-28 15:07:57,41,Login,S6B49F91FF0EF391C,device_berubah,Low
7412,2025-06-28 15:10:21,41,Lihat Perkara,S6B49F91FF0EF391C,Normal,Normal
7413,2025-06-28 15:11:21,41,Cari Berkas,S6B49F91FF0EF391C,Normal,Normal
7414,2025-06-28 15:13:24,41,Logout,S6B49F91FF0EF391C,Normal,Normal
7415,2025-06-28 15:33:11,69,Login,S818401B35B01C766,Normal,Normal
7416,2025-06-28 15:33:33,69,Lihat Perkara,S818401B35B01C766,Normal,Normal
7417,2025-06-28 15:34:29,69,Cari Berkas,S818401B35B01C766,Normal,Normal
7418,2025-06-28 15:35:51,69,Logout,S818401B35B01C766,Normal,Normal
7419,2025-06-28 16:12:54,57,Login,SA62D03BD6FE57159,peminjaman_massal,High
7420,2025-06-28 16:13:14,57,Lihat Perkara,SA62D03BD6FE57159,ip_berubah,Low
7422,2025-06-28 16:14:21,57,Cari Berkas,SA62D03BD6FE57159,Normal,Normal
7425,2025-06-28 16:16:37,70,Login,S41589D90F5044D15,Normal,Normal
7427,2025-06-28 16:17:18,57,Logout,SA62D03BD6FE57159,Normal,Normal
7428,2025-06-28 16:18:52,70,Lihat Perkara,S41589D90F5044D15,Normal,Normal
7429,2025-06-28 16:21:44,70,Cari Berkas,S41589D90F5044D15,Normal,Normal
7430,2025-06-28 16:23:28,70,Logout,S41589D90F5044D15,Normal,Normal
7431,2025-06-29 08:29:05,66,Login,S3A0517B2335AFFE5,Normal,Normal
7432,2025-06-29 08:30:41,66,Lihat Perkara,S3A0517B2335AFFE5,Normal,Normal
7433,2025-06-29 08:32:46,66,Cari Berkas,S3A0517B2335AFFE5,Normal,Normal
7434,2025-06-29 08:33:20,66,Logout,S3A0517B2335AFFE5,durasi_tidak_wajar,Medium
7435,2025-06-29 08:36:36,49,Login,S52E4DF229DA2D121,Normal,Normal
7436,2025-06-29 08:36:59,49,Lihat Perkara,S52E4DF229DA2D121,Normal,Normal
7437,2025-06-29 08:39:45,49,Cari Berkas,S52E4DF229DA2D121,Normal,Normal
7438,2025-06-29 08:40:31,49,Logout,S52E4DF229DA2D121,Normal,Normal
7439,2025-06-29 10:30:09,28,Login,S7EB7D9094F15FDAC,Normal,Normal
7440,2025-06-29 10:32:57,28,Lihat Perkara,S7EB7D9094F15FDAC,Normal,Normal
7441,2025-06-29 10:35:25,28,Cari Berkas,S7EB7D9094F15FDAC,Normal,Normal
7442,2025-06-29 10:38:13,28,Logout,S7EB7D9094F15FDAC,Normal,Normal
7443,2025-06-29 11:11:13,47,Login,SFC347D6EB4374902,Normal,Normal
7444,2025-06-29 11:12:41,47,Lihat Perkara,SFC347D6EB4374902,Normal,Normal
7445,2025-06-29 11:14:46,47,Cari Berkas,SFC347D6EB4374902,Normal,Normal
7446,2025-06-29 11:17:05,47,Logout,SFC347D6EB4374902,Normal,Normal
7447,2025-06-29 14:36:55,52,Login,SBE4106D0AC71C3D1,Normal,Normal
7448,2025-06-29 14:38:32,52,Lihat Perkara,SBE4106D0AC71C3D1,Normal,Normal
7449,2025-06-29 14:40:40,52,Cari Berkas,SBE4106D0AC71C3D1,Normal,Normal
7450,2025-06-29 14:41:28,52,Logout,SBE4106D0AC71C3D1,Normal,Normal
7451,2025-06-29 16:03:22,84,Login,S4C8545C1B159F8A4,Normal,Normal
7452,2025-06-29 16:04:17,84,Dashboard,S4C8545C1B159F8A4,Normal,Normal
7453,2025-06-29 16:04:31,84,Kelola User,S4C8545C1B159F8A4,Normal,Normal
7454,2025-06-29 16:05:19,84,Kelola Kode Klasifikasi,S4C8545C1B159F8A4,Normal,Normal
7455,2025-06-29 16:07:09,84,Logout,S4C8545C1B159F8A4,device_berubah,Low
7456,2025-06-30 04:26:09,63,Login,S018267C47A1B5806,login_luar_jam,Low
7457,2025-06-30 04:49:22,65,Login,S0BC4E0691AF88E46,login_luar_jam,Low
7458,2025-06-30 08:50:48,65,Lihat Perkara,S0BC4E0691AF88E46,device_berubah,Low
7459,2025-06-30 08:53:09,51,Login,S4FFCA6B199B479D4,Normal,Normal
7460,2025-06-30 08:53:31,65,Cari Berkas,S0BC4E0691AF88E46,Normal,Normal
7462,2025-06-30 08:55:19,65,Logout,S0BC4E0691AF88E46,Normal,Normal
7463,2025-06-30 08:55:46,51,Lihat Perkara,S4FFCA6B199B479D4,Normal,Normal
7465,2025-06-30 08:58:05,51,Cari Berkas,S4FFCA6B199B479D4,Normal,Normal
7467,2025-06-30 08:59:09,51,Logout,S4FFCA6B199B479D4,Normal,Normal
7469,2025-06-30 09:36:58,27,Login,S947DEFCF88CFC53D,device_berubah,Low
7470,2025-06-30 09:37:11,27,Lihat Perkara,S947DEFCF88CFC53D,Normal,Normal
7471,2025-06-30 09:37:56,27,Cari Berkas,S947DEFCF88CFC53D,Normal,Normal
7472,2025-06-30 09:40:18,27,Logout,S947DEFCF88CFC53D,Normal,Normal
7477,2025-06-30 12:27:55,20,Login,SC1754CF33241F4F0,Normal,Normal
7478,2025-06-30 12:27:58,63,Lihat Perkara,S018267C47A1B5806,Normal,Normal
7479,2025-06-30 12:28:08,20,Lihat Perkara,SC1754CF33241F4F0,Normal,Normal
7480,2025-06-30 12:29:55,63,Cari Berkas,S018267C47A1B5806,Normal,Normal
7481,2025-06-30 12:30:45,20,Cari Berkas,SC1754CF33241F4F0,ip_berubah,Low
7482,2025-06-30 12:32:10,20,Logout,SC1754CF33241F4F0,Normal,Normal
7483,2025-06-30 12:32:22,63,Logout,S018267C47A1B5806,Normal,Normal
7488,2025-06-30 14:20:29,57,Login,S275AC9D60B9F97A5,Normal,Normal
7489,2025-06-30 14:21:35,57,Lihat Perkara,S275AC9D60B9F97A5,Normal,Normal
7490,2025-06-30 14:22:31,57,Cari Berkas,S275AC9D60B9F97A5,Normal,Normal
7491,2025-06-30 14:22:58,57,Logout,S275AC9D60B9F97A5,Normal,Normal
7496,2025-06-30 15:55:34,41,Login,SBCA5F784A423EDD2,Normal,Normal
7497,2025-06-30 15:57:40,41,Lihat Perkara,SBCA5F784A423EDD2,aktivitas_terlalu_cepat,Medium
7498,2025-06-30 15:59:25,41,Cari Berkas,SBCA5F784A423EDD2,device_berubah,Low
7499,2025-06-30 16:01:15,41,Logout,SBCA5F784A423EDD2,Normal,Normal
7500,2025-07-01 10:36:23,61,Login,SCF50C4CA40D708EA,ip_berubah,Low
7501,2025-07-01 10:39:07,61,Lihat Perkara,SCF50C4CA40D708EA,Normal,Normal
7502,2025-07-01 10:41:08,61,Cari Berkas,SCF50C4CA40D708EA,Normal,Normal
7503,2025-07-01 10:41:29,61,Logout,SCF50C4CA40D708EA,Normal,Normal
7504,2025-07-01 10:59:24,80,Login,SBC7F8A4B7C7FF8AF,Normal,Normal
7505,2025-07-01 11:01:32,80,Lihat Perkara,SBC7F8A4B7C7FF8AF,Normal,Normal
7506,2025-07-01 11:01:59,80,Cari Berkas,SBC7F8A4B7C7FF8AF,Normal,Normal
7507,2025-07-01 11:03:44,80,Logout,SBC7F8A4B7C7FF8AF,Normal,Normal
7512,2025-07-01 14:22:23,38,Login,SBBF7F8582DBB3BDF,Normal,Normal
7513,2025-07-01 14:22:47,38,Lihat Perkara,SBBF7F8582DBB3BDF,Normal,Normal
7514,2025-07-01 14:24:33,38,Cari Berkas,SBBF7F8582DBB3BDF,aktivitas_terlalu_cepat,Medium
7515,2025-07-01 14:25:29,38,Logout,SBBF7F8582DBB3BDF,Normal,Normal
7516,2025-07-01 14:51:13,64,Login,SA083660954485874,Normal,Normal
7517,2025-07-01 14:51:57,64,Lihat Perkara,SA083660954485874,Normal,Normal
7518,2025-07-01 14:53:03,64,Cari Berkas,SA083660954485874,Normal,Normal
7519,2025-07-01 14:55:24,64,Logout,SA083660954485874,Normal,Normal
7520,2025-07-01 15:00:11,1,Login,S05E3E7DFA02860FE,Normal,Normal
7521,2025-07-01 15:01:27,1,Dashboard,S05E3E7DFA02860FE,Normal,Normal
7522,2025-07-01 15:03:02,1,Kelola User,S05E3E7DFA02860FE,Normal,Normal
7523,2025-07-01 15:05:26,1,Kelola Kode Klasifikasi,S05E3E7DFA02860FE,Normal,Normal
7524,2025-07-01 15:05:47,1,Logout,S05E3E7DFA02860FE,Normal,Normal
7525,2025-07-01 15:31:54,73,Login,S705FAECD2EDFF02E,Normal,Normal
7526,2025-07-01 15:34:12,73,Lihat Perkara,S705FAECD2EDFF02E,Normal,Normal
7527,2025-07-01 15:35:35,73,Cari Berkas,S705FAECD2EDFF02E,Normal,Normal
7528,2025-07-01 15:36:55,73,Logout,S705FAECD2EDFF02E,Normal,Normal
7529,2025-07-01 15:47:29,23,Login,SB2F1C6DB6B405218,Normal,Normal
7530,2025-07-01 15:48:37,23,Lihat Perkara,SB2F1C6DB6B405218,Normal,Normal
7531,2025-07-01 15:50:49,23,Cari Berkas,SB2F1C6DB6B405218,Normal,Normal
7532,2025-07-01 15:52:45,23,Logout,SB2F1C6DB6B405218,Normal,Normal
7533,2025-07-02 01:21:28,55,Login,S6401118DC078BC3E,login_luar_jam,Low
7534,2025-07-02 06:36:58,43,Login,S3C4C2FBDCC20FA5E,login_luar_jam,Low
7539,2025-07-02 09:04:58,72,Login,SFE59882353A4B5B6,Normal,Normal
7540,2025-07-02 09:05:47,72,Lihat Perkara,SFE59882353A4B5B6,Normal,Normal
7541,2025-07-02 09:07:47,72,Cari Berkas,SFE59882353A4B5B6,Normal,Normal
7542,2025-07-02 09:08:51,72,Logout,SFE59882353A4B5B6,Normal,Normal
7543,2025-07-02 09:22:02,55,Lihat Perkara,S6401118DC078BC3E,ip_berubah,Low
7544,2025-07-02 09:23:36,55,Lihat Berkas,S6401118DC078BC3E,Normal,Normal
7545,2025-07-02 09:25:30,55,Input Berkas,S6401118DC078BC3E,Normal,Normal
7546,2025-07-02 09:27:48,55,Verifikasi,S6401118DC078BC3E,device_berubah,Low
7547,2025-07-02 09:28:23,55,Logout,S6401118DC078BC3E,Normal,Normal
7548,2025-07-02 09:39:27,43,Lihat Perkara,S3C4C2FBDCC20FA5E,Normal,Normal
7549,2025-07-02 09:41:29,43,Cari Berkas,S3C4C2FBDCC20FA5E,Normal,Normal
7550,2025-07-02 09:43:53,43,Logout,S3C4C2FBDCC20FA5E,Normal,Normal
7551,2025-07-02 09:50:30,27,Login,S75DACBBE09A9161A,Normal,Normal
7552,2025-07-02 09:51:15,27,Lihat Perkara,S75DACBBE09A9161A,Normal,Normal
7553,2025-07-02 09:52:32,27,Cari Berkas,S75DACBBE09A9161A,Normal,Normal
7554,2025-07-02 09:54:15,27,Logout,S75DACBBE09A9161A,Normal,Normal
7555,2025-07-02 15:23:31,72,Login,S47AA2D024D2C0893,Normal,Normal
7556,2025-07-02 15:25:39,72,Lihat Perkara,S47AA2D024D2C0893,Normal,Normal
7557,2025-07-02 15:27:38,72,Cari Berkas,S47AA2D024D2C0893,Normal,Normal
7558,2025-07-02 15:28:32,72,Logout,S47AA2D024D2C0893,Normal,Normal
7559,2025-07-02 16:24:27,57,Login,S6AE1DD7EFCE364DD,Normal,Normal
7560,2025-07-02 16:25:01,57,Lihat Perkara,S6AE1DD7EFCE364DD,Normal,Normal
7561,2025-07-02 16:27:32,57,Cari Berkas,S6AE1DD7EFCE364DD,aktivitas_terlalu_cepat,Medium
7562,2025-07-02 16:30:20,57,Logout,S6AE1DD7EFCE364DD,Normal,Normal
7563,2025-07-02 16:35:49,62,Login,SAC7E9900E112B126,Normal,Normal
7564,2025-07-02 16:38:31,62,Lihat Perkara,SAC7E9900E112B126,Normal,Normal
7565,2025-07-02 16:40:25,62,Cari Berkas,SAC7E9900E112B126,Normal,Normal
7566,2025-07-02 16:40:46,62,Logout,SAC7E9900E112B126,Normal,Normal
7567,2025-07-02 16:48:51,62,Login,S416DEA2630890E76,Normal,Normal
7568,2025-07-02 16:49:18,62,Lihat Perkara,S416DEA2630890E76,Normal,Normal
7569,2025-07-02 16:51:58,62,Cari Berkas,S416DEA2630890E76,Normal,Normal
7570,2025-07-02 16:53:37,62,Logout,S416DEA2630890E76,durasi_tidak_wajar,Medium
7571,2025-07-03 07:08:17,53,Login,SC7BD7B6388197B4C,Normal,Normal
7572,2025-07-03 07:09:14,53,Lihat Perkara,SC7BD7B6388197B4C,Normal,Normal
7573,2025-07-03 07:10:02,53,Cari Berkas,SC7BD7B6388197B4C,Normal,Normal
7574,2025-07-03 07:10:23,53,Logout,SC7BD7B6388197B4C,Normal,Normal
7575,2025-07-03 10:14:21,49,Login,S70CEF646274B8B98,Normal,Normal
7576,2025-07-03 10:15:26,49,Lihat Perkara,S70CEF646274B8B98,Normal,Normal
7577,2025-07-03 10:15:44,49,Cari Berkas,S70CEF646274B8B98,Normal,Normal
7578,2025-07-03 10:18:10,49,Logout,S70CEF646274B8B98,Normal,Normal
7579,2025-07-03 12:39:54,80,Login,SA6D62330F5B19BE4,Normal,Normal
7580,2025-07-03 12:42:33,80,Lihat Perkara,SA6D62330F5B19BE4,Normal,Normal
7581,2025-07-03 12:45:01,80,Cari Berkas,SA6D62330F5B19BE4,Normal,Normal
7582,2025-07-03 12:45:48,80,Logout,SA6D62330F5B19BE4,Normal,Normal
7583,2025-07-03 15:44:30,6,Login,S0979140877689441,Normal,Normal
7584,2025-07-03 15:47:23,6,Lihat Perkara,S0979140877689441,ip_berubah,Low
7585,2025-07-03 15:49:55,6,Lihat Berkas,S0979140877689441,Normal,Normal
7586,2025-07-03 15:51:00,6,Input Berkas,S0979140877689441,Normal,Normal
7587,2025-07-03 15:52:54,6,Verifikasi,S0979140877689441,Normal,Normal
7588,2025-07-03 15:53:18,6,Logout,S0979140877689441,Normal,Normal
7589,2025-07-03 16:06:49,6,Login,S28874D02FB5435BA,Normal,Normal
7590,2025-07-03 16:09:07,6,Lihat Perkara,S28874D02FB5435BA,Normal,Normal
7591,2025-07-03 16:10:10,6,Lihat Berkas,S28874D02FB5435BA,Normal,Normal
7592,2025-07-03 16:11:49,6,Input Berkas,S28874D02FB5435BA,Normal,Normal
7593,2025-07-03 16:14:13,6,Verifikasi,S28874D02FB5435BA,Normal,Normal
7594,2025-07-03 16:16:02,6,Logout,S28874D02FB5435BA,Normal,Normal
7595,2025-07-03 16:19:08,40,Login,S7A061BAD345B428C,Normal,Normal
7596,2025-07-03 16:20:26,40,Lihat Perkara,S7A061BAD345B428C,Normal,Normal
7597,2025-07-03 16:23:07,40,Cari Berkas,S7A061BAD345B428C,Normal,Normal
7598,2025-07-03 16:23:38,40,Logout,S7A061BAD345B428C,Normal,Normal
7604,2025-07-04 03:26:41,70,Login,SD71173E446D47D41,login_luar_jam,Low
7605,2025-07-04 07:47:36,22,Login,SA6C7EFE0DF7F6207,Normal,Normal
7606,2025-07-04 07:47:47,22,Lihat Perkara,SA6C7EFE0DF7F6207,Normal,Normal
7607,2025-07-04 07:50:31,22,Cari Berkas,SA6C7EFE0DF7F6207,Normal,Normal
7608,2025-07-04 07:51:28,22,Logout,SA6C7EFE0DF7F6207,Normal,Normal
7609,2025-07-04 09:28:15,70,Lihat Perkara,SD71173E446D47D41,Normal,Normal
7610,2025-07-04 09:30:27,70,Cari Berkas,SD71173E446D47D41,aktivitas_terlalu_cepat,Medium
7611,2025-07-04 09:32:35,70,Logout,SD71173E446D47D41,Normal,Normal
7619,2025-07-04 11:21:19,36,Login,S093B4D72AC8CDCAF,ip_berubah,Low
7620,2025-07-04 11:24:16,36,Lihat Perkara,S093B4D72AC8CDCAF,Normal,Normal
7621,2025-07-04 11:24:26,36,Cari Berkas,S093B4D72AC8CDCAF,Normal,Normal
7622,2025-07-04 11:25:16,36,Logout,S093B4D72AC8CDCAF,Normal,Normal
7627,2025-07-04 13:42:31,8,Login,S15E6B91DB27C7E0F,Normal,Normal
7628,2025-07-04 13:43:53,8,Lihat Perkara,S15E6B91DB27C7E0F,Normal,Normal
7629,2025-07-04 13:45:08,8,Cari Berkas,S15E6B91DB27C7E0F,Normal,Normal
7630,2025-07-04 13:47:56,8,Logout,S15E6B91DB27C7E0F,Normal,Normal
7631,2025-07-04 15:26:36,29,Login,S35E3EBF65884A8C3,device_berubah,Low
7632,2025-07-04 15:28:45,29,Lihat Perkara,S35E3EBF65884A8C3,Normal,Normal
7633,2025-07-04 15:29:26,29,Cari Berkas,S35E3EBF65884A8C3,Normal,Normal
7634,2025-07-04 15:29:49,29,Logout,S35E3EBF65884A8C3,Normal,Normal
7635,2025-07-04 15:36:14,77,Login,S4ABDF5FE80FC5BA8,Normal,Normal
7636,2025-07-04 15:39:05,77,Lihat Perkara,S4ABDF5FE80FC5BA8,Normal,Normal
7637,2025-07-04 15:39:53,77,Cari Berkas,S4ABDF5FE80FC5BA8,Normal,Normal
7638,2025-07-04 15:40:14,77,Logout,S4ABDF5FE80FC5BA8,verifikasi_massal,High
7639,2025-07-04 15:53:23,20,Login,S58616490DFCD8B4A,Normal,Normal
7640,2025-07-04 15:54:26,20,Lihat Perkara,S58616490DFCD8B4A,Normal,Normal
7641,2025-07-04 15:55:27,20,Cari Berkas,S58616490DFCD8B4A,Normal,Normal
7642,2025-07-04 15:57:51,20,Logout,S58616490DFCD8B4A,Normal,Normal
7643,2025-07-05 00:06:21,55,Login,S98396AE1F63594AA,login_luar_jam,Low
7644,2025-07-05 02:43:32,79,Login,S5763C5C01934D49C,login_luar_jam,Low
7645,2025-07-05 05:20:35,23,Login,S72C22A1679EB4168,login_luar_jam,Low
7646,2025-07-05 08:11:57,55,Login,SC5798F5D969040B0,Normal,Normal
7647,2025-07-05 08:14:32,55,Lihat Perkara,SC5798F5D969040B0,Normal,Normal
7648,2025-07-05 08:15:49,55,Lihat Berkas,SC5798F5D969040B0,Normal,Normal
7649,2025-07-05 08:17:20,55,Input Berkas,SC5798F5D969040B0,Normal,Normal
7650,2025-07-05 08:19:25,55,Verifikasi,SC5798F5D969040B0,Normal,Normal
7651,2025-07-05 08:21:06,55,Logout,SC5798F5D969040B0,Normal,Normal
7664,2025-07-05 11:44:21,79,Lihat Perkara,S5763C5C01934D49C,Normal,Normal
7665,2025-07-05 11:46:07,79,Cari Berkas,S5763C5C01934D49C,Normal,Normal
7666,2025-07-05 11:49:00,79,Logout,S5763C5C01934D49C,ip_berubah,Low
7667,2025-07-05 12:35:38,75,Login,S298368850ED33D34,Normal,Normal
7668,2025-07-05 12:37:24,75,Lihat Perkara,S298368850ED33D34,Normal,Normal
7669,2025-07-05 12:37:59,75,Cari Berkas,S298368850ED33D34,Normal,Normal
7670,2025-07-05 12:39:54,75,Logout,S298368850ED33D34,Normal,Normal
7675,2025-07-05 14:08:55,55,Lihat Perkara,S98396AE1F63594AA,Normal,Normal
7676,2025-07-05 14:09:33,55,Lihat Berkas,S98396AE1F63594AA,device_berubah,Low
7677,2025-07-05 14:12:14,55,Input Berkas,S98396AE1F63594AA,peminjaman_massal,High
7678,2025-07-05 14:13:06,55,Verifikasi,S98396AE1F63594AA,Normal,Normal
7679,2025-07-05 14:13:54,55,Logout,S98396AE1F63594AA,Normal,Normal
7684,2025-07-05 15:44:49,23,Login,SBEDD62A79950F11A,Normal,Normal
7685,2025-07-05 15:47:23,23,Lihat Perkara,SBEDD62A79950F11A,Normal,Normal
7686,2025-07-05 15:49:24,23,Cari Berkas,SBEDD62A79950F11A,Normal,Normal
7687,2025-07-05 15:50:40,23,Logout,SBEDD62A79950F11A,Normal,Normal
7688,2025-07-05 16:23:16,23,Lihat Perkara,S72C22A1679EB4168,Normal,Normal
7689,2025-07-05 16:23:53,23,Cari Berkas,S72C22A1679EB4168,Normal,Normal
7690,2025-07-05 16:25:58,23,Logout,S72C22A1679EB4168,Normal,Normal
7691,2025-07-05 16:58:23,45,Login,S8EADD0A4F67D0FDD,Normal,Normal
7692,2025-07-05 17:00:01,45,Lihat Perkara,S8EADD0A4F67D0FDD,aktivitas_terlalu_cepat,Medium
7693,2025-07-05 17:01:35,45,Cari Berkas,S8EADD0A4F67D0FDD,Normal,Normal
7694,2025-07-05 17:02:31,45,Logout,S8EADD0A4F67D0FDD,Normal,Normal
7695,2025-07-06 02:10:05,66,Login,SA4245D9FD85360E6,login_luar_jam,Low
7700,2025-07-06 09:10:22,66,Lihat Perkara,SA4245D9FD85360E6,Normal,Normal
7701,2025-07-06 09:12:21,66,Cari Berkas,SA4245D9FD85360E6,Normal,Normal
7702,2025-07-06 09:13:39,66,Logout,SA4245D9FD85360E6,Normal,Normal
7703,2025-07-06 10:33:39,41,Login,S4CA47B6E9BC46C7A,Normal,Normal
7704,2025-07-06 10:36:36,41,Lihat Perkara,S4CA47B6E9BC46C7A,Normal,Normal
7705,2025-07-06 10:37:54,41,Cari Berkas,S4CA47B6E9BC46C7A,Normal,Normal
7706,2025-07-06 10:40:39,41,Logout,S4CA47B6E9BC46C7A,Normal,Normal
7707,2025-07-06 11:18:09,29,Login,SCC520538BFCF939E,Normal,Normal
7708,2025-07-06 11:21:09,29,Lihat Perkara,SCC520538BFCF939E,Normal,Normal
7709,2025-07-06 11:23:39,29,Cari Berkas,SCC520538BFCF939E,Normal,Normal
7710,2025-07-06 11:26:18,29,Logout,SCC520538BFCF939E,Normal,Normal
7711,2025-07-06 11:47:52,48,Login,SCBFAE8D6B4ED4D1D,Normal,Normal
7712,2025-07-06 11:49:52,48,Lihat Perkara,SCBFAE8D6B4ED4D1D,Normal,Normal
7713,2025-07-06 11:51:36,48,Lihat Berkas,SCBFAE8D6B4ED4D1D,Normal,Normal
7714,2025-07-06 11:53:19,48,Input Berkas,SCBFAE8D6B4ED4D1D,aktivitas_terlalu_cepat,Medium
7715,2025-07-06 11:54:29,48,Verifikasi,SCBFAE8D6B4ED4D1D,Normal,Normal
7716,2025-07-06 11:56:00,48,Logout,SCBFAE8D6B4ED4D1D,Normal,Normal
7721,2025-07-06 14:01:09,31,Login,SEAACABB43802485F,Normal,Normal
7722,2025-07-06 14:03:14,31,Lihat Perkara,SEAACABB43802485F,Normal,Normal
7723,2025-07-06 14:06:02,31,Cari Berkas,SEAACABB43802485F,Normal,Normal
7724,2025-07-06 14:08:23,31,Logout,SEAACABB43802485F,Normal,Normal
7725,2025-07-06 14:47:51,65,Login,S4C9DF0495FD2BEC3,Normal,Normal
7726,2025-07-06 14:48:47,65,Lihat Perkara,S4C9DF0495FD2BEC3,Normal,Normal
7727,2025-07-06 14:51:14,65,Cari Berkas,S4C9DF0495FD2BEC3,Normal,Normal
7728,2025-07-06 14:52:32,65,Logout,S4C9DF0495FD2BEC3,Normal,Normal
7733,2025-07-07 01:29:04,37,Login,SDDBB3FA40679C4F2,login_luar_jam,Low
7734,2025-07-07 08:53:50,29,Login,S8547B957D0FDC10F,Normal,Normal
7735,2025-07-07 08:54:26,29,Lihat Perkara,S8547B957D0FDC10F,Normal,Normal
7736,2025-07-07 08:55:04,29,Cari Berkas,S8547B957D0FDC10F,Normal,Normal
7737,2025-07-07 08:56:34,29,Logout,S8547B957D0FDC10F,aktivitas_terlalu_cepat,Medium
7738,2025-07-07 09:04:10,73,Login,S9C12D6F05CD1A960,Normal,Normal
7739,2025-07-07 09:07:08,73,Lihat Perkara,S9C12D6F05CD1A960,Normal,Normal
7740,2025-07-07 09:08:37,73,Cari Berkas,S9C12D6F05CD1A960,Normal,Normal
7741,2025-07-07 09:09:04,73,Logout,S9C12D6F05CD1A960,verifikasi_massal,High
7742,2025-07-07 09:46:23,8,Login,SB6A160619D7032C1,Normal,Normal
7743,2025-07-07 09:47:14,8,Lihat Perkara,SB6A160619D7032C1,Normal,Normal
7744,2025-07-07 09:48:36,8,Cari Berkas,SB6A160619D7032C1,Normal,Normal
7745,2025-07-07 09:49:21,8,Logout,SB6A160619D7032C1,ip_berubah,Low
7746,2025-07-07 13:40:14,74,Login,S0A76BD919E7F87A7,Normal,Normal
7747,2025-07-07 13:41:08,74,Lihat Perkara,S0A76BD919E7F87A7,aktivitas_terlalu_cepat,Medium
7748,2025-07-07 13:44:03,74,Cari Berkas,S0A76BD919E7F87A7,Normal,Normal
7749,2025-07-07 13:46:36,74,Logout,S0A76BD919E7F87A7,Normal,Normal
7750,2025-07-07 14:40:43,68,Login,S61E7CD12D6C0716F,Normal,Normal
7751,2025-07-07 14:41:33,68,Lihat Perkara,S61E7CD12D6C0716F,Normal,Normal
7752,2025-07-07 14:41:53,68,Cari Berkas,S61E7CD12D6C0716F,ip_berubah,Low
7753,2025-07-07 14:43:50,68,Logout,S61E7CD12D6C0716F,Normal,Normal
7758,2025-07-07 15:30:42,37,Lihat Perkara,SDDBB3FA40679C4F2,Normal,Normal
7759,2025-07-07 15:32:40,37,Cari Berkas,SDDBB3FA40679C4F2,Normal,Normal
7760,2025-07-07 15:33:44,37,Logout,SDDBB3FA40679C4F2,Normal,Normal
7761,2025-07-07 16:37:48,25,Login,SD59EC42EB4D70339,Normal,Normal
7762,2025-07-07 16:40:05,25,Lihat Perkara,SD59EC42EB4D70339,aktivitas_terlalu_cepat,Medium
7763,2025-07-07 16:41:58,25,Cari Berkas,SD59EC42EB4D70339,Normal,Normal
7764,2025-07-07 16:42:15,25,Logout,SD59EC42EB4D70339,Normal,Normal
7765,2025-07-08 01:17:50,20,Login,S19D6CF8225B96454,login_luar_jam,Low
7766,2025-07-08 08:19:36,20,Lihat Perkara,S19D6CF8225B96454,Normal,Normal
7767,2025-07-08 08:21:47,20,Cari Berkas,S19D6CF8225B96454,Normal,Normal
7768,2025-07-08 08:23:30,20,Logout,S19D6CF8225B96454,device_berubah,Low
7769,2025-07-08 11:23:43,43,Login,S1BE52474BB146720,Normal,Normal
7770,2025-07-08 11:26:15,43,Lihat Perkara,S1BE52474BB146720,Normal,Normal
7771,2025-07-08 11:28:33,43,Cari Berkas,S1BE52474BB146720,Normal,Normal
7772,2025-07-08 11:30:55,43,Logout,S1BE52474BB146720,Normal,Normal
7777,2025-07-08 13:34:53,34,Login,SB156240E38596D16,Normal,Normal
7778,2025-07-08 13:35:36,34,Lihat Perkara,SB156240E38596D16,Normal,Normal
7779,2025-07-08 13:38:05,34,Cari Berkas,SB156240E38596D16,Normal,Normal
7780,2025-07-08 13:39:37,34,Logout,SB156240E38596D16,Normal,Normal
7781,2025-07-08 14:57:16,49,Login,SCCA1B45C1FDD980A,Normal,Normal
7782,2025-07-08 14:59:08,49,Lihat Perkara,SCCA1B45C1FDD980A,Normal,Normal
7783,2025-07-08 15:01:10,49,Cari Berkas,SCCA1B45C1FDD980A,aktivitas_terlalu_cepat,Medium
7784,2025-07-08 15:02:58,49,Logout,SCCA1B45C1FDD980A,Normal,Normal
7785,2025-07-08 16:16:04,48,Login,S4FA977FC0B7246E2,Normal,Normal
7788,2025-07-08 16:18:31,48,Lihat Perkara,S4FA977FC0B7246E2,Normal,Normal
7790,2025-07-08 16:19:34,48,Lihat Berkas,S4FA977FC0B7246E2,Normal,Normal
7792,2025-07-08 16:20:10,48,Input Berkas,S4FA977FC0B7246E2,Normal,Normal
7793,2025-07-08 16:20:39,48,Verifikasi,S4FA977FC0B7246E2,Normal,Normal
7794,2025-07-08 16:22:08,48,Logout,S4FA977FC0B7246E2,Normal,Normal
7796,2025-07-09 07:28:38,53,Login,S74B938C4407A75BE,Normal,Normal
7797,2025-07-09 07:29:14,53,Lihat Perkara,S74B938C4407A75BE,Normal,Normal
7798,2025-07-09 07:31:20,53,Cari Berkas,S74B938C4407A75BE,aktivitas_terlalu_cepat,Medium
7799,2025-07-09 07:32:50,53,Logout,S74B938C4407A75BE,Normal,Normal
7808,2025-07-09 12:06:02,52,Login,SC22515FE6F64CA2B,Normal,Normal
7809,2025-07-09 12:08:00,52,Lihat Perkara,SC22515FE6F64CA2B,Normal,Normal
7810,2025-07-09 12:10:08,52,Cari Berkas,SC22515FE6F64CA2B,Normal,Normal
7811,2025-07-09 12:12:17,52,Logout,SC22515FE6F64CA2B,Normal,Normal
7815,2025-07-09 13:24:47,58,Login,SB7E0C16F86FD457A,Normal,Normal
7816,2025-07-09 13:27:05,58,Lihat Perkara,SB7E0C16F86FD457A,Normal,Normal
7817,2025-07-09 13:30:00,58,Cari Berkas,SB7E0C16F86FD457A,Normal,Normal
7818,2025-07-09 13:31:07,58,Logout,SB7E0C16F86FD457A,Normal,Normal
7819,2025-07-09 14:35:28,23,Login,S7273B7AF0488A0E8,Normal,Normal
7820,2025-07-09 14:36:41,23,Lihat Perkara,S7273B7AF0488A0E8,Normal,Normal
7821,2025-07-09 14:37:44,23,Cari Berkas,S7273B7AF0488A0E8,Normal,Normal
7822,2025-07-09 14:39:17,23,Logout,S7273B7AF0488A0E8,Normal,Normal
7827,2025-07-09 15:55:30,36,Login,SE92CB8ED8FA05149,Normal,Normal
7828,2025-07-09 15:57:04,36,Lihat Perkara,SE92CB8ED8FA05149,Normal,Normal
7829,2025-07-09 15:59:56,36,Cari Berkas,SE92CB8ED8FA05149,Normal,Normal
7830,2025-07-09 16:02:32,36,Logout,SE92CB8ED8FA05149,Normal,Normal
7831,2025-07-09 16:16:58,86,Login,S4D70A2EA94BE70BE,Normal,Normal
7832,2025-07-09 16:19:43,86,Lihat Perkara,S4D70A2EA94BE70BE,Normal,Normal
7833,2025-07-09 16:22:33,86,Cari Berkas,S4D70A2EA94BE70BE,Normal,Normal
7834,2025-07-09 16:24:22,86,Logout,S4D70A2EA94BE70BE,Normal,Normal
7835,2025-07-10 08:45:50,60,Login,S61033940B07891E7,Normal,Normal
7836,2025-07-10 08:48:10,60,Lihat Perkara,S61033940B07891E7,Normal,Normal
7837,2025-07-10 08:48:51,60,Cari Berkas,S61033940B07891E7,Normal,Normal
7838,2025-07-10 08:49:43,60,Logout,S61033940B07891E7,Normal,Normal
7839,2025-07-10 09:22:07,26,Login,S18B872456E8F75A1,Normal,Normal
7840,2025-07-10 09:24:39,26,Lihat Perkara,S18B872456E8F75A1,Normal,Normal
7841,2025-07-10 09:25:04,26,Cari Berkas,S18B872456E8F75A1,Normal,Normal
7842,2025-07-10 09:25:41,52,Login,S550E3C675B5DACB1,Normal,Normal
7843,2025-07-10 09:27:35,52,Lihat Perkara,S550E3C675B5DACB1,Normal,Normal
7844,2025-07-10 09:27:44,26,Logout,S18B872456E8F75A1,Normal,Normal
7845,2025-07-10 09:28:13,52,Cari Berkas,S550E3C675B5DACB1,Normal,Normal
7846,2025-07-10 09:29:43,52,Logout,S550E3C675B5DACB1,Normal,Normal
7847,2025-07-10 12:01:30,83,Login,S0D79E0930C5E7856,Normal,Normal
7848,2025-07-10 12:02:55,83,Lihat Perkara,S0D79E0930C5E7856,Normal,Normal
7849,2025-07-10 12:03:10,83,Cari Berkas,S0D79E0930C5E7856,Normal,Normal
7850,2025-07-10 12:03:56,83,Logout,S0D79E0930C5E7856,Normal,Normal
7851,2025-07-10 16:14:31,40,Login,S92A74604036DF96E,Normal,Normal
7852,2025-07-10 16:16:47,40,Lihat Perkara,S92A74604036DF96E,aktivitas_terlalu_cepat,Medium
7853,2025-07-10 16:17:33,40,Cari Berkas,S92A74604036DF96E,Normal,Normal
7854,2025-07-10 16:18:43,40,Logout,S92A74604036DF96E,Normal,Normal
7855,2025-07-11 07:02:49,33,Login,S9A8C1761BD8EF507,Normal,Normal
7856,2025-07-11 07:05:02,33,Lihat Perkara,S9A8C1761BD8EF507,Normal,Normal
7857,2025-07-11 07:06:59,33,Cari Berkas,S9A8C1761BD8EF507,Normal,Normal
7858,2025-07-11 07:09:56,33,Logout,S9A8C1761BD8EF507,Normal,Normal
7859,2025-07-11 07:15:22,83,Login,SBB0C7919330CCFF5,Normal,Normal
7860,2025-07-11 07:16:54,83,Lihat Perkara,SBB0C7919330CCFF5,Normal,Normal
7861,2025-07-11 07:19:19,83,Cari Berkas,SBB0C7919330CCFF5,Normal,Normal
7862,2025-07-11 07:20:17,83,Logout,SBB0C7919330CCFF5,Normal,Normal
7863,2025-07-11 09:50:23,44,Login,SAF73B3CF331E91F2,Normal,Normal
7864,2025-07-11 09:50:54,44,Lihat Perkara,SAF73B3CF331E91F2,Normal,Normal
7865,2025-07-11 09:51:32,44,Cari Berkas,SAF73B3CF331E91F2,Normal,Normal
7866,2025-07-11 09:51:55,44,Logout,SAF73B3CF331E91F2,Normal,Normal
7871,2025-07-11 11:05:47,54,Login,SB2EA685094BFE660,Normal,Normal
7872,2025-07-11 11:06:02,54,Lihat Perkara,SB2EA685094BFE660,Normal,Normal
7873,2025-07-11 11:06:12,54,Lihat Berkas,SB2EA685094BFE660,Normal,Normal
7874,2025-07-11 11:08:02,54,Input Berkas,SB2EA685094BFE660,aktivitas_terlalu_cepat,Medium
7875,2025-07-11 11:10:17,54,Verifikasi,SB2EA685094BFE660,Normal,Normal
7876,2025-07-11 11:12:24,54,Logout,SB2EA685094BFE660,Normal,Normal
7877,2025-07-11 11:17:31,21,Login,S808389C8657E01C9,Normal,Normal
7878,2025-07-11 11:19:19,21,Lihat Perkara,S808389C8657E01C9,Normal,Normal
7879,2025-07-11 11:19:49,21,Cari Berkas,S808389C8657E01C9,Normal,Normal
7880,2025-07-11 11:21:34,21,Logout,S808389C8657E01C9,Normal,Normal
7889,2025-07-11 13:59:28,68,Login,S6507C321F0B6844F,Normal,Normal
7890,2025-07-11 14:01:43,68,Lihat Perkara,S6507C321F0B6844F,Normal,Normal
7891,2025-07-11 14:03:11,68,Cari Berkas,S6507C321F0B6844F,Normal,Normal
7892,2025-07-11 14:06:05,68,Logout,S6507C321F0B6844F,Normal,Normal
7897,2025-07-12 07:24:41,75,Login,S2E27C83FE220134E,Normal,Normal
7898,2025-07-12 07:25:44,75,Lihat Perkara,S2E27C83FE220134E,Normal,Normal
7899,2025-07-12 07:26:40,75,Cari Berkas,S2E27C83FE220134E,Normal,Normal
7900,2025-07-12 07:28:37,75,Logout,S2E27C83FE220134E,Normal,Normal
7901,2025-07-12 07:45:44,36,Login,S93AAD0C7C8FEEDD7,Normal,Normal
7902,2025-07-12 07:48:15,36,Lihat Perkara,S93AAD0C7C8FEEDD7,Normal,Normal
7903,2025-07-12 07:48:35,36,Cari Berkas,S93AAD0C7C8FEEDD7,Normal,Normal
7904,2025-07-12 07:51:25,36,Logout,S93AAD0C7C8FEEDD7,Normal,Normal
7905,2025-07-12 08:05:39,46,Login,S47E3A4293E9BF492,Normal,Normal
7906,2025-07-12 08:06:14,46,Lihat Perkara,S47E3A4293E9BF492,Normal,Normal
7907,2025-07-12 08:08:43,46,Cari Berkas,S47E3A4293E9BF492,Normal,Normal
7908,2025-07-12 08:10:12,46,Logout,S47E3A4293E9BF492,Normal,Normal
7909,2025-07-12 10:51:02,26,Login,SB88CACBC9383F057,Normal,Normal
7910,2025-07-12 10:53:43,26,Lihat Perkara,SB88CACBC9383F057,Normal,Normal
7911,2025-07-12 10:55:15,26,Cari Berkas,SB88CACBC9383F057,Normal,Normal
7912,2025-07-12 10:57:20,26,Logout,SB88CACBC9383F057,Normal,Normal
7913,2025-07-12 13:49:38,21,Login,SEBA671024B16D8A8,Normal,Normal
7914,2025-07-12 13:50:58,21,Lihat Perkara,SEBA671024B16D8A8,Normal,Normal
7915,2025-07-12 13:53:30,21,Cari Berkas,SEBA671024B16D8A8,Normal,Normal
7916,2025-07-12 13:56:17,21,Logout,SEBA671024B16D8A8,Normal,Normal
7917,2025-07-12 13:59:08,51,Login,S9C1D7A65D5C83C5D,Normal,Normal
7918,2025-07-12 14:01:37,51,Lihat Perkara,S9C1D7A65D5C83C5D,Normal,Normal
7919,2025-07-12 14:02:50,51,Cari Berkas,S9C1D7A65D5C83C5D,Normal,Normal
7920,2025-07-12 14:04:07,51,Logout,S9C1D7A65D5C83C5D,Normal,Normal
7933,2025-07-13 08:30:13,56,Login,S28B89843DDE27D0A,Normal,Normal
7934,2025-07-13 08:30:50,56,Lihat Perkara,S28B89843DDE27D0A,Normal,Normal
7935,2025-07-13 08:33:29,56,Cari Berkas,S28B89843DDE27D0A,Normal,Normal
7936,2025-07-13 08:35:44,56,Logout,S28B89843DDE27D0A,Normal,Normal
7937,2025-07-13 09:00:15,33,Login,S16B349CF76C7DE99,Normal,Normal
7938,2025-07-13 09:03:15,33,Lihat Perkara,S16B349CF76C7DE99,Normal,Normal
7939,2025-07-13 09:05:39,33,Cari Berkas,S16B349CF76C7DE99,Normal,Normal
7940,2025-07-13 09:07:28,33,Logout,S16B349CF76C7DE99,Normal,Normal
7941,2025-07-13 09:14:17,82,Login,S67BA189D2663AFFF,Normal,Normal
7942,2025-07-13 09:15:27,82,Lihat Perkara,S67BA189D2663AFFF,Normal,Normal
7943,2025-07-13 09:17:22,82,Cari Berkas,S67BA189D2663AFFF,ip_berubah,Low
7944,2025-07-13 09:18:10,82,Logout,S67BA189D2663AFFF,Normal,Normal
7945,2025-07-13 09:36:12,55,Login,SF2B10B8DD8D4EB99,Normal,Normal
7946,2025-07-13 09:37:39,55,Lihat Perkara,SF2B10B8DD8D4EB99,Normal,Normal
7947,2025-07-13 09:39:53,55,Lihat Berkas,SF2B10B8DD8D4EB99,Normal,Normal
7948,2025-07-13 09:41:47,55,Input Berkas,SF2B10B8DD8D4EB99,Normal,Normal
7949,2025-07-13 09:44:20,55,Verifikasi,SF2B10B8DD8D4EB99,Normal,Normal
7950,2025-07-13 09:46:18,73,Login,SE9EE043C9D85B47A,Normal,Normal
7951,2025-07-13 09:46:51,55,Logout,SF2B10B8DD8D4EB99,Normal,Normal
7952,2025-07-13 09:47:09,73,Lihat Perkara,SE9EE043C9D85B47A,Normal,Normal
7953,2025-07-13 09:49:46,73,Cari Berkas,SE9EE043C9D85B47A,Normal,Normal
7954,2025-07-13 09:51:26,73,Logout,SE9EE043C9D85B47A,Normal,Normal
7955,2025-07-13 09:51:42,42,Login,S6CCE4C234E55F3FE,Normal,Normal
7956,2025-07-13 09:53:27,42,Lihat Perkara,S6CCE4C234E55F3FE,Normal,Normal
7957,2025-07-13 09:54:42,42,Cari Berkas,S6CCE4C234E55F3FE,Normal,Normal
7958,2025-07-13 09:57:12,42,Logout,S6CCE4C234E55F3FE,Normal,Normal
7959,2025-07-13 10:48:14,34,Login,S1343087739E14601,Normal,Normal
7960,2025-07-13 10:48:54,34,Lihat Perkara,S1343087739E14601,Normal,Normal
7961,2025-07-13 10:50:44,34,Cari Berkas,S1343087739E14601,Normal,Normal
7962,2025-07-13 10:51:00,34,Logout,S1343087739E14601,Normal,Normal
7963,2025-07-13 11:44:30,83,Login,S3EC8FE58D7282D30,Normal,Normal
7964,2025-07-13 11:47:28,83,Lihat Perkara,S3EC8FE58D7282D30,Normal,Normal
7965,2025-07-13 11:47:51,83,Cari Berkas,S3EC8FE58D7282D30,Normal,Normal
7966,2025-07-13 11:49:11,83,Logout,S3EC8FE58D7282D30,Normal,Normal
7967,2025-07-13 13:50:18,72,Login,SEAC80DA1DE9F6F5B,Normal,Normal
7968,2025-07-13 13:50:48,72,Lihat Perkara,SEAC80DA1DE9F6F5B,Normal,Normal
7969,2025-07-13 13:53:47,72,Cari Berkas,SEAC80DA1DE9F6F5B,Normal,Normal
7970,2025-07-13 13:56:15,72,Logout,SEAC80DA1DE9F6F5B,Normal,Normal
7971,2025-07-13 14:31:20,29,Login,S06C7B7CEB9B36884,Normal,Normal
7972,2025-07-13 14:32:32,29,Lihat Perkara,S06C7B7CEB9B36884,Normal,Normal
7973,2025-07-13 14:33:49,73,Login,S998B64161F846AF3,Normal,Normal
7974,2025-07-13 14:34:36,29,Cari Berkas,S06C7B7CEB9B36884,Normal,Normal
7975,2025-07-13 14:35:44,73,Lihat Perkara,S998B64161F846AF3,Normal,Normal
7976,2025-07-13 14:36:05,29,Logout,S06C7B7CEB9B36884,Normal,Normal
7977,2025-07-13 14:37:45,73,Cari Berkas,S998B64161F846AF3,Normal,Normal
7978,2025-07-13 14:38:14,73,Logout,S998B64161F846AF3,Normal,Normal
7979,2025-07-13 14:46:36,20,Login,S050D22DA16B01926,Normal,Normal
7980,2025-07-13 14:48:07,20,Lihat Perkara,S050D22DA16B01926,Normal,Normal
7981,2025-07-13 14:50:26,20,Cari Berkas,S050D22DA16B01926,Normal,Normal
7982,2025-07-13 14:53:15,20,Logout,S050D22DA16B01926,Normal,Normal
7983,2025-07-13 14:58:18,41,Login,S035151986AEAD437,Normal,Normal
7984,2025-07-13 15:00:33,41,Lihat Perkara,S035151986AEAD437,Normal,Normal
7985,2025-07-13 15:02:58,41,Cari Berkas,S035151986AEAD437,verifikasi_massal,High
7986,2025-07-13 15:05:11,41,Logout,S035151986AEAD437,Normal,Normal
7995,2025-07-13 16:39:36,79,Login,SF9E6DC0ED9BA0472,Normal,Normal
7996,2025-07-13 16:39:56,79,Lihat Perkara,SF9E6DC0ED9BA0472,Normal,Normal
7997,2025-07-13 16:41:12,79,Cari Berkas,SF9E6DC0ED9BA0472,Normal,Normal
7998,2025-07-13 16:42:10,79,Logout,SF9E6DC0ED9BA0472,Normal,Normal
7999,2025-07-14 05:13:46,41,Login,S1CFE57922AF06F48,login_luar_jam,Low
8000,2025-07-14 07:13:47,76,Login,S3EDB4050FD880BFA,Normal,Normal
8001,2025-07-14 07:14:02,41,Lihat Perkara,S1CFE57922AF06F48,Normal,Normal
8002,2025-07-14 07:15:32,37,Login,SE5AA8C5A7BE75206,Normal,Normal
8003,2025-07-14 07:15:47,41,Cari Berkas,S1CFE57922AF06F48,Normal,Normal
8004,2025-07-14 07:15:56,76,Lihat Perkara,S3EDB4050FD880BFA,Normal,Normal
8005,2025-07-14 07:15:58,37,Lihat Perkara,SE5AA8C5A7BE75206,Normal,Normal
8006,2025-07-14 07:17:35,37,Cari Berkas,SE5AA8C5A7BE75206,Normal,Normal
8007,2025-07-14 07:18:16,76,Cari Berkas,S3EDB4050FD880BFA,Normal,Normal
8008,2025-07-14 07:18:30,41,Logout,S1CFE57922AF06F48,Normal,Normal
8009,2025-07-14 07:18:42,37,Logout,SE5AA8C5A7BE75206,device_berubah,Low
8010,2025-07-14 07:20:57,76,Logout,S3EDB4050FD880BFA,Normal,Normal
8011,2025-07-14 08:04:22,41,Login,S217C0678795700A0,Normal,Normal
8012,2025-07-14 08:06:32,41,Lihat Perkara,S217C0678795700A0,Normal,Normal
8013,2025-07-14 08:07:24,41,Cari Berkas,S217C0678795700A0,Normal,Normal
8014,2025-07-14 08:07:35,41,Logout,S217C0678795700A0,Normal,Normal
8015,2025-07-14 09:14:59,29,Login,S71BE94C36AB1CDB6,Normal,Normal
8016,2025-07-14 09:17:29,29,Lihat Perkara,S71BE94C36AB1CDB6,Normal,Normal
8017,2025-07-14 09:18:43,29,Cari Berkas,S71BE94C36AB1CDB6,Normal,Normal
8018,2025-07-14 09:20:54,29,Logout,S71BE94C36AB1CDB6,Normal,Normal
8019,2025-07-14 10:16:12,68,Login,S06DB51D3731BAEDD,Normal,Normal
8020,2025-07-14 10:16:38,68,Lihat Perkara,S06DB51D3731BAEDD,Normal,Normal
8021,2025-07-14 10:19:25,68,Cari Berkas,S06DB51D3731BAEDD,Normal,Normal
8022,2025-07-14 10:21:02,68,Logout,S06DB51D3731BAEDD,Normal,Normal
8023,2025-07-14 12:59:56,57,Login,S9EC4EA48D773F98D,Normal,Normal
8024,2025-07-14 13:01:58,57,Lihat Perkara,S9EC4EA48D773F98D,Normal,Normal
8025,2025-07-14 13:03:33,57,Cari Berkas,S9EC4EA48D773F98D,Normal,Normal
8026,2025-07-14 13:05:33,57,Logout,S9EC4EA48D773F98D,aktivitas_terlalu_cepat,Medium
8027,2025-07-14 13:25:48,38,Login,SB739B7723C558EE2,Normal,Normal
8028,2025-07-14 13:26:13,38,Lihat Perkara,SB739B7723C558EE2,Normal,Normal
8029,2025-07-14 13:27:37,38,Cari Berkas,SB739B7723C558EE2,Normal,Normal
8030,2025-07-14 13:29:28,38,Logout,SB739B7723C558EE2,Normal,Normal
8031,2025-07-14 13:53:49,65,Login,S6F65DEF6790A6959,Normal,Normal
8032,2025-07-14 13:54:10,65,Lihat Perkara,S6F65DEF6790A6959,Normal,Normal
8033,2025-07-14 13:56:36,65,Cari Berkas,S6F65DEF6790A6959,Normal,Normal
8034,2025-07-14 13:57:18,65,Logout,S6F65DEF6790A6959,Normal,Normal
8039,2025-07-14 14:38:46,73,Login,S01DB80B404221BF2,Normal,Normal
8040,2025-07-14 14:40:38,73,Lihat Perkara,S01DB80B404221BF2,Normal,Normal
8041,2025-07-14 14:41:13,73,Cari Berkas,S01DB80B404221BF2,Normal,Normal
8042,2025-07-14 14:42:53,73,Logout,S01DB80B404221BF2,aktivitas_terlalu_cepat,Medium
8043,2025-07-14 15:43:08,50,Login,S0FCBCC6908E22B14,Normal,Normal
8044,2025-07-14 15:43:53,50,Lihat Perkara,S0FCBCC6908E22B14,Normal,Normal
8045,2025-07-14 15:45:21,50,Cari Berkas,S0FCBCC6908E22B14,Normal,Normal
8046,2025-07-14 15:47:17,50,Logout,S0FCBCC6908E22B14,Normal,Normal
8047,2025-07-14 15:51:30,77,Login,S7BB7F25674972CB5,Normal,Normal
8048,2025-07-14 15:54:15,77,Lihat Perkara,S7BB7F25674972CB5,Normal,Normal
8049,2025-07-14 15:55:57,77,Cari Berkas,S7BB7F25674972CB5,Normal,Normal
8050,2025-07-14 15:58:35,77,Logout,S7BB7F25674972CB5,Normal,Normal
8055,2025-07-15 09:28:57,86,Login,SC5674CE8A3559BC6,Normal,Normal
8056,2025-07-15 09:31:57,86,Lihat Perkara,SC5674CE8A3559BC6,Normal,Normal
8057,2025-07-15 09:32:42,86,Cari Berkas,SC5674CE8A3559BC6,Normal,Normal
8058,2025-07-15 09:34:49,86,Logout,SC5674CE8A3559BC6,Normal,Normal
8059,2025-07-15 10:20:50,56,Login,S9848E22ECD95E7A8,Normal,Normal
8060,2025-07-15 10:23:44,56,Lihat Perkara,S9848E22ECD95E7A8,Normal,Normal
8061,2025-07-15 10:24:58,56,Cari Berkas,S9848E22ECD95E7A8,ip_berubah,Low
8062,2025-07-15 10:26:33,56,Logout,S9848E22ECD95E7A8,Normal,Normal
8063,2025-07-15 12:08:32,26,Login,SE6BB4D53F8880FC3,ip_berubah,Low
8064,2025-07-15 12:10:33,26,Lihat Perkara,SE6BB4D53F8880FC3,Normal,Normal
8065,2025-07-15 12:13:16,26,Cari Berkas,SE6BB4D53F8880FC3,Normal,Normal
8066,2025-07-15 12:14:18,26,Logout,SE6BB4D53F8880FC3,Normal,Normal
8067,2025-07-15 12:16:10,32,Login,S2F9E1DDB33028B32,Normal,Normal
8068,2025-07-15 12:18:41,32,Lihat Perkara,S2F9E1DDB33028B32,Normal,Normal
8069,2025-07-15 12:20:56,32,Cari Berkas,S2F9E1DDB33028B32,Normal,Normal
8070,2025-07-15 12:21:16,32,Logout,S2F9E1DDB33028B32,Normal,Normal
8071,2025-07-15 12:55:44,18,Login,S6D70881B52647C6F,Normal,Normal
8072,2025-07-15 12:58:16,18,Lihat Perkara,S6D70881B52647C6F,Normal,Normal
8073,2025-07-15 13:00:49,18,Cari Berkas,S6D70881B52647C6F,Normal,Normal
8074,2025-07-15 13:01:50,18,Logout,S6D70881B52647C6F,Normal,Normal
8075,2025-07-15 14:19:51,26,Login,S1CDA89181DADD807,Normal,Normal
8077,2025-07-15 14:20:27,26,Lihat Perkara,S1CDA89181DADD807,Normal,Normal
8078,2025-07-15 14:21:10,26,Cari Berkas,S1CDA89181DADD807,Normal,Normal
8079,2025-07-15 14:22:06,26,Logout,S1CDA89181DADD807,ip_berubah,Low
8086,2025-07-15 16:34:21,19,Login,S4E33DB3731425D81,Normal,Normal
8088,2025-07-15 16:36:21,19,Lihat Perkara,S4E33DB3731425D81,Normal,Normal
8089,2025-07-15 16:36:56,19,Cari Berkas,S4E33DB3731425D81,Normal,Normal
8090,2025-07-15 16:38:43,19,Logout,S4E33DB3731425D81,aktivitas_terlalu_cepat,Medium
8092,2025-07-16 07:52:43,23,Login,S15C473F17B206646,Normal,Normal
8093,2025-07-16 07:53:55,23,Lihat Perkara,S15C473F17B206646,Normal,Normal
8094,2025-07-16 07:54:56,23,Cari Berkas,S15C473F17B206646,Normal,Normal
8095,2025-07-16 07:56:05,23,Logout,S15C473F17B206646,Normal,Normal
8096,2025-07-16 08:37:34,76,Login,S3A9C43081221CDDF,Normal,Normal
8097,2025-07-16 08:38:10,76,Lihat Perkara,S3A9C43081221CDDF,Normal,Normal
8098,2025-07-16 08:38:46,76,Cari Berkas,S3A9C43081221CDDF,device_berubah,Low
8099,2025-07-16 08:40:16,76,Logout,S3A9C43081221CDDF,Normal,Normal
8104,2025-07-16 09:46:54,32,Login,S3B33F3D8269CD696,Normal,Normal
8105,2025-07-16 09:47:58,32,Lihat Perkara,S3B33F3D8269CD696,Normal,Normal
8106,2025-07-16 09:48:24,32,Cari Berkas,S3B33F3D8269CD696,Normal,Normal
8107,2025-07-16 09:50:20,32,Logout,S3B33F3D8269CD696,Normal,Normal
8108,2025-07-16 10:03:29,83,Login,SAE38D187A3D3EA27,Normal,Normal
8109,2025-07-16 10:04:57,83,Lihat Perkara,SAE38D187A3D3EA27,Normal,Normal
8110,2025-07-16 10:05:59,83,Cari Berkas,SAE38D187A3D3EA27,Normal,Normal
8111,2025-07-16 10:06:21,83,Logout,SAE38D187A3D3EA27,Normal,Normal
8112,2025-07-16 10:16:28,70,Login,S56EF26A317C50A7C,Normal,Normal
8113,2025-07-16 10:18:26,70,Lihat Perkara,S56EF26A317C50A7C,Normal,Normal
8114,2025-07-16 10:19:14,70,Cari Berkas,S56EF26A317C50A7C,peminjaman_massal,High
8115,2025-07-16 10:20:36,70,Logout,S56EF26A317C50A7C,Normal,Normal
8121,2025-07-16 12:28:07,49,Login,S9696E8334728DDF6,Normal,Normal
8123,2025-07-16 12:28:38,49,Lihat Perkara,S9696E8334728DDF6,Normal,Normal
8124,2025-07-16 12:29:03,49,Cari Berkas,S9696E8334728DDF6,Normal,Normal
8126,2025-07-16 12:30:24,49,Logout,S9696E8334728DDF6,Normal,Normal
8131,2025-07-16 13:55:14,34,Login,SE35BBA6DBD39E09D,Normal,Normal
8132,2025-07-16 13:55:29,34,Lihat Perkara,SE35BBA6DBD39E09D,Normal,Normal
8133,2025-07-16 13:57:57,34,Cari Berkas,SE35BBA6DBD39E09D,ip_berubah,Low
8134,2025-07-16 13:59:16,34,Logout,SE35BBA6DBD39E09D,Normal,Normal
8135,2025-07-16 14:01:25,81,Login,S9DEDB8538658C2E5,Normal,Normal
8136,2025-07-16 14:04:05,81,Lihat Perkara,S9DEDB8538658C2E5,Normal,Normal
8137,2025-07-16 14:06:53,81,Cari Berkas,S9DEDB8538658C2E5,Normal,Normal
8138,2025-07-16 14:09:08,81,Logout,S9DEDB8538658C2E5,Normal,Normal
8139,2025-07-16 14:14:21,26,Login,SB62C09BFA4F73A30,Normal,Normal
8140,2025-07-16 14:17:01,26,Lihat Perkara,SB62C09BFA4F73A30,Normal,Normal
8141,2025-07-16 14:17:31,26,Cari Berkas,SB62C09BFA4F73A30,peminjaman_massal,High
8142,2025-07-16 14:17:45,33,Login,S156BA9196ACC5D15,Normal,Normal
8143,2025-07-16 14:18:28,33,Lihat Perkara,S156BA9196ACC5D15,Normal,Normal
8144,2025-07-16 14:18:39,33,Cari Berkas,S156BA9196ACC5D15,Normal,Normal
8145,2025-07-16 14:19:14,33,Logout,S156BA9196ACC5D15,Normal,Normal
8146,2025-07-16 14:19:53,26,Logout,SB62C09BFA4F73A30,Normal,Normal
8147,2025-07-16 15:47:47,53,Login,SFFD6F23232FFE294,Normal,Normal
8148,2025-07-16 15:48:24,53,Lihat Perkara,SFFD6F23232FFE294,Normal,Normal
8149,2025-07-16 15:49:34,53,Cari Berkas,SFFD6F23232FFE294,Normal,Normal
8150,2025-07-16 15:51:21,53,Logout,SFFD6F23232FFE294,durasi_tidak_wajar,Medium
8151,2025-07-16 16:38:06,58,Login,S0974CDA513014AF9,Normal,Normal
8152,2025-07-16 16:39:07,58,Lihat Perkara,S0974CDA513014AF9,Normal,Normal
8153,2025-07-16 16:41:29,58,Cari Berkas,S0974CDA513014AF9,Normal,Normal
8154,2025-07-16 16:42:17,58,Logout,S0974CDA513014AF9,Normal,Normal
8155,2025-07-16 16:48:45,47,Login,S793DAF5AB35C9601,device_berubah,Low
8156,2025-07-16 16:49:20,47,Lihat Perkara,S793DAF5AB35C9601,Normal,Normal
8157,2025-07-16 16:51:18,47,Cari Berkas,S793DAF5AB35C9601,Normal,Normal
8158,2025-07-16 16:53:58,47,Logout,S793DAF5AB35C9601,Normal,Normal
8159,2025-07-17 06:09:46,44,Login,S10F4C9418FC7AD79,login_luar_jam,Low
8160,2025-07-17 06:33:54,30,Login,S4E92078B1A1B3228,login_luar_jam,Low
8161,2025-07-17 07:34:54,30,Lihat Perkara,S4E92078B1A1B3228,Normal,Normal
8162,2025-07-17 07:36:40,30,Cari Berkas,S4E92078B1A1B3228,verifikasi_massal,High
8163,2025-07-17 07:37:09,30,Logout,S4E92078B1A1B3228,Normal,Normal
8168,2025-07-17 08:34:16,56,Login,S576BAA215A6CBD88,Normal,Normal
8169,2025-07-17 08:36:48,56,Lihat Perkara,S576BAA215A6CBD88,Normal,Normal
8170,2025-07-17 08:37:48,56,Cari Berkas,S576BAA215A6CBD88,Normal,Normal
8171,2025-07-17 08:38:34,56,Logout,S576BAA215A6CBD88,Normal,Normal
8172,2025-07-17 09:24:24,23,Login,S60D2759A3AD51382,verifikasi_massal,High
8173,2025-07-17 09:25:01,23,Lihat Perkara,S60D2759A3AD51382,Normal,Normal
8174,2025-07-17 09:25:15,23,Cari Berkas,S60D2759A3AD51382,Normal,Normal
8175,2025-07-17 09:26:16,23,Logout,S60D2759A3AD51382,Normal,Normal
8176,2025-07-17 09:50:55,52,Login,S86CCDB09F881EC7B,Normal,Normal
8177,2025-07-17 09:52:54,52,Lihat Perkara,S86CCDB09F881EC7B,Normal,Normal
8178,2025-07-17 09:54:57,52,Cari Berkas,S86CCDB09F881EC7B,Normal,Normal
8179,2025-07-17 09:56:29,52,Logout,S86CCDB09F881EC7B,Normal,Normal
8181,2025-07-17 10:25:15,42,Login,SD189F75077D8B428,Normal,Normal
8184,2025-07-17 10:27:29,42,Lihat Perkara,SD189F75077D8B428,Normal,Normal
8185,2025-07-17 10:28:05,42,Cari Berkas,SD189F75077D8B428,Normal,Normal
8186,2025-07-17 10:29:42,42,Logout,SD189F75077D8B428,Normal,Normal
8192,2025-07-17 12:12:30,44,Lihat Perkara,S10F4C9418FC7AD79,Normal,Normal
8193,2025-07-17 12:13:34,44,Cari Berkas,S10F4C9418FC7AD79,Normal,Normal
8194,2025-07-17 12:15:58,44,Logout,S10F4C9418FC7AD79,device_berubah,Low
8195,2025-07-17 13:32:05,65,Login,SACB3D8AC91A23603,Normal,Normal
8196,2025-07-17 13:34:39,65,Lihat Perkara,SACB3D8AC91A23603,Normal,Normal
8197,2025-07-17 13:36:21,65,Cari Berkas,SACB3D8AC91A23603,aktivitas_terlalu_cepat,Medium
8198,2025-07-17 13:38:59,65,Logout,SACB3D8AC91A23603,Normal,Normal
8199,2025-07-17 13:50:13,26,Login,S55957CD1A691C0E6,Normal,Normal
8200,2025-07-17 13:51:24,26,Lihat Perkara,S55957CD1A691C0E6,Normal,Normal
8201,2025-07-17 13:54:03,26,Cari Berkas,S55957CD1A691C0E6,Normal,Normal
8202,2025-07-17 13:56:17,26,Logout,S55957CD1A691C0E6,Normal,Normal
8203,2025-07-17 14:53:22,21,Login,S7710199D59BDFAC9,Normal,Normal
8204,2025-07-17 14:53:51,21,Lihat Perkara,S7710199D59BDFAC9,Normal,Normal
8205,2025-07-17 14:56:34,21,Cari Berkas,S7710199D59BDFAC9,Normal,Normal
8206,2025-07-17 14:57:59,21,Logout,S7710199D59BDFAC9,Normal,Normal
8207,2025-07-18 01:15:03,76,Login,SCFE3D3A8A8AA9846,login_luar_jam,Low
8208,2025-07-18 07:40:01,1,Login,S66DBB507EA583411,Normal,Normal
8209,2025-07-18 07:40:41,1,Dashboard,S66DBB507EA583411,Normal,Normal
8210,2025-07-18 07:41:03,1,Kelola User,S66DBB507EA583411,Normal,Normal
8211,2025-07-18 07:43:09,1,Kelola Kode Klasifikasi,S66DBB507EA583411,Normal,Normal
8212,2025-07-18 07:45:49,1,Logout,S66DBB507EA583411,Normal,Normal
8217,2025-07-18 08:53:53,26,Login,S0767C4B4762548F8,Normal,Normal
8218,2025-07-18 08:54:55,26,Lihat Perkara,S0767C4B4762548F8,Normal,Normal
8219,2025-07-18 08:57:51,26,Cari Berkas,S0767C4B4762548F8,Normal,Normal
8220,2025-07-18 08:58:10,26,Logout,S0767C4B4762548F8,Normal,Normal
8221,2025-07-18 10:30:35,49,Login,SC6694EAF913F1871,Normal,Normal
8222,2025-07-18 10:33:03,49,Lihat Perkara,SC6694EAF913F1871,Normal,Normal
8223,2025-07-18 10:34:14,49,Cari Berkas,SC6694EAF913F1871,Normal,Normal
8224,2025-07-18 10:34:24,49,Logout,SC6694EAF913F1871,Normal,Normal
8229,2025-07-18 12:42:02,28,Login,S6FEA84F579F34373,device_berubah,Low
8230,2025-07-18 12:42:42,28,Lihat Perkara,S6FEA84F579F34373,Normal,Normal
8231,2025-07-18 12:43:27,28,Cari Berkas,S6FEA84F579F34373,Normal,Normal
8232,2025-07-18 12:44:23,28,Logout,S6FEA84F579F34373,Normal,Normal
8236,2025-07-18 15:18:02,76,Lihat Perkara,SCFE3D3A8A8AA9846,Normal,Normal
8238,2025-07-18 15:18:35,76,Cari Berkas,SCFE3D3A8A8AA9846,Normal,Normal
8239,2025-07-18 15:19:51,76,Logout,SCFE3D3A8A8AA9846,Normal,Normal
8241,2025-07-18 15:40:23,77,Login,SE2AA6DC77208838E,Normal,Normal
8242,2025-07-18 15:41:41,77,Lihat Perkara,SE2AA6DC77208838E,aktivitas_terlalu_cepat,Medium
8243,2025-07-18 15:44:15,77,Cari Berkas,SE2AA6DC77208838E,Normal,Normal
8244,2025-07-18 15:46:58,77,Logout,SE2AA6DC77208838E,Normal,Normal
8245,2025-07-18 15:51:49,45,Login,S637EC1AEACD2C42E,Normal,Normal
8246,2025-07-18 15:53:08,45,Lihat Perkara,S637EC1AEACD2C42E,Normal,Normal
8247,2025-07-18 15:55:37,45,Cari Berkas,S637EC1AEACD2C42E,Normal,Normal
8248,2025-07-18 15:58:00,45,Logout,S637EC1AEACD2C42E,Normal,Normal
8249,2025-07-18 16:30:47,44,Login,S0F9CA17B8DB8DADF,Normal,Normal
8250,2025-07-18 16:32:44,44,Lihat Perkara,S0F9CA17B8DB8DADF,Normal,Normal
8251,2025-07-18 16:35:11,44,Cari Berkas,S0F9CA17B8DB8DADF,Normal,Normal
8252,2025-07-18 16:37:22,44,Logout,S0F9CA17B8DB8DADF,Normal,Normal
8253,2025-07-19 01:20:36,1,Login,SD40666259FAA2180,login_luar_jam,Low
8254,2025-07-19 07:20:48,1,Dashboard,SD40666259FAA2180,Normal,Normal
8255,2025-07-19 07:21:55,1,Kelola User,SD40666259FAA2180,Normal,Normal
8256,2025-07-19 07:23:27,1,Kelola Kode Klasifikasi,SD40666259FAA2180,Normal,Normal
8257,2025-07-19 07:25:26,1,Logout,SD40666259FAA2180,Normal,Normal
8258,2025-07-19 08:14:13,41,Login,SFF57DBD7379F75FF,Normal,Normal
8259,2025-07-19 08:15:31,41,Lihat Perkara,SFF57DBD7379F75FF,Normal,Normal
8260,2025-07-19 08:16:27,41,Cari Berkas,SFF57DBD7379F75FF,Normal,Normal
8261,2025-07-19 08:17:41,41,Logout,SFF57DBD7379F75FF,Normal,Normal
8266,2025-07-19 11:17:42,57,Login,S95966725D513DA02,Normal,Normal
8267,2025-07-19 11:19:40,57,Lihat Perkara,S95966725D513DA02,Normal,Normal
8268,2025-07-19 11:20:45,57,Cari Berkas,S95966725D513DA02,Normal,Normal
8269,2025-07-19 11:21:31,57,Logout,S95966725D513DA02,Normal,Normal
8270,2025-07-19 12:58:54,29,Login,S3C1E0AC4DAF09B92,Normal,Normal
8271,2025-07-19 12:59:49,29,Lihat Perkara,S3C1E0AC4DAF09B92,Normal,Normal
8272,2025-07-19 13:02:18,29,Cari Berkas,S3C1E0AC4DAF09B92,Normal,Normal
8273,2025-07-19 13:05:15,29,Logout,S3C1E0AC4DAF09B92,Normal,Normal
8274,2025-07-19 15:42:28,45,Login,S9A5E6B6D990A8521,Normal,Normal
8275,2025-07-19 15:45:12,45,Lihat Perkara,S9A5E6B6D990A8521,Normal,Normal
8276,2025-07-19 15:46:24,45,Cari Berkas,S9A5E6B6D990A8521,verifikasi_massal,High
8277,2025-07-19 15:49:22,45,Logout,S9A5E6B6D990A8521,Normal,Normal
8278,2025-07-19 16:04:16,21,Login,SB1ECD227D14E1EE3,Normal,Normal
8279,2025-07-19 16:06:47,21,Lihat Perkara,SB1ECD227D14E1EE3,Normal,Normal
8280,2025-07-19 16:07:04,21,Cari Berkas,SB1ECD227D14E1EE3,Normal,Normal
8281,2025-07-19 16:07:30,21,Logout,SB1ECD227D14E1EE3,Normal,Normal
8284,2025-07-20 02:35:47,59,Login,S54C93D44E353A243,login_luar_jam,Low
8285,2025-07-20 08:12:12,34,Login,S53A5E8508950DDD6,Normal,Normal
8286,2025-07-20 08:13:41,34,Lihat Perkara,S53A5E8508950DDD6,Normal,Normal
8287,2025-07-20 08:15:42,34,Cari Berkas,S53A5E8508950DDD6,Normal,Normal
8288,2025-07-20 08:16:53,34,Logout,S53A5E8508950DDD6,Normal,Normal
8292,2025-07-20 10:16:31,1,Login,S42CE41CE9398BC57,Normal,Normal
8293,2025-07-20 10:16:44,1,Dashboard,S42CE41CE9398BC57,durasi_tidak_wajar,Medium
8294,2025-07-20 10:18:54,1,Kelola User,S42CE41CE9398BC57,Normal,Normal
8295,2025-07-20 10:21:21,1,Kelola Kode Klasifikasi,S42CE41CE9398BC57,Normal,Normal
8296,2025-07-20 10:24:16,1,Logout,S42CE41CE9398BC57,Normal,Normal
8301,2025-07-20 11:51:41,47,Login,S3730F172E065BBE1,Normal,Normal
8302,2025-07-20 11:53:05,47,Lihat Perkara,S3730F172E065BBE1,Normal,Normal
8303,2025-07-20 11:54:19,47,Cari Berkas,S3730F172E065BBE1,Normal,Normal
8304,2025-07-20 11:55:22,47,Logout,S3730F172E065BBE1,Normal,Normal
8310,2025-07-20 14:33:24,25,Login,SA37CB48EFA928794,Normal,Normal
8311,2025-07-20 14:36:23,25,Lihat Perkara,SA37CB48EFA928794,Normal,Normal
8312,2025-07-20 14:37:07,59,Lihat Perkara,S54C93D44E353A243,Normal,Normal
8313,2025-07-20 14:38:20,25,Cari Berkas,SA37CB48EFA928794,Normal,Normal
8314,2025-07-20 14:38:36,59,Cari Berkas,S54C93D44E353A243,Normal,Normal
8315,2025-07-20 14:39:34,59,Logout,S54C93D44E353A243,Normal,Normal
8316,2025-07-20 14:39:40,25,Logout,SA37CB48EFA928794,Normal,Normal
8317,2025-07-20 15:27:24,84,Login,S945F2B792467517C,Normal,Normal
8318,2025-07-20 15:27:36,84,Dashboard,S945F2B792467517C,Normal,Normal
8319,2025-07-20 15:29:44,84,Kelola User,S945F2B792467517C,Normal,Normal
8320,2025-07-20 15:31:04,84,Kelola Kode Klasifikasi,S945F2B792467517C,Normal,Normal
8321,2025-07-20 15:31:58,84,Logout,S945F2B792467517C,Normal,Normal
8326,2025-07-21 07:40:30,36,Login,S0FBC63776F1F5C6A,Normal,Normal
8327,2025-07-21 07:43:29,36,Lihat Perkara,S0FBC63776F1F5C6A,Normal,Normal
8328,2025-07-21 07:46:23,36,Cari Berkas,S0FBC63776F1F5C6A,Normal,Normal
8329,2025-07-21 07:47:11,36,Logout,S0FBC63776F1F5C6A,Normal,Normal
8337,2025-07-21 11:39:06,64,Login,SE8E7F03002038340,Normal,Normal
8338,2025-07-21 11:40:33,64,Lihat Perkara,SE8E7F03002038340,Normal,Normal
8339,2025-07-21 11:41:06,64,Cari Berkas,SE8E7F03002038340,Normal,Normal
8340,2025-07-21 11:42:16,64,Logout,SE8E7F03002038340,Normal,Normal
8341,2025-07-21 12:10:34,30,Login,S00F7BCD2078A53CF,Normal,Normal
8342,2025-07-21 12:11:46,30,Lihat Perkara,S00F7BCD2078A53CF,Normal,Normal
8343,2025-07-21 12:12:50,30,Cari Berkas,S00F7BCD2078A53CF,Normal,Normal
8344,2025-07-21 12:13:39,30,Logout,S00F7BCD2078A53CF,Normal,Normal
8345,2025-07-21 12:16:35,43,Login,SCEE8EFCF295C1B59,Normal,Normal
8346,2025-07-21 12:17:48,43,Lihat Perkara,SCEE8EFCF295C1B59,Normal,Normal
8347,2025-07-21 12:18:03,43,Cari Berkas,SCEE8EFCF295C1B59,Normal,Normal
8349,2025-07-21 12:20:39,43,Logout,SCEE8EFCF295C1B59,Normal,Normal
8353,2025-07-21 13:18:48,55,Login,SC240702DB90BCF55,Normal,Normal
8354,2025-07-21 13:19:31,55,Lihat Perkara,SC240702DB90BCF55,Normal,Normal
8355,2025-07-21 13:20:42,55,Lihat Berkas,SC240702DB90BCF55,verifikasi_massal,High
8356,2025-07-21 13:23:26,55,Input Berkas,SC240702DB90BCF55,Normal,Normal
8357,2025-07-21 13:23:55,55,Verifikasi,SC240702DB90BCF55,Normal,Normal
8358,2025-07-21 13:26:26,55,Logout,SC240702DB90BCF55,Normal,Normal
8359,2025-07-21 13:29:06,74,Login,SDBC4CCDD55545BB9,Normal,Normal
8360,2025-07-21 13:31:31,74,Lihat Perkara,SDBC4CCDD55545BB9,Normal,Normal
8361,2025-07-21 13:34:13,74,Cari Berkas,SDBC4CCDD55545BB9,Normal,Normal
8362,2025-07-21 13:36:03,74,Logout,SDBC4CCDD55545BB9,Normal,Normal
8363,2025-07-21 15:58:57,43,Login,SA85271652047BBFF,Normal,Normal
8364,2025-07-21 15:59:09,43,Lihat Perkara,SA85271652047BBFF,Normal,Normal
8365,2025-07-21 16:01:41,43,Cari Berkas,SA85271652047BBFF,Normal,Normal
8366,2025-07-21 16:02:56,43,Logout,SA85271652047BBFF,Normal,Normal
8367,2025-07-21 16:43:04,29,Login,SA0B688085305482B,Normal,Normal
8368,2025-07-21 16:45:48,29,Lihat Perkara,SA0B688085305482B,Normal,Normal
8369,2025-07-21 16:46:17,29,Cari Berkas,SA0B688085305482B,Normal,Normal
8370,2025-07-21 16:46:36,29,Logout,SA0B688085305482B,Normal,Normal
8371,2025-07-22 00:35:13,21,Login,S40E3200C683B81BC,login_luar_jam,Low
8372,2025-07-22 05:29:09,43,Login,SD04A3A7335BC040F,login_luar_jam,Low
8373,2025-07-22 09:31:49,43,Lihat Perkara,SD04A3A7335BC040F,Normal,Normal
8374,2025-07-22 09:34:33,43,Cari Berkas,SD04A3A7335BC040F,Normal,Normal
8375,2025-07-22 09:37:10,43,Logout,SD04A3A7335BC040F,Normal,Normal
8376,2025-07-22 10:35:23,21,Lihat Perkara,S40E3200C683B81BC,Normal,Normal
8377,2025-07-22 10:35:47,21,Cari Berkas,S40E3200C683B81BC,Normal,Normal
8378,2025-07-22 10:37:25,21,Logout,S40E3200C683B81BC,Normal,Normal
8379,2025-07-22 11:10:29,35,Login,S89238EB6D690EFA9,Normal,Normal
8380,2025-07-22 11:11:53,35,Lihat Perkara,S89238EB6D690EFA9,Normal,Normal
8381,2025-07-22 11:12:44,35,Cari Berkas,S89238EB6D690EFA9,Normal,Normal
8382,2025-07-22 11:14:29,35,Logout,S89238EB6D690EFA9,aktivitas_terlalu_cepat,Medium
8391,2025-07-22 15:04:00,31,Login,S97787A0107816638,Normal,Normal
8392,2025-07-22 15:05:01,31,Lihat Perkara,S97787A0107816638,Normal,Normal
8393,2025-07-22 15:05:25,31,Cari Berkas,S97787A0107816638,ip_berubah,Low
8394,2025-07-22 15:08:05,31,Logout,S97787A0107816638,Normal,Normal
8407,2025-07-23 00:19:22,6,Login,S6ABD6C976242CA80,login_luar_jam,Low
8408,2025-07-23 03:53:04,28,Login,SF5A4F270EADEAE69,login_luar_jam,Low
8409,2025-07-23 07:27:22,84,Login,S34385A2FA26D3566,Normal,Normal
8410,2025-07-23 07:29:57,84,Dashboard,S34385A2FA26D3566,Normal,Normal
8411,2025-07-23 07:30:13,84,Kelola User,S34385A2FA26D3566,Normal,Normal
8412,2025-07-23 07:30:42,84,Kelola Kode Klasifikasi,S34385A2FA26D3566,Normal,Normal
8413,2025-07-23 07:32:39,84,Logout,S34385A2FA26D3566,Normal,Normal
8414,2025-07-23 07:35:27,66,Login,SA8FE781266A0826E,Normal,Normal
8415,2025-07-23 07:36:01,36,Login,SBA456DE98A6DBF9E,Normal,Normal
8416,2025-07-23 07:36:32,36,Lihat Perkara,SBA456DE98A6DBF9E,Normal,Normal
8417,2025-07-23 07:36:46,66,Lihat Perkara,SA8FE781266A0826E,Normal,Normal
8418,2025-07-23 07:38:46,36,Cari Berkas,SBA456DE98A6DBF9E,Normal,Normal
8419,2025-07-23 07:39:15,66,Cari Berkas,SA8FE781266A0826E,aktivitas_terlalu_cepat,Medium
8420,2025-07-23 07:40:36,36,Logout,SBA456DE98A6DBF9E,Normal,Normal
8421,2025-07-23 07:40:55,66,Logout,SA8FE781266A0826E,Normal,Normal
8426,2025-07-23 07:45:37,32,Login,SB2BC5F62BD91395B,Normal,Normal
8427,2025-07-23 07:48:00,32,Lihat Perkara,SB2BC5F62BD91395B,Normal,Normal
8428,2025-07-23 07:50:57,32,Cari Berkas,SB2BC5F62BD91395B,Normal,Normal
8429,2025-07-23 07:53:24,32,Logout,SB2BC5F62BD91395B,Normal,Normal
8430,2025-07-23 08:21:28,6,Lihat Perkara,S6ABD6C976242CA80,Normal,Normal
8431,2025-07-23 08:24:03,6,Lihat Berkas,S6ABD6C976242CA80,Normal,Normal
8432,2025-07-23 08:26:42,6,Input Berkas,S6ABD6C976242CA80,Normal,Normal
8433,2025-07-23 08:28:36,6,Verifikasi,S6ABD6C976242CA80,Normal,Normal
8434,2025-07-23 08:29:31,6,Logout,S6ABD6C976242CA80,Normal,Normal
8439,2025-07-23 09:45:58,77,Login,S99B0CE3540277BA5,Normal,Normal
8440,2025-07-23 09:47:09,77,Lihat Perkara,S99B0CE3540277BA5,Normal,Normal
8441,2025-07-23 09:49:42,77,Cari Berkas,S99B0CE3540277BA5,Normal,Normal
8442,2025-07-23 09:50:50,77,Logout,S99B0CE3540277BA5,Normal,Normal
8443,2025-07-23 09:53:20,82,Login,S30AD67D0DD2BD468,Normal,Normal
8444,2025-07-23 09:53:43,82,Lihat Perkara,S30AD67D0DD2BD468,Normal,Normal
8445,2025-07-23 09:55:50,82,Cari Berkas,S30AD67D0DD2BD468,Normal,Normal
8446,2025-07-23 09:57:08,82,Logout,S30AD67D0DD2BD468,Normal,Normal
8447,2025-07-23 10:51:47,56,Login,SB169FDEDF9723977,aktivitas_terlalu_cepat,Medium
8448,2025-07-23 10:53:35,56,Lihat Perkara,SB169FDEDF9723977,Normal,Normal
8449,2025-07-23 10:55:33,56,Cari Berkas,SB169FDEDF9723977,Normal,Normal
8450,2025-07-23 10:57:55,23,Login,S88D00ABDCBB18C79,Normal,Normal
8451,2025-07-23 10:58:15,56,Logout,SB169FDEDF9723977,Normal,Normal
8452,2025-07-23 10:59:54,23,Lihat Perkara,S88D00ABDCBB18C79,Normal,Normal
8453,2025-07-23 11:00:58,23,Cari Berkas,S88D00ABDCBB18C79,Normal,Normal
8454,2025-07-23 11:03:14,23,Logout,S88D00ABDCBB18C79,Normal,Normal
8455,2025-07-23 14:13:51,66,Login,S98E1D542E9FBBB50,Normal,Normal
8456,2025-07-23 14:16:35,66,Lihat Perkara,S98E1D542E9FBBB50,Normal,Normal
8457,2025-07-23 14:17:47,66,Cari Berkas,S98E1D542E9FBBB50,Normal,Normal
8458,2025-07-23 14:18:32,66,Logout,S98E1D542E9FBBB50,Normal,Normal
8459,2025-07-23 14:54:05,28,Lihat Perkara,SF5A4F270EADEAE69,Normal,Normal
8460,2025-07-23 14:55:57,28,Cari Berkas,SF5A4F270EADEAE69,Normal,Normal
8461,2025-07-23 14:57:31,28,Logout,SF5A4F270EADEAE69,Normal,Normal
8462,2025-07-23 16:02:40,65,Login,S88EFB0FB52B50651,Normal,Normal
8463,2025-07-23 16:03:24,65,Lihat Perkara,S88EFB0FB52B50651,Normal,Normal
8464,2025-07-23 16:04:15,65,Cari Berkas,S88EFB0FB52B50651,Normal,Normal
8465,2025-07-23 16:05:16,65,Logout,S88EFB0FB52B50651,Normal,Normal
8466,2025-07-23 16:31:41,75,Login,S25BD8A41C3F66C68,Normal,Normal
8467,2025-07-23 16:33:13,75,Lihat Perkara,S25BD8A41C3F66C68,Normal,Normal
8468,2025-07-23 16:33:31,75,Cari Berkas,S25BD8A41C3F66C68,Normal,Normal
8469,2025-07-23 16:33:43,75,Logout,S25BD8A41C3F66C68,Normal,Normal
8470,2025-07-23 16:43:15,22,Login,S737B69610F44A6F1,ip_berubah,Low
8471,2025-07-23 16:45:15,22,Lihat Perkara,S737B69610F44A6F1,Normal,Normal
8472,2025-07-23 16:46:06,22,Cari Berkas,S737B69610F44A6F1,Normal,Normal
8473,2025-07-23 16:48:13,22,Logout,S737B69610F44A6F1,Normal,Normal
8474,2025-07-24 01:27:07,55,Login,S5887F3D2C0F1FA3A,login_luar_jam,Low
8475,2025-07-24 02:22:15,85,Login,S7A3AC4CCBC1C1AE9,login_luar_jam,Low
8480,2025-07-24 08:02:31,52,Login,S213FD464DB14E950,Normal,Normal
8481,2025-07-24 08:04:33,52,Lihat Perkara,S213FD464DB14E950,Normal,Normal
8482,2025-07-24 08:07:04,52,Cari Berkas,S213FD464DB14E950,Normal,Normal
8483,2025-07-24 08:07:52,52,Logout,S213FD464DB14E950,Normal,Normal
8488,2025-07-24 08:29:39,55,Lihat Perkara,S5887F3D2C0F1FA3A,Normal,Normal
8489,2025-07-24 08:31:09,55,Lihat Berkas,S5887F3D2C0F1FA3A,ip_berubah,Low
8490,2025-07-24 08:32:09,29,Login,S668A631FE2F9D470,Normal,Normal
8491,2025-07-24 08:33:25,55,Input Berkas,S5887F3D2C0F1FA3A,Normal,Normal
8492,2025-07-24 08:34:43,29,Lihat Perkara,S668A631FE2F9D470,Normal,Normal
8493,2025-07-24 08:34:57,29,Cari Berkas,S668A631FE2F9D470,Normal,Normal
8494,2025-07-24 08:36:11,55,Verifikasi,S5887F3D2C0F1FA3A,Normal,Normal
8495,2025-07-24 08:36:33,55,Logout,S5887F3D2C0F1FA3A,Normal,Normal
8496,2025-07-24 08:37:14,29,Logout,S668A631FE2F9D470,Normal,Normal
8497,2025-07-24 08:43:36,45,Login,SB801EE08E20F50FD,Normal,Normal
8498,2025-07-24 08:44:41,45,Lihat Perkara,SB801EE08E20F50FD,Normal,Normal
8499,2025-07-24 08:47:16,45,Cari Berkas,SB801EE08E20F50FD,Normal,Normal
8500,2025-07-24 08:47:54,45,Logout,SB801EE08E20F50FD,Normal,Normal
8501,2025-07-24 10:59:48,21,Login,SA1D280A21038F8E4,Normal,Normal
8502,2025-07-24 11:01:25,21,Lihat Perkara,SA1D280A21038F8E4,Normal,Normal
8503,2025-07-24 11:03:19,21,Cari Berkas,SA1D280A21038F8E4,Normal,Normal
8504,2025-07-24 11:04:39,21,Logout,SA1D280A21038F8E4,Normal,Normal
8509,2025-07-24 13:00:01,83,Login,SF92F34B44359CE40,Normal,Normal
8510,2025-07-24 13:01:44,83,Lihat Perkara,SF92F34B44359CE40,Normal,Normal
8511,2025-07-24 13:02:07,83,Cari Berkas,SF92F34B44359CE40,Normal,Normal
8512,2025-07-24 13:04:02,83,Logout,SF92F34B44359CE40,Normal,Normal
8513,2025-07-24 13:21:31,8,Login,S149F25E36B19B289,Normal,Normal
8514,2025-07-24 13:23:59,8,Lihat Perkara,S149F25E36B19B289,Normal,Normal
8515,2025-07-24 13:24:30,8,Cari Berkas,S149F25E36B19B289,Normal,Normal
8516,2025-07-24 13:25:09,46,Login,SD985084A5BB412AE,Normal,Normal
8517,2025-07-24 13:25:16,8,Logout,S149F25E36B19B289,Normal,Normal
8518,2025-07-24 13:26:26,46,Lihat Perkara,SD985084A5BB412AE,Normal,Normal
8519,2025-07-24 13:26:36,46,Cari Berkas,SD985084A5BB412AE,Normal,Normal
8520,2025-07-24 13:27:48,46,Logout,SD985084A5BB412AE,Normal,Normal
8521,2025-07-24 15:36:40,54,Login,S7764A45490389363,Normal,Normal
8522,2025-07-24 15:39:26,54,Lihat Perkara,S7764A45490389363,ip_berubah,Low
8523,2025-07-24 15:42:05,54,Lihat Berkas,S7764A45490389363,Normal,Normal
8524,2025-07-24 15:44:27,54,Input Berkas,S7764A45490389363,device_berubah,Low
8525,2025-07-24 15:46:32,54,Verifikasi,S7764A45490389363,Normal,Normal
8526,2025-07-24 15:47:29,54,Logout,S7764A45490389363,Normal,Normal
8527,2025-07-24 16:24:23,85,Lihat Perkara,S7A3AC4CCBC1C1AE9,Normal,Normal
8528,2025-07-24 16:26:39,85,Lihat Berkas,S7A3AC4CCBC1C1AE9,Normal,Normal
8529,2025-07-24 16:28:44,85,Input Berkas,S7A3AC4CCBC1C1AE9,Normal,Normal
8530,2025-07-24 16:31:30,85,Verifikasi,S7A3AC4CCBC1C1AE9,Normal,Normal
8531,2025-07-24 16:32:27,85,Logout,S7A3AC4CCBC1C1AE9,Normal,Normal
8532,2025-07-24 16:58:59,49,Login,SF0F463A9CED36E66,Normal,Normal
8533,2025-07-24 17:01:41,49,Lihat Perkara,SF0F463A9CED36E66,Normal,Normal
8534,2025-07-24 17:04:32,49,Cari Berkas,SF0F463A9CED36E66,Normal,Normal
8535,2025-07-24 17:06:27,49,Logout,SF0F463A9CED36E66,Normal,Normal
8536,2025-07-25 03:23:51,40,Login,S0C85823847469FB7,login_luar_jam,Low
8546,2025-07-25 08:00:17,57,Login,S4D862412AE8CC97B,Normal,Normal
8547,2025-07-25 08:03:08,57,Lihat Perkara,S4D862412AE8CC97B,Normal,Normal
8549,2025-07-25 08:06:03,57,Cari Berkas,S4D862412AE8CC97B,ip_berubah,Low
8550,2025-07-25 08:06:36,57,Logout,S4D862412AE8CC97B,Normal,Normal
8553,2025-07-25 10:06:13,60,Login,SA3565DD0ED88EE88,Normal,Normal
8554,2025-07-25 10:09:09,60,Lihat Perkara,SA3565DD0ED88EE88,Normal,Normal
8555,2025-07-25 10:10:56,60,Cari Berkas,SA3565DD0ED88EE88,Normal,Normal
8556,2025-07-25 10:13:44,60,Logout,SA3565DD0ED88EE88,Normal,Normal
8557,2025-07-25 10:42:42,28,Login,SBCAC62093F72DFA4,Normal,Normal
8558,2025-07-25 10:43:05,28,Lihat Perkara,SBCAC62093F72DFA4,Normal,Normal
8559,2025-07-25 10:43:23,28,Cari Berkas,SBCAC62093F72DFA4,Normal,Normal
8560,2025-07-25 10:45:05,28,Logout,SBCAC62093F72DFA4,Normal,Normal
8561,2025-07-25 11:24:20,56,Login,S90E408A65A3B73BA,Normal,Normal
8562,2025-07-25 11:26:23,56,Lihat Perkara,S90E408A65A3B73BA,Normal,Normal
8563,2025-07-25 11:27:48,56,Cari Berkas,S90E408A65A3B73BA,Normal,Normal
8564,2025-07-25 11:28:50,56,Logout,S90E408A65A3B73BA,Normal,Normal
8565,2025-07-25 11:33:15,64,Login,S81D4186F8A7A59D0,Normal,Normal
8566,2025-07-25 11:36:04,64,Lihat Perkara,S81D4186F8A7A59D0,Normal,Normal
8567,2025-07-25 11:38:41,64,Cari Berkas,S81D4186F8A7A59D0,Normal,Normal
8568,2025-07-25 11:39:46,64,Logout,S81D4186F8A7A59D0,Normal,Normal
8573,2025-07-25 11:53:00,57,Login,S741AA26DCBCAFBDB,Normal,Normal
8574,2025-07-25 11:55:52,57,Lihat Perkara,S741AA26DCBCAFBDB,Normal,Normal
8575,2025-07-25 11:57:27,57,Cari Berkas,S741AA26DCBCAFBDB,Normal,Normal
8576,2025-07-25 11:58:28,57,Logout,S741AA26DCBCAFBDB,Normal,Normal
8577,2025-07-25 12:25:40,40,Lihat Perkara,S0C85823847469FB7,Normal,Normal
8578,2025-07-25 12:28:03,40,Cari Berkas,S0C85823847469FB7,device_berubah,Low
8579,2025-07-25 12:30:00,40,Logout,S0C85823847469FB7,Normal,Normal
8589,2025-07-25 14:26:12,37,Login,S28BBECFBDD69A596,Normal,Normal
8590,2025-07-25 14:27:52,37,Lihat Perkara,S28BBECFBDD69A596,Normal,Normal
8591,2025-07-25 14:28:57,37,Cari Berkas,S28BBECFBDD69A596,device_berubah,Low
8592,2025-07-25 14:30:54,37,Logout,S28BBECFBDD69A596,Normal,Normal
8593,2025-07-25 15:03:38,24,Login,SDD43FB548B8961FA,Normal,Normal
8594,2025-07-25 15:03:55,24,Lihat Perkara,SDD43FB548B8961FA,Normal,Normal
8595,2025-07-25 15:05:49,24,Cari Berkas,SDD43FB548B8961FA,Normal,Normal
8596,2025-07-25 15:07:39,24,Logout,SDD43FB548B8961FA,Normal,Normal
8598,2025-07-26 07:40:25,74,Login,S218D052048CC32C6,Normal,Normal
8599,2025-07-26 07:42:51,74,Lihat Perkara,S218D052048CC32C6,Normal,Normal
8600,2025-07-26 07:45:16,74,Cari Berkas,S218D052048CC32C6,Normal,Normal
8601,2025-07-26 07:45:36,74,Logout,S218D052048CC32C6,Normal,Normal
8602,2025-07-26 08:00:24,68,Login,SC32107880173C12E,Normal,Normal
8603,2025-07-26 08:02:18,68,Lihat Perkara,SC32107880173C12E,Normal,Normal
8604,2025-07-26 08:03:58,68,Cari Berkas,SC32107880173C12E,Normal,Normal
8605,2025-07-26 08:06:53,68,Logout,SC32107880173C12E,Normal,Normal
8610,2025-07-26 08:51:13,64,Login,SADC77C49C2806FD5,ip_berubah,Low
8611,2025-07-26 08:53:54,64,Lihat Perkara,SADC77C49C2806FD5,Normal,Normal
8612,2025-07-26 08:56:36,64,Cari Berkas,SADC77C49C2806FD5,Normal,Normal
8613,2025-07-26 08:58:17,64,Logout,SADC77C49C2806FD5,Normal,Normal
8614,2025-07-26 10:15:45,50,Login,SB5D981F612E6F372,Normal,Normal
8615,2025-07-26 10:18:26,50,Lihat Perkara,SB5D981F612E6F372,device_berubah,Low
8616,2025-07-26 10:20:56,50,Cari Berkas,SB5D981F612E6F372,Normal,Normal
8617,2025-07-26 10:23:55,50,Logout,SB5D981F612E6F372,Normal,Normal
8618,2025-07-26 11:27:36,34,Login,SB8F91075A08145D2,Normal,Normal
8619,2025-07-26 11:27:54,34,Lihat Perkara,SB8F91075A08145D2,Normal,Normal
8620,2025-07-26 11:28:34,34,Cari Berkas,SB8F91075A08145D2,Normal,Normal
8621,2025-07-26 11:29:45,34,Logout,SB8F91075A08145D2,Normal,Normal
8626,2025-07-26 14:13:05,18,Login,S40BBBCF39C2BB25F,Normal,Normal
8627,2025-07-26 14:14:48,18,Lihat Perkara,S40BBBCF39C2BB25F,Normal,Normal
8628,2025-07-26 14:16:08,18,Cari Berkas,S40BBBCF39C2BB25F,Normal,Normal
8629,2025-07-26 14:18:43,18,Logout,S40BBBCF39C2BB25F,Normal,Normal
8633,2025-07-27 02:10:49,19,Login,SDAF6009939DD843F,login_luar_jam,Low
8648,2025-07-27 13:01:15,32,Login,SB60D229A9AE2A397,Normal,Normal
8649,2025-07-27 13:02:22,32,Lihat Perkara,SB60D229A9AE2A397,Normal,Normal
8650,2025-07-27 13:03:18,32,Cari Berkas,SB60D229A9AE2A397,Normal,Normal
8651,2025-07-27 13:05:50,32,Logout,SB60D229A9AE2A397,Normal,Normal
8652,2025-07-27 13:56:26,62,Login,SCC86AC854212173F,Normal,Normal
8653,2025-07-27 13:57:09,62,Lihat Perkara,SCC86AC854212173F,Normal,Normal
8654,2025-07-27 14:00:01,62,Cari Berkas,SCC86AC854212173F,Normal,Normal
8655,2025-07-27 14:00:58,62,Logout,SCC86AC854212173F,Normal,Normal
8663,2025-07-27 16:13:20,19,Lihat Perkara,SDAF6009939DD843F,Normal,Normal
8664,2025-07-27 16:15:53,19,Cari Berkas,SDAF6009939DD843F,Normal,Normal
8665,2025-07-27 16:17:15,19,Logout,SDAF6009939DD843F,Normal,Normal
8666,2025-07-27 16:58:05,28,Login,SC347847B921ABDC9,Normal,Normal
8667,2025-07-27 16:58:27,28,Lihat Perkara,SC347847B921ABDC9,Normal,Normal
8668,2025-07-27 16:59:50,28,Cari Berkas,SC347847B921ABDC9,Normal,Normal
8669,2025-07-27 17:01:31,28,Logout,SC347847B921ABDC9,Normal,Normal
8671,2025-07-28 08:52:49,86,Login,S832F52C48E0370CF,Normal,Normal
8672,2025-07-28 08:53:05,86,Lihat Perkara,S832F52C48E0370CF,Normal,Normal
8673,2025-07-28 08:53:37,86,Cari Berkas,S832F52C48E0370CF,Normal,Normal
8674,2025-07-28 08:55:17,86,Logout,S832F52C48E0370CF,Normal,Normal
8675,2025-07-28 09:48:48,60,Login,S8F5486B7C7B5B2BC,Normal,Normal
8676,2025-07-28 09:49:58,60,Lihat Perkara,S8F5486B7C7B5B2BC,Normal,Normal
8677,2025-07-28 09:50:49,60,Cari Berkas,S8F5486B7C7B5B2BC,Normal,Normal
8678,2025-07-28 09:51:44,60,Logout,S8F5486B7C7B5B2BC,Normal,Normal
8682,2025-07-28 10:27:58,46,Login,S7914C120C8DCD19F,aktivitas_terlalu_cepat,Medium
8683,2025-07-28 10:28:32,46,Lihat Perkara,S7914C120C8DCD19F,aktivitas_terlalu_cepat,Medium
8684,2025-07-28 10:29:06,46,Cari Berkas,S7914C120C8DCD19F,Normal,Normal
8685,2025-07-28 10:32:04,46,Logout,S7914C120C8DCD19F,Normal,Normal
8686,2025-07-28 10:48:08,41,Login,SB92C22846641BA88,Normal,Normal
8687,2025-07-28 10:49:07,41,Lihat Perkara,SB92C22846641BA88,Normal,Normal
8688,2025-07-28 10:49:51,41,Cari Berkas,SB92C22846641BA88,Normal,Normal
8689,2025-07-28 10:52:07,41,Logout,SB92C22846641BA88,Normal,Normal
8690,2025-07-28 13:07:15,22,Login,SFAA01764C657C1B8,Normal,Normal
8691,2025-07-28 13:08:25,22,Lihat Perkara,SFAA01764C657C1B8,Normal,Normal
8692,2025-07-28 13:09:26,22,Cari Berkas,SFAA01764C657C1B8,Normal,Normal
8693,2025-07-28 13:11:11,22,Logout,SFAA01764C657C1B8,Normal,Normal
8694,2025-07-28 13:28:24,43,Login,S9CF5FE1644AA1EA7,Normal,Normal
8695,2025-07-28 13:29:55,43,Lihat Perkara,S9CF5FE1644AA1EA7,Normal,Normal
8696,2025-07-28 13:30:23,43,Cari Berkas,S9CF5FE1644AA1EA7,Normal,Normal
8697,2025-07-28 13:32:04,43,Logout,S9CF5FE1644AA1EA7,Normal,Normal
8698,2025-07-28 13:48:25,20,Login,S716727B8BBFD4A02,Normal,Normal
8699,2025-07-28 13:48:59,20,Lihat Perkara,S716727B8BBFD4A02,Normal,Normal
8700,2025-07-28 13:50:06,20,Cari Berkas,S716727B8BBFD4A02,Normal,Normal
8701,2025-07-28 13:51:11,20,Logout,S716727B8BBFD4A02,Normal,Normal
8702,2025-07-28 15:49:09,42,Login,SD2EFA93BE9D6BB7E,aktivitas_terlalu_cepat,Medium
8703,2025-07-28 15:51:31,42,Lihat Perkara,SD2EFA93BE9D6BB7E,Normal,Normal
8704,2025-07-28 15:53:16,42,Cari Berkas,SD2EFA93BE9D6BB7E,Normal,Normal
8705,2025-07-28 15:53:40,42,Logout,SD2EFA93BE9D6BB7E,Normal,Normal
8706,2025-07-29 10:31:16,28,Login,SC3580E4C35651761,Normal,Normal
8707,2025-07-29 10:33:06,28,Lihat Perkara,SC3580E4C35651761,Normal,Normal
8708,2025-07-29 10:34:42,28,Cari Berkas,SC3580E4C35651761,Normal,Normal
8709,2025-07-29 10:37:19,28,Logout,SC3580E4C35651761,Normal,Normal
8710,2025-07-29 10:56:39,34,Login,S8F00CF3BA98635AB,Normal,Normal
8711,2025-07-29 10:58:14,34,Lihat Perkara,S8F00CF3BA98635AB,peminjaman_massal,High
8712,2025-07-29 11:00:41,34,Cari Berkas,S8F00CF3BA98635AB,Normal,Normal
8713,2025-07-29 11:01:51,34,Logout,S8F00CF3BA98635AB,Normal,Normal
8726,2025-07-29 14:00:34,47,Login,S42D80ADD5354F30F,Normal,Normal
8727,2025-07-29 14:01:23,47,Lihat Perkara,S42D80ADD5354F30F,Normal,Normal
8728,2025-07-29 14:03:07,47,Cari Berkas,S42D80ADD5354F30F,Normal,Normal
8729,2025-07-29 14:05:09,47,Logout,S42D80ADD5354F30F,Normal,Normal
8731,2025-07-30 06:09:19,85,Login,S7A9AB477943546C9,login_luar_jam,Low
8735,2025-07-30 07:47:40,44,Login,SC68A152FDB23AA8C,Normal,Normal
8736,2025-07-30 07:49:11,44,Lihat Perkara,SC68A152FDB23AA8C,Normal,Normal
8737,2025-07-30 07:51:22,44,Cari Berkas,SC68A152FDB23AA8C,Normal,Normal
8738,2025-07-30 07:53:09,44,Logout,SC68A152FDB23AA8C,Normal,Normal
8743,2025-07-30 10:26:06,72,Login,S8D6EB73F2C0EF6CF,Normal,Normal
8744,2025-07-30 10:28:46,72,Lihat Perkara,S8D6EB73F2C0EF6CF,Normal,Normal
8745,2025-07-30 10:30:00,72,Cari Berkas,S8D6EB73F2C0EF6CF,Normal,Normal
8746,2025-07-30 10:30:56,72,Logout,S8D6EB73F2C0EF6CF,Normal,Normal
8751,2025-07-30 10:58:30,29,Login,S52949FBD12431159,Normal,Normal
8752,2025-07-30 10:58:50,29,Lihat Perkara,S52949FBD12431159,Normal,Normal
8753,2025-07-30 10:59:38,29,Cari Berkas,S52949FBD12431159,Normal,Normal
8754,2025-07-30 11:02:19,29,Logout,S52949FBD12431159,Normal,Normal
8755,2025-07-30 11:10:30,85,Lihat Perkara,S7A9AB477943546C9,Normal,Normal
8756,2025-07-30 11:10:51,85,Lihat Berkas,S7A9AB477943546C9,Normal,Normal
8757,2025-07-30 11:11:33,85,Input Berkas,S7A9AB477943546C9,Normal,Normal
8758,2025-07-30 11:12:33,85,Verifikasi,S7A9AB477943546C9,Normal,Normal
8759,2025-07-30 11:12:45,85,Logout,S7A9AB477943546C9,Normal,Normal
8760,2025-07-30 12:09:26,57,Login,SDC239CA9D5186AD4,Normal,Normal
8761,2025-07-30 12:11:01,57,Lihat Perkara,SDC239CA9D5186AD4,Normal,Normal
8762,2025-07-30 12:11:43,57,Cari Berkas,SDC239CA9D5186AD4,Normal,Normal
8763,2025-07-30 12:12:48,57,Logout,SDC239CA9D5186AD4,durasi_tidak_wajar,Medium
8764,2025-07-30 15:19:40,24,Login,S315F190D46C7669F,Normal,Normal
8765,2025-07-30 15:20:54,24,Lihat Perkara,S315F190D46C7669F,Normal,Normal
8766,2025-07-30 15:22:32,24,Cari Berkas,S315F190D46C7669F,Normal,Normal
8767,2025-07-30 15:24:38,24,Logout,S315F190D46C7669F,Normal,Normal
8772,2025-07-30 16:31:31,69,Login,S665831E13778AD37,Normal,Normal
8773,2025-07-30 16:32:42,69,Lihat Perkara,S665831E13778AD37,Normal,Normal
8774,2025-07-30 16:34:48,77,Login,S281A20A3F176EB90,Normal,Normal
8775,2025-07-30 16:34:54,69,Cari Berkas,S665831E13778AD37,Normal,Normal
8776,2025-07-30 16:36:33,69,Logout,S665831E13778AD37,Normal,Normal
8777,2025-07-30 16:37:48,77,Lihat Perkara,S281A20A3F176EB90,Normal,Normal
8778,2025-07-30 16:39:17,77,Cari Berkas,S281A20A3F176EB90,durasi_tidak_wajar,Medium
8779,2025-07-30 16:41:34,77,Logout,S281A20A3F176EB90,Normal,Normal
8780,2025-07-31 00:36:13,75,Login,S1D95CDEAC417FE56,login_luar_jam,Low
8781,2025-07-31 04:17:31,84,Login,SE9DCBDD18E47FB7D,login_luar_jam,Low
8782,2025-07-31 08:33:08,49,Login,S24446C8DBC0C025C,Normal,Normal
8783,2025-07-31 08:33:12,80,Login,SF4A04EF107A3FE5D,Normal,Normal
8784,2025-07-31 08:35:34,49,Lihat Perkara,S24446C8DBC0C025C,Normal,Normal
8785,2025-07-31 08:36:11,80,Lihat Perkara,SF4A04EF107A3FE5D,Normal,Normal
8786,2025-07-31 08:36:54,49,Cari Berkas,S24446C8DBC0C025C,Normal,Normal
8787,2025-07-31 08:38:28,49,Logout,S24446C8DBC0C025C,Normal,Normal
8788,2025-07-31 08:38:48,80,Cari Berkas,SF4A04EF107A3FE5D,Normal,Normal
8789,2025-07-31 08:39:02,75,Lihat Perkara,S1D95CDEAC417FE56,Normal,Normal
8790,2025-07-31 08:41:23,75,Cari Berkas,S1D95CDEAC417FE56,Normal,Normal
8791,2025-07-31 08:41:30,80,Logout,SF4A04EF107A3FE5D,Normal,Normal
8792,2025-07-31 08:42:09,75,Logout,S1D95CDEAC417FE56,Normal,Normal
8793,2025-07-31 08:47:50,27,Login,S2FB49586EAB6F29D,Normal,Normal
8794,2025-07-31 08:48:55,27,Lihat Perkara,S2FB49586EAB6F29D,Normal,Normal
8795,2025-07-31 08:51:30,27,Cari Berkas,S2FB49586EAB6F29D,Normal,Normal
8796,2025-07-31 08:53:13,27,Logout,S2FB49586EAB6F29D,peminjaman_massal,High
8797,2025-07-31 08:55:38,56,Login,S42ACDBBBD328BB73,Normal,Normal
8798,2025-07-31 08:58:27,56,Lihat Perkara,S42ACDBBBD328BB73,Normal,Normal
8799,2025-07-31 09:01:10,56,Cari Berkas,S42ACDBBBD328BB73,Normal,Normal
8800,2025-07-31 09:02:06,56,Logout,S42ACDBBBD328BB73,Normal,Normal
8807,2025-07-31 09:30:22,26,Login,S99D9690617BC399C,Normal,Normal
8808,2025-07-31 09:31:10,26,Lihat Perkara,S99D9690617BC399C,Normal,Normal
8809,2025-07-31 09:31:32,79,Login,SFC26E00BAA8BDAFB,Normal,Normal
8810,2025-07-31 09:33:27,26,Cari Berkas,S99D9690617BC399C,Normal,Normal
8811,2025-07-31 09:34:15,26,Logout,S99D9690617BC399C,Normal,Normal
8812,2025-07-31 09:34:31,79,Lihat Perkara,SFC26E00BAA8BDAFB,Normal,Normal
8813,2025-07-31 09:34:58,79,Cari Berkas,SFC26E00BAA8BDAFB,Normal,Normal
8814,2025-07-31 09:37:31,79,Logout,SFC26E00BAA8BDAFB,Normal,Normal
8815,2025-07-31 13:34:25,71,Login,SD9C5C0C4EECA7105,Normal,Normal
8816,2025-07-31 13:36:03,71,Lihat Perkara,SD9C5C0C4EECA7105,Normal,Normal
8817,2025-07-31 13:37:43,71,Cari Berkas,SD9C5C0C4EECA7105,Normal,Normal
8818,2025-07-31 13:40:26,71,Logout,SD9C5C0C4EECA7105,Normal,Normal
8823,2025-07-31 16:12:37,62,Login,SAEA4B7D6155FA2F4,Normal,Normal
8824,2025-07-31 16:14:42,62,Lihat Perkara,SAEA4B7D6155FA2F4,Normal,Normal
8825,2025-07-31 16:15:59,62,Cari Berkas,SAEA4B7D6155FA2F4,Normal,Normal
8826,2025-07-31 16:16:19,62,Logout,SAEA4B7D6155FA2F4,Normal,Normal
8827,2025-07-31 16:18:45,84,Dashboard,SE9DCBDD18E47FB7D,durasi_tidak_wajar,Medium
8828,2025-07-31 16:19:57,84,Kelola User,SE9DCBDD18E47FB7D,Normal,Normal
8829,2025-07-31 16:20:10,84,Kelola Kode Klasifikasi,SE9DCBDD18E47FB7D,Normal,Normal
8830,2025-07-31 16:20:58,84,Logout,SE9DCBDD18E47FB7D,Normal,Normal
8831,2025-08-01 07:03:21,30,Login,SB98B06F3F5DAB6FE,Normal,Normal
8832,2025-08-01 07:06:09,30,Lihat Perkara,SB98B06F3F5DAB6FE,Normal,Normal
8833,2025-08-01 07:07:13,30,Cari Berkas,SB98B06F3F5DAB6FE,Normal,Normal
8834,2025-08-01 07:09:03,30,Logout,SB98B06F3F5DAB6FE,device_berubah,Low
8843,2025-08-01 08:24:28,6,Login,S0005A7CBFB9A7406,Normal,Normal
8844,2025-08-01 08:25:31,6,Lihat Perkara,S0005A7CBFB9A7406,Normal,Normal
8845,2025-08-01 08:27:55,6,Lihat Berkas,S0005A7CBFB9A7406,Normal,Normal
8846,2025-08-01 08:29:42,6,Input Berkas,S0005A7CBFB9A7406,ip_berubah,Low
8847,2025-08-01 08:31:17,6,Verifikasi,S0005A7CBFB9A7406,Normal,Normal
8848,2025-08-01 08:32:36,6,Logout,S0005A7CBFB9A7406,Normal,Normal
8849,2025-08-01 13:43:07,22,Login,S8EDA64335C65A65C,Normal,Normal
8850,2025-08-01 13:43:31,22,Lihat Perkara,S8EDA64335C65A65C,Normal,Normal
8851,2025-08-01 13:46:18,22,Cari Berkas,S8EDA64335C65A65C,Normal,Normal
8852,2025-08-01 13:47:36,22,Logout,S8EDA64335C65A65C,Normal,Normal
8853,2025-08-01 15:11:05,28,Login,S8625935FC734A5B4,Normal,Normal
8854,2025-08-01 15:13:03,28,Lihat Perkara,S8625935FC734A5B4,Normal,Normal
8855,2025-08-01 15:15:11,28,Cari Berkas,S8625935FC734A5B4,Normal,Normal
8856,2025-08-01 15:16:32,28,Logout,S8625935FC734A5B4,Normal,Normal
8862,2025-08-02 07:19:08,37,Login,S5B5CD6C54B11C181,Normal,Normal
8863,2025-08-02 07:21:12,37,Lihat Perkara,S5B5CD6C54B11C181,Normal,Normal
8864,2025-08-02 07:22:45,37,Cari Berkas,S5B5CD6C54B11C181,aktivitas_terlalu_cepat,Medium
8865,2025-08-02 07:24:11,37,Logout,S5B5CD6C54B11C181,Normal,Normal
8866,2025-08-02 10:23:39,72,Login,S5A32DD3FA4C661C2,Normal,Normal
8867,2025-08-02 10:26:25,72,Lihat Perkara,S5A32DD3FA4C661C2,Normal,Normal
8868,2025-08-02 10:27:40,72,Cari Berkas,S5A32DD3FA4C661C2,Normal,Normal
8869,2025-08-02 10:28:40,72,Logout,S5A32DD3FA4C661C2,Normal,Normal
8870,2025-08-02 11:07:12,65,Login,S71FCA1D0CF527CB5,Normal,Normal
8871,2025-08-02 11:10:06,65,Lihat Perkara,S71FCA1D0CF527CB5,Normal,Normal
8872,2025-08-02 11:10:41,65,Cari Berkas,S71FCA1D0CF527CB5,Normal,Normal
8873,2025-08-02 11:11:13,65,Logout,S71FCA1D0CF527CB5,Normal,Normal
8874,2025-08-02 12:35:05,58,Login,S0E197C8627176819,Normal,Normal
8875,2025-08-02 12:35:36,58,Lihat Perkara,S0E197C8627176819,Normal,Normal
8876,2025-08-02 12:38:24,58,Cari Berkas,S0E197C8627176819,Normal,Normal
8877,2025-08-02 12:39:00,58,Logout,S0E197C8627176819,Normal,Normal
8878,2025-08-02 13:35:58,19,Login,S727FC72BD2AD4CF7,Normal,Normal
8879,2025-08-02 13:37:30,19,Lihat Perkara,S727FC72BD2AD4CF7,Normal,Normal
8880,2025-08-02 13:39:37,19,Cari Berkas,S727FC72BD2AD4CF7,Normal,Normal
8881,2025-08-02 13:40:44,19,Logout,S727FC72BD2AD4CF7,Normal,Normal
8882,2025-08-02 15:58:56,8,Login,S69350830619E8E10,Normal,Normal
8883,2025-08-02 15:59:21,8,Lihat Perkara,S69350830619E8E10,Normal,Normal
8884,2025-08-02 16:02:16,8,Cari Berkas,S69350830619E8E10,Normal,Normal
8885,2025-08-02 16:05:15,8,Logout,S69350830619E8E10,Normal,Normal
8886,2025-08-02 16:38:53,86,Login,SF7C0D5F769A53B4F,Normal,Normal
8887,2025-08-02 16:39:37,86,Lihat Perkara,SF7C0D5F769A53B4F,Normal,Normal
8888,2025-08-02 16:41:26,86,Cari Berkas,SF7C0D5F769A53B4F,Normal,Normal
8889,2025-08-02 16:42:38,86,Logout,SF7C0D5F769A53B4F,ip_berubah,Low
8890,2025-08-03 00:47:38,49,Login,SF1D64FC9E69467D0,login_luar_jam,Low
8891,2025-08-03 00:51:26,50,Login,S76199D0B8377E0DE,login_luar_jam,Low
8892,2025-08-03 03:25:19,80,Login,SA30CE666D36E7CCA,login_luar_jam,Low
8893,2025-08-03 05:36:51,64,Login,SA731D6F394853923,login_luar_jam,Low
8894,2025-08-03 07:26:16,80,Lihat Perkara,SA30CE666D36E7CCA,Normal,Normal
8895,2025-08-03 07:28:45,80,Cari Berkas,SA30CE666D36E7CCA,Normal,Normal
8896,2025-08-03 07:29:27,80,Logout,SA30CE666D36E7CCA,Normal,Normal
8897,2025-08-03 07:54:15,50,Lihat Perkara,S76199D0B8377E0DE,Normal,Normal
8898,2025-08-03 07:56:10,50,Cari Berkas,S76199D0B8377E0DE,device_berubah,Low
8899,2025-08-03 07:58:15,50,Logout,S76199D0B8377E0DE,Normal,Normal
8900,2025-08-03 12:05:45,86,Login,S5ED73AE0FC415175,aktivitas_terlalu_cepat,Medium
8901,2025-08-03 12:08:20,86,Lihat Perkara,S5ED73AE0FC415175,Normal,Normal
8902,2025-08-03 12:08:43,86,Cari Berkas,S5ED73AE0FC415175,Normal,Normal
8903,2025-08-03 12:09:22,86,Logout,S5ED73AE0FC415175,Normal,Normal
8904,2025-08-03 12:50:04,49,Lihat Perkara,SF1D64FC9E69467D0,Normal,Normal
8905,2025-08-03 12:50:34,49,Cari Berkas,SF1D64FC9E69467D0,Normal,Normal
8906,2025-08-03 12:52:13,49,Logout,SF1D64FC9E69467D0,Normal,Normal
8907,2025-08-03 12:58:56,57,Login,S4CB4A7F69DB8EF7E,Normal,Normal
8908,2025-08-03 12:59:47,57,Lihat Perkara,S4CB4A7F69DB8EF7E,Normal,Normal
8909,2025-08-03 13:00:23,57,Cari Berkas,S4CB4A7F69DB8EF7E,Normal,Normal
8910,2025-08-03 13:02:29,57,Logout,S4CB4A7F69DB8EF7E,Normal,Normal
8911,2025-08-03 13:49:52,24,Login,SAFF5477435D5F4E5,Normal,Normal
8912,2025-08-03 13:51:22,24,Lihat Perkara,SAFF5477435D5F4E5,Normal,Normal
8913,2025-08-03 13:54:14,24,Cari Berkas,SAFF5477435D5F4E5,Normal,Normal
8914,2025-08-03 13:56:19,24,Logout,SAFF5477435D5F4E5,device_berubah,Low
8915,2025-08-03 14:38:46,64,Lihat Perkara,SA731D6F394853923,Normal,Normal
8916,2025-08-03 14:39:44,64,Cari Berkas,SA731D6F394853923,Normal,Normal
8917,2025-08-03 14:42:36,64,Logout,SA731D6F394853923,Normal,Normal
8918,2025-08-03 15:20:13,85,Login,S4A5A4355D456D1C7,Normal,Normal
8919,2025-08-03 15:22:54,85,Lihat Perkara,S4A5A4355D456D1C7,aktivitas_terlalu_cepat,Medium
8920,2025-08-03 15:25:47,85,Lihat Berkas,S4A5A4355D456D1C7,Normal,Normal
8921,2025-08-03 15:26:10,85,Input Berkas,S4A5A4355D456D1C7,Normal,Normal
8922,2025-08-03 15:26:41,85,Verifikasi,S4A5A4355D456D1C7,Normal,Normal
8923,2025-08-03 15:29:39,85,Logout,S4A5A4355D456D1C7,Normal,Normal
8925,2025-08-04 07:21:31,75,Login,S4306A29FD0BC2436,Normal,Normal
8926,2025-08-04 07:22:21,75,Lihat Perkara,S4306A29FD0BC2436,Normal,Normal
8927,2025-08-04 07:22:47,75,Cari Berkas,S4306A29FD0BC2436,Normal,Normal
8928,2025-08-04 07:24:00,75,Logout,S4306A29FD0BC2436,Normal,Normal
8935,2025-08-04 12:11:59,50,Login,S1427135A4A934190,Normal,Normal
8936,2025-08-04 12:12:00,70,Login,S1B7C1A9E283D60F3,Normal,Normal
8938,2025-08-04 12:14:33,70,Lihat Perkara,S1B7C1A9E283D60F3,Normal,Normal
8939,2025-08-04 12:14:35,50,Lihat Perkara,S1427135A4A934190,Normal,Normal
8940,2025-08-04 12:15:45,70,Cari Berkas,S1B7C1A9E283D60F3,Normal,Normal
8941,2025-08-04 12:15:45,50,Cari Berkas,S1427135A4A934190,Normal,Normal
8942,2025-08-04 12:16:47,50,Logout,S1427135A4A934190,Normal,Normal
8943,2025-08-04 12:17:00,70,Logout,S1B7C1A9E283D60F3,Normal,Normal
8944,2025-08-04 14:36:16,41,Login,S67E2020EF11F1E97,Normal,Normal
8945,2025-08-04 14:38:23,41,Lihat Perkara,S67E2020EF11F1E97,Normal,Normal
8946,2025-08-04 14:40:28,41,Cari Berkas,S67E2020EF11F1E97,Normal,Normal
8947,2025-08-04 14:42:31,41,Logout,S67E2020EF11F1E97,Normal,Normal
8952,2025-08-04 16:00:03,69,Login,SBC6C5E7C496EF277,Normal,Normal
8953,2025-08-04 16:00:22,69,Lihat Perkara,SBC6C5E7C496EF277,Normal,Normal
8954,2025-08-04 16:03:18,69,Cari Berkas,SBC6C5E7C496EF277,Normal,Normal
8955,2025-08-04 16:05:02,69,Logout,SBC6C5E7C496EF277,Normal,Normal
8956,2025-08-04 16:35:33,64,Login,S94BA0D7C1567F88E,Normal,Normal
8957,2025-08-04 16:38:10,64,Lihat Perkara,S94BA0D7C1567F88E,Normal,Normal
8958,2025-08-04 16:39:16,64,Cari Berkas,S94BA0D7C1567F88E,Normal,Normal
8959,2025-08-04 16:39:48,64,Logout,S94BA0D7C1567F88E,Normal,Normal
8964,2025-08-05 12:38:10,45,Login,S5B92BBB6C8474127,Normal,Normal
8965,2025-08-05 12:39:29,45,Lihat Perkara,S5B92BBB6C8474127,Normal,Normal
8966,2025-08-05 12:42:27,45,Cari Berkas,S5B92BBB6C8474127,Normal,Normal
8967,2025-08-05 12:42:53,45,Logout,S5B92BBB6C8474127,Normal,Normal
8968,2025-08-05 12:58:38,80,Login,S933F7D2F1FBA1B1B,Normal,Normal
8969,2025-08-05 13:00:05,80,Lihat Perkara,S933F7D2F1FBA1B1B,Normal,Normal
8970,2025-08-05 13:01:22,80,Cari Berkas,S933F7D2F1FBA1B1B,Normal,Normal
8971,2025-08-05 13:03:40,80,Logout,S933F7D2F1FBA1B1B,Normal,Normal
8972,2025-08-05 13:44:01,46,Login,S7DEA2265F3D3E2C7,Normal,Normal
8973,2025-08-05 13:44:27,46,Lihat Perkara,S7DEA2265F3D3E2C7,Normal,Normal
8974,2025-08-05 13:45:00,46,Cari Berkas,S7DEA2265F3D3E2C7,Normal,Normal
8975,2025-08-05 13:47:22,46,Logout,S7DEA2265F3D3E2C7,Normal,Normal
8980,2025-08-06 00:54:02,60,Login,S612E73C7FB368CF4,login_luar_jam,Low
8981,2025-08-06 07:31:23,27,Login,SC0D57AD62C7E254B,Normal,Normal
8982,2025-08-06 07:33:44,27,Lihat Perkara,SC0D57AD62C7E254B,Normal,Normal
8983,2025-08-06 07:34:59,27,Cari Berkas,SC0D57AD62C7E254B,Normal,Normal
8984,2025-08-06 07:37:23,27,Logout,SC0D57AD62C7E254B,Normal,Normal
8989,2025-08-06 10:08:23,59,Login,S48F89E305F3969AD,Normal,Normal
8990,2025-08-06 10:09:36,59,Lihat Perkara,S48F89E305F3969AD,Normal,Normal
8991,2025-08-06 10:10:50,59,Cari Berkas,S48F89E305F3969AD,Normal,Normal
8992,2025-08-06 10:13:02,59,Logout,S48F89E305F3969AD,Normal,Normal
8993,2025-08-06 10:56:23,60,Lihat Perkara,S612E73C7FB368CF4,Normal,Normal
8994,2025-08-06 10:57:31,60,Cari Berkas,S612E73C7FB368CF4,Normal,Normal
8995,2025-08-06 10:59:25,60,Logout,S612E73C7FB368CF4,verifikasi_massal,High
8996,2025-08-06 11:10:32,25,Login,SCA9E90B614E1521C,Normal,Normal
8997,2025-08-06 11:11:27,25,Lihat Perkara,SCA9E90B614E1521C,Normal,Normal
8998,2025-08-06 11:14:00,25,Cari Berkas,SCA9E90B614E1521C,Normal,Normal
8999,2025-08-06 11:14:48,25,Logout,SCA9E90B614E1521C,Normal,Normal
9000,2025-08-06 11:47:08,35,Login,S74980CD9D9487C4D,Normal,Normal
9001,2025-08-06 11:48:52,35,Lihat Perkara,S74980CD9D9487C4D,aktivitas_terlalu_cepat,Medium
9002,2025-08-06 11:49:31,35,Cari Berkas,S74980CD9D9487C4D,Normal,Normal
9003,2025-08-06 11:50:29,35,Logout,S74980CD9D9487C4D,Normal,Normal
9008,2025-08-06 12:45:36,76,Login,SFD3420990D3014F1,Normal,Normal
9009,2025-08-06 12:48:02,76,Lihat Perkara,SFD3420990D3014F1,Normal,Normal
9010,2025-08-06 12:50:02,76,Cari Berkas,SFD3420990D3014F1,Normal,Normal
9011,2025-08-06 12:52:21,76,Logout,SFD3420990D3014F1,verifikasi_massal,High
9012,2025-08-06 14:41:59,55,Login,S8F6E1E3025D6AD40,Normal,Normal
9013,2025-08-06 14:44:38,55,Lihat Perkara,S8F6E1E3025D6AD40,Normal,Normal
9014,2025-08-06 14:45:41,55,Lihat Berkas,S8F6E1E3025D6AD40,Normal,Normal
9015,2025-08-06 14:46:47,55,Input Berkas,S8F6E1E3025D6AD40,Normal,Normal
9016,2025-08-06 14:48:32,55,Verifikasi,S8F6E1E3025D6AD40,Normal,Normal
9017,2025-08-06 14:49:04,55,Logout,S8F6E1E3025D6AD40,Normal,Normal
9018,2025-08-06 15:01:42,35,Login,S897209E13DE2C6DF,Normal,Normal
9019,2025-08-06 15:02:02,35,Lihat Perkara,S897209E13DE2C6DF,Normal,Normal
9020,2025-08-06 15:04:06,35,Cari Berkas,S897209E13DE2C6DF,Normal,Normal
9021,2025-08-06 15:06:17,35,Logout,S897209E13DE2C6DF,Normal,Normal
9030,2025-08-07 08:30:54,8,Login,S61A4B230C30DCC74,Normal,Normal
9031,2025-08-07 08:32:20,8,Lihat Perkara,S61A4B230C30DCC74,Normal,Normal
9032,2025-08-07 08:35:02,8,Cari Berkas,S61A4B230C30DCC74,Normal,Normal
9033,2025-08-07 08:37:29,8,Logout,S61A4B230C30DCC74,Normal,Normal
9037,2025-08-07 08:57:55,76,Login,S66D06371D8E88EBB,Normal,Normal
9039,2025-08-07 09:00:10,76,Lihat Perkara,S66D06371D8E88EBB,Normal,Normal
9040,2025-08-07 09:02:13,76,Cari Berkas,S66D06371D8E88EBB,Normal,Normal
9041,2025-08-07 09:02:41,76,Logout,S66D06371D8E88EBB,Normal,Normal
9048,2025-08-07 10:03:44,63,Login,SFB924354F34D4B13,Normal,Normal
9049,2025-08-07 10:04:08,63,Lihat Perkara,SFB924354F34D4B13,Normal,Normal
9050,2025-08-07 10:04:42,63,Cari Berkas,SFB924354F34D4B13,Normal,Normal
9051,2025-08-07 10:06:23,63,Logout,SFB924354F34D4B13,Normal,Normal
9064,2025-08-07 15:30:10,45,Login,S140296EE81E6935F,Normal,Normal
9065,2025-08-07 15:31:39,45,Lihat Perkara,S140296EE81E6935F,Normal,Normal
9066,2025-08-07 15:32:31,45,Cari Berkas,S140296EE81E6935F,Normal,Normal
9067,2025-08-07 15:33:31,45,Logout,S140296EE81E6935F,Normal,Normal
9072,2025-08-08 05:27:29,79,Login,SD417FF687C2FEBCE,login_luar_jam,Low
9073,2025-08-08 07:11:50,25,Login,S19B8350B6E5B005D,Normal,Normal
9074,2025-08-08 07:13:21,25,Lihat Perkara,S19B8350B6E5B005D,Normal,Normal
9075,2025-08-08 07:14:40,25,Cari Berkas,S19B8350B6E5B005D,Normal,Normal
9076,2025-08-08 07:15:51,25,Logout,S19B8350B6E5B005D,Normal,Normal
9077,2025-08-08 07:28:40,50,Login,S39E58FF092F837D4,Normal,Normal
9078,2025-08-08 07:31:25,50,Lihat Perkara,S39E58FF092F837D4,Normal,Normal
9079,2025-08-08 07:34:23,50,Cari Berkas,S39E58FF092F837D4,Normal,Normal
9080,2025-08-08 07:35:41,50,Logout,S39E58FF092F837D4,Normal,Normal
9085,2025-08-08 09:27:44,79,Lihat Perkara,SD417FF687C2FEBCE,Normal,Normal
9086,2025-08-08 09:30:28,79,Cari Berkas,SD417FF687C2FEBCE,Normal,Normal
9087,2025-08-08 09:31:26,79,Logout,SD417FF687C2FEBCE,Normal,Normal
9088,2025-08-08 10:24:49,77,Login,S4B688C40616CAB19,Normal,Normal
9089,2025-08-08 10:26:12,52,Login,SDAF93E99FC267DA6,Normal,Normal
9090,2025-08-08 10:26:39,52,Lihat Perkara,SDAF93E99FC267DA6,Normal,Normal
9091,2025-08-08 10:27:33,77,Lihat Perkara,S4B688C40616CAB19,Normal,Normal
9092,2025-08-08 10:28:01,77,Cari Berkas,S4B688C40616CAB19,Normal,Normal
9093,2025-08-08 10:28:50,52,Cari Berkas,SDAF93E99FC267DA6,Normal,Normal
9094,2025-08-08 10:29:12,77,Logout,S4B688C40616CAB19,Normal,Normal
9095,2025-08-08 10:30:34,52,Logout,SDAF93E99FC267DA6,Normal,Normal
9096,2025-08-08 11:00:07,65,Login,S7A0B5AF9DA38AAB5,Normal,Normal
9097,2025-08-08 11:02:10,65,Lihat Perkara,S7A0B5AF9DA38AAB5,Normal,Normal
9098,2025-08-08 11:03:01,65,Cari Berkas,S7A0B5AF9DA38AAB5,Normal,Normal
9099,2025-08-08 11:03:15,65,Logout,S7A0B5AF9DA38AAB5,Normal,Normal
9100,2025-08-08 11:14:28,73,Login,S6A62AFBCFFCE34B9,Normal,Normal
9101,2025-08-08 11:16:12,73,Lihat Perkara,S6A62AFBCFFCE34B9,Normal,Normal
9102,2025-08-08 11:16:54,73,Cari Berkas,S6A62AFBCFFCE34B9,Normal,Normal
9103,2025-08-08 11:17:25,73,Logout,S6A62AFBCFFCE34B9,Normal,Normal
9108,2025-08-08 11:37:56,19,Login,SF1CF851BAD0294A0,Normal,Normal
9109,2025-08-08 11:39:24,19,Lihat Perkara,SF1CF851BAD0294A0,Normal,Normal
9110,2025-08-08 11:42:21,19,Cari Berkas,SF1CF851BAD0294A0,Normal,Normal
9111,2025-08-08 11:44:05,19,Logout,SF1CF851BAD0294A0,peminjaman_massal,High
9112,2025-08-08 12:45:32,22,Login,SB55BA18409318013,durasi_tidak_wajar,Medium
9113,2025-08-08 12:46:51,22,Lihat Perkara,SB55BA18409318013,Normal,Normal
9114,2025-08-08 12:49:19,22,Cari Berkas,SB55BA18409318013,Normal,Normal
9115,2025-08-08 12:52:09,22,Logout,SB55BA18409318013,Normal,Normal
9116,2025-08-08 13:43:32,42,Login,SA2710F884171162D,Normal,Normal
9117,2025-08-08 13:45:14,42,Lihat Perkara,SA2710F884171162D,Normal,Normal
9118,2025-08-08 13:46:36,42,Cari Berkas,SA2710F884171162D,Normal,Normal
9119,2025-08-08 13:48:35,42,Logout,SA2710F884171162D,Normal,Normal
9120,2025-08-08 14:59:28,31,Login,S7278DE0872E6373A,ip_berubah,Low
9121,2025-08-08 15:00:52,31,Lihat Perkara,S7278DE0872E6373A,Normal,Normal
9122,2025-08-08 15:02:53,31,Cari Berkas,S7278DE0872E6373A,Normal,Normal
9123,2025-08-08 15:05:40,31,Logout,S7278DE0872E6373A,Normal,Normal
9124,2025-08-08 16:21:05,47,Login,S8E562FBE7A9DBEA0,Normal,Normal
9125,2025-08-08 16:23:02,47,Lihat Perkara,S8E562FBE7A9DBEA0,Normal,Normal
9126,2025-08-08 16:23:44,47,Cari Berkas,S8E562FBE7A9DBEA0,ip_berubah,Low
9127,2025-08-08 16:24:48,47,Logout,S8E562FBE7A9DBEA0,Normal,Normal
9128,2025-08-08 16:42:01,76,Login,S5C419100007A159E,Normal,Normal
9129,2025-08-08 16:44:59,76,Lihat Perkara,S5C419100007A159E,Normal,Normal
9130,2025-08-08 16:45:41,76,Cari Berkas,S5C419100007A159E,Normal,Normal
9131,2025-08-08 16:47:25,76,Logout,S5C419100007A159E,Normal,Normal
9132,2025-08-09 07:06:24,71,Login,S088B7879EFEE0434,Normal,Normal
9133,2025-08-09 07:08:07,71,Lihat Perkara,S088B7879EFEE0434,Normal,Normal
9134,2025-08-09 07:09:50,71,Cari Berkas,S088B7879EFEE0434,Normal,Normal
9135,2025-08-09 07:12:23,71,Logout,S088B7879EFEE0434,Normal,Normal
9140,2025-08-09 09:13:49,71,Login,S75A573FF46B55953,Normal,Normal
9141,2025-08-09 09:16:47,71,Lihat Perkara,S75A573FF46B55953,Normal,Normal
9142,2025-08-09 09:16:56,38,Login,SA12CD3BB57C51E39,Normal,Normal
9143,2025-08-09 09:17:17,71,Cari Berkas,S75A573FF46B55953,Normal,Normal
9144,2025-08-09 09:19:16,71,Logout,S75A573FF46B55953,Normal,Normal
9145,2025-08-09 09:19:22,38,Lihat Perkara,SA12CD3BB57C51E39,Normal,Normal
9146,2025-08-09 09:21:20,38,Cari Berkas,SA12CD3BB57C51E39,Normal,Normal
9147,2025-08-09 09:24:15,38,Logout,SA12CD3BB57C51E39,Normal,Normal
9152,2025-08-09 10:47:55,24,Login,SD6E816D30355363A,Normal,Normal
9153,2025-08-09 10:49:50,24,Lihat Perkara,SD6E816D30355363A,Normal,Normal
9154,2025-08-09 10:50:28,24,Cari Berkas,SD6E816D30355363A,Normal,Normal
9157,2025-08-09 10:53:24,24,Logout,SD6E816D30355363A,Normal,Normal
9162,2025-08-09 12:42:52,74,Login,SCF460215122533FD,Normal,Normal
9163,2025-08-09 12:43:05,74,Lihat Perkara,SCF460215122533FD,device_berubah,Low
9164,2025-08-09 12:43:16,74,Cari Berkas,SCF460215122533FD,Normal,Normal
9165,2025-08-09 12:45:29,74,Logout,SCF460215122533FD,Normal,Normal
9166,2025-08-09 13:08:19,47,Login,S3E6D48CE4CFF00D7,Normal,Normal
9167,2025-08-09 13:10:46,47,Lihat Perkara,S3E6D48CE4CFF00D7,Normal,Normal
9168,2025-08-09 13:11:04,47,Cari Berkas,S3E6D48CE4CFF00D7,Normal,Normal
9169,2025-08-09 13:12:45,47,Logout,S3E6D48CE4CFF00D7,Normal,Normal
9170,2025-08-09 14:20:45,46,Login,SB7696E0EC07C5F32,durasi_tidak_wajar,Medium
9171,2025-08-09 14:22:53,46,Lihat Perkara,SB7696E0EC07C5F32,Normal,Normal
9172,2025-08-09 14:25:19,46,Cari Berkas,SB7696E0EC07C5F32,Normal,Normal
9173,2025-08-09 14:27:54,46,Logout,SB7696E0EC07C5F32,Normal,Normal
9178,2025-08-10 02:56:11,63,Login,S5A881CA43B4D3447,login_luar_jam,Low
9179,2025-08-10 12:32:44,35,Login,S10C881792DC58521,Normal,Normal
9180,2025-08-10 12:33:18,35,Lihat Perkara,S10C881792DC58521,Normal,Normal
9181,2025-08-10 12:35:21,35,Cari Berkas,S10C881792DC58521,Normal,Normal
9182,2025-08-10 12:36:58,35,Logout,S10C881792DC58521,ip_berubah,Low
9183,2025-08-10 12:57:36,63,Lihat Perkara,S5A881CA43B4D3447,durasi_tidak_wajar,Medium
9184,2025-08-10 12:58:06,63,Cari Berkas,S5A881CA43B4D3447,Normal,Normal
9185,2025-08-10 13:00:29,63,Logout,S5A881CA43B4D3447,Normal,Normal
9186,2025-08-10 13:34:42,86,Login,S8FFD03E59A3E1B2F,Normal,Normal
9187,2025-08-10 13:37:33,86,Lihat Perkara,S8FFD03E59A3E1B2F,Normal,Normal
9188,2025-08-10 13:40:27,86,Cari Berkas,S8FFD03E59A3E1B2F,Normal,Normal
9189,2025-08-10 13:43:07,86,Logout,S8FFD03E59A3E1B2F,Normal,Normal
9190,2025-08-10 15:26:02,45,Login,S3B65405653DA18C6,Normal,Normal
9191,2025-08-10 15:27:47,45,Lihat Perkara,S3B65405653DA18C6,Normal,Normal
9192,2025-08-10 15:29:51,45,Cari Berkas,S3B65405653DA18C6,Normal,Normal
9193,2025-08-10 15:32:04,45,Logout,S3B65405653DA18C6,Normal,Normal
9194,2025-08-10 16:46:35,54,Login,SFBE6CD4138FFECCA,Normal,Normal
9195,2025-08-10 16:48:45,54,Lihat Perkara,SFBE6CD4138FFECCA,Normal,Normal
9196,2025-08-10 16:51:43,54,Lihat Berkas,SFBE6CD4138FFECCA,Normal,Normal
9197,2025-08-10 16:53:59,54,Input Berkas,SFBE6CD4138FFECCA,Normal,Normal
9198,2025-08-10 16:54:35,54,Verifikasi,SFBE6CD4138FFECCA,Normal,Normal
9199,2025-08-10 16:56:11,54,Logout,SFBE6CD4138FFECCA,Normal,Normal
9200,2025-08-11 07:12:57,48,Login,S87CB0E2A25288A1B,Normal,Normal
9201,2025-08-11 07:14:20,48,Lihat Perkara,S87CB0E2A25288A1B,Normal,Normal
9202,2025-08-11 07:16:24,48,Lihat Berkas,S87CB0E2A25288A1B,Normal,Normal
9203,2025-08-11 07:18:11,48,Input Berkas,S87CB0E2A25288A1B,Normal,Normal
9204,2025-08-11 07:19:41,48,Verifikasi,S87CB0E2A25288A1B,Normal,Normal
9205,2025-08-11 07:22:06,48,Logout,S87CB0E2A25288A1B,Normal,Normal
9206,2025-08-11 09:34:20,66,Login,S132C230DB7AF8412,device_berubah,Low
9207,2025-08-11 09:35:02,66,Lihat Perkara,S132C230DB7AF8412,Normal,Normal
9208,2025-08-11 09:35:55,66,Cari Berkas,S132C230DB7AF8412,Normal,Normal
9209,2025-08-11 09:38:04,66,Logout,S132C230DB7AF8412,Normal,Normal
9210,2025-08-11 10:03:02,54,Login,SB9179626217ECB9E,Normal,Normal
9211,2025-08-11 10:03:17,54,Lihat Perkara,SB9179626217ECB9E,Normal,Normal
9212,2025-08-11 10:04:36,54,Lihat Berkas,SB9179626217ECB9E,Normal,Normal
9213,2025-08-11 10:05:01,54,Input Berkas,SB9179626217ECB9E,Normal,Normal
9214,2025-08-11 10:07:21,54,Verifikasi,SB9179626217ECB9E,Normal,Normal
9215,2025-08-11 10:08:43,66,Login,S03923CFA5D9F2C8C,Normal,Normal
9216,2025-08-11 10:09:01,54,Logout,SB9179626217ECB9E,Normal,Normal
9217,2025-08-11 10:09:31,66,Lihat Perkara,S03923CFA5D9F2C8C,Normal,Normal
9218,2025-08-11 10:12:12,66,Cari Berkas,S03923CFA5D9F2C8C,Normal,Normal
9219,2025-08-11 10:13:09,66,Logout,S03923CFA5D9F2C8C,Normal,Normal
9220,2025-08-11 12:34:29,38,Login,S76F58592C7225D8F,Normal,Normal
9221,2025-08-11 12:35:46,38,Lihat Perkara,S76F58592C7225D8F,Normal,Normal
9222,2025-08-11 12:38:14,38,Cari Berkas,S76F58592C7225D8F,Normal,Normal
9223,2025-08-11 12:39:08,38,Logout,S76F58592C7225D8F,Normal,Normal
9224,2025-08-11 13:22:50,49,Login,S71E7AC0C70A23023,Normal,Normal
9225,2025-08-11 13:24:37,49,Lihat Perkara,S71E7AC0C70A23023,Normal,Normal
9226,2025-08-11 13:26:08,49,Cari Berkas,S71E7AC0C70A23023,Normal,Normal
9227,2025-08-11 13:28:47,49,Logout,S71E7AC0C70A23023,Normal,Normal
9229,2025-08-11 13:53:54,34,Login,SFE11230E50FCFDAA,Normal,Normal
9230,2025-08-11 13:54:10,34,Lihat Perkara,SFE11230E50FCFDAA,Normal,Normal
9232,2025-08-11 13:56:54,34,Cari Berkas,SFE11230E50FCFDAA,Normal,Normal
9233,2025-08-11 13:58:07,34,Logout,SFE11230E50FCFDAA,Normal,Normal
9238,2025-08-11 14:34:57,59,Login,SD13032DBE13A14CA,Normal,Normal
9239,2025-08-11 14:35:37,59,Lihat Perkara,SD13032DBE13A14CA,Normal,Normal
9240,2025-08-11 14:36:45,59,Cari Berkas,SD13032DBE13A14CA,Normal,Normal
9241,2025-08-11 14:39:42,59,Logout,SD13032DBE13A14CA,Normal,Normal
9242,2025-08-11 15:34:15,80,Login,SCC694779746086FE,Normal,Normal
9243,2025-08-11 15:35:18,80,Lihat Perkara,SCC694779746086FE,Normal,Normal
9244,2025-08-11 15:37:49,80,Cari Berkas,SCC694779746086FE,Normal,Normal
9245,2025-08-11 15:40:43,80,Logout,SCC694779746086FE,Normal,Normal
9246,2025-08-11 16:32:21,6,Login,S6F97EBE0656849F9,Normal,Normal
9247,2025-08-11 16:34:14,6,Lihat Perkara,S6F97EBE0656849F9,Normal,Normal
9248,2025-08-11 16:37:07,6,Lihat Berkas,S6F97EBE0656849F9,Normal,Normal
9249,2025-08-11 16:37:26,6,Input Berkas,S6F97EBE0656849F9,Normal,Normal
9250,2025-08-11 16:39:19,6,Verifikasi,S6F97EBE0656849F9,Normal,Normal
9251,2025-08-11 16:42:14,6,Logout,S6F97EBE0656849F9,Normal,Normal
9252,2025-08-12 07:49:03,37,Login,S7D3E6058A0D74E74,Normal,Normal
9253,2025-08-12 07:50:44,30,Login,S74C566C02DC5DDD5,Normal,Normal
9254,2025-08-12 07:51:16,37,Lihat Perkara,S7D3E6058A0D74E74,Normal,Normal
9255,2025-08-12 07:53:00,30,Lihat Perkara,S74C566C02DC5DDD5,Normal,Normal
9256,2025-08-12 07:53:42,37,Cari Berkas,S7D3E6058A0D74E74,ip_berubah,Low
9257,2025-08-12 07:54:20,37,Logout,S7D3E6058A0D74E74,Normal,Normal
9258,2025-08-12 07:55:27,30,Cari Berkas,S74C566C02DC5DDD5,Normal,Normal
9259,2025-08-12 07:56:37,30,Logout,S74C566C02DC5DDD5,Normal,Normal
9260,2025-08-12 08:42:01,76,Login,S1A531CF9B3A45D11,Normal,Normal
9261,2025-08-12 08:42:38,76,Lihat Perkara,S1A531CF9B3A45D11,Normal,Normal
9262,2025-08-12 08:44:21,76,Cari Berkas,S1A531CF9B3A45D11,Normal,Normal
9263,2025-08-12 08:46:43,76,Logout,S1A531CF9B3A45D11,Normal,Normal
9268,2025-08-12 10:00:12,48,Login,S502171BD8458526B,Normal,Normal
9270,2025-08-12 10:01:42,48,Lihat Perkara,S502171BD8458526B,Normal,Normal
9273,2025-08-12 10:03:57,48,Lihat Berkas,S502171BD8458526B,Normal,Normal
9274,2025-08-12 10:04:45,48,Input Berkas,S502171BD8458526B,Normal,Normal
9276,2025-08-12 10:07:17,48,Verifikasi,S502171BD8458526B,Normal,Normal
9277,2025-08-12 10:10:15,48,Logout,S502171BD8458526B,Normal,Normal
9278,2025-08-12 10:16:07,34,Login,S2F9750590F9E5C14,Normal,Normal
9279,2025-08-12 10:17:58,34,Lihat Perkara,S2F9750590F9E5C14,Normal,Normal
9280,2025-08-12 10:20:44,34,Cari Berkas,S2F9750590F9E5C14,Normal,Normal
9281,2025-08-12 10:21:51,34,Logout,S2F9750590F9E5C14,Normal,Normal
9282,2025-08-12 11:15:06,37,Login,S33453927952F1308,Normal,Normal
9283,2025-08-12 11:16:30,37,Lihat Perkara,S33453927952F1308,Normal,Normal
9284,2025-08-12 11:19:24,37,Cari Berkas,S33453927952F1308,Normal,Normal
9285,2025-08-12 11:19:39,37,Logout,S33453927952F1308,Normal,Normal
9286,2025-08-12 14:14:02,25,Login,S02C17B29AA1057F3,Normal,Normal
9287,2025-08-12 14:15:53,25,Lihat Perkara,S02C17B29AA1057F3,Normal,Normal
9288,2025-08-12 14:17:15,25,Cari Berkas,S02C17B29AA1057F3,aktivitas_terlalu_cepat,Medium
9289,2025-08-12 14:19:16,25,Logout,S02C17B29AA1057F3,Normal,Normal
9290,2025-08-12 15:41:45,59,Login,S98EC5B6A9C7CF745,Normal,Normal
9291,2025-08-12 15:42:30,59,Lihat Perkara,S98EC5B6A9C7CF745,Normal,Normal
9292,2025-08-12 15:44:00,59,Cari Berkas,S98EC5B6A9C7CF745,ip_berubah,Low
9293,2025-08-12 15:45:58,59,Logout,S98EC5B6A9C7CF745,device_berubah,Low
9294,2025-08-12 16:24:26,84,Login,S3165DDC1006707AC,Normal,Normal
9295,2025-08-12 16:27:08,84,Dashboard,S3165DDC1006707AC,Normal,Normal
9296,2025-08-12 16:28:11,84,Kelola User,S3165DDC1006707AC,Normal,Normal
9297,2025-08-12 16:30:29,84,Kelola Kode Klasifikasi,S3165DDC1006707AC,Normal,Normal
9298,2025-08-12 16:33:22,84,Logout,S3165DDC1006707AC,Normal,Normal
9303,2025-08-13 02:55:08,23,Login,SED56A2A02D54FF2B,login_luar_jam,Low
9304,2025-08-13 03:57:15,53,Login,SDF8D0AC1B36ECE45,login_luar_jam,Low
9305,2025-08-13 09:08:52,85,Login,S1D96DC532344EC54,Normal,Normal
9306,2025-08-13 09:11:39,85,Lihat Perkara,S1D96DC532344EC54,Normal,Normal
9307,2025-08-13 09:13:23,85,Lihat Berkas,S1D96DC532344EC54,Normal,Normal
9308,2025-08-13 09:15:03,85,Input Berkas,S1D96DC532344EC54,Normal,Normal
9309,2025-08-13 09:16:02,85,Verifikasi,S1D96DC532344EC54,Normal,Normal
9310,2025-08-13 09:17:39,85,Logout,S1D96DC532344EC54,Normal,Normal
9311,2025-08-13 10:57:54,53,Lihat Perkara,SDF8D0AC1B36ECE45,Normal,Normal
9312,2025-08-13 11:00:22,53,Cari Berkas,SDF8D0AC1B36ECE45,Normal,Normal
9313,2025-08-13 11:00:55,53,Logout,SDF8D0AC1B36ECE45,Normal,Normal
9318,2025-08-13 11:27:51,40,Login,S1687819B8FD48278,Normal,Normal
9319,2025-08-13 11:29:24,40,Lihat Perkara,S1687819B8FD48278,Normal,Normal
9320,2025-08-13 11:32:00,40,Cari Berkas,S1687819B8FD48278,Normal,Normal
9321,2025-08-13 11:34:29,40,Logout,S1687819B8FD48278,durasi_tidak_wajar,Medium
9322,2025-08-13 13:49:08,71,Login,S74CA8521E3EF54B7,Normal,Normal
9324,2025-08-13 13:51:17,71,Lihat Perkara,S74CA8521E3EF54B7,Normal,Normal
9326,2025-08-13 13:51:37,71,Cari Berkas,S74CA8521E3EF54B7,Normal,Normal
9329,2025-08-13 13:54:34,71,Logout,S74CA8521E3EF54B7,Normal,Normal
9342,2025-08-13 15:56:41,23,Lihat Perkara,SED56A2A02D54FF2B,Normal,Normal
9343,2025-08-13 15:58:48,23,Cari Berkas,SED56A2A02D54FF2B,Normal,Normal
9344,2025-08-13 16:00:01,23,Logout,SED56A2A02D54FF2B,Normal,Normal
9355,2025-08-14 00:41:59,52,Login,S7324CC7C02A09432,login_luar_jam,Low
9360,2025-08-14 07:52:36,18,Login,SE717A00C4698BF76,Normal,Normal
9361,2025-08-14 07:54:03,18,Lihat Perkara,SE717A00C4698BF76,Normal,Normal
9362,2025-08-14 07:56:03,18,Cari Berkas,SE717A00C4698BF76,Normal,Normal
9363,2025-08-14 07:57:31,18,Logout,SE717A00C4698BF76,Normal,Normal
9368,2025-08-14 09:10:41,43,Login,SCE9C064062747D41,Normal,Normal
9369,2025-08-14 09:11:24,43,Lihat Perkara,SCE9C064062747D41,Normal,Normal
9370,2025-08-14 09:11:40,43,Cari Berkas,SCE9C064062747D41,Normal,Normal
9371,2025-08-14 09:13:45,43,Logout,SCE9C064062747D41,Normal,Normal
9372,2025-08-14 09:19:58,61,Login,S4EC08B2F3BBD60EA,Normal,Normal
9373,2025-08-14 09:22:31,61,Lihat Perkara,S4EC08B2F3BBD60EA,Normal,Normal
9374,2025-08-14 09:23:42,61,Cari Berkas,S4EC08B2F3BBD60EA,Normal,Normal
9375,2025-08-14 09:26:22,61,Logout,S4EC08B2F3BBD60EA,Normal,Normal
9376,2025-08-14 11:10:42,25,Login,SA2FD3E962BF8C7BD,Normal,Normal
9377,2025-08-14 11:12:41,25,Lihat Perkara,SA2FD3E962BF8C7BD,Normal,Normal
9378,2025-08-14 11:14:21,25,Cari Berkas,SA2FD3E962BF8C7BD,Normal,Normal
9379,2025-08-14 11:15:45,25,Logout,SA2FD3E962BF8C7BD,Normal,Normal
9380,2025-08-14 11:51:45,63,Login,SA91E25A15484D865,Normal,Normal
9381,2025-08-14 11:52:31,63,Lihat Perkara,SA91E25A15484D865,Normal,Normal
9382,2025-08-14 11:53:17,63,Cari Berkas,SA91E25A15484D865,Normal,Normal
9383,2025-08-14 11:54:17,63,Logout,SA91E25A15484D865,Normal,Normal
9384,2025-08-14 14:08:41,32,Login,SD84114801C546341,Normal,Normal
9385,2025-08-14 14:11:11,32,Lihat Perkara,SD84114801C546341,Normal,Normal
9386,2025-08-14 14:11:21,32,Cari Berkas,SD84114801C546341,Normal,Normal
9387,2025-08-14 14:12:01,32,Logout,SD84114801C546341,Normal,Normal
9388,2025-08-14 16:01:16,56,Login,S3E6D9F974910F373,durasi_tidak_wajar,Medium
9389,2025-08-14 16:04:12,56,Lihat Perkara,S3E6D9F974910F373,Normal,Normal
9390,2025-08-14 16:06:13,56,Cari Berkas,S3E6D9F974910F373,Normal,Normal
9391,2025-08-14 16:08:11,56,Logout,S3E6D9F974910F373,Normal,Normal
9392,2025-08-14 16:42:31,52,Lihat Perkara,S7324CC7C02A09432,Normal,Normal
9393,2025-08-14 16:43:06,52,Cari Berkas,S7324CC7C02A09432,Normal,Normal
9394,2025-08-14 16:43:28,52,Logout,S7324CC7C02A09432,device_berubah,Low
9395,2025-08-14 16:54:05,63,Login,SC6BF9D33EC756A2A,Normal,Normal
9396,2025-08-14 16:55:11,63,Lihat Perkara,SC6BF9D33EC756A2A,Normal,Normal
9397,2025-08-14 16:55:27,63,Cari Berkas,SC6BF9D33EC756A2A,Normal,Normal
9398,2025-08-14 16:57:12,63,Logout,SC6BF9D33EC756A2A,Normal,Normal
9399,2025-08-15 03:38:10,47,Login,S0894428EF7F9953E,login_luar_jam,Low
9400,2025-08-15 07:44:32,56,Login,S398E1F36FFDB3A38,Normal,Normal
9401,2025-08-15 07:44:50,71,Login,S248BD5AABD0443F0,Normal,Normal
9402,2025-08-15 07:45:44,56,Lihat Perkara,S398E1F36FFDB3A38,Normal,Normal
9403,2025-08-15 07:47:49,71,Lihat Perkara,S248BD5AABD0443F0,Normal,Normal
9404,2025-08-15 07:48:14,56,Cari Berkas,S398E1F36FFDB3A38,Normal,Normal
9405,2025-08-15 07:49:03,56,Logout,S398E1F36FFDB3A38,Normal,Normal
9406,2025-08-15 07:50:07,71,Cari Berkas,S248BD5AABD0443F0,peminjaman_massal,High
9407,2025-08-15 07:51:05,71,Logout,S248BD5AABD0443F0,Normal,Normal
9408,2025-08-15 09:27:33,63,Login,S0141EAF2F214B9E1,Normal,Normal
9409,2025-08-15 09:28:39,63,Lihat Perkara,S0141EAF2F214B9E1,Normal,Normal
9410,2025-08-15 09:30:29,63,Cari Berkas,S0141EAF2F214B9E1,peminjaman_massal,High
9411,2025-08-15 09:32:15,63,Logout,S0141EAF2F214B9E1,Normal,Normal
9416,2025-08-15 10:57:55,24,Login,S527FD409C96EC149,device_berubah,Low
9417,2025-08-15 11:00:02,24,Lihat Perkara,S527FD409C96EC149,Normal,Normal
9418,2025-08-15 11:02:03,24,Cari Berkas,S527FD409C96EC149,Normal,Normal
9419,2025-08-15 11:04:16,24,Logout,S527FD409C96EC149,Normal,Normal
9420,2025-08-15 11:06:53,29,Login,S0ABEB05C4A791F0B,Normal,Normal
9421,2025-08-15 11:09:03,29,Lihat Perkara,S0ABEB05C4A791F0B,Normal,Normal
9422,2025-08-15 11:10:03,29,Cari Berkas,S0ABEB05C4A791F0B,Normal,Normal
9423,2025-08-15 11:10:26,29,Logout,S0ABEB05C4A791F0B,Normal,Normal
9424,2025-08-15 13:09:56,33,Login,S90B3032DCCB1063D,Normal,Normal
9425,2025-08-15 13:10:34,33,Lihat Perkara,S90B3032DCCB1063D,Normal,Normal
9426,2025-08-15 13:12:46,33,Cari Berkas,S90B3032DCCB1063D,Normal,Normal
9427,2025-08-15 13:13:06,33,Logout,S90B3032DCCB1063D,Normal,Normal
9428,2025-08-15 14:40:44,47,Lihat Perkara,S0894428EF7F9953E,Normal,Normal
9429,2025-08-15 14:43:04,47,Cari Berkas,S0894428EF7F9953E,Normal,Normal
9430,2025-08-15 14:44:46,47,Logout,S0894428EF7F9953E,Normal,Normal
9435,2025-08-15 16:31:23,61,Login,SD12972D323966B83,Normal,Normal
9436,2025-08-15 16:33:00,61,Lihat Perkara,SD12972D323966B83,Normal,Normal
9437,2025-08-15 16:33:54,61,Cari Berkas,SD12972D323966B83,Normal,Normal
9438,2025-08-15 16:35:21,61,Logout,SD12972D323966B83,Normal,Normal
9439,2025-08-16 09:20:40,40,Login,SA55F65B7E709FBA6,Normal,Normal
9440,2025-08-16 09:21:13,40,Lihat Perkara,SA55F65B7E709FBA6,Normal,Normal
9441,2025-08-16 09:22:47,40,Cari Berkas,SA55F65B7E709FBA6,Normal,Normal
9442,2025-08-16 09:23:28,40,Logout,SA55F65B7E709FBA6,Normal,Normal
9443,2025-08-16 09:39:07,40,Login,S6CAD400E286EC905,Normal,Normal
9444,2025-08-16 09:40:28,40,Lihat Perkara,S6CAD400E286EC905,aktivitas_terlalu_cepat,Medium
9445,2025-08-16 09:43:25,40,Cari Berkas,S6CAD400E286EC905,Normal,Normal
9446,2025-08-16 09:46:17,40,Logout,S6CAD400E286EC905,Normal,Normal
9447,2025-08-16 10:12:25,56,Login,S18FFD8AD8E1A3A51,Normal,Normal
9448,2025-08-16 10:13:53,56,Lihat Perkara,S18FFD8AD8E1A3A51,Normal,Normal
9449,2025-08-16 10:15:46,56,Cari Berkas,S18FFD8AD8E1A3A51,Normal,Normal
9450,2025-08-16 10:16:13,56,Logout,S18FFD8AD8E1A3A51,Normal,Normal
9455,2025-08-16 14:44:52,49,Login,S1712DF486C74EED4,Normal,Normal
9457,2025-08-16 14:47:50,49,Lihat Perkara,S1712DF486C74EED4,Normal,Normal
9459,2025-08-16 14:48:37,49,Cari Berkas,S1712DF486C74EED4,Normal,Normal
9460,2025-08-16 14:49:44,49,Logout,S1712DF486C74EED4,Normal,Normal
9461,2025-08-16 15:09:26,45,Login,S75873920142E3DF0,Normal,Normal
9462,2025-08-16 15:09:58,45,Lihat Perkara,S75873920142E3DF0,ip_berubah,Low
9463,2025-08-16 15:12:15,45,Cari Berkas,S75873920142E3DF0,Normal,Normal
9464,2025-08-16 15:14:19,45,Logout,S75873920142E3DF0,Normal,Normal
9469,2025-08-16 16:47:57,73,Login,SFB1E5879BDB25A44,Normal,Normal
9470,2025-08-16 16:49:52,73,Lihat Perkara,SFB1E5879BDB25A44,Normal,Normal
9471,2025-08-16 16:51:55,73,Cari Berkas,SFB1E5879BDB25A44,Normal,Normal
9472,2025-08-16 16:53:03,73,Logout,SFB1E5879BDB25A44,Normal,Normal
9479,2025-08-17 08:35:40,59,Login,SFA3EFD034EDEAE5F,Normal,Normal
9480,2025-08-17 08:36:45,59,Lihat Perkara,SFA3EFD034EDEAE5F,Normal,Normal
9481,2025-08-17 08:38:48,59,Cari Berkas,SFA3EFD034EDEAE5F,Normal,Normal
9482,2025-08-17 08:40:44,59,Logout,SFA3EFD034EDEAE5F,Normal,Normal
9490,2025-08-17 15:22:06,60,Login,S30B4C334D93378C0,Normal,Normal
9491,2025-08-17 15:23:20,60,Lihat Perkara,S30B4C334D93378C0,Normal,Normal
9492,2025-08-17 15:23:37,60,Cari Berkas,S30B4C334D93378C0,Normal,Normal
9493,2025-08-17 15:24:48,60,Logout,S30B4C334D93378C0,Normal,Normal
9494,2025-08-17 15:26:25,43,Login,SD2D95E144BBCA945,Normal,Normal
9495,2025-08-17 15:27:48,43,Lihat Perkara,SD2D95E144BBCA945,Normal,Normal
9496,2025-08-17 15:30:28,43,Cari Berkas,SD2D95E144BBCA945,Normal,Normal
9497,2025-08-17 15:32:24,43,Logout,SD2D95E144BBCA945,Normal,Normal
9498,2025-08-17 16:48:16,77,Login,S260A5962DD81B7F5,Normal,Normal
9499,2025-08-17 16:50:29,77,Lihat Perkara,S260A5962DD81B7F5,Normal,Normal
9500,2025-08-17 16:52:07,77,Cari Berkas,S260A5962DD81B7F5,Normal,Normal
9501,2025-08-17 16:53:42,77,Logout,S260A5962DD81B7F5,Normal,Normal
9502,2025-08-18 03:11:48,39,Login,SEF4588C3277747DC,login_luar_jam,Low
9503,2025-08-18 08:04:34,28,Login,SBFDE2C240BBCC28A,Normal,Normal
9504,2025-08-18 08:07:24,28,Lihat Perkara,SBFDE2C240BBCC28A,Normal,Normal
9505,2025-08-18 08:09:50,28,Cari Berkas,SBFDE2C240BBCC28A,Normal,Normal
9506,2025-08-18 08:12:50,28,Logout,SBFDE2C240BBCC28A,Normal,Normal
9507,2025-08-18 09:20:46,20,Login,SC46268D6B22D2BFE,Normal,Normal
9508,2025-08-18 09:23:45,20,Lihat Perkara,SC46268D6B22D2BFE,Normal,Normal
9509,2025-08-18 09:24:52,20,Cari Berkas,SC46268D6B22D2BFE,Normal,Normal
9510,2025-08-18 09:25:20,20,Logout,SC46268D6B22D2BFE,Normal,Normal
9511,2025-08-18 09:42:04,31,Login,S83AA1BA73781D9A6,Normal,Normal
9512,2025-08-18 09:43:27,31,Lihat Perkara,S83AA1BA73781D9A6,Normal,Normal
9513,2025-08-18 09:46:07,31,Cari Berkas,S83AA1BA73781D9A6,Normal,Normal
9514,2025-08-18 09:47:20,31,Logout,S83AA1BA73781D9A6,Normal,Normal
9515,2025-08-18 10:08:49,30,Login,SC1D71F4AF3025D16,Normal,Normal
9516,2025-08-18 10:09:41,30,Lihat Perkara,SC1D71F4AF3025D16,Normal,Normal
9517,2025-08-18 10:10:45,30,Cari Berkas,SC1D71F4AF3025D16,Normal,Normal
9518,2025-08-18 10:11:44,30,Logout,SC1D71F4AF3025D16,Normal,Normal
9519,2025-08-18 10:57:35,82,Login,SB575008F49B2D46B,Normal,Normal
9520,2025-08-18 10:59:57,82,Lihat Perkara,SB575008F49B2D46B,ip_berubah,Low
9521,2025-08-18 11:01:38,82,Cari Berkas,SB575008F49B2D46B,Normal,Normal
9522,2025-08-18 11:03:41,82,Logout,SB575008F49B2D46B,Normal,Normal
9531,2025-08-18 12:14:15,39,Lihat Perkara,SEF4588C3277747DC,peminjaman_massal,High
9532,2025-08-18 12:17:02,39,Cari Berkas,SEF4588C3277747DC,Normal,Normal
9533,2025-08-18 12:19:17,39,Logout,SEF4588C3277747DC,aktivitas_terlalu_cepat,Medium
9534,2025-08-18 13:37:54,40,Login,S99A2EEEEE5FAFAA9,Normal,Normal
9535,2025-08-18 13:38:09,40,Lihat Perkara,S99A2EEEEE5FAFAA9,Normal,Normal
9536,2025-08-18 13:39:53,40,Cari Berkas,S99A2EEEEE5FAFAA9,Normal,Normal
9537,2025-08-18 13:41:55,40,Logout,S99A2EEEEE5FAFAA9,Normal,Normal
9542,2025-08-19 09:30:13,76,Login,S4634A5F61ACA9CF6,Normal,Normal
9543,2025-08-19 09:31:27,76,Lihat Perkara,S4634A5F61ACA9CF6,Normal,Normal
9544,2025-08-19 09:33:13,76,Cari Berkas,S4634A5F61ACA9CF6,Normal,Normal
9545,2025-08-19 09:34:22,76,Logout,S4634A5F61ACA9CF6,Normal,Normal
9550,2025-08-19 12:22:57,23,Login,S27AFBFF987F89F62,Normal,Normal
9551,2025-08-19 12:24:14,23,Lihat Perkara,S27AFBFF987F89F62,Normal,Normal
9552,2025-08-19 12:26:42,23,Cari Berkas,S27AFBFF987F89F62,Normal,Normal
9553,2025-08-19 12:28:25,23,Logout,S27AFBFF987F89F62,Normal,Normal
9558,2025-08-19 15:28:48,55,Login,S12FC7A87A4704D48,Normal,Normal
9559,2025-08-19 15:31:10,55,Lihat Perkara,S12FC7A87A4704D48,Normal,Normal
9560,2025-08-19 15:32:48,55,Lihat Berkas,S12FC7A87A4704D48,Normal,Normal
9561,2025-08-19 15:33:30,55,Input Berkas,S12FC7A87A4704D48,Normal,Normal
9562,2025-08-19 15:36:01,55,Verifikasi,S12FC7A87A4704D48,Normal,Normal
9563,2025-08-19 15:38:54,55,Logout,S12FC7A87A4704D48,Normal,Normal
9564,2025-08-19 16:27:41,82,Login,S4888171C4C124C30,Normal,Normal
9565,2025-08-19 16:28:16,82,Lihat Perkara,S4888171C4C124C30,Normal,Normal
9566,2025-08-19 16:30:11,82,Cari Berkas,S4888171C4C124C30,device_berubah,Low
9567,2025-08-19 16:32:16,82,Logout,S4888171C4C124C30,Normal,Normal
9568,2025-08-19 16:48:38,79,Login,SCAD3E2506A5F09CB,Normal,Normal
9569,2025-08-19 16:50:41,79,Lihat Perkara,SCAD3E2506A5F09CB,Normal,Normal
9570,2025-08-19 16:52:02,79,Cari Berkas,SCAD3E2506A5F09CB,durasi_tidak_wajar,Medium
9571,2025-08-19 16:53:28,79,Logout,SCAD3E2506A5F09CB,Normal,Normal
9572,2025-08-19 16:59:33,29,Login,SD73E56327CAFD9AE,ip_berubah,Low
9573,2025-08-19 17:00:50,29,Lihat Perkara,SD73E56327CAFD9AE,Normal,Normal
9574,2025-08-19 17:01:09,29,Cari Berkas,SD73E56327CAFD9AE,Normal,Normal
9575,2025-08-19 17:01:42,29,Logout,SD73E56327CAFD9AE,Normal,Normal
9576,2025-08-20 07:25:26,38,Login,S30744C7C93982275,Normal,Normal
9577,2025-08-20 07:27:25,38,Lihat Perkara,S30744C7C93982275,Normal,Normal
9578,2025-08-20 07:28:15,38,Cari Berkas,S30744C7C93982275,Normal,Normal
9579,2025-08-20 07:31:06,38,Logout,S30744C7C93982275,Normal,Normal
9580,2025-08-20 09:10:46,79,Login,SC89CE8599DECD934,Normal,Normal
9581,2025-08-20 09:12:55,79,Lihat Perkara,SC89CE8599DECD934,Normal,Normal
9582,2025-08-20 09:14:04,79,Cari Berkas,SC89CE8599DECD934,Normal,Normal
9583,2025-08-20 09:17:00,79,Logout,SC89CE8599DECD934,Normal,Normal
9588,2025-08-20 10:56:32,85,Login,SB43BF88CC6F43468,Normal,Normal
9589,2025-08-20 10:59:19,85,Lihat Perkara,SB43BF88CC6F43468,Normal,Normal
9590,2025-08-20 11:01:14,85,Lihat Berkas,SB43BF88CC6F43468,Normal,Normal
9591,2025-08-20 11:01:48,85,Input Berkas,SB43BF88CC6F43468,Normal,Normal
9592,2025-08-20 11:02:00,85,Verifikasi,SB43BF88CC6F43468,Normal,Normal
9593,2025-08-20 11:02:42,85,Logout,SB43BF88CC6F43468,Normal,Normal
9594,2025-08-20 12:28:01,28,Login,SA6F908648AF6D268,Normal,Normal
9595,2025-08-20 12:30:50,28,Lihat Perkara,SA6F908648AF6D268,Normal,Normal
9596,2025-08-20 12:32:45,28,Cari Berkas,SA6F908648AF6D268,Normal,Normal
9597,2025-08-20 12:33:08,28,Logout,SA6F908648AF6D268,Normal,Normal
9602,2025-08-20 14:11:04,66,Login,S8025EB3697EFDFBE,Normal,Normal
9603,2025-08-20 14:11:58,66,Lihat Perkara,S8025EB3697EFDFBE,Normal,Normal
9604,2025-08-20 14:12:49,66,Cari Berkas,S8025EB3697EFDFBE,Normal,Normal
9605,2025-08-20 14:15:28,66,Logout,S8025EB3697EFDFBE,Normal,Normal
9606,2025-08-20 15:02:18,44,Login,SF6F846CE0CCC48BD,Normal,Normal
9607,2025-08-20 15:04:54,44,Lihat Perkara,SF6F846CE0CCC48BD,device_berubah,Low
9608,2025-08-20 15:07:39,44,Cari Berkas,SF6F846CE0CCC48BD,Normal,Normal
9609,2025-08-20 15:09:54,44,Logout,SF6F846CE0CCC48BD,Normal,Normal
9610,2025-08-20 16:56:02,25,Login,S58C688774897C6E2,Normal,Normal
9611,2025-08-20 16:58:21,25,Lihat Perkara,S58C688774897C6E2,Normal,Normal
9612,2025-08-20 17:00:28,25,Cari Berkas,S58C688774897C6E2,Normal,Normal
9613,2025-08-20 17:00:47,25,Logout,S58C688774897C6E2,Normal,Normal
9614,2025-08-21 03:22:09,81,Login,SD4BEE4E4204D3F55,login_luar_jam,Low
9615,2025-08-21 06:19:56,82,Login,S9623D84810B72CCF,login_luar_jam,Low
9616,2025-08-21 07:50:29,53,Login,SE6F158909B8347FE,Normal,Normal
9617,2025-08-21 07:51:41,53,Lihat Perkara,SE6F158909B8347FE,Normal,Normal
9618,2025-08-21 07:53:11,53,Cari Berkas,SE6F158909B8347FE,Normal,Normal
9619,2025-08-21 07:53:32,53,Logout,SE6F158909B8347FE,Normal,Normal
9620,2025-08-21 10:58:41,59,Login,S9784C36EC573E854,Normal,Normal
9621,2025-08-21 11:01:34,59,Lihat Perkara,S9784C36EC573E854,Normal,Normal
9622,2025-08-21 11:03:36,59,Cari Berkas,S9784C36EC573E854,Normal,Normal
9623,2025-08-21 11:04:25,59,Logout,S9784C36EC573E854,Normal,Normal
9624,2025-08-21 11:40:31,75,Login,S019C2251D59065FA,Normal,Normal
9625,2025-08-21 11:41:59,75,Lihat Perkara,S019C2251D59065FA,Normal,Normal
9626,2025-08-21 11:43:11,75,Cari Berkas,S019C2251D59065FA,Normal,Normal
9627,2025-08-21 11:45:05,75,Logout,S019C2251D59065FA,Normal,Normal
9628,2025-08-21 12:22:47,81,Lihat Perkara,SD4BEE4E4204D3F55,Normal,Normal
9629,2025-08-21 12:23:27,81,Cari Berkas,SD4BEE4E4204D3F55,Normal,Normal
9630,2025-08-21 12:25:30,81,Logout,SD4BEE4E4204D3F55,Normal,Normal
9631,2025-08-21 13:21:23,82,Lihat Perkara,S9623D84810B72CCF,Normal,Normal
9632,2025-08-21 13:24:17,82,Cari Berkas,S9623D84810B72CCF,Normal,Normal
9633,2025-08-21 13:25:24,82,Logout,S9623D84810B72CCF,Normal,Normal
9634,2025-08-21 14:15:31,67,Login,SD3D1BF0F56C438E4,Normal,Normal
9635,2025-08-21 14:17:27,67,Lihat Perkara,SD3D1BF0F56C438E4,Normal,Normal
9636,2025-08-21 14:18:01,67,Cari Berkas,SD3D1BF0F56C438E4,Normal,Normal
9637,2025-08-21 14:19:31,67,Logout,SD3D1BF0F56C438E4,device_berubah,Low
9638,2025-08-21 15:56:25,85,Login,SD95790C9E7FE3BD4,Normal,Normal
9639,2025-08-21 15:58:23,85,Lihat Perkara,SD95790C9E7FE3BD4,Normal,Normal
9640,2025-08-21 16:00:34,85,Lihat Berkas,SD95790C9E7FE3BD4,Normal,Normal
9641,2025-08-21 16:02:36,85,Input Berkas,SD95790C9E7FE3BD4,Normal,Normal
9642,2025-08-21 16:04:20,85,Verifikasi,SD95790C9E7FE3BD4,Normal,Normal
9643,2025-08-21 16:04:46,85,Logout,SD95790C9E7FE3BD4,Normal,Normal
9644,2025-08-22 07:46:19,81,Login,S739CAFA51BFC270C,Normal,Normal
9645,2025-08-22 07:47:31,81,Lihat Perkara,S739CAFA51BFC270C,Normal,Normal
9647,2025-08-22 07:49:53,81,Cari Berkas,S739CAFA51BFC270C,Normal,Normal
9651,2025-08-22 07:52:20,81,Logout,S739CAFA51BFC270C,Normal,Normal
9652,2025-08-22 07:56:37,74,Login,SF8B9F8FEA2B9C395,Normal,Normal
9653,2025-08-22 07:58:51,74,Lihat Perkara,SF8B9F8FEA2B9C395,device_berubah,Low
9654,2025-08-22 07:59:15,74,Cari Berkas,SF8B9F8FEA2B9C395,Normal,Normal
9655,2025-08-22 08:00:59,74,Logout,SF8B9F8FEA2B9C395,Normal,Normal
9656,2025-08-22 09:34:55,38,Login,SE65DD44355082167,Normal,Normal
9657,2025-08-22 09:35:08,38,Lihat Perkara,SE65DD44355082167,Normal,Normal
9658,2025-08-22 09:38:08,38,Cari Berkas,SE65DD44355082167,ip_berubah,Low
9659,2025-08-22 09:40:19,38,Logout,SE65DD44355082167,Normal,Normal
9660,2025-08-22 11:09:23,6,Login,S0D325A89AA088F0D,Normal,Normal
9661,2025-08-22 11:11:06,6,Lihat Perkara,S0D325A89AA088F0D,Normal,Normal
9662,2025-08-22 11:13:56,6,Lihat Berkas,S0D325A89AA088F0D,Normal,Normal
9663,2025-08-22 11:15:57,6,Input Berkas,S0D325A89AA088F0D,Normal,Normal
9664,2025-08-22 11:17:40,6,Verifikasi,S0D325A89AA088F0D,ip_berubah,Low
9665,2025-08-22 11:20:13,6,Logout,S0D325A89AA088F0D,Normal,Normal
9670,2025-08-22 13:24:38,35,Login,S4C5A358748C5D75F,Normal,Normal
9671,2025-08-22 13:26:35,35,Lihat Perkara,S4C5A358748C5D75F,Normal,Normal
9672,2025-08-22 13:27:33,35,Cari Berkas,S4C5A358748C5D75F,Normal,Normal
9673,2025-08-22 13:27:59,35,Logout,S4C5A358748C5D75F,Normal,Normal
9674,2025-08-22 13:52:18,58,Login,SF44209B1C3E71329,Normal,Normal
9675,2025-08-22 13:53:47,58,Lihat Perkara,SF44209B1C3E71329,Normal,Normal
9676,2025-08-22 13:55:28,58,Cari Berkas,SF44209B1C3E71329,Normal,Normal
9677,2025-08-22 13:57:07,58,Logout,SF44209B1C3E71329,Normal,Normal
9682,2025-08-22 14:32:15,78,Login,SFFC19EF6A61F135F,Normal,Normal
9683,2025-08-22 14:34:10,78,Lihat Perkara,SFFC19EF6A61F135F,Normal,Normal
9684,2025-08-22 14:35:50,78,Cari Berkas,SFFC19EF6A61F135F,Normal,Normal
9685,2025-08-22 14:37:30,78,Logout,SFFC19EF6A61F135F,Normal,Normal
9690,2025-08-23 00:23:46,67,Login,S68C87ED8EB035CDA,login_luar_jam,Low
9691,2025-08-23 07:07:00,28,Login,S377919832E285C72,Normal,Normal
9692,2025-08-23 07:09:25,28,Lihat Perkara,S377919832E285C72,Normal,Normal
9693,2025-08-23 07:11:10,28,Cari Berkas,S377919832E285C72,Normal,Normal
9694,2025-08-23 07:11:40,28,Logout,S377919832E285C72,Normal,Normal
9695,2025-08-23 07:42:41,66,Login,SF60FDBF223B8F542,Normal,Normal
9696,2025-08-23 07:44:32,66,Lihat Perkara,SF60FDBF223B8F542,Normal,Normal
9697,2025-08-23 07:46:24,66,Cari Berkas,SF60FDBF223B8F542,device_berubah,Low
9698,2025-08-23 07:47:48,66,Logout,SF60FDBF223B8F542,Normal,Normal
9699,2025-08-23 08:08:00,65,Login,S3DAF6854B7E088CB,Normal,Normal
9700,2025-08-23 08:09:07,65,Lihat Perkara,S3DAF6854B7E088CB,Normal,Normal
9701,2025-08-23 08:10:52,65,Cari Berkas,S3DAF6854B7E088CB,Normal,Normal
9702,2025-08-23 08:12:28,65,Logout,S3DAF6854B7E088CB,device_berubah,Low
9703,2025-08-23 09:01:23,27,Login,SF99F5C063A24DE17,Normal,Normal
9704,2025-08-23 09:02:03,27,Lihat Perkara,SF99F5C063A24DE17,device_berubah,Low
9705,2025-08-23 09:04:33,27,Cari Berkas,SF99F5C063A24DE17,Normal,Normal
9706,2025-08-23 09:05:58,27,Logout,SF99F5C063A24DE17,Normal,Normal
9717,2025-08-23 10:20:28,38,Login,SD5CB20A369CBFC4E,Normal,Normal
9718,2025-08-23 10:21:42,38,Lihat Perkara,SD5CB20A369CBFC4E,Normal,Normal
9719,2025-08-23 10:23:03,38,Cari Berkas,SD5CB20A369CBFC4E,Normal,Normal
9720,2025-08-23 10:24:49,38,Logout,SD5CB20A369CBFC4E,Normal,Normal
9721,2025-08-23 14:36:14,65,Login,S1E22ADE1A3E6BBFD,Normal,Normal
9722,2025-08-23 14:36:31,65,Lihat Perkara,S1E22ADE1A3E6BBFD,Normal,Normal
9723,2025-08-23 14:39:25,65,Cari Berkas,S1E22ADE1A3E6BBFD,Normal,Normal
9724,2025-08-23 14:41:28,65,Logout,S1E22ADE1A3E6BBFD,Normal,Normal
9725,2025-08-23 14:52:26,54,Login,S6F6A62E37108C26C,Normal,Normal
9726,2025-08-23 14:54:24,54,Lihat Perkara,S6F6A62E37108C26C,Normal,Normal
9727,2025-08-23 14:56:16,54,Lihat Berkas,S6F6A62E37108C26C,ip_berubah,Low
9728,2025-08-23 14:56:40,54,Input Berkas,S6F6A62E37108C26C,Normal,Normal
9729,2025-08-23 14:59:26,54,Verifikasi,S6F6A62E37108C26C,Normal,Normal
9730,2025-08-23 14:59:56,54,Logout,S6F6A62E37108C26C,Normal,Normal
9731,2025-08-23 16:25:28,67,Lihat Perkara,S68C87ED8EB035CDA,Normal,Normal
9732,2025-08-23 16:25:45,67,Cari Berkas,S68C87ED8EB035CDA,Normal,Normal
9733,2025-08-23 16:27:48,67,Logout,S68C87ED8EB035CDA,Normal,Normal
9734,2025-08-24 07:16:50,35,Login,S9B5FFA2D636F1E3D,Normal,Normal
9735,2025-08-24 07:19:15,35,Lihat Perkara,S9B5FFA2D636F1E3D,Normal,Normal
9736,2025-08-24 07:20:24,35,Cari Berkas,S9B5FFA2D636F1E3D,device_berubah,Low
9737,2025-08-24 07:22:52,35,Logout,S9B5FFA2D636F1E3D,Normal,Normal
9738,2025-08-24 08:17:25,77,Login,S82F1417E2A6B5DAE,Normal,Normal
9739,2025-08-24 08:18:56,77,Lihat Perkara,S82F1417E2A6B5DAE,Normal,Normal
9740,2025-08-24 08:20:43,77,Cari Berkas,S82F1417E2A6B5DAE,Normal,Normal
9741,2025-08-24 08:22:26,77,Logout,S82F1417E2A6B5DAE,Normal,Normal
9746,2025-08-24 09:14:28,21,Login,SB901AEC951BED16C,Normal,Normal
9747,2025-08-24 09:17:04,21,Lihat Perkara,SB901AEC951BED16C,Normal,Normal
9748,2025-08-24 09:17:34,21,Cari Berkas,SB901AEC951BED16C,Normal,Normal
9749,2025-08-24 09:20:28,21,Logout,SB901AEC951BED16C,Normal,Normal
9750,2025-08-24 15:32:04,84,Login,S70CF8953647F45AD,Normal,Normal
9751,2025-08-24 15:32:29,84,Dashboard,S70CF8953647F45AD,Normal,Normal
9752,2025-08-24 15:34:04,84,Kelola User,S70CF8953647F45AD,Normal,Normal
9753,2025-08-24 15:35:46,84,Kelola Kode Klasifikasi,S70CF8953647F45AD,Normal,Normal
9754,2025-08-24 15:37:12,84,Logout,S70CF8953647F45AD,Normal,Normal
9755,2025-08-25 01:15:15,41,Login,SE6A4AB122857D66D,login_luar_jam,Low
9760,2025-08-25 09:58:35,55,Login,SEA298975997674D4,Normal,Normal
9761,2025-08-25 10:01:09,55,Lihat Perkara,SEA298975997674D4,Normal,Normal
9762,2025-08-25 10:02:55,55,Lihat Berkas,SEA298975997674D4,Normal,Normal
9763,2025-08-25 10:03:51,55,Input Berkas,SEA298975997674D4,Normal,Normal
9764,2025-08-25 10:05:45,55,Verifikasi,SEA298975997674D4,Normal,Normal
9765,2025-08-25 10:06:53,55,Logout,SEA298975997674D4,Normal,Normal
9766,2025-08-25 10:17:27,41,Lihat Perkara,SE6A4AB122857D66D,Normal,Normal
9767,2025-08-25 10:19:15,41,Cari Berkas,SE6A4AB122857D66D,peminjaman_massal,High
9768,2025-08-25 10:21:15,41,Logout,SE6A4AB122857D66D,Normal,Normal
9769,2025-08-25 10:57:35,58,Login,S5C9E15682D4845BC,Normal,Normal
9770,2025-08-25 10:59:40,58,Lihat Perkara,S5C9E15682D4845BC,Normal,Normal
9771,2025-08-25 11:02:10,58,Cari Berkas,S5C9E15682D4845BC,Normal,Normal
9772,2025-08-25 11:04:19,58,Logout,S5C9E15682D4845BC,Normal,Normal
9773,2025-08-25 11:13:14,86,Login,SF55DCE6D6D268B37,Normal,Normal
9774,2025-08-25 11:15:07,86,Lihat Perkara,SF55DCE6D6D268B37,Normal,Normal
9775,2025-08-25 11:17:58,86,Cari Berkas,SF55DCE6D6D268B37,Normal,Normal
9776,2025-08-25 11:18:55,86,Logout,SF55DCE6D6D268B37,device_berubah,Low
9777,2025-08-25 11:25:50,61,Login,SE6BDF44B823C128C,Normal,Normal
9778,2025-08-25 11:28:50,61,Lihat Perkara,SE6BDF44B823C128C,Normal,Normal
9779,2025-08-25 11:31:03,61,Cari Berkas,SE6BDF44B823C128C,Normal,Normal
9780,2025-08-25 11:31:30,61,Logout,SE6BDF44B823C128C,Normal,Normal
9781,2025-08-25 12:47:30,31,Login,S445D9A8746573D38,Normal,Normal
9782,2025-08-25 12:48:04,31,Lihat Perkara,S445D9A8746573D38,Normal,Normal
9783,2025-08-25 12:49:10,31,Cari Berkas,S445D9A8746573D38,Normal,Normal
9784,2025-08-25 12:50:17,31,Logout,S445D9A8746573D38,Normal,Normal
9785,2025-08-26 01:49:27,41,Login,S4EED412473B0D676,login_luar_jam,Low
9787,2025-08-26 06:08:38,48,Login,S4B46EF3395E7F614,login_luar_jam,Low
9793,2025-08-26 08:07:26,51,Login,S8C8CCF887022906E,Normal,Normal
9794,2025-08-26 08:09:27,51,Lihat Perkara,S8C8CCF887022906E,Normal,Normal
9795,2025-08-26 08:11:29,51,Cari Berkas,S8C8CCF887022906E,Normal,Normal
9796,2025-08-26 08:14:25,51,Logout,S8C8CCF887022906E,Normal,Normal
9801,2025-08-26 09:10:48,48,Lihat Perkara,S4B46EF3395E7F614,Normal,Normal
9802,2025-08-26 09:11:11,48,Lihat Berkas,S4B46EF3395E7F614,Normal,Normal
9804,2025-08-26 09:14:03,48,Input Berkas,S4B46EF3395E7F614,Normal,Normal
9806,2025-08-26 09:16:42,48,Verifikasi,S4B46EF3395E7F614,Normal,Normal
9809,2025-08-26 09:19:20,48,Logout,S4B46EF3395E7F614,Normal,Normal
9810,2025-08-26 09:48:10,22,Login,S650535C18A8AF129,Normal,Normal
9811,2025-08-26 09:48:59,22,Lihat Perkara,S650535C18A8AF129,Normal,Normal
9812,2025-08-26 09:50:53,22,Cari Berkas,S650535C18A8AF129,Normal,Normal
9813,2025-08-26 09:53:52,22,Logout,S650535C18A8AF129,Normal,Normal
9814,2025-08-26 10:00:25,83,Login,S66A0ED0444E65AAA,Normal,Normal
9815,2025-08-26 10:00:37,83,Lihat Perkara,S66A0ED0444E65AAA,Normal,Normal
9816,2025-08-26 10:01:00,83,Cari Berkas,S66A0ED0444E65AAA,Normal,Normal
9817,2025-08-26 10:03:07,83,Logout,S66A0ED0444E65AAA,Normal,Normal
9818,2025-08-26 10:43:09,86,Login,SEE736789CCFE6343,Normal,Normal
9821,2025-08-26 10:46:05,86,Lihat Perkara,SEE736789CCFE6343,Normal,Normal
9823,2025-08-26 10:48:38,86,Cari Berkas,SEE736789CCFE6343,aktivitas_terlalu_cepat,Medium
9826,2025-08-26 10:50:55,86,Logout,SEE736789CCFE6343,Normal,Normal
9828,2025-08-26 11:50:07,41,Lihat Perkara,S4EED412473B0D676,Normal,Normal
9829,2025-08-26 11:50:40,41,Cari Berkas,S4EED412473B0D676,Normal,Normal
9830,2025-08-26 11:51:30,41,Logout,S4EED412473B0D676,Normal,Normal
9831,2025-08-26 13:45:13,28,Login,S1333F00EC2F6B14D,Normal,Normal
9832,2025-08-26 13:48:09,28,Lihat Perkara,S1333F00EC2F6B14D,Normal,Normal
9833,2025-08-26 13:50:24,28,Cari Berkas,S1333F00EC2F6B14D,Normal,Normal
9834,2025-08-26 13:52:23,28,Logout,S1333F00EC2F6B14D,Normal,Normal
9835,2025-08-26 14:33:22,29,Login,S79C6C757F7FEB735,ip_berubah,Low
9836,2025-08-26 14:35:49,29,Lihat Perkara,S79C6C757F7FEB735,Normal,Normal
9837,2025-08-26 14:37:51,29,Cari Berkas,S79C6C757F7FEB735,aktivitas_terlalu_cepat,Medium
9838,2025-08-26 14:38:35,29,Logout,S79C6C757F7FEB735,Normal,Normal
9839,2025-08-26 16:40:08,73,Login,SCD29A36F222282E1,Normal,Normal
9840,2025-08-26 16:42:41,73,Lihat Perkara,SCD29A36F222282E1,Normal,Normal
9841,2025-08-26 16:45:23,73,Cari Berkas,SCD29A36F222282E1,Normal,Normal
9842,2025-08-26 16:46:54,73,Logout,SCD29A36F222282E1,Normal,Normal
9851,2025-08-27 08:47:21,71,Login,SAB4E5CFE03300EAF,Normal,Normal
9852,2025-08-27 08:48:08,71,Lihat Perkara,SAB4E5CFE03300EAF,aktivitas_terlalu_cepat,Medium
9853,2025-08-27 08:50:23,71,Cari Berkas,SAB4E5CFE03300EAF,Normal,Normal
9854,2025-08-27 08:52:41,71,Logout,SAB4E5CFE03300EAF,Normal,Normal
9855,2025-08-27 09:17:17,44,Login,SDF7FF2859A5E9518,Normal,Normal
9856,2025-08-27 09:19:03,44,Lihat Perkara,SDF7FF2859A5E9518,Normal,Normal
9857,2025-08-27 09:21:15,44,Cari Berkas,SDF7FF2859A5E9518,Normal,Normal
9858,2025-08-27 09:22:51,44,Logout,SDF7FF2859A5E9518,Normal,Normal
9859,2025-08-27 10:41:48,72,Login,S82CC32EC39E36972,Normal,Normal
9860,2025-08-27 10:42:08,72,Lihat Perkara,S82CC32EC39E36972,Normal,Normal
9861,2025-08-27 10:44:43,72,Cari Berkas,S82CC32EC39E36972,Normal,Normal
9862,2025-08-27 10:45:31,72,Logout,S82CC32EC39E36972,Normal,Normal
9868,2025-08-27 15:28:39,27,Login,SAFCC1D66CE6E4938,Normal,Normal
9870,2025-08-27 15:30:28,27,Lihat Perkara,SAFCC1D66CE6E4938,Normal,Normal
9872,2025-08-27 15:31:02,27,Cari Berkas,SAFCC1D66CE6E4938,device_berubah,Low
9874,2025-08-27 15:33:55,27,Logout,SAFCC1D66CE6E4938,Normal,Normal
9875,2025-08-27 16:08:18,40,Login,S2AD4F90C4131D33E,Normal,Normal
9876,2025-08-27 16:10:56,40,Lihat Perkara,S2AD4F90C4131D33E,Normal,Normal
9877,2025-08-27 16:12:00,40,Cari Berkas,S2AD4F90C4131D33E,Normal,Normal
9878,2025-08-27 16:14:52,40,Logout,S2AD4F90C4131D33E,Normal,Normal
9880,2025-08-28 04:20:12,35,Login,S619C4A06F5D68C8F,login_luar_jam,Low
9881,2025-08-28 07:29:18,50,Login,SB77B13350E4DBFB2,Normal,Normal
9882,2025-08-28 07:31:39,50,Lihat Perkara,SB77B13350E4DBFB2,Normal,Normal
9883,2025-08-28 07:31:54,50,Cari Berkas,SB77B13350E4DBFB2,Normal,Normal
9884,2025-08-28 07:33:50,50,Logout,SB77B13350E4DBFB2,Normal,Normal
9885,2025-08-28 07:40:58,23,Login,S8651D059D5F67432,Normal,Normal
9886,2025-08-28 07:43:21,23,Lihat Perkara,S8651D059D5F67432,Normal,Normal
9887,2025-08-28 07:46:03,23,Cari Berkas,S8651D059D5F67432,Normal,Normal
9888,2025-08-28 07:47:24,23,Logout,S8651D059D5F67432,Normal,Normal
9897,2025-08-28 11:20:55,35,Lihat Perkara,S619C4A06F5D68C8F,Normal,Normal
9898,2025-08-28 11:21:08,35,Cari Berkas,S619C4A06F5D68C8F,Normal,Normal
9899,2025-08-28 11:22:29,35,Logout,S619C4A06F5D68C8F,Normal,Normal
9907,2025-08-28 15:47:27,65,Login,S4A8435EDEB8DEB4E,Normal,Normal
9908,2025-08-28 15:47:48,65,Lihat Perkara,S4A8435EDEB8DEB4E,durasi_tidak_wajar,Medium
9909,2025-08-28 15:50:24,65,Cari Berkas,S4A8435EDEB8DEB4E,Normal,Normal
9910,2025-08-28 15:50:36,65,Logout,S4A8435EDEB8DEB4E,Normal,Normal
9912,2025-08-29 04:12:51,47,Login,S41D4F2EC49F7FDC5,login_luar_jam,Low
9922,2025-08-29 08:10:51,41,Login,S14D72283BA303CCE,Normal,Normal
9923,2025-08-29 08:11:43,41,Lihat Perkara,S14D72283BA303CCE,Normal,Normal
9924,2025-08-29 08:14:03,41,Cari Berkas,S14D72283BA303CCE,Normal,Normal
9925,2025-08-29 08:15:52,41,Logout,S14D72283BA303CCE,Normal,Normal
9926,2025-08-29 09:12:09,73,Login,S0E772F0901361B8B,Normal,Normal
9927,2025-08-29 09:15:00,73,Lihat Perkara,S0E772F0901361B8B,Normal,Normal
9928,2025-08-29 09:15:47,73,Cari Berkas,S0E772F0901361B8B,Normal,Normal
9929,2025-08-29 09:17:24,73,Logout,S0E772F0901361B8B,Normal,Normal
9930,2025-08-29 10:31:55,54,Login,SCF01F944F7315749,Normal,Normal
9931,2025-08-29 10:33:39,54,Lihat Perkara,SCF01F944F7315749,Normal,Normal
9932,2025-08-29 10:36:15,54,Lihat Berkas,SCF01F944F7315749,Normal,Normal
9933,2025-08-29 10:38:17,54,Input Berkas,SCF01F944F7315749,Normal,Normal
9934,2025-08-29 10:40:25,54,Verifikasi,SCF01F944F7315749,Normal,Normal
9935,2025-08-29 10:40:50,75,Login,SA243D59D90D70DFB,Normal,Normal
9936,2025-08-29 10:41:47,54,Logout,SCF01F944F7315749,Normal,Normal
9937,2025-08-29 10:43:12,75,Lihat Perkara,SA243D59D90D70DFB,Normal,Normal
9938,2025-08-29 10:44:12,75,Cari Berkas,SA243D59D90D70DFB,Normal,Normal
9940,2025-08-29 10:45:22,75,Logout,SA243D59D90D70DFB,Normal,Normal
9944,2025-08-29 11:15:26,47,Lihat Perkara,S41D4F2EC49F7FDC5,Normal,Normal
9945,2025-08-29 11:16:03,47,Cari Berkas,S41D4F2EC49F7FDC5,Normal,Normal
9946,2025-08-29 11:16:31,47,Logout,S41D4F2EC49F7FDC5,Normal,Normal
9947,2025-08-29 11:19:05,6,Login,S010AEAC9A521FD3B,Normal,Normal
9948,2025-08-29 11:21:22,6,Lihat Perkara,S010AEAC9A521FD3B,Normal,Normal
9949,2025-08-29 11:24:02,6,Lihat Berkas,S010AEAC9A521FD3B,Normal,Normal
9950,2025-08-29 11:25:24,6,Input Berkas,S010AEAC9A521FD3B,Normal,Normal
9951,2025-08-29 11:28:11,6,Verifikasi,S010AEAC9A521FD3B,Normal,Normal
9952,2025-08-29 11:30:50,6,Logout,S010AEAC9A521FD3B,ip_berubah,Low
9965,2025-08-29 15:17:56,76,Login,S79A130BACB1984D0,Normal,Normal
9966,2025-08-29 15:18:35,76,Lihat Perkara,S79A130BACB1984D0,Normal,Normal
9967,2025-08-29 15:19:15,76,Cari Berkas,S79A130BACB1984D0,Normal,Normal
9968,2025-08-29 15:21:33,76,Logout,S79A130BACB1984D0,Normal,Normal
9969,2025-08-30 07:50:30,38,Login,SD8A41A789E6B7C1E,Normal,Normal
9970,2025-08-30 07:52:59,38,Lihat Perkara,SD8A41A789E6B7C1E,Normal,Normal
9971,2025-08-30 07:53:28,38,Cari Berkas,SD8A41A789E6B7C1E,Normal,Normal
9972,2025-08-30 07:54:34,38,Logout,SD8A41A789E6B7C1E,ip_berubah,Low
9973,2025-08-30 07:55:06,21,Login,S076C108D214C87B1,Normal,Normal
9974,2025-08-30 07:55:43,21,Lihat Perkara,S076C108D214C87B1,Normal,Normal
9975,2025-08-30 07:57:31,21,Cari Berkas,S076C108D214C87B1,Normal,Normal
9976,2025-08-30 07:57:54,21,Logout,S076C108D214C87B1,durasi_tidak_wajar,Medium
9981,2025-08-30 08:52:24,55,Login,S87C84346C4342281,Normal,Normal
9982,2025-08-30 08:53:50,55,Lihat Perkara,S87C84346C4342281,Normal,Normal
9983,2025-08-30 08:56:36,55,Lihat Berkas,S87C84346C4342281,Normal,Normal
9984,2025-08-30 08:57:39,55,Input Berkas,S87C84346C4342281,Normal,Normal
9985,2025-08-30 09:00:15,55,Verifikasi,S87C84346C4342281,Normal,Normal
9986,2025-08-30 09:01:04,55,Logout,S87C84346C4342281,Normal,Normal
9987,2025-08-30 09:34:50,61,Login,S9B02912B6B99CFC8,Normal,Normal
9988,2025-08-30 09:37:37,61,Lihat Perkara,S9B02912B6B99CFC8,peminjaman_massal,High
9989,2025-08-30 09:39:28,61,Cari Berkas,S9B02912B6B99CFC8,Normal,Normal
9990,2025-08-30 09:41:06,61,Logout,S9B02912B6B99CFC8,Normal,Normal
9991,2025-08-30 10:05:02,81,Login,S8593369CB20588BD,Normal,Normal
9992,2025-08-30 10:06:21,81,Lihat Perkara,S8593369CB20588BD,Normal,Normal
9993,2025-08-30 10:07:35,81,Cari Berkas,S8593369CB20588BD,Normal,Normal
9994,2025-08-30 10:10:19,81,Logout,S8593369CB20588BD,Normal,Normal
9995,2025-08-30 12:33:44,64,Login,S8EE30925D60DD16B,Normal,Normal
9996,2025-08-30 12:33:56,64,Lihat Perkara,S8EE30925D60DD16B,Normal,Normal
9997,2025-08-30 12:35:09,64,Cari Berkas,S8EE30925D60DD16B,Normal,Normal
9998,2025-08-30 12:36:11,64,Logout,S8EE30925D60DD16B,Normal,Normal
9999,2025-08-30 13:37:33,6,Login,S0BC572073E9AEC86,Normal,Normal
10000,2025-08-30 13:39:21,6,Lihat Perkara,S0BC572073E9AEC86,Normal,Normal
10001,2025-08-30 13:40:09,6,Lihat Berkas,S0BC572073E9AEC86,Normal,Normal
10002,2025-08-30 13:41:04,6,Input Berkas,S0BC572073E9AEC86,Normal,Normal
10003,2025-08-30 13:41:23,6,Verifikasi,S0BC572073E9AEC86,device_berubah,Low
10004,2025-08-30 13:41:50,64,Login,S56E9CBAE233AC8B1,ip_berubah,Low
10005,2025-08-30 13:42:23,64,Lihat Perkara,S56E9CBAE233AC8B1,Normal,Normal
10006,2025-08-30 13:42:39,64,Cari Berkas,S56E9CBAE233AC8B1,Normal,Normal
10007,2025-08-30 13:42:57,64,Logout,S56E9CBAE233AC8B1,Normal,Normal
10008,2025-08-30 13:43:54,6,Logout,S0BC572073E9AEC86,Normal,Normal
10009,2025-08-30 14:46:52,18,Login,S74CA37206F4E0E9F,Normal,Normal
10010,2025-08-30 14:49:52,18,Lihat Perkara,S74CA37206F4E0E9F,Normal,Normal
10011,2025-08-30 14:52:37,18,Cari Berkas,S74CA37206F4E0E9F,Normal,Normal
10012,2025-08-30 14:53:37,18,Logout,S74CA37206F4E0E9F,ip_berubah,Low
10013,2025-08-30 15:46:06,42,Login,S9B4547E072FEFDC2,Normal,Normal
10014,2025-08-30 15:46:59,42,Lihat Perkara,S9B4547E072FEFDC2,Normal,Normal
10015,2025-08-30 15:48:05,42,Cari Berkas,S9B4547E072FEFDC2,Normal,Normal
10016,2025-08-30 15:50:00,42,Logout,S9B4547E072FEFDC2,Normal,Normal
10021,2025-08-31 03:12:48,1,Login,SD5B654383ECD0888,login_luar_jam,Low
10027,2025-08-31 08:42:20,68,Login,S51F88167796C39AD,Normal,Normal
10028,2025-08-31 08:43:16,68,Lihat Perkara,S51F88167796C39AD,Normal,Normal
10029,2025-08-31 08:44:14,68,Cari Berkas,S51F88167796C39AD,Normal,Normal
10030,2025-08-31 08:46:01,68,Logout,S51F88167796C39AD,Normal,Normal
10039,2025-08-31 13:14:11,1,Dashboard,SD5B654383ECD0888,Normal,Normal
10040,2025-08-31 13:16:30,1,Kelola User,SD5B654383ECD0888,Normal,Normal
10041,2025-08-31 13:17:23,1,Kelola Kode Klasifikasi,SD5B654383ECD0888,Normal,Normal
10042,2025-08-31 13:17:54,1,Logout,SD5B654383ECD0888,Normal,Normal
10043,2025-08-31 13:18:41,84,Login,S21CC8BA7EE854C72,Normal,Normal
10044,2025-08-31 13:20:38,84,Dashboard,S21CC8BA7EE854C72,Normal,Normal
10045,2025-08-31 13:22:41,84,Kelola User,S21CC8BA7EE854C72,Normal,Normal
10046,2025-08-31 13:25:36,84,Kelola Kode Klasifikasi,S21CC8BA7EE854C72,Normal,Normal
10047,2025-08-31 13:25:51,84,Logout,S21CC8BA7EE854C72,Normal,Normal
10048,2025-08-31 13:39:05,66,Login,S922731E93AAF6187,Normal,Normal
10049,2025-08-31 13:40:53,66,Lihat Perkara,S922731E93AAF6187,Normal,Normal
10050,2025-08-31 13:41:19,66,Cari Berkas,S922731E93AAF6187,Normal,Normal
10051,2025-08-31 13:42:49,66,Logout,S922731E93AAF6187,device_berubah,Low
10052,2025-08-31 13:43:33,53,Login,S443FF7331AF01DD6,Normal,Normal
10053,2025-08-31 13:44:39,53,Lihat Perkara,S443FF7331AF01DD6,Normal,Normal
10054,2025-08-31 13:45:52,53,Cari Berkas,S443FF7331AF01DD6,Normal,Normal
10055,2025-08-31 13:47:45,53,Logout,S443FF7331AF01DD6,Normal,Normal
10060,2025-08-31 15:13:19,57,Login,S8101DEC75C93408A,Normal,Normal
10061,2025-08-31 15:14:41,57,Lihat Perkara,S8101DEC75C93408A,Normal,Normal
10062,2025-08-31 15:16:19,57,Cari Berkas,S8101DEC75C93408A,Normal,Normal
10063,2025-08-31 15:17:01,57,Logout,S8101DEC75C93408A,Normal,Normal
10064,2025-08-31 16:36:49,49,Login,SF24C8983B4B0426B,Normal,Normal
10065,2025-08-31 16:39:30,49,Lihat Perkara,SF24C8983B4B0426B,Normal,Normal
10066,2025-08-31 16:40:33,49,Cari Berkas,SF24C8983B4B0426B,Normal,Normal
10067,2025-08-31 16:42:10,49,Logout,SF24C8983B4B0426B,Normal,Normal
10068,2025-09-01 07:05:24,63,Login,S35BD0F089AA7D84C,Normal,Normal
10069,2025-09-01 07:07:15,63,Lihat Perkara,S35BD0F089AA7D84C,Normal,Normal
10070,2025-09-01 07:08:21,63,Cari Berkas,S35BD0F089AA7D84C,Normal,Normal
10071,2025-09-01 07:09:03,63,Logout,S35BD0F089AA7D84C,ip_berubah,Low
10072,2025-09-01 07:20:43,32,Login,SDA8F55C4B310F0ED,Normal,Normal
10073,2025-09-01 07:21:01,32,Lihat Perkara,SDA8F55C4B310F0ED,Normal,Normal
10074,2025-09-01 07:21:25,32,Cari Berkas,SDA8F55C4B310F0ED,Normal,Normal
10075,2025-09-01 07:22:43,32,Logout,SDA8F55C4B310F0ED,Normal,Normal
10080,2025-09-01 14:35:21,54,Login,S2C724FCBE621DE87,Normal,Normal
10081,2025-09-01 14:35:31,54,Lihat Perkara,S2C724FCBE621DE87,Normal,Normal
10082,2025-09-01 14:37:45,54,Lihat Berkas,S2C724FCBE621DE87,Normal,Normal
10083,2025-09-01 14:39:07,54,Input Berkas,S2C724FCBE621DE87,Normal,Normal
10084,2025-09-01 14:42:05,54,Verifikasi,S2C724FCBE621DE87,Normal,Normal
10085,2025-09-01 14:42:45,54,Logout,S2C724FCBE621DE87,Normal,Normal
10094,2025-09-02 01:47:01,64,Login,SD36E8D21A113384E,login_luar_jam,Low
10096,2025-09-02 04:27:25,70,Login,SCB3232ABB5E9FA21,login_luar_jam,Low
10097,2025-09-02 08:45:02,69,Login,SB2030B2F0FB6D2B3,Normal,Normal
10098,2025-09-02 08:47:16,69,Lihat Perkara,SB2030B2F0FB6D2B3,Normal,Normal
10099,2025-09-02 08:49:57,69,Cari Berkas,SB2030B2F0FB6D2B3,Normal,Normal
10100,2025-09-02 08:50:32,69,Logout,SB2030B2F0FB6D2B3,Normal,Normal
10101,2025-09-02 09:27:01,70,Login,SC1F6028B4A0EFBE5,Normal,Normal
10102,2025-09-02 09:27:57,70,Lihat Perkara,SC1F6028B4A0EFBE5,Normal,Normal
10103,2025-09-02 09:29:18,70,Lihat Perkara,SCB3232ABB5E9FA21,Normal,Normal
10104,2025-09-02 09:30:12,70,Cari Berkas,SCB3232ABB5E9FA21,device_berubah,Low
10105,2025-09-02 09:30:26,70,Logout,SCB3232ABB5E9FA21,Normal,Normal
10106,2025-09-02 09:30:37,70,Cari Berkas,SC1F6028B4A0EFBE5,Normal,Normal
10107,2025-09-02 09:32:57,70,Logout,SC1F6028B4A0EFBE5,Normal,Normal
10108,2025-09-02 10:49:26,33,Login,S2E5146BDD8570BC3,Normal,Normal
10109,2025-09-02 10:51:19,33,Lihat Perkara,S2E5146BDD8570BC3,Normal,Normal
10110,2025-09-02 10:52:02,33,Cari Berkas,S2E5146BDD8570BC3,Normal,Normal
10111,2025-09-02 10:54:08,33,Logout,S2E5146BDD8570BC3,Normal,Normal
10115,2025-09-02 12:53:27,38,Login,S23FF23D3FB4FB88A,Normal,Normal
10116,2025-09-02 12:54:40,38,Lihat Perkara,S23FF23D3FB4FB88A,Normal,Normal
10117,2025-09-02 12:54:51,38,Cari Berkas,S23FF23D3FB4FB88A,Normal,Normal
10118,2025-09-02 12:56:07,38,Logout,S23FF23D3FB4FB88A,Normal,Normal
10119,2025-09-02 14:38:59,64,Login,S5CACD5A685FAD950,Normal,Normal
10120,2025-09-02 14:39:17,64,Lihat Perkara,S5CACD5A685FAD950,Normal,Normal
10121,2025-09-02 14:41:15,64,Cari Berkas,S5CACD5A685FAD950,Normal,Normal
10122,2025-09-02 14:42:18,64,Logout,S5CACD5A685FAD950,Normal,Normal
10123,2025-09-02 14:48:03,64,Lihat Perkara,SD36E8D21A113384E,Normal,Normal
10124,2025-09-02 14:49:38,64,Cari Berkas,SD36E8D21A113384E,Normal,Normal
10125,2025-09-02 14:50:50,64,Logout,SD36E8D21A113384E,Normal,Normal
10126,2025-09-03 03:27:44,58,Login,S7A03D8A09F5B4CED,login_luar_jam,Low
10131,2025-09-03 09:21:24,25,Login,S8D2A3484E3346BD8,Normal,Normal
10132,2025-09-03 09:22:43,25,Lihat Perkara,S8D2A3484E3346BD8,Normal,Normal
10133,2025-09-03 09:23:03,25,Cari Berkas,S8D2A3484E3346BD8,Normal,Normal
10134,2025-09-03 09:23:39,25,Logout,S8D2A3484E3346BD8,Normal,Normal
10139,2025-09-03 11:24:58,30,Login,SFFE3F366BF337A15,Normal,Normal
10140,2025-09-03 11:27:42,30,Lihat Perkara,SFFE3F366BF337A15,Normal,Normal
10141,2025-09-03 11:28:44,30,Cari Berkas,SFFE3F366BF337A15,ip_berubah,Low
10142,2025-09-03 11:30:35,30,Logout,SFFE3F366BF337A15,Normal,Normal
10143,2025-09-03 11:50:16,81,Login,SBCF11FF66E4429CC,Normal,Normal
10144,2025-09-03 11:50:51,81,Lihat Perkara,SBCF11FF66E4429CC,Normal,Normal
10145,2025-09-03 11:52:41,81,Cari Berkas,SBCF11FF66E4429CC,Normal,Normal
10146,2025-09-03 11:53:50,81,Logout,SBCF11FF66E4429CC,Normal,Normal
10159,2025-09-03 14:40:07,34,Login,SF552FD9D05C45ACF,Normal,Normal
10160,2025-09-03 14:42:16,34,Lihat Perkara,SF552FD9D05C45ACF,Normal,Normal
10161,2025-09-03 14:43:56,34,Cari Berkas,SF552FD9D05C45ACF,Normal,Normal
10162,2025-09-03 14:44:26,34,Logout,SF552FD9D05C45ACF,Normal,Normal
10163,2025-09-03 15:28:32,58,Lihat Perkara,S7A03D8A09F5B4CED,Normal,Normal
10164,2025-09-03 15:30:27,61,Login,S0A16BF212BA92ADC,Normal,Normal
10165,2025-09-03 15:30:33,58,Cari Berkas,S7A03D8A09F5B4CED,Normal,Normal
10166,2025-09-03 15:31:17,49,Login,S516DB78A6AA49B3D,Normal,Normal
10167,2025-09-03 15:32:05,58,Logout,S7A03D8A09F5B4CED,Normal,Normal
10168,2025-09-03 15:33:23,61,Lihat Perkara,S0A16BF212BA92ADC,Normal,Normal
10169,2025-09-03 15:33:24,49,Lihat Perkara,S516DB78A6AA49B3D,Normal,Normal
10170,2025-09-03 15:33:47,49,Cari Berkas,S516DB78A6AA49B3D,Normal,Normal
10171,2025-09-03 15:33:59,61,Cari Berkas,S0A16BF212BA92ADC,Normal,Normal
10172,2025-09-03 15:34:23,61,Logout,S0A16BF212BA92ADC,Normal,Normal
10173,2025-09-03 15:35:48,49,Logout,S516DB78A6AA49B3D,Normal,Normal
10174,2025-09-03 15:43:13,29,Login,SACDBD5F27B44ACD0,Normal,Normal
10175,2025-09-03 15:44:16,29,Lihat Perkara,SACDBD5F27B44ACD0,Normal,Normal
10176,2025-09-03 15:46:57,29,Cari Berkas,SACDBD5F27B44ACD0,Normal,Normal
10177,2025-09-03 15:47:48,29,Logout,SACDBD5F27B44ACD0,Normal,Normal
10178,2025-09-04 02:56:24,82,Login,S3ABF9C656DD013F3,login_luar_jam,Low
10187,2025-09-04 08:58:15,78,Login,S8EA54843B000D73D,Normal,Normal
10188,2025-09-04 09:00:56,78,Lihat Perkara,S8EA54843B000D73D,ip_berubah,Low
10189,2025-09-04 09:01:47,78,Cari Berkas,S8EA54843B000D73D,Normal,Normal
10190,2025-09-04 09:03:43,78,Logout,S8EA54843B000D73D,Normal,Normal
10191,2025-09-04 10:49:06,77,Login,S4C7CFE8954123C71,Normal,Normal
10192,2025-09-04 10:51:34,77,Lihat Perkara,S4C7CFE8954123C71,Normal,Normal
10193,2025-09-04 10:53:54,77,Cari Berkas,S4C7CFE8954123C71,Normal,Normal
10194,2025-09-04 10:54:04,77,Logout,S4C7CFE8954123C71,durasi_tidak_wajar,Medium
10195,2025-09-04 13:58:03,82,Lihat Perkara,S3ABF9C656DD013F3,aktivitas_terlalu_cepat,Medium
10196,2025-09-04 13:59:13,85,Login,SF950F7FA28B58DB5,Normal,Normal
10197,2025-09-04 13:59:39,85,Lihat Perkara,SF950F7FA28B58DB5,Normal,Normal
10198,2025-09-04 14:00:43,82,Cari Berkas,S3ABF9C656DD013F3,Normal,Normal
10199,2025-09-04 14:01:16,85,Lihat Berkas,SF950F7FA28B58DB5,Normal,Normal
10200,2025-09-04 14:02:19,85,Input Berkas,SF950F7FA28B58DB5,aktivitas_terlalu_cepat,Medium
10201,2025-09-04 14:03:20,82,Logout,S3ABF9C656DD013F3,Normal,Normal
10202,2025-09-04 14:05:00,85,Verifikasi,SF950F7FA28B58DB5,Normal,Normal
10203,2025-09-04 14:07:00,85,Logout,SF950F7FA28B58DB5,Normal,Normal
10204,2025-09-04 15:40:38,68,Login,SB18BCF04E95E35F5,Normal,Normal
10205,2025-09-04 15:41:09,68,Lihat Perkara,SB18BCF04E95E35F5,peminjaman_massal,High
10206,2025-09-04 15:42:49,68,Cari Berkas,SB18BCF04E95E35F5,Normal,Normal
10207,2025-09-04 15:44:02,68,Logout,SB18BCF04E95E35F5,Normal,Normal
10208,2025-09-04 16:00:36,22,Login,S535E3DFE50F6CBFD,Normal,Normal
10209,2025-09-04 16:02:49,22,Lihat Perkara,S535E3DFE50F6CBFD,Normal,Normal
10210,2025-09-04 16:05:23,22,Cari Berkas,S535E3DFE50F6CBFD,Normal,Normal
10211,2025-09-04 16:05:53,22,Logout,S535E3DFE50F6CBFD,Normal,Normal
10212,2025-09-04 16:58:10,73,Login,S1A8BAAC1F55A67A2,Normal,Normal
10213,2025-09-04 16:59:24,73,Lihat Perkara,S1A8BAAC1F55A67A2,Normal,Normal
10214,2025-09-04 17:01:35,73,Cari Berkas,S1A8BAAC1F55A67A2,Normal,Normal
10215,2025-09-04 17:02:31,73,Logout,S1A8BAAC1F55A67A2,Normal,Normal
10216,2025-09-05 00:25:06,41,Login,SD086D4D636E8D3BD,login_luar_jam,Low
10217,2025-09-05 01:12:40,36,Login,S7D94A6CE6D2616E2,login_luar_jam,Low
10218,2025-09-05 07:04:26,78,Login,S42792E8DB3674E98,Normal,Normal
10219,2025-09-05 07:06:22,78,Lihat Perkara,S42792E8DB3674E98,Normal,Normal
10220,2025-09-05 07:09:07,78,Cari Berkas,S42792E8DB3674E98,Normal,Normal
10221,2025-09-05 07:10:52,78,Logout,S42792E8DB3674E98,Normal,Normal
10226,2025-09-05 08:24:01,50,Login,S4CBC90446BCD5CE7,Normal,Normal
10227,2025-09-05 08:25:43,50,Lihat Perkara,S4CBC90446BCD5CE7,Normal,Normal
10228,2025-09-05 08:26:57,50,Cari Berkas,S4CBC90446BCD5CE7,Normal,Normal
10229,2025-09-05 08:28:10,50,Logout,S4CBC90446BCD5CE7,Normal,Normal
10234,2025-09-05 10:08:51,24,Login,S531F04AFB93C92D5,Normal,Normal
10235,2025-09-05 10:11:05,24,Lihat Perkara,S531F04AFB93C92D5,Normal,Normal
10236,2025-09-05 10:13:42,24,Cari Berkas,S531F04AFB93C92D5,Normal,Normal
10237,2025-09-05 10:14:16,24,Logout,S531F04AFB93C92D5,Normal,Normal
10238,2025-09-05 11:13:10,36,Lihat Perkara,S7D94A6CE6D2616E2,Normal,Normal
10239,2025-09-05 11:15:54,36,Cari Berkas,S7D94A6CE6D2616E2,Normal,Normal
10240,2025-09-05 11:16:51,36,Logout,S7D94A6CE6D2616E2,Normal,Normal
10251,2025-09-05 14:25:37,41,Lihat Perkara,SD086D4D636E8D3BD,Normal,Normal
10252,2025-09-05 14:27:56,41,Cari Berkas,SD086D4D636E8D3BD,Normal,Normal
10253,2025-09-05 14:29:32,41,Logout,SD086D4D636E8D3BD,Normal,Normal
10255,2025-09-05 15:08:16,59,Login,SA89D145CBD25E347,Normal,Normal
10258,2025-09-05 15:10:26,59,Lihat Perkara,SA89D145CBD25E347,Normal,Normal
10259,2025-09-05 15:11:00,59,Cari Berkas,SA89D145CBD25E347,Normal,Normal
10261,2025-09-05 15:13:48,59,Logout,SA89D145CBD25E347,Normal,Normal
10262,2025-09-05 16:06:11,79,Login,SCC8CEBA90662200C,Normal,Normal
10263,2025-09-05 16:07:00,79,Lihat Perkara,SCC8CEBA90662200C,Normal,Normal
10264,2025-09-05 16:07:58,79,Cari Berkas,SCC8CEBA90662200C,Normal,Normal
10265,2025-09-05 16:09:35,79,Logout,SCC8CEBA90662200C,Normal,Normal
10266,2025-09-06 00:57:52,47,Login,S0A1BEBD3E60EC813,login_luar_jam,Low
10267,2025-09-06 04:15:29,51,Login,S7AAD2446885C48C6,login_luar_jam,Low
10268,2025-09-06 04:32:01,24,Login,S7B6DEECA32F9BAE0,login_luar_jam,Low
10269,2025-09-06 07:46:11,79,Login,SCA957C2E65DF39CB,Normal,Normal
10270,2025-09-06 07:47:01,79,Lihat Perkara,SCA957C2E65DF39CB,Normal,Normal
10271,2025-09-06 07:48:23,79,Cari Berkas,SCA957C2E65DF39CB,Normal,Normal
10272,2025-09-06 07:49:50,79,Logout,SCA957C2E65DF39CB,Normal,Normal
10273,2025-09-06 09:29:07,60,Login,S02740F73F3ABEA0D,Normal,Normal
10274,2025-09-06 09:30:06,60,Lihat Perkara,S02740F73F3ABEA0D,Normal,Normal
10275,2025-09-06 09:31:54,60,Cari Berkas,S02740F73F3ABEA0D,Normal,Normal
10276,2025-09-06 09:34:27,60,Logout,S02740F73F3ABEA0D,Normal,Normal
10277,2025-09-06 11:32:12,24,Lihat Perkara,S7B6DEECA32F9BAE0,Normal,Normal
10278,2025-09-06 11:34:01,24,Cari Berkas,S7B6DEECA32F9BAE0,Normal,Normal
10279,2025-09-06 11:36:58,24,Logout,S7B6DEECA32F9BAE0,Normal,Normal
10280,2025-09-06 12:17:36,51,Lihat Perkara,S7AAD2446885C48C6,Normal,Normal
10281,2025-09-06 12:19:24,51,Cari Berkas,S7AAD2446885C48C6,Normal,Normal
10282,2025-09-06 12:20:36,51,Logout,S7AAD2446885C48C6,Normal,Normal
10283,2025-09-06 13:15:46,60,Login,S8B6584CE7ACC9970,Normal,Normal
10284,2025-09-06 13:18:20,60,Lihat Perkara,S8B6584CE7ACC9970,Normal,Normal
10285,2025-09-06 13:20:38,60,Cari Berkas,S8B6584CE7ACC9970,Normal,Normal
10286,2025-09-06 13:22:10,60,Logout,S8B6584CE7ACC9970,Normal,Normal
10287,2025-09-06 13:22:56,48,Login,SB517E8EFDB213E31,Normal,Normal
10288,2025-09-06 13:24:32,48,Lihat Perkara,SB517E8EFDB213E31,Normal,Normal
10289,2025-09-06 13:26:34,48,Lihat Berkas,SB517E8EFDB213E31,Normal,Normal
10290,2025-09-06 13:28:16,48,Input Berkas,SB517E8EFDB213E31,Normal,Normal
10291,2025-09-06 13:29:06,48,Verifikasi,SB517E8EFDB213E31,Normal,Normal
10292,2025-09-06 13:29:59,48,Logout,SB517E8EFDB213E31,aktivitas_terlalu_cepat,Medium
10293,2025-09-06 15:00:25,47,Lihat Perkara,S0A1BEBD3E60EC813,Normal,Normal
10294,2025-09-06 15:01:50,47,Cari Berkas,S0A1BEBD3E60EC813,Normal,Normal
10295,2025-09-06 15:04:18,47,Logout,S0A1BEBD3E60EC813,Normal,Normal
10296,2025-09-06 16:13:36,54,Login,S2F7F9F62B1AB1198,Normal,Normal
10297,2025-09-06 16:15:21,54,Lihat Perkara,S2F7F9F62B1AB1198,Normal,Normal
10298,2025-09-06 16:17:37,54,Lihat Berkas,S2F7F9F62B1AB1198,Normal,Normal
10299,2025-09-06 16:18:14,54,Input Berkas,S2F7F9F62B1AB1198,Normal,Normal
10300,2025-09-06 16:18:38,54,Verifikasi,S2F7F9F62B1AB1198,Normal,Normal
10301,2025-09-06 16:19:50,54,Logout,S2F7F9F62B1AB1198,Normal,Normal
10302,2025-09-07 01:32:34,43,Login,S9AAC8B797D49E8F9,login_luar_jam,Low
10303,2025-09-07 02:01:41,66,Login,S1B25CCDF256FC29B,login_luar_jam,Low
10304,2025-09-07 05:52:27,69,Login,SCE5A43726574708D,login_luar_jam,Low
10305,2025-09-07 06:55:25,1,Login,S837E3700E6D42EA4,login_luar_jam,Low
10310,2025-09-07 07:54:52,69,Lihat Perkara,SCE5A43726574708D,Normal,Normal
10311,2025-09-07 07:55:17,69,Cari Berkas,SCE5A43726574708D,Normal,Normal
10312,2025-09-07 07:57:38,69,Logout,SCE5A43726574708D,Normal,Normal
10313,2025-09-07 08:28:10,35,Login,SE12F3B2104005940,Normal,Normal
10314,2025-09-07 08:28:21,35,Lihat Perkara,SE12F3B2104005940,Normal,Normal
10315,2025-09-07 08:28:32,35,Cari Berkas,SE12F3B2104005940,Normal,Normal
10316,2025-09-07 08:29:27,35,Logout,SE12F3B2104005940,Normal,Normal
10317,2025-09-07 08:35:18,43,Lihat Perkara,S9AAC8B797D49E8F9,Normal,Normal
10318,2025-09-07 08:35:43,43,Cari Berkas,S9AAC8B797D49E8F9,Normal,Normal
10319,2025-09-07 08:35:53,43,Logout,S9AAC8B797D49E8F9,Normal,Normal
10320,2025-09-07 08:57:14,1,Dashboard,S837E3700E6D42EA4,Normal,Normal
10321,2025-09-07 09:00:05,1,Kelola User,S837E3700E6D42EA4,Normal,Normal
10322,2025-09-07 09:01:10,1,Kelola Kode Klasifikasi,S837E3700E6D42EA4,Normal,Normal
10323,2025-09-07 09:03:21,31,Login,SEB9F33CB7BAB1BAA,Normal,Normal
10324,2025-09-07 09:03:35,1,Logout,S837E3700E6D42EA4,Normal,Normal
10325,2025-09-07 09:05:16,31,Lihat Perkara,SEB9F33CB7BAB1BAA,Normal,Normal
10326,2025-09-07 09:07:18,31,Cari Berkas,SEB9F33CB7BAB1BAA,Normal,Normal
10327,2025-09-07 09:07:39,31,Logout,SEB9F33CB7BAB1BAA,Normal,Normal
10328,2025-09-07 09:49:04,86,Login,SB7E99ACAA97065E1,Normal,Normal
10329,2025-09-07 09:50:02,86,Lihat Perkara,SB7E99ACAA97065E1,Normal,Normal
10330,2025-09-07 09:51:27,86,Cari Berkas,SB7E99ACAA97065E1,Normal,Normal
10331,2025-09-07 09:52:32,86,Logout,SB7E99ACAA97065E1,Normal,Normal
10334,2025-09-07 11:44:28,22,Login,SBBB965E827F95A82,Normal,Normal
10336,2025-09-07 11:46:48,22,Lihat Perkara,SBBB965E827F95A82,ip_berubah,Low
10338,2025-09-07 11:49:32,22,Cari Berkas,SBBB965E827F95A82,Normal,Normal
10339,2025-09-07 11:50:47,22,Logout,SBBB965E827F95A82,Normal,Normal
10340,2025-09-07 14:02:57,66,Lihat Perkara,S1B25CCDF256FC29B,Normal,Normal
10341,2025-09-07 14:05:56,66,Cari Berkas,S1B25CCDF256FC29B,Normal,Normal
10342,2025-09-07 14:06:55,66,Logout,S1B25CCDF256FC29B,Normal,Normal
10343,2025-09-07 16:05:33,27,Login,S0FBE5FA3B73FACF5,ip_berubah,Low
10344,2025-09-07 16:08:09,27,Lihat Perkara,S0FBE5FA3B73FACF5,Normal,Normal
10345,2025-09-07 16:08:40,68,Login,SB3BA5DF7DDBD7D5C,Normal,Normal
10346,2025-09-07 16:10:49,68,Lihat Perkara,SB3BA5DF7DDBD7D5C,Normal,Normal
10347,2025-09-07 16:10:53,27,Cari Berkas,S0FBE5FA3B73FACF5,Normal,Normal
10348,2025-09-07 16:11:09,68,Cari Berkas,SB3BA5DF7DDBD7D5C,durasi_tidak_wajar,Medium
10349,2025-09-07 16:12:09,68,Logout,SB3BA5DF7DDBD7D5C,Normal,Normal
10350,2025-09-07 16:13:45,27,Logout,S0FBE5FA3B73FACF5,Normal,Normal
10351,2025-09-07 16:59:32,38,Login,S574AA942415A51FF,Normal,Normal
10352,2025-09-07 17:01:38,38,Lihat Perkara,S574AA942415A51FF,Normal,Normal
10353,2025-09-07 17:04:37,38,Cari Berkas,S574AA942415A51FF,Normal,Normal
10354,2025-09-07 17:05:11,38,Logout,S574AA942415A51FF,Normal,Normal
10355,2025-09-08 00:34:58,44,Login,SBD017E57EA285BDE,login_luar_jam,Low
10356,2025-09-08 06:34:53,54,Login,S87E4CC5C5CB5E5FE,login_luar_jam,Low
10357,2025-09-08 07:35:34,54,Lihat Perkara,S87E4CC5C5CB5E5FE,Normal,Normal
10358,2025-09-08 07:36:40,54,Lihat Berkas,S87E4CC5C5CB5E5FE,Normal,Normal
10359,2025-09-08 07:37:14,54,Input Berkas,S87E4CC5C5CB5E5FE,Normal,Normal
10360,2025-09-08 07:37:53,54,Verifikasi,S87E4CC5C5CB5E5FE,Normal,Normal
10361,2025-09-08 07:38:19,54,Logout,S87E4CC5C5CB5E5FE,Normal,Normal
10366,2025-09-08 09:37:39,44,Lihat Perkara,SBD017E57EA285BDE,Normal,Normal
10367,2025-09-08 09:39:09,44,Cari Berkas,SBD017E57EA285BDE,Normal,Normal
10368,2025-09-08 09:40:28,44,Logout,SBD017E57EA285BDE,Normal,Normal
10369,2025-09-08 10:21:01,32,Login,S8BEA75C1B86677AA,Normal,Normal
10370,2025-09-08 10:23:29,32,Lihat Perkara,S8BEA75C1B86677AA,Normal,Normal
10371,2025-09-08 10:26:23,32,Cari Berkas,S8BEA75C1B86677AA,Normal,Normal
10372,2025-09-08 10:26:48,32,Logout,S8BEA75C1B86677AA,Normal,Normal
10373,2025-09-08 10:52:31,53,Login,SEB168A10DF8798F2,Normal,Normal
10374,2025-09-08 10:54:53,53,Lihat Perkara,SEB168A10DF8798F2,Normal,Normal
10375,2025-09-08 10:57:22,53,Cari Berkas,SEB168A10DF8798F2,Normal,Normal
10376,2025-09-08 11:00:18,53,Logout,SEB168A10DF8798F2,Normal,Normal
10377,2025-09-08 11:30:20,75,Login,S0041F5D49549E631,Normal,Normal
10378,2025-09-08 11:32:30,75,Lihat Perkara,S0041F5D49549E631,Normal,Normal
10379,2025-09-08 11:33:08,75,Cari Berkas,S0041F5D49549E631,Normal,Normal
10380,2025-09-08 11:33:29,75,Logout,S0041F5D49549E631,Normal,Normal
10381,2025-09-08 12:53:11,55,Login,S52623D3715F76C7C,Normal,Normal
10382,2025-09-08 12:55:51,55,Lihat Perkara,S52623D3715F76C7C,Normal,Normal
10383,2025-09-08 12:57:28,55,Lihat Berkas,S52623D3715F76C7C,Normal,Normal
10384,2025-09-08 12:58:05,55,Input Berkas,S52623D3715F76C7C,Normal,Normal
10385,2025-09-08 12:59:19,55,Verifikasi,S52623D3715F76C7C,Normal,Normal
10386,2025-09-08 13:01:58,55,Logout,S52623D3715F76C7C,Normal,Normal
10391,2025-09-08 14:08:23,52,Login,S7C2CE385AB00764E,Normal,Normal
10392,2025-09-08 14:11:06,52,Lihat Perkara,S7C2CE385AB00764E,Normal,Normal
10393,2025-09-08 14:12:47,52,Cari Berkas,S7C2CE385AB00764E,Normal,Normal
10394,2025-09-08 14:15:16,52,Logout,S7C2CE385AB00764E,Normal,Normal
10399,2025-09-08 15:42:26,39,Login,S6875342396C5A3C7,Normal,Normal
10400,2025-09-08 15:42:44,39,Lihat Perkara,S6875342396C5A3C7,Normal,Normal
10401,2025-09-08 15:44:15,39,Cari Berkas,S6875342396C5A3C7,Normal,Normal
10402,2025-09-08 15:45:31,39,Logout,S6875342396C5A3C7,Normal,Normal
10403,2025-09-08 16:26:48,18,Login,SA5548394F39DEA6F,Normal,Normal
10404,2025-09-08 16:28:05,18,Lihat Perkara,SA5548394F39DEA6F,Normal,Normal
10405,2025-09-08 16:29:53,18,Cari Berkas,SA5548394F39DEA6F,Normal,Normal
10406,2025-09-08 16:32:26,18,Logout,SA5548394F39DEA6F,Normal,Normal
10407,2025-09-08 16:50:58,8,Login,SAB666A8C835B8981,device_berubah,Low
10408,2025-09-08 16:53:20,8,Lihat Perkara,SAB666A8C835B8981,ip_berubah,Low
10409,2025-09-08 16:54:49,8,Cari Berkas,SAB666A8C835B8981,Normal,Normal
10410,2025-09-08 16:56:59,8,Logout,SAB666A8C835B8981,Normal,Normal
10411,2025-09-09 02:42:15,80,Login,SF09E0302B525A4D9,login_luar_jam,Low
10412,2025-09-09 08:38:47,83,Login,SB9B4C225A23036D2,Normal,Normal
10413,2025-09-09 08:40:22,83,Lihat Perkara,SB9B4C225A23036D2,Normal,Normal
10414,2025-09-09 08:41:29,83,Cari Berkas,SB9B4C225A23036D2,Normal,Normal
10415,2025-09-09 08:44:06,83,Logout,SB9B4C225A23036D2,Normal,Normal
10416,2025-09-09 10:38:38,51,Login,SEA9E5C8DB1A8B71F,device_berubah,Low
10417,2025-09-09 10:39:19,51,Lihat Perkara,SEA9E5C8DB1A8B71F,Normal,Normal
10418,2025-09-09 10:40:03,51,Cari Berkas,SEA9E5C8DB1A8B71F,Normal,Normal
10419,2025-09-09 10:40:31,51,Logout,SEA9E5C8DB1A8B71F,Normal,Normal
10420,2025-09-09 11:16:22,51,Login,SBE7A31688E72D17C,Normal,Normal
10421,2025-09-09 11:18:08,51,Lihat Perkara,SBE7A31688E72D17C,Normal,Normal
10422,2025-09-09 11:20:35,51,Cari Berkas,SBE7A31688E72D17C,Normal,Normal
10423,2025-09-09 11:21:18,51,Logout,SBE7A31688E72D17C,Normal,Normal
10424,2025-09-09 12:20:12,58,Login,S88D616E6E3B9B408,Normal,Normal
10425,2025-09-09 12:21:35,58,Lihat Perkara,S88D616E6E3B9B408,Normal,Normal
10426,2025-09-09 12:24:03,58,Cari Berkas,S88D616E6E3B9B408,Normal,Normal
10427,2025-09-09 12:26:27,58,Logout,S88D616E6E3B9B408,Normal,Normal
10436,2025-09-09 14:56:32,61,Login,S053F1A4361874FA9,Normal,Normal
10437,2025-09-09 14:58:36,61,Lihat Perkara,S053F1A4361874FA9,Normal,Normal
10438,2025-09-09 15:00:34,61,Cari Berkas,S053F1A4361874FA9,Normal,Normal
10439,2025-09-09 15:01:06,61,Logout,S053F1A4361874FA9,Normal,Normal
10444,2025-09-09 15:34:33,25,Login,SC78A7900D2BD16EC,Normal,Normal
10445,2025-09-09 15:36:25,65,Login,SA58864FF0C010C94,Normal,Normal
10446,2025-09-09 15:36:28,25,Lihat Perkara,SC78A7900D2BD16EC,Normal,Normal
10447,2025-09-09 15:36:35,65,Lihat Perkara,SA58864FF0C010C94,Normal,Normal
10448,2025-09-09 15:36:57,65,Cari Berkas,SA58864FF0C010C94,Normal,Normal
10449,2025-09-09 15:37:34,38,Login,S633098EDDA252795,Normal,Normal
10450,2025-09-09 15:38:03,25,Cari Berkas,SC78A7900D2BD16EC,Normal,Normal
10451,2025-09-09 15:38:19,38,Lihat Perkara,S633098EDDA252795,Normal,Normal
10452,2025-09-09 15:38:19,65,Logout,SA58864FF0C010C94,Normal,Normal
10453,2025-09-09 15:39:10,38,Cari Berkas,S633098EDDA252795,Normal,Normal
10454,2025-09-09 15:40:01,25,Logout,SC78A7900D2BD16EC,Normal,Normal
10455,2025-09-09 15:40:09,38,Logout,S633098EDDA252795,Normal,Normal
10456,2025-09-09 15:44:16,80,Lihat Perkara,SF09E0302B525A4D9,Normal,Normal
10457,2025-09-09 15:46:09,80,Cari Berkas,SF09E0302B525A4D9,peminjaman_massal,High
10458,2025-09-09 15:46:36,80,Logout,SF09E0302B525A4D9,Normal,Normal
10459,2025-09-09 16:45:43,35,Login,S179EE93BA3999919,Normal,Normal
10460,2025-09-09 16:46:39,35,Lihat Perkara,S179EE93BA3999919,Normal,Normal
10461,2025-09-09 16:47:15,35,Cari Berkas,S179EE93BA3999919,device_berubah,Low
10462,2025-09-09 16:50:05,35,Logout,S179EE93BA3999919,Normal,Normal
10464,2025-09-10 05:20:30,33,Login,S67870EA5BFAC1BC1,login_luar_jam,Low
10465,2025-09-10 07:22:55,33,Lihat Perkara,S67870EA5BFAC1BC1,device_berubah,Low
10466,2025-09-10 07:25:22,33,Cari Berkas,S67870EA5BFAC1BC1,device_berubah,Low
10467,2025-09-10 07:25:47,33,Logout,S67870EA5BFAC1BC1,Normal,Normal
10468,2025-09-10 08:23:40,70,Login,SF5494B5D071EF20F,Normal,Normal
10469,2025-09-10 08:24:55,70,Lihat Perkara,SF5494B5D071EF20F,device_berubah,Low
10470,2025-09-10 08:27:17,70,Cari Berkas,SF5494B5D071EF20F,Normal,Normal
10471,2025-09-10 08:29:28,70,Logout,SF5494B5D071EF20F,Normal,Normal
10475,2025-09-10 13:10:28,48,Login,S80F58B812B7C5EE3,Normal,Normal
10476,2025-09-10 13:12:37,48,Lihat Perkara,S80F58B812B7C5EE3,Normal,Normal
10477,2025-09-10 13:13:20,48,Lihat Berkas,S80F58B812B7C5EE3,Normal,Normal
10478,2025-09-10 13:13:52,48,Input Berkas,S80F58B812B7C5EE3,Normal,Normal
10479,2025-09-10 13:15:23,48,Verifikasi,S80F58B812B7C5EE3,Normal,Normal
10480,2025-09-10 13:17:48,48,Logout,S80F58B812B7C5EE3,Normal,Normal
10485,2025-09-10 15:29:13,48,Login,S1FF76911877B4F5B,verifikasi_massal,High
10486,2025-09-10 15:32:03,48,Lihat Perkara,S1FF76911877B4F5B,Normal,Normal
10487,2025-09-10 15:33:15,48,Lihat Berkas,S1FF76911877B4F5B,Normal,Normal
10488,2025-09-10 15:34:10,8,Login,S6D12B92CBC65C13E,device_berubah,Low
10489,2025-09-10 15:36:05,48,Input Berkas,S1FF76911877B4F5B,Normal,Normal
10490,2025-09-10 15:36:27,8,Lihat Perkara,S6D12B92CBC65C13E,Normal,Normal
10491,2025-09-10 15:38:00,48,Verifikasi,S1FF76911877B4F5B,Normal,Normal
10492,2025-09-10 15:39:15,8,Cari Berkas,S6D12B92CBC65C13E,Normal,Normal
10493,2025-09-10 15:39:42,48,Logout,S1FF76911877B4F5B,Normal,Normal
10494,2025-09-10 15:41:37,8,Logout,S6D12B92CBC65C13E,Normal,Normal
10496,2025-09-11 07:37:22,81,Login,S8F7A64A53E792193,Normal,Normal
10497,2025-09-11 07:38:26,81,Lihat Perkara,S8F7A64A53E792193,Normal,Normal
10498,2025-09-11 07:39:55,81,Cari Berkas,S8F7A64A53E792193,Normal,Normal
10499,2025-09-11 07:42:48,81,Logout,S8F7A64A53E792193,Normal,Normal
10500,2025-09-11 07:44:33,74,Login,S1DB3C0756FB9DE37,Normal,Normal
10501,2025-09-11 07:46:36,74,Lihat Perkara,S1DB3C0756FB9DE37,Normal,Normal
10502,2025-09-11 07:47:11,53,Login,S988F763DFE8CDA1C,Normal,Normal
10503,2025-09-11 07:48:17,74,Cari Berkas,S1DB3C0756FB9DE37,Normal,Normal
10504,2025-09-11 07:48:28,53,Lihat Perkara,S988F763DFE8CDA1C,Normal,Normal
10505,2025-09-11 07:50:23,53,Cari Berkas,S988F763DFE8CDA1C,Normal,Normal
10506,2025-09-11 07:50:50,74,Logout,S1DB3C0756FB9DE37,Normal,Normal
10507,2025-09-11 07:51:43,53,Logout,S988F763DFE8CDA1C,Normal,Normal
10508,2025-09-11 08:45:39,8,Login,S32A4D31A9976DFA0,Normal,Normal
10509,2025-09-11 08:47:35,8,Lihat Perkara,S32A4D31A9976DFA0,Normal,Normal
10510,2025-09-11 08:48:59,8,Cari Berkas,S32A4D31A9976DFA0,Normal,Normal
10511,2025-09-11 08:51:57,8,Logout,S32A4D31A9976DFA0,device_berubah,Low
10515,2025-09-11 10:00:39,79,Login,S782351D9D94DF188,Normal,Normal
10516,2025-09-11 10:01:08,79,Lihat Perkara,S782351D9D94DF188,Normal,Normal
10517,2025-09-11 10:03:23,79,Cari Berkas,S782351D9D94DF188,Normal,Normal
10518,2025-09-11 10:04:55,79,Logout,S782351D9D94DF188,Normal,Normal
10519,2025-09-11 10:45:48,24,Login,S341FAB4AB6CAF840,Normal,Normal
10520,2025-09-11 10:48:24,24,Lihat Perkara,S341FAB4AB6CAF840,Normal,Normal
10521,2025-09-11 10:51:17,24,Cari Berkas,S341FAB4AB6CAF840,Normal,Normal
10522,2025-09-11 10:54:03,24,Logout,S341FAB4AB6CAF840,Normal,Normal
10523,2025-09-11 11:55:11,21,Login,SE5D6AB9B21DCDE12,Normal,Normal
10524,2025-09-11 11:55:25,21,Lihat Perkara,SE5D6AB9B21DCDE12,aktivitas_terlalu_cepat,Medium
10525,2025-09-11 11:58:20,21,Cari Berkas,SE5D6AB9B21DCDE12,Normal,Normal
10526,2025-09-11 12:00:21,21,Logout,SE5D6AB9B21DCDE12,Normal,Normal
10535,2025-09-11 13:29:51,60,Login,S0C781EDC0B7D80F9,Normal,Normal
10536,2025-09-11 13:30:28,60,Lihat Perkara,S0C781EDC0B7D80F9,Normal,Normal
10537,2025-09-11 13:32:26,60,Cari Berkas,S0C781EDC0B7D80F9,Normal,Normal
10538,2025-09-11 13:34:35,60,Logout,S0C781EDC0B7D80F9,Normal,Normal
10539,2025-09-11 13:36:54,1,Login,SBF88F7496B2FA6BC,Normal,Normal
10540,2025-09-11 13:38:49,1,Dashboard,SBF88F7496B2FA6BC,Normal,Normal
10541,2025-09-11 13:39:04,1,Kelola User,SBF88F7496B2FA6BC,Normal,Normal
10542,2025-09-11 13:39:57,1,Kelola Kode Klasifikasi,SBF88F7496B2FA6BC,Normal,Normal
10543,2025-09-11 13:40:18,1,Logout,SBF88F7496B2FA6BC,Normal,Normal
10544,2025-09-11 15:01:18,49,Login,SE54DCE58044E2D9B,Normal,Normal
10545,2025-09-11 15:03:21,49,Lihat Perkara,SE54DCE58044E2D9B,Normal,Normal
10546,2025-09-11 15:06:04,49,Cari Berkas,SE54DCE58044E2D9B,Normal,Normal
10547,2025-09-11 15:07:26,49,Logout,SE54DCE58044E2D9B,Normal,Normal
10551,2025-09-11 15:26:43,43,Login,S676A504CDBEB21E2,Normal,Normal
10553,2025-09-11 15:28:06,43,Lihat Perkara,S676A504CDBEB21E2,Normal,Normal
10554,2025-09-11 15:30:11,43,Cari Berkas,S676A504CDBEB21E2,Normal,Normal
10555,2025-09-11 15:31:01,43,Logout,S676A504CDBEB21E2,aktivitas_terlalu_cepat,Medium
10556,2025-09-11 15:37:28,82,Login,S7BB95B07B1CB62D0,Normal,Normal
10557,2025-09-11 15:37:48,72,Login,S5C9765E2AE627433,Normal,Normal
10558,2025-09-11 15:38:46,82,Lihat Perkara,S7BB95B07B1CB62D0,Normal,Normal
10559,2025-09-11 15:38:49,72,Lihat Perkara,S5C9765E2AE627433,Normal,Normal
10560,2025-09-11 15:39:14,72,Cari Berkas,S5C9765E2AE627433,Normal,Normal
10561,2025-09-11 15:41:03,72,Logout,S5C9765E2AE627433,Normal,Normal
10562,2025-09-11 15:41:24,82,Cari Berkas,S7BB95B07B1CB62D0,Normal,Normal
10563,2025-09-11 15:43:16,82,Logout,S7BB95B07B1CB62D0,Normal,Normal
10565,2025-09-12 06:12:36,21,Login,S9B3D74BDE91E314E,login_luar_jam,Low
10566,2025-09-12 07:25:18,78,Login,S4EFC8248E10B1A47,Normal,Normal
10567,2025-09-12 07:25:51,78,Lihat Perkara,S4EFC8248E10B1A47,Normal,Normal
10568,2025-09-12 07:27:41,78,Cari Berkas,S4EFC8248E10B1A47,Normal,Normal
10569,2025-09-12 07:30:00,78,Logout,S4EFC8248E10B1A47,Normal,Normal
10571,2025-09-12 08:05:44,79,Login,S8E6A55EBE177B7BE,Normal,Normal
10573,2025-09-12 08:08:16,79,Lihat Perkara,S8E6A55EBE177B7BE,Normal,Normal
10575,2025-09-12 08:10:54,79,Cari Berkas,S8E6A55EBE177B7BE,Normal,Normal
10577,2025-09-12 08:12:13,79,Logout,S8E6A55EBE177B7BE,Normal,Normal
10578,2025-09-12 10:31:53,78,Login,S1CC81F380C71AAE2,Normal,Normal
10579,2025-09-12 10:34:47,78,Lihat Perkara,S1CC81F380C71AAE2,Normal,Normal
10580,2025-09-12 10:35:38,78,Cari Berkas,S1CC81F380C71AAE2,Normal,Normal
10581,2025-09-12 10:38:33,78,Logout,S1CC81F380C71AAE2,Normal,Normal
10582,2025-09-12 11:12:07,30,Login,S7D457A09402D35E8,Normal,Normal
10583,2025-09-12 11:14:57,30,Lihat Perkara,S7D457A09402D35E8,Normal,Normal
10584,2025-09-12 11:15:41,30,Cari Berkas,S7D457A09402D35E8,durasi_tidak_wajar,Medium
10585,2025-09-12 11:15:58,30,Logout,S7D457A09402D35E8,Normal,Normal
10595,2025-09-12 12:13:44,21,Lihat Perkara,S9B3D74BDE91E314E,Normal,Normal
10596,2025-09-12 12:16:29,21,Cari Berkas,S9B3D74BDE91E314E,Normal,Normal
10597,2025-09-12 12:18:09,21,Logout,S9B3D74BDE91E314E,Normal,Normal
10598,2025-09-12 15:29:00,48,Login,S8347F1DA5C11AB6D,Normal,Normal
10599,2025-09-12 15:29:35,48,Lihat Perkara,S8347F1DA5C11AB6D,Normal,Normal
10600,2025-09-12 15:31:05,70,Login,S1EA0C93932917432,Normal,Normal
10601,2025-09-12 15:31:45,48,Lihat Berkas,S8347F1DA5C11AB6D,Normal,Normal
10602,2025-09-12 15:33:15,70,Lihat Perkara,S1EA0C93932917432,Normal,Normal
10603,2025-09-12 15:33:16,48,Input Berkas,S8347F1DA5C11AB6D,Normal,Normal
10604,2025-09-12 15:34:18,48,Verifikasi,S8347F1DA5C11AB6D,aktivitas_terlalu_cepat,Medium
10605,2025-09-12 15:34:34,70,Cari Berkas,S1EA0C93932917432,Normal,Normal
10606,2025-09-12 15:35:53,70,Logout,S1EA0C93932917432,Normal,Normal
10607,2025-09-12 15:36:02,48,Logout,S8347F1DA5C11AB6D,Normal,Normal
10608,2025-09-13 08:24:43,51,Login,S51BAADF758F7A675,Normal,Normal
10609,2025-09-13 08:25:19,51,Lihat Perkara,S51BAADF758F7A675,Normal,Normal
10610,2025-09-13 08:27:07,51,Cari Berkas,S51BAADF758F7A675,Normal,Normal
10611,2025-09-13 08:28:02,51,Logout,S51BAADF758F7A675,Normal,Normal
10612,2025-09-13 09:46:55,74,Login,SCFD0DA660A444A9F,Normal,Normal
10613,2025-09-13 09:48:44,74,Lihat Perkara,SCFD0DA660A444A9F,Normal,Normal
10614,2025-09-13 09:49:04,74,Cari Berkas,SCFD0DA660A444A9F,Normal,Normal
10615,2025-09-13 09:49:55,74,Logout,SCFD0DA660A444A9F,Normal,Normal
10616,2025-09-13 10:25:08,86,Login,S78E45B98B163570F,Normal,Normal
10617,2025-09-13 10:26:57,86,Lihat Perkara,S78E45B98B163570F,Normal,Normal
10618,2025-09-13 10:28:36,86,Cari Berkas,S78E45B98B163570F,Normal,Normal
10619,2025-09-13 10:29:13,86,Logout,S78E45B98B163570F,Normal,Normal
10620,2025-09-13 10:43:52,45,Login,S5DAEF60B01C08038,Normal,Normal
10621,2025-09-13 10:45:21,45,Lihat Perkara,S5DAEF60B01C08038,peminjaman_massal,High
10622,2025-09-13 10:47:36,45,Cari Berkas,S5DAEF60B01C08038,Normal,Normal
10623,2025-09-13 10:48:24,45,Logout,S5DAEF60B01C08038,Normal,Normal
10624,2025-09-13 12:08:25,73,Login,S6DB7E3F9867A1104,Normal,Normal
10625,2025-09-13 12:08:48,73,Lihat Perkara,S6DB7E3F9867A1104,Normal,Normal
10626,2025-09-13 12:10:13,73,Cari Berkas,S6DB7E3F9867A1104,Normal,Normal
10627,2025-09-13 12:12:23,73,Logout,S6DB7E3F9867A1104,Normal,Normal
10628,2025-09-13 12:23:58,22,Login,S5FE0C7C32336D60B,Normal,Normal
10629,2025-09-13 12:24:59,22,Lihat Perkara,S5FE0C7C32336D60B,Normal,Normal
10630,2025-09-13 12:25:47,22,Cari Berkas,S5FE0C7C32336D60B,Normal,Normal
10631,2025-09-13 12:27:33,22,Logout,S5FE0C7C32336D60B,Normal,Normal
10632,2025-09-13 12:36:50,82,Login,S133A84905D210794,Normal,Normal
10633,2025-09-13 12:38:16,82,Lihat Perkara,S133A84905D210794,Normal,Normal
10634,2025-09-13 12:40:10,82,Cari Berkas,S133A84905D210794,Normal,Normal
10635,2025-09-13 12:40:25,82,Logout,S133A84905D210794,Normal,Normal
10637,2025-09-14 07:34:22,74,Login,SF8644F2FDDFC55C2,Normal,Normal
10638,2025-09-14 07:34:35,74,Lihat Perkara,SF8644F2FDDFC55C2,Normal,Normal
10639,2025-09-14 07:35:28,74,Cari Berkas,SF8644F2FDDFC55C2,Normal,Normal
10640,2025-09-14 07:38:24,74,Logout,SF8644F2FDDFC55C2,Normal,Normal
10646,2025-09-14 12:01:19,45,Login,SFA6E3743FEF97D57,Normal,Normal
10647,2025-09-14 12:01:44,45,Lihat Perkara,SFA6E3743FEF97D57,ip_berubah,Low
10648,2025-09-14 12:04:34,45,Cari Berkas,SFA6E3743FEF97D57,Normal,Normal
10649,2025-09-14 12:05:49,45,Logout,SFA6E3743FEF97D57,Normal,Normal
10650,2025-09-14 12:40:31,52,Login,SCE53CCCFB3A3D7E0,Normal,Normal
10651,2025-09-14 12:42:14,52,Lihat Perkara,SCE53CCCFB3A3D7E0,durasi_tidak_wajar,Medium
10652,2025-09-14 12:43:42,52,Cari Berkas,SCE53CCCFB3A3D7E0,Normal,Normal
10653,2025-09-14 12:45:38,52,Logout,SCE53CCCFB3A3D7E0,Normal,Normal
10654,2025-09-14 13:10:54,47,Login,SBBB51D4B742B1E85,Normal,Normal
10655,2025-09-14 13:11:46,47,Lihat Perkara,SBBB51D4B742B1E85,Normal,Normal
10656,2025-09-14 13:13:02,47,Cari Berkas,SBBB51D4B742B1E85,device_berubah,Low
10657,2025-09-14 13:15:08,47,Logout,SBBB51D4B742B1E85,Normal,Normal
10658,2025-09-15 00:49:20,51,Login,SDBE81D7AC90703E8,login_luar_jam,Low
10659,2025-09-15 09:49:52,51,Lihat Perkara,SDBE81D7AC90703E8,Normal,Normal
10660,2025-09-15 09:51:11,51,Cari Berkas,SDBE81D7AC90703E8,Normal,Normal
10661,2025-09-15 09:51:57,51,Logout,SDBE81D7AC90703E8,Normal,Normal
10662,2025-09-15 10:04:51,79,Login,S81F737183CEADF21,Normal,Normal
10663,2025-09-15 10:05:02,79,Lihat Perkara,S81F737183CEADF21,Normal,Normal
10664,2025-09-15 10:05:30,79,Cari Berkas,S81F737183CEADF21,Normal,Normal
10665,2025-09-15 10:07:03,79,Logout,S81F737183CEADF21,Normal,Normal
10674,2025-09-15 16:03:45,64,Login,S91ECA6B72D7B3702,Normal,Normal
10675,2025-09-15 16:05:48,64,Lihat Perkara,S91ECA6B72D7B3702,Normal,Normal
10676,2025-09-15 16:08:41,64,Cari Berkas,S91ECA6B72D7B3702,Normal,Normal
10677,2025-09-15 16:11:05,64,Logout,S91ECA6B72D7B3702,Normal,Normal
10678,2025-09-15 16:20:52,54,Login,S9E46FCB16F93327D,Normal,Normal
10679,2025-09-15 16:23:15,54,Lihat Perkara,S9E46FCB16F93327D,Normal,Normal
10680,2025-09-15 16:25:05,54,Lihat Berkas,S9E46FCB16F93327D,Normal,Normal
10681,2025-09-15 16:26:58,54,Input Berkas,S9E46FCB16F93327D,Normal,Normal
10682,2025-09-15 16:28:41,54,Verifikasi,S9E46FCB16F93327D,Normal,Normal
10683,2025-09-15 16:31:30,54,Logout,S9E46FCB16F93327D,Normal,Normal
10688,2025-09-16 04:54:02,66,Login,S325B1116ACB812AC,login_luar_jam,Low
10689,2025-09-16 07:32:16,42,Login,SAB82E95411FB8702,Normal,Normal
10690,2025-09-16 07:34:14,42,Lihat Perkara,SAB82E95411FB8702,Normal,Normal
10691,2025-09-16 07:36:12,42,Cari Berkas,SAB82E95411FB8702,Normal,Normal
10692,2025-09-16 07:38:08,42,Logout,SAB82E95411FB8702,Normal,Normal
10693,2025-09-16 07:54:32,73,Login,S5A2DF2B151D9170E,Normal,Normal
10694,2025-09-16 07:55:32,73,Lihat Perkara,S5A2DF2B151D9170E,Normal,Normal
10695,2025-09-16 07:55:52,73,Cari Berkas,S5A2DF2B151D9170E,Normal,Normal
10696,2025-09-16 07:58:41,73,Logout,S5A2DF2B151D9170E,Normal,Normal
10697,2025-09-16 08:57:44,1,Login,SCB28F9C6E4A7AD11,Normal,Normal
10698,2025-09-16 09:00:00,1,Dashboard,SCB28F9C6E4A7AD11,Normal,Normal
10699,2025-09-16 09:00:46,1,Kelola User,SCB28F9C6E4A7AD11,Normal,Normal
10700,2025-09-16 09:01:14,1,Kelola Kode Klasifikasi,SCB28F9C6E4A7AD11,Normal,Normal
10701,2025-09-16 09:02:42,1,Logout,SCB28F9C6E4A7AD11,Normal,Normal
10702,2025-09-16 10:40:48,22,Login,S8C32BDB2D42A895E,Normal,Normal
10703,2025-09-16 10:43:24,22,Lihat Perkara,S8C32BDB2D42A895E,Normal,Normal
10704,2025-09-16 10:45:51,22,Cari Berkas,S8C32BDB2D42A895E,Normal,Normal
10705,2025-09-16 10:46:39,22,Logout,S8C32BDB2D42A895E,Normal,Normal
10714,2025-09-16 13:36:29,27,Login,S8ACE3A10B2879BDD,Normal,Normal
10715,2025-09-16 13:38:24,27,Lihat Perkara,S8ACE3A10B2879BDD,Normal,Normal
10716,2025-09-16 13:40:16,27,Cari Berkas,S8ACE3A10B2879BDD,Normal,Normal
10717,2025-09-16 13:42:13,27,Logout,S8ACE3A10B2879BDD,Normal,Normal
10718,2025-09-16 13:55:42,66,Lihat Perkara,S325B1116ACB812AC,Normal,Normal
10719,2025-09-16 13:57:06,66,Cari Berkas,S325B1116ACB812AC,Normal,Normal
10720,2025-09-16 13:59:40,66,Logout,S325B1116ACB812AC,Normal,Normal
10721,2025-09-16 14:00:34,45,Login,S823500F97E33E68F,Normal,Normal
10722,2025-09-16 14:01:13,45,Lihat Perkara,S823500F97E33E68F,Normal,Normal
10723,2025-09-16 14:02:31,45,Cari Berkas,S823500F97E33E68F,Normal,Normal
10724,2025-09-16 14:02:56,45,Logout,S823500F97E33E68F,Normal,Normal
10725,2025-09-16 14:41:20,24,Login,SBA5C543E8AF638A3,Normal,Normal
10726,2025-09-16 14:41:35,24,Lihat Perkara,SBA5C543E8AF638A3,Normal,Normal
10727,2025-09-16 14:42:09,24,Cari Berkas,SBA5C543E8AF638A3,Normal,Normal
10728,2025-09-16 14:43:57,24,Logout,SBA5C543E8AF638A3,Normal,Normal
10729,2025-09-17 08:00:52,86,Login,S2803FEB5DAB6C73D,Normal,Normal
10730,2025-09-17 08:02:42,86,Lihat Perkara,S2803FEB5DAB6C73D,Normal,Normal
10731,2025-09-17 08:03:59,86,Cari Berkas,S2803FEB5DAB6C73D,Normal,Normal
10732,2025-09-17 08:06:15,86,Logout,S2803FEB5DAB6C73D,Normal,Normal
10737,2025-09-17 08:56:17,48,Login,S6839F98F2CCF1472,Normal,Normal
10738,2025-09-17 08:58:50,48,Lihat Perkara,S6839F98F2CCF1472,peminjaman_massal,High
10739,2025-09-17 08:59:18,48,Lihat Berkas,S6839F98F2CCF1472,Normal,Normal
10740,2025-09-17 09:01:36,48,Input Berkas,S6839F98F2CCF1472,Normal,Normal
10741,2025-09-17 09:03:01,48,Verifikasi,S6839F98F2CCF1472,Normal,Normal
10742,2025-09-17 09:04:38,48,Logout,S6839F98F2CCF1472,Normal,Normal
10747,2025-09-17 10:54:57,18,Login,S4496A8834A7A677B,Normal,Normal
10748,2025-09-17 10:56:51,18,Lihat Perkara,S4496A8834A7A677B,Normal,Normal
10749,2025-09-17 10:57:16,18,Cari Berkas,S4496A8834A7A677B,Normal,Normal
10750,2025-09-17 10:59:49,18,Logout,S4496A8834A7A677B,Normal,Normal
10751,2025-09-17 14:26:01,82,Login,S923189E07B52FA70,Normal,Normal
10752,2025-09-17 14:27:01,82,Lihat Perkara,S923189E07B52FA70,Normal,Normal
10753,2025-09-17 14:27:32,82,Cari Berkas,S923189E07B52FA70,Normal,Normal
10754,2025-09-17 14:30:08,82,Logout,S923189E07B52FA70,Normal,Normal
10769,2025-09-18 12:12:33,48,Login,SA06DEABAA2ABDAED,Normal,Normal
10770,2025-09-18 12:13:56,48,Lihat Perkara,SA06DEABAA2ABDAED,Normal,Normal
10771,2025-09-18 12:16:02,48,Lihat Berkas,SA06DEABAA2ABDAED,Normal,Normal
10772,2025-09-18 12:16:13,48,Input Berkas,SA06DEABAA2ABDAED,Normal,Normal
10773,2025-09-18 12:17:36,48,Verifikasi,SA06DEABAA2ABDAED,ip_berubah,Low
10774,2025-09-18 12:18:16,48,Logout,SA06DEABAA2ABDAED,Normal,Normal
10775,2025-09-18 14:18:25,33,Login,S9A3B031932F57510,Normal,Normal
10776,2025-09-18 14:20:43,33,Lihat Perkara,S9A3B031932F57510,Normal,Normal
10777,2025-09-18 14:21:03,33,Cari Berkas,S9A3B031932F57510,Normal,Normal
10778,2025-09-18 14:21:24,33,Logout,S9A3B031932F57510,Normal,Normal
10779,2025-09-18 14:33:14,24,Login,S784BA064D00DA1DF,Normal,Normal
10780,2025-09-18 14:33:38,24,Lihat Perkara,S784BA064D00DA1DF,Normal,Normal
10781,2025-09-18 14:35:15,24,Cari Berkas,S784BA064D00DA1DF,Normal,Normal
10782,2025-09-18 14:37:17,24,Logout,S784BA064D00DA1DF,Normal,Normal
10783,2025-09-19 03:21:41,41,Login,S6FD171410AAF1B46,login_luar_jam,Low
10784,2025-09-19 08:01:07,44,Login,S590A446ED3527803,Normal,Normal
10785,2025-09-19 08:02:09,44,Lihat Perkara,S590A446ED3527803,durasi_tidak_wajar,Medium
10786,2025-09-19 08:04:59,44,Cari Berkas,S590A446ED3527803,Normal,Normal
10787,2025-09-19 08:06:34,44,Logout,S590A446ED3527803,Normal,Normal
10788,2025-09-19 08:32:17,79,Login,SEDECAE6A68EE7FDB,Normal,Normal
10789,2025-09-19 08:35:12,79,Lihat Perkara,SEDECAE6A68EE7FDB,Normal,Normal
10790,2025-09-19 08:37:18,79,Cari Berkas,SEDECAE6A68EE7FDB,Normal,Normal
10791,2025-09-19 08:38:25,79,Logout,SEDECAE6A68EE7FDB,Normal,Normal
10792,2025-09-19 08:43:31,20,Login,SAD2F9FD4BDD0747B,Normal,Normal
10793,2025-09-19 08:43:41,20,Lihat Perkara,SAD2F9FD4BDD0747B,Normal,Normal
10794,2025-09-19 08:44:18,20,Cari Berkas,SAD2F9FD4BDD0747B,Normal,Normal
10795,2025-09-19 08:45:37,20,Logout,SAD2F9FD4BDD0747B,peminjaman_massal,High
10796,2025-09-19 08:46:15,61,Login,SC56E60185340CB95,Normal,Normal
10798,2025-09-19 08:48:29,61,Lihat Perkara,SC56E60185340CB95,Normal,Normal
10800,2025-09-19 08:48:48,61,Cari Berkas,SC56E60185340CB95,Normal,Normal
10803,2025-09-19 08:51:12,61,Logout,SC56E60185340CB95,Normal,Normal
10804,2025-09-19 10:32:51,65,Login,SF0F5BDC1D1ED43BA,Normal,Normal
10805,2025-09-19 10:33:37,65,Lihat Perkara,SF0F5BDC1D1ED43BA,Normal,Normal
10806,2025-09-19 10:34:43,65,Cari Berkas,SF0F5BDC1D1ED43BA,Normal,Normal
10807,2025-09-19 10:34:57,65,Logout,SF0F5BDC1D1ED43BA,Normal,Normal
10808,2025-09-19 10:54:02,65,Login,S92F8BC43BB205CD6,Normal,Normal
10809,2025-09-19 10:54:48,65,Lihat Perkara,S92F8BC43BB205CD6,Normal,Normal
10810,2025-09-19 10:56:17,65,Cari Berkas,S92F8BC43BB205CD6,Normal,Normal
10811,2025-09-19 10:56:34,65,Logout,S92F8BC43BB205CD6,Normal,Normal
10812,2025-09-19 14:05:54,34,Login,S0B8A48FB3D5FD707,Normal,Normal
10813,2025-09-19 14:07:15,34,Lihat Perkara,S0B8A48FB3D5FD707,Normal,Normal
10814,2025-09-19 14:09:05,34,Cari Berkas,S0B8A48FB3D5FD707,Normal,Normal
10815,2025-09-19 14:11:50,34,Logout,S0B8A48FB3D5FD707,Normal,Normal
10816,2025-09-19 15:00:38,61,Login,SB774B61D664101FA,Normal,Normal
10817,2025-09-19 15:02:37,61,Lihat Perkara,SB774B61D664101FA,Normal,Normal
10818,2025-09-19 15:03:18,61,Cari Berkas,SB774B61D664101FA,aktivitas_terlalu_cepat,Medium
10819,2025-09-19 15:03:54,61,Logout,SB774B61D664101FA,Normal,Normal
10820,2025-09-19 15:42:26,73,Login,S853ACB893CA5948F,Normal,Normal
10821,2025-09-19 15:43:10,73,Lihat Perkara,S853ACB893CA5948F,Normal,Normal
10822,2025-09-19 15:44:39,73,Cari Berkas,S853ACB893CA5948F,Normal,Normal
10823,2025-09-19 15:46:25,73,Logout,S853ACB893CA5948F,Normal,Normal
10824,2025-09-19 16:23:18,41,Lihat Perkara,S6FD171410AAF1B46,Normal,Normal
10825,2025-09-19 16:25:17,41,Cari Berkas,S6FD171410AAF1B46,Normal,Normal
10826,2025-09-19 16:27:44,41,Logout,S6FD171410AAF1B46,Normal,Normal
10827,2025-09-20 04:10:02,34,Login,S9201030915886873,login_luar_jam,Low
10828,2025-09-20 07:45:50,30,Login,S753840D987EA19F2,Normal,Normal
10829,2025-09-20 07:47:00,30,Lihat Perkara,S753840D987EA19F2,Normal,Normal
10830,2025-09-20 07:48:38,30,Cari Berkas,S753840D987EA19F2,ip_berubah,Low
10831,2025-09-20 07:51:09,30,Logout,S753840D987EA19F2,Normal,Normal
10832,2025-09-20 09:01:18,18,Login,SB0B4D74E8D72441D,Normal,Normal
10833,2025-09-20 09:04:05,18,Lihat Perkara,SB0B4D74E8D72441D,Normal,Normal
10834,2025-09-20 09:06:15,18,Cari Berkas,SB0B4D74E8D72441D,Normal,Normal
10835,2025-09-20 09:07:04,18,Logout,SB0B4D74E8D72441D,Normal,Normal
10840,2025-09-20 11:41:47,52,Login,S5452DD67475E2BBE,Normal,Normal
10841,2025-09-20 11:43:52,52,Lihat Perkara,S5452DD67475E2BBE,aktivitas_terlalu_cepat,Medium
10842,2025-09-20 11:45:17,52,Cari Berkas,S5452DD67475E2BBE,Normal,Normal
10843,2025-09-20 11:45:44,52,Logout,S5452DD67475E2BBE,Normal,Normal
10844,2025-09-20 12:03:34,49,Login,S8FB8A4A33B645E6D,Normal,Normal
10845,2025-09-20 12:06:32,49,Lihat Perkara,S8FB8A4A33B645E6D,Normal,Normal
10846,2025-09-20 12:07:44,49,Cari Berkas,S8FB8A4A33B645E6D,Normal,Normal
10847,2025-09-20 12:08:07,49,Logout,S8FB8A4A33B645E6D,Normal,Normal
10848,2025-09-20 14:11:44,34,Lihat Perkara,S9201030915886873,Normal,Normal
10849,2025-09-20 14:13:09,86,Login,S9D6189FDDC5C18A4,Normal,Normal
10850,2025-09-20 14:13:26,34,Cari Berkas,S9201030915886873,Normal,Normal
10851,2025-09-20 14:13:51,34,Logout,S9201030915886873,Normal,Normal
10852,2025-09-20 14:15:30,86,Lihat Perkara,S9D6189FDDC5C18A4,Normal,Normal
10853,2025-09-20 14:18:26,86,Cari Berkas,S9D6189FDDC5C18A4,Normal,Normal
10854,2025-09-20 14:19:02,86,Logout,S9D6189FDDC5C18A4,Normal,Normal
10855,2025-09-20 14:33:45,22,Login,S21C71AA3741423B5,Normal,Normal
10856,2025-09-20 14:35:51,22,Lihat Perkara,S21C71AA3741423B5,Normal,Normal
10857,2025-09-20 14:38:25,22,Cari Berkas,S21C71AA3741423B5,Normal,Normal
10858,2025-09-20 14:38:49,22,Logout,S21C71AA3741423B5,Normal,Normal
10859,2025-09-20 14:49:43,37,Login,S956A135143826CCB,Normal,Normal
10860,2025-09-20 14:51:42,37,Lihat Perkara,S956A135143826CCB,Normal,Normal
10861,2025-09-20 14:52:41,37,Cari Berkas,S956A135143826CCB,Normal,Normal
10862,2025-09-20 14:53:59,37,Logout,S956A135143826CCB,Normal,Normal
10863,2025-09-20 15:06:08,20,Login,SB34F9F51C99689E6,Normal,Normal
10864,2025-09-20 15:06:44,20,Lihat Perkara,SB34F9F51C99689E6,Normal,Normal
10865,2025-09-20 15:06:55,20,Cari Berkas,SB34F9F51C99689E6,Normal,Normal
10866,2025-09-20 15:07:05,20,Logout,SB34F9F51C99689E6,Normal,Normal
10867,2025-09-21 07:59:06,46,Login,S2F20F074F110B192,Normal,Normal
10868,2025-09-21 08:01:45,46,Lihat Perkara,S2F20F074F110B192,Normal,Normal
10869,2025-09-21 08:04:38,46,Cari Berkas,S2F20F074F110B192,Normal,Normal
10870,2025-09-21 08:07:12,46,Logout,S2F20F074F110B192,Normal,Normal
10875,2025-09-21 08:53:45,34,Login,SB0ACB9BADA78F4C5,Normal,Normal
10876,2025-09-21 08:54:07,34,Lihat Perkara,SB0ACB9BADA78F4C5,Normal,Normal
10877,2025-09-21 08:56:09,34,Cari Berkas,SB0ACB9BADA78F4C5,durasi_tidak_wajar,Medium
10878,2025-09-21 08:58:16,34,Logout,SB0ACB9BADA78F4C5,Normal,Normal
10879,2025-09-21 09:13:57,30,Login,SC89A0CBDCC192B50,Normal,Normal
10880,2025-09-21 09:14:16,30,Lihat Perkara,SC89A0CBDCC192B50,Normal,Normal
10881,2025-09-21 09:15:19,30,Cari Berkas,SC89A0CBDCC192B50,Normal,Normal
10882,2025-09-21 09:15:35,30,Logout,SC89A0CBDCC192B50,Normal,Normal
10883,2025-09-21 09:23:35,44,Login,SF5736BB82C762354,Normal,Normal
10884,2025-09-21 09:24:56,44,Lihat Perkara,SF5736BB82C762354,Normal,Normal
10885,2025-09-21 09:26:50,44,Cari Berkas,SF5736BB82C762354,Normal,Normal
10886,2025-09-21 09:28:02,44,Logout,SF5736BB82C762354,Normal,Normal
10887,2025-09-21 10:10:57,62,Login,S43C527A4FBC02C38,Normal,Normal
10888,2025-09-21 10:12:26,62,Lihat Perkara,S43C527A4FBC02C38,Normal,Normal
10889,2025-09-21 10:13:08,62,Cari Berkas,S43C527A4FBC02C38,Normal,Normal
10890,2025-09-21 10:13:49,62,Logout,S43C527A4FBC02C38,Normal,Normal
10891,2025-09-21 11:16:13,19,Login,SF6C24FD9921565EA,Normal,Normal
10892,2025-09-21 11:17:32,19,Lihat Perkara,SF6C24FD9921565EA,Normal,Normal
10893,2025-09-21 11:19:51,19,Cari Berkas,SF6C24FD9921565EA,Normal,Normal
10894,2025-09-21 11:21:10,19,Logout,SF6C24FD9921565EA,Normal,Normal
10895,2025-09-21 13:38:11,71,Login,S4CE48E871D5F232F,Normal,Normal
10896,2025-09-21 13:39:34,71,Lihat Perkara,S4CE48E871D5F232F,Normal,Normal
10897,2025-09-21 13:40:03,71,Cari Berkas,S4CE48E871D5F232F,Normal,Normal
10898,2025-09-21 13:42:36,71,Logout,S4CE48E871D5F232F,Normal,Normal
10907,2025-09-22 08:16:51,29,Login,S6F518B8BEE3EC4FC,Normal,Normal
10908,2025-09-22 08:17:40,29,Lihat Perkara,S6F518B8BEE3EC4FC,Normal,Normal
10909,2025-09-22 08:17:59,29,Cari Berkas,S6F518B8BEE3EC4FC,Normal,Normal
10910,2025-09-22 08:20:16,29,Logout,S6F518B8BEE3EC4FC,Normal,Normal
10911,2025-09-22 10:09:01,30,Login,S7AB939E2FC70ADF9,Normal,Normal
10912,2025-09-22 10:11:49,30,Lihat Perkara,S7AB939E2FC70ADF9,Normal,Normal
10913,2025-09-22 10:13:24,30,Cari Berkas,S7AB939E2FC70ADF9,Normal,Normal
10914,2025-09-22 10:16:04,30,Logout,S7AB939E2FC70ADF9,Normal,Normal
10915,2025-09-22 10:49:08,76,Login,SED976C7E4AE39C1E,Normal,Normal
10916,2025-09-22 10:49:43,76,Lihat Perkara,SED976C7E4AE39C1E,Normal,Normal
10917,2025-09-22 10:51:46,76,Cari Berkas,SED976C7E4AE39C1E,Normal,Normal
10918,2025-09-22 10:52:45,76,Logout,SED976C7E4AE39C1E,Normal,Normal
10919,2025-09-22 12:38:50,49,Login,SA885F19EDCAC3096,Normal,Normal
10920,2025-09-22 12:40:43,49,Lihat Perkara,SA885F19EDCAC3096,Normal,Normal
10921,2025-09-22 12:40:58,49,Cari Berkas,SA885F19EDCAC3096,Normal,Normal
10922,2025-09-22 12:41:24,49,Logout,SA885F19EDCAC3096,Normal,Normal
10923,2025-09-22 16:42:24,64,Login,SF2D08A26B27E7B9D,Normal,Normal
10924,2025-09-22 16:45:03,64,Lihat Perkara,SF2D08A26B27E7B9D,Normal,Normal
10925,2025-09-22 16:46:07,64,Cari Berkas,SF2D08A26B27E7B9D,Normal,Normal
10926,2025-09-22 16:48:26,64,Logout,SF2D08A26B27E7B9D,Normal,Normal
10927,2025-09-23 02:44:48,55,Login,SDFF2180720333E81,login_luar_jam,Low
10928,2025-09-23 05:12:53,82,Login,SF4A66AAE93649895,login_luar_jam,Low
10937,2025-09-23 10:22:49,59,Login,S508F7332E034E7E3,Normal,Normal
10938,2025-09-23 10:23:45,59,Lihat Perkara,S508F7332E034E7E3,Normal,Normal
10939,2025-09-23 10:24:11,59,Cari Berkas,S508F7332E034E7E3,Normal,Normal
10940,2025-09-23 10:26:43,59,Logout,S508F7332E034E7E3,Normal,Normal
10941,2025-09-23 10:30:20,50,Login,S1FC386097AD51B22,Normal,Normal
10942,2025-09-23 10:30:35,50,Lihat Perkara,S1FC386097AD51B22,Normal,Normal
10943,2025-09-23 10:31:07,50,Cari Berkas,S1FC386097AD51B22,Normal,Normal
10944,2025-09-23 10:33:34,50,Logout,S1FC386097AD51B22,aktivitas_terlalu_cepat,Medium
10945,2025-09-23 10:46:28,22,Login,S23595FA4B4ADAF89,Normal,Normal
10946,2025-09-23 10:49:01,22,Lihat Perkara,S23595FA4B4ADAF89,Normal,Normal
10947,2025-09-23 10:50:34,22,Cari Berkas,S23595FA4B4ADAF89,Normal,Normal
10948,2025-09-23 10:53:33,22,Logout,S23595FA4B4ADAF89,Normal,Normal
10949,2025-09-23 11:01:25,43,Login,SBF31C29F82BBAD84,Normal,Normal
10950,2025-09-23 11:03:29,43,Lihat Perkara,SBF31C29F82BBAD84,Normal,Normal
10951,2025-09-23 11:05:14,43,Cari Berkas,SBF31C29F82BBAD84,Normal,Normal
10952,2025-09-23 11:07:04,43,Logout,SBF31C29F82BBAD84,Normal,Normal
10953,2025-09-23 12:10:15,43,Login,SF28E41225894F7F1,Normal,Normal
10954,2025-09-23 12:10:45,43,Lihat Perkara,SF28E41225894F7F1,Normal,Normal
10955,2025-09-23 12:11:59,43,Cari Berkas,SF28E41225894F7F1,Normal,Normal
10956,2025-09-23 12:12:59,43,Logout,SF28E41225894F7F1,Normal,Normal
10957,2025-09-23 13:32:27,26,Login,S448607A5A34B21DF,Normal,Normal
10958,2025-09-23 13:34:34,26,Lihat Perkara,S448607A5A34B21DF,Normal,Normal
10959,2025-09-23 13:37:20,26,Cari Berkas,S448607A5A34B21DF,Normal,Normal
10960,2025-09-23 13:38:06,26,Logout,S448607A5A34B21DF,Normal,Normal
10961,2025-09-23 13:46:14,55,Lihat Perkara,SDFF2180720333E81,Normal,Normal
10962,2025-09-23 13:48:13,55,Lihat Berkas,SDFF2180720333E81,Normal,Normal
10963,2025-09-23 13:48:50,55,Input Berkas,SDFF2180720333E81,Normal,Normal
10964,2025-09-23 13:50:01,55,Verifikasi,SDFF2180720333E81,Normal,Normal
10965,2025-09-23 13:50:12,55,Logout,SDFF2180720333E81,Normal,Normal
10966,2025-09-23 16:13:11,19,Login,S35AAA1EA7364011A,Normal,Normal
10967,2025-09-23 16:14:42,19,Lihat Perkara,S35AAA1EA7364011A,Normal,Normal
10968,2025-09-23 16:15:22,82,Lihat Perkara,SF4A66AAE93649895,Normal,Normal
10969,2025-09-23 16:15:57,19,Cari Berkas,S35AAA1EA7364011A,device_berubah,Low
10970,2025-09-23 16:17:01,82,Cari Berkas,SF4A66AAE93649895,Normal,Normal
10971,2025-09-23 16:17:47,19,Logout,S35AAA1EA7364011A,Normal,Normal
10972,2025-09-23 16:19:56,82,Logout,SF4A66AAE93649895,Normal,Normal
10973,2025-09-24 05:11:11,39,Login,S24A63A6CB641D449,login_luar_jam,Low
10980,2025-09-24 08:48:43,73,Login,S38F787F4262261D9,Normal,Normal
10981,2025-09-24 08:50:41,73,Lihat Perkara,S38F787F4262261D9,Normal,Normal
10982,2025-09-24 08:51:09,73,Cari Berkas,S38F787F4262261D9,Normal,Normal
10983,2025-09-24 08:51:51,73,Logout,S38F787F4262261D9,Normal,Normal
10984,2025-09-24 08:54:12,81,Login,SCD9DA9DBD45C1F67,Normal,Normal
10985,2025-09-24 08:55:43,81,Lihat Perkara,SCD9DA9DBD45C1F67,Normal,Normal
10986,2025-09-24 08:57:39,81,Cari Berkas,SCD9DA9DBD45C1F67,Normal,Normal
10987,2025-09-24 08:59:55,81,Logout,SCD9DA9DBD45C1F67,Normal,Normal
10988,2025-09-24 10:16:07,39,Login,S24D823B372E619EC,Normal,Normal
10989,2025-09-24 10:19:03,39,Lihat Perkara,S24D823B372E619EC,Normal,Normal
10990,2025-09-24 10:20:50,39,Cari Berkas,S24D823B372E619EC,Normal,Normal
10991,2025-09-24 10:22:29,39,Logout,S24D823B372E619EC,Normal,Normal
10992,2025-09-24 11:12:10,35,Login,SF24BC2C0C5F8FDED,Normal,Normal
10993,2025-09-24 11:14:19,35,Lihat Perkara,SF24BC2C0C5F8FDED,Normal,Normal
10994,2025-09-24 11:15:04,35,Cari Berkas,SF24BC2C0C5F8FDED,durasi_tidak_wajar,Medium
10995,2025-09-24 11:16:10,35,Logout,SF24BC2C0C5F8FDED,Normal,Normal
10996,2025-09-24 12:52:25,47,Login,SFEA9C616DB59BA43,Normal,Normal
10997,2025-09-24 12:53:37,47,Lihat Perkara,SFEA9C616DB59BA43,Normal,Normal
10998,2025-09-24 12:56:10,47,Cari Berkas,SFEA9C616DB59BA43,Normal,Normal
10999,2025-09-24 12:57:03,47,Logout,SFEA9C616DB59BA43,Normal,Normal
11000,2025-09-24 14:13:00,55,Login,SA431FDF2C965AFA7,Normal,Normal
11001,2025-09-24 14:15:21,55,Lihat Perkara,SA431FDF2C965AFA7,Normal,Normal
11002,2025-09-24 14:16:41,55,Lihat Berkas,SA431FDF2C965AFA7,Normal,Normal
11003,2025-09-24 14:17:18,55,Input Berkas,SA431FDF2C965AFA7,Normal,Normal
11004,2025-09-24 14:19:54,55,Verifikasi,SA431FDF2C965AFA7,Normal,Normal
11005,2025-09-24 14:21:51,55,Logout,SA431FDF2C965AFA7,Normal,Normal
11010,2025-09-24 16:11:29,39,Lihat Perkara,S24A63A6CB641D449,Normal,Normal
11011,2025-09-24 16:12:11,39,Cari Berkas,S24A63A6CB641D449,Normal,Normal
11012,2025-09-24 16:14:28,39,Logout,S24A63A6CB641D449,Normal,Normal
11013,2025-09-25 05:11:00,41,Login,S80FE11CD9734AEB4,login_luar_jam,Low
11014,2025-09-25 08:13:19,41,Lihat Perkara,S80FE11CD9734AEB4,Normal,Normal
11015,2025-09-25 08:15:35,41,Cari Berkas,S80FE11CD9734AEB4,Normal,Normal
11016,2025-09-25 08:16:37,41,Logout,S80FE11CD9734AEB4,Normal,Normal
11017,2025-09-25 08:19:18,21,Login,S6C3916ADA3F74A0E,Normal,Normal
11018,2025-09-25 08:20:42,21,Lihat Perkara,S6C3916ADA3F74A0E,Normal,Normal
11019,2025-09-25 08:22:10,21,Cari Berkas,S6C3916ADA3F74A0E,Normal,Normal
11020,2025-09-25 08:22:40,21,Logout,S6C3916ADA3F74A0E,Normal,Normal
11025,2025-09-25 11:50:25,6,Login,S10D6A6F8A256A20A,Normal,Normal
11026,2025-09-25 11:51:07,6,Lihat Perkara,S10D6A6F8A256A20A,Normal,Normal
11027,2025-09-25 11:53:53,6,Lihat Berkas,S10D6A6F8A256A20A,Normal,Normal
11029,2025-09-25 11:55:00,6,Input Berkas,S10D6A6F8A256A20A,Normal,Normal
11030,2025-09-25 11:56:05,6,Verifikasi,S10D6A6F8A256A20A,Normal,Normal
11031,2025-09-25 11:57:39,6,Logout,S10D6A6F8A256A20A,Normal,Normal
11039,2025-09-25 13:52:23,49,Login,S178926F3F91E8B9B,Normal,Normal
11040,2025-09-25 13:53:05,49,Lihat Perkara,S178926F3F91E8B9B,aktivitas_terlalu_cepat,Medium
11041,2025-09-25 13:54:09,49,Cari Berkas,S178926F3F91E8B9B,Normal,Normal
11042,2025-09-25 13:56:01,49,Logout,S178926F3F91E8B9B,Normal,Normal
11047,2025-09-25 14:15:22,78,Login,SED420C0FAA5ED7C1,Normal,Normal
11048,2025-09-25 14:16:54,78,Lihat Perkara,SED420C0FAA5ED7C1,Normal,Normal
11049,2025-09-25 14:18:27,78,Cari Berkas,SED420C0FAA5ED7C1,Normal,Normal
11050,2025-09-25 14:20:08,78,Logout,SED420C0FAA5ED7C1,Normal,Normal
11051,2025-09-25 16:20:56,42,Login,S5D4B70121691F502,aktivitas_terlalu_cepat,Medium
11052,2025-09-25 16:23:02,42,Lihat Perkara,S5D4B70121691F502,Normal,Normal
11053,2025-09-25 16:25:32,42,Cari Berkas,S5D4B70121691F502,Normal,Normal
11054,2025-09-25 16:27:03,42,Logout,S5D4B70121691F502,Normal,Normal
11059,2025-09-26 08:30:55,18,Login,S65A29CC8C55BE95D,Normal,Normal
11060,2025-09-26 08:31:31,18,Lihat Perkara,S65A29CC8C55BE95D,Normal,Normal
11061,2025-09-26 08:32:48,18,Cari Berkas,S65A29CC8C55BE95D,Normal,Normal
11062,2025-09-26 08:35:36,18,Logout,S65A29CC8C55BE95D,Normal,Normal
11063,2025-09-26 08:46:21,68,Login,SBA53D4CA79D1ACBD,Normal,Normal
11064,2025-09-26 08:47:31,68,Lihat Perkara,SBA53D4CA79D1ACBD,Normal,Normal
11065,2025-09-26 08:49:30,68,Cari Berkas,SBA53D4CA79D1ACBD,Normal,Normal
11066,2025-09-26 08:51:34,68,Logout,SBA53D4CA79D1ACBD,Normal,Normal
11068,2025-09-26 08:52:42,35,Login,S932A72AB2D9C2E12,Normal,Normal
11070,2025-09-26 08:55:42,35,Lihat Perkara,S932A72AB2D9C2E12,Normal,Normal
11071,2025-09-26 08:56:40,35,Cari Berkas,S932A72AB2D9C2E12,Normal,Normal
11073,2025-09-26 08:57:53,35,Logout,S932A72AB2D9C2E12,Normal,Normal
11084,2025-09-26 16:23:46,20,Login,S8BAC739C482D2649,Normal,Normal
11085,2025-09-26 16:25:37,20,Lihat Perkara,S8BAC739C482D2649,Normal,Normal
11086,2025-09-26 16:28:10,20,Cari Berkas,S8BAC739C482D2649,Normal,Normal
11087,2025-09-26 16:28:32,20,Logout,S8BAC739C482D2649,Normal,Normal
11088,2025-09-27 05:05:57,43,Login,S4E495463F00B9CDC,login_luar_jam,Low
11089,2025-09-27 08:18:17,52,Login,SD63BCA599D8D2752,Normal,Normal
11090,2025-09-27 08:21:03,52,Lihat Perkara,SD63BCA599D8D2752,Normal,Normal
11091,2025-09-27 08:22:25,52,Cari Berkas,SD63BCA599D8D2752,Normal,Normal
11092,2025-09-27 08:23:10,52,Logout,SD63BCA599D8D2752,ip_berubah,Low
11093,2025-09-27 08:45:26,50,Login,SB0CEBEFF934B45A8,aktivitas_terlalu_cepat,Medium
11094,2025-09-27 08:48:22,50,Lihat Perkara,SB0CEBEFF934B45A8,Normal,Normal
11095,2025-09-27 08:49:13,50,Cari Berkas,SB0CEBEFF934B45A8,Normal,Normal
11096,2025-09-27 08:51:34,50,Logout,SB0CEBEFF934B45A8,Normal,Normal
11097,2025-09-27 09:27:16,36,Login,SF2417077CB0B53B3,durasi_tidak_wajar,Medium
11098,2025-09-27 09:29:19,36,Lihat Perkara,SF2417077CB0B53B3,Normal,Normal
11099,2025-09-27 09:31:16,36,Cari Berkas,SF2417077CB0B53B3,Normal,Normal
11100,2025-09-27 09:33:31,36,Logout,SF2417077CB0B53B3,Normal,Normal
11105,2025-09-27 14:53:44,62,Login,S2BDE3C78A9315044,Normal,Normal
11106,2025-09-27 14:54:10,62,Lihat Perkara,S2BDE3C78A9315044,Normal,Normal
11107,2025-09-27 14:54:50,62,Cari Berkas,S2BDE3C78A9315044,Normal,Normal
11108,2025-09-27 14:55:36,62,Logout,S2BDE3C78A9315044,Normal,Normal
11109,2025-09-27 15:07:13,43,Lihat Perkara,S4E495463F00B9CDC,ip_berubah,Low
11110,2025-09-27 15:08:48,43,Cari Berkas,S4E495463F00B9CDC,Normal,Normal
11111,2025-09-27 15:09:24,43,Logout,S4E495463F00B9CDC,Normal,Normal
11112,2025-09-27 16:56:25,31,Login,S7343AA18347CD0F4,aktivitas_terlalu_cepat,Medium
11113,2025-09-27 16:59:21,31,Lihat Perkara,S7343AA18347CD0F4,Normal,Normal
11114,2025-09-27 17:01:34,31,Cari Berkas,S7343AA18347CD0F4,Normal,Normal
11115,2025-09-27 17:01:58,31,Logout,S7343AA18347CD0F4,Normal,Normal
11116,2025-09-28 07:13:44,36,Login,SF6AE793600714E0F,Normal,Normal
11117,2025-09-28 07:13:55,36,Lihat Perkara,SF6AE793600714E0F,Normal,Normal
11118,2025-09-28 07:15:28,36,Cari Berkas,SF6AE793600714E0F,Normal,Normal
11119,2025-09-28 07:17:16,36,Logout,SF6AE793600714E0F,Normal,Normal
11134,2025-09-28 11:45:07,61,Login,SD93F198AC45B5B45,ip_berubah,Low
11135,2025-09-28 11:46:15,61,Lihat Perkara,SD93F198AC45B5B45,Normal,Normal
11136,2025-09-28 11:47:32,61,Cari Berkas,SD93F198AC45B5B45,Normal,Normal
11137,2025-09-28 11:49:11,61,Logout,SD93F198AC45B5B45,Normal,Normal
11138,2025-09-28 15:33:46,18,Login,S674AF7EBB9E83055,device_berubah,Low
11139,2025-09-28 15:35:21,18,Lihat Perkara,S674AF7EBB9E83055,Normal,Normal
11140,2025-09-28 15:37:21,18,Cari Berkas,S674AF7EBB9E83055,Normal,Normal
11141,2025-09-28 15:39:31,18,Logout,S674AF7EBB9E83055,Normal,Normal
11142,2025-09-28 15:55:09,1,Login,S75F5332849861A4A,Normal,Normal
11143,2025-09-28 15:57:00,1,Dashboard,S75F5332849861A4A,Normal,Normal
11144,2025-09-28 15:59:30,1,Kelola User,S75F5332849861A4A,Normal,Normal
11145,2025-09-28 16:01:58,1,Kelola Kode Klasifikasi,S75F5332849861A4A,Normal,Normal
11146,2025-09-28 16:03:51,1,Logout,S75F5332849861A4A,Normal,Normal
11148,2025-09-29 07:00:37,35,Login,SF4188F3F8A14BE62,Normal,Normal
11149,2025-09-29 07:03:20,35,Lihat Perkara,SF4188F3F8A14BE62,Normal,Normal
11150,2025-09-29 07:04:52,35,Cari Berkas,SF4188F3F8A14BE62,Normal,Normal
11151,2025-09-29 07:07:07,35,Logout,SF4188F3F8A14BE62,Normal,Normal
11153,2025-09-29 07:17:25,54,Login,S3A6FF66BFA8C178B,Normal,Normal
11154,2025-09-29 07:18:22,54,Lihat Perkara,S3A6FF66BFA8C178B,Normal,Normal
11156,2025-09-29 07:20:25,54,Lihat Berkas,S3A6FF66BFA8C178B,Normal,Normal
11158,2025-09-29 07:21:50,54,Input Berkas,S3A6FF66BFA8C178B,Normal,Normal
11159,2025-09-29 07:22:18,54,Verifikasi,S3A6FF66BFA8C178B,Normal,Normal
11161,2025-09-29 07:23:45,54,Logout,S3A6FF66BFA8C178B,Normal,Normal
11162,2025-09-29 09:40:17,84,Login,S148F0E3C8CE90FDF,Normal,Normal
11163,2025-09-29 09:42:25,84,Dashboard,S148F0E3C8CE90FDF,Normal,Normal
11164,2025-09-29 09:43:38,84,Kelola User,S148F0E3C8CE90FDF,Normal,Normal
11165,2025-09-29 09:43:48,84,Kelola Kode Klasifikasi,S148F0E3C8CE90FDF,Normal,Normal
11166,2025-09-29 09:45:47,84,Logout,S148F0E3C8CE90FDF,aktivitas_terlalu_cepat,Medium
11167,2025-09-29 10:07:38,81,Login,S88C55582B75D4AEF,Normal,Normal
11168,2025-09-29 10:08:04,81,Lihat Perkara,S88C55582B75D4AEF,Normal,Normal
11169,2025-09-29 10:09:13,81,Cari Berkas,S88C55582B75D4AEF,Normal,Normal
11170,2025-09-29 10:10:06,81,Logout,S88C55582B75D4AEF,Normal,Normal
11171,2025-09-29 10:26:38,1,Login,S576AA70A87EE2B8A,Normal,Normal
11172,2025-09-29 10:29:31,1,Dashboard,S576AA70A87EE2B8A,Normal,Normal
11173,2025-09-29 10:30:24,64,Login,SA01D9AEB52060F1C,Normal,Normal
11174,2025-09-29 10:31:38,1,Kelola User,S576AA70A87EE2B8A,Normal,Normal
11175,2025-09-29 10:32:35,64,Lihat Perkara,SA01D9AEB52060F1C,ip_berubah,Low
11176,2025-09-29 10:33:21,1,Kelola Kode Klasifikasi,S576AA70A87EE2B8A,Normal,Normal
11177,2025-09-29 10:33:35,64,Cari Berkas,SA01D9AEB52060F1C,Normal,Normal
11178,2025-09-29 10:35:02,1,Logout,S576AA70A87EE2B8A,Normal,Normal
11179,2025-09-29 10:35:51,64,Logout,SA01D9AEB52060F1C,durasi_tidak_wajar,Medium
11184,2025-09-29 11:46:42,34,Login,SE5DE7E4FC99404B2,Normal,Normal
11185,2025-09-29 11:49:32,34,Lihat Perkara,SE5DE7E4FC99404B2,Normal,Normal
11186,2025-09-29 11:52:25,34,Cari Berkas,SE5DE7E4FC99404B2,Normal,Normal
11187,2025-09-29 11:53:05,34,Logout,SE5DE7E4FC99404B2,Normal,Normal
11191,2025-09-29 12:22:06,63,Login,S98EEAC2BFE9FECAA,Normal,Normal
11193,2025-09-29 12:24:12,63,Lihat Perkara,S98EEAC2BFE9FECAA,aktivitas_terlalu_cepat,Medium
11194,2025-09-29 12:26:31,63,Cari Berkas,S98EEAC2BFE9FECAA,Normal,Normal
11195,2025-09-29 12:29:15,63,Logout,S98EEAC2BFE9FECAA,Normal,Normal
11199,2025-09-29 13:18:38,65,Login,S089F4C4224076ED2,Normal,Normal
11200,2025-09-29 13:20:56,65,Lihat Perkara,S089F4C4224076ED2,aktivitas_terlalu_cepat,Medium
11201,2025-09-29 13:21:23,65,Cari Berkas,S089F4C4224076ED2,Normal,Normal
11202,2025-09-29 13:23:40,65,Logout,S089F4C4224076ED2,Normal,Normal
11207,2025-09-29 16:06:48,73,Login,SAB323824E4EB9B45,Normal,Normal
11208,2025-09-29 16:07:39,73,Lihat Perkara,SAB323824E4EB9B45,Normal,Normal
11209,2025-09-29 16:08:08,73,Cari Berkas,SAB323824E4EB9B45,Normal,Normal
11210,2025-09-29 16:09:58,73,Logout,SAB323824E4EB9B45,Normal,Normal
11212,2025-09-30 07:18:33,33,Login,S3D92C26BF3EDD04D,Normal,Normal
11213,2025-09-30 07:18:51,33,Lihat Perkara,S3D92C26BF3EDD04D,ip_berubah,Low
11214,2025-09-30 07:20:07,33,Cari Berkas,S3D92C26BF3EDD04D,Normal,Normal
11215,2025-09-30 07:21:17,33,Logout,S3D92C26BF3EDD04D,Normal,Normal
11216,2025-09-30 07:48:59,54,Login,SD2EE5DE5DA860C3A,Normal,Normal
11217,2025-09-30 07:49:53,54,Lihat Perkara,SD2EE5DE5DA860C3A,Normal,Normal
11218,2025-09-30 07:52:17,54,Lihat Berkas,SD2EE5DE5DA860C3A,Normal,Normal
11219,2025-09-30 07:55:11,54,Input Berkas,SD2EE5DE5DA860C3A,Normal,Normal
11220,2025-09-30 07:56:20,54,Verifikasi,SD2EE5DE5DA860C3A,aktivitas_terlalu_cepat,Medium
11221,2025-09-30 07:57:55,54,Logout,SD2EE5DE5DA860C3A,Normal,Normal
11222,2025-09-30 08:44:20,18,Login,S3C20DBE606D92835,device_berubah,Low
11223,2025-09-30 08:46:40,18,Lihat Perkara,S3C20DBE606D92835,Normal,Normal
11224,2025-09-30 08:46:54,18,Cari Berkas,S3C20DBE606D92835,Normal,Normal
11225,2025-09-30 08:48:06,18,Logout,S3C20DBE606D92835,Normal,Normal
11229,2025-09-30 15:10:16,50,Login,S6B893000EB1BB47F,Normal,Normal
11230,2025-09-30 15:11:46,50,Lihat Perkara,S6B893000EB1BB47F,Normal,Normal
11231,2025-09-30 15:11:57,50,Cari Berkas,S6B893000EB1BB47F,ip_berubah,Low
11232,2025-09-30 15:13:47,50,Logout,S6B893000EB1BB47F,Normal,Normal
11242,2025-10-01 09:10:23,86,Login,S3527390C646FA3F0,Normal,Normal
11243,2025-10-01 09:11:34,86,Lihat Perkara,S3527390C646FA3F0,device_berubah,Low
11244,2025-10-01 09:11:46,86,Cari Berkas,S3527390C646FA3F0,Normal,Normal
11245,2025-10-01 09:12:46,86,Logout,S3527390C646FA3F0,Normal,Normal
11246,2025-10-01 09:33:51,23,Login,SA74064F676C71549,Normal,Normal
11247,2025-10-01 09:35:24,23,Lihat Perkara,SA74064F676C71549,Normal,Normal
11248,2025-10-01 09:37:13,23,Cari Berkas,SA74064F676C71549,Normal,Normal
11249,2025-10-01 09:37:34,23,Logout,SA74064F676C71549,Normal,Normal
11250,2025-10-01 11:29:26,49,Login,SF1BD9FF2E5BAC1F4,Normal,Normal
11251,2025-10-01 11:30:25,49,Lihat Perkara,SF1BD9FF2E5BAC1F4,Normal,Normal
11252,2025-10-01 11:31:40,49,Cari Berkas,SF1BD9FF2E5BAC1F4,Normal,Normal
11253,2025-10-01 11:33:36,49,Logout,SF1BD9FF2E5BAC1F4,Normal,Normal
11262,2025-10-01 12:49:59,71,Login,SCE92605915AB7CD2,Normal,Normal
11263,2025-10-01 12:51:51,71,Lihat Perkara,SCE92605915AB7CD2,Normal,Normal
11264,2025-10-01 12:54:31,71,Cari Berkas,SCE92605915AB7CD2,Normal,Normal
11265,2025-10-01 12:54:52,71,Logout,SCE92605915AB7CD2,Normal,Normal
11270,2025-10-02 01:57:14,45,Login,S8AD645C8EB268C8A,login_luar_jam,Low
11271,2025-10-02 05:38:59,8,Login,S8E59F57964CFD9B9,login_luar_jam,Low
11272,2025-10-02 07:16:23,22,Login,SC2AFAA5F01910880,Normal,Normal
11273,2025-10-02 07:17:00,22,Lihat Perkara,SC2AFAA5F01910880,Normal,Normal
11274,2025-10-02 07:19:11,22,Cari Berkas,SC2AFAA5F01910880,Normal,Normal
11275,2025-10-02 07:21:51,22,Logout,SC2AFAA5F01910880,Normal,Normal
11276,2025-10-02 08:08:41,34,Login,S7077D33ED04CC4DB,Normal,Normal
11277,2025-10-02 08:08:57,34,Lihat Perkara,S7077D33ED04CC4DB,Normal,Normal
11278,2025-10-02 08:10:41,34,Cari Berkas,S7077D33ED04CC4DB,Normal,Normal
11279,2025-10-02 08:12:14,34,Logout,S7077D33ED04CC4DB,ip_berubah,Low
11280,2025-10-02 08:52:54,49,Login,SAC32F8ACBAD1C444,Normal,Normal
11281,2025-10-02 08:54:25,49,Lihat Perkara,SAC32F8ACBAD1C444,device_berubah,Low
11282,2025-10-02 08:54:36,49,Cari Berkas,SAC32F8ACBAD1C444,Normal,Normal
11283,2025-10-02 08:55:57,49,Logout,SAC32F8ACBAD1C444,Normal,Normal
11296,2025-10-02 11:23:27,47,Login,S992BBA0ECA857FE4,Normal,Normal
11297,2025-10-02 11:23:48,47,Lihat Perkara,S992BBA0ECA857FE4,Normal,Normal
11298,2025-10-02 11:25:59,47,Cari Berkas,S992BBA0ECA857FE4,Normal,Normal
11299,2025-10-02 11:27:19,47,Logout,S992BBA0ECA857FE4,Normal,Normal
11308,2025-10-02 14:58:51,45,Lihat Perkara,S8AD645C8EB268C8A,Normal,Normal
11309,2025-10-02 15:01:41,45,Cari Berkas,S8AD645C8EB268C8A,Normal,Normal
11310,2025-10-02 15:03:18,45,Logout,S8AD645C8EB268C8A,Normal,Normal
11311,2025-10-02 15:44:45,27,Login,SB25B9A6DB91C3516,Normal,Normal
11312,2025-10-02 15:45:57,27,Lihat Perkara,SB25B9A6DB91C3516,Normal,Normal
11313,2025-10-02 15:46:28,27,Cari Berkas,SB25B9A6DB91C3516,Normal,Normal
11314,2025-10-02 15:47:57,27,Logout,SB25B9A6DB91C3516,Normal,Normal
11315,2025-10-02 16:41:14,8,Lihat Perkara,S8E59F57964CFD9B9,Normal,Normal
11316,2025-10-02 16:41:40,8,Cari Berkas,S8E59F57964CFD9B9,Normal,Normal
11317,2025-10-02 16:44:02,8,Logout,S8E59F57964CFD9B9,Normal,Normal
11318,2025-10-03 06:26:46,85,Login,S88E5A13AF62F197D,login_luar_jam,Low
11319,2025-10-03 06:35:32,53,Login,S40C12F43B577DD1B,login_luar_jam,Low
11324,2025-10-03 08:27:10,85,Lihat Perkara,S88E5A13AF62F197D,Normal,Normal
11325,2025-10-03 08:29:14,85,Lihat Berkas,S88E5A13AF62F197D,Normal,Normal
11326,2025-10-03 08:31:49,85,Input Berkas,S88E5A13AF62F197D,Normal,Normal
11327,2025-10-03 08:34:12,85,Verifikasi,S88E5A13AF62F197D,Normal,Normal
11328,2025-10-03 08:35:25,85,Logout,S88E5A13AF62F197D,device_berubah,Low
11329,2025-10-03 09:36:11,53,Lihat Perkara,S40C12F43B577DD1B,Normal,Normal
11330,2025-10-03 09:38:32,53,Cari Berkas,S40C12F43B577DD1B,Normal,Normal
11331,2025-10-03 09:40:47,53,Logout,S40C12F43B577DD1B,Normal,Normal
11332,2025-10-03 11:13:11,21,Login,S2E06E33A8498A96B,Normal,Normal
11333,2025-10-03 11:13:53,21,Lihat Perkara,S2E06E33A8498A96B,Normal,Normal
11334,2025-10-03 11:15:04,21,Cari Berkas,S2E06E33A8498A96B,Normal,Normal
11335,2025-10-03 11:15:26,21,Logout,S2E06E33A8498A96B,Normal,Normal
11340,2025-10-03 12:03:27,18,Login,S29C9E638EC2E4DF1,Normal,Normal
11341,2025-10-03 12:04:53,18,Lihat Perkara,S29C9E638EC2E4DF1,Normal,Normal
11342,2025-10-03 12:05:55,18,Cari Berkas,S29C9E638EC2E4DF1,Normal,Normal
11343,2025-10-03 12:08:28,18,Logout,S29C9E638EC2E4DF1,Normal,Normal
11344,2025-10-03 13:58:56,76,Login,S7F73FA3041D205A9,Normal,Normal
11345,2025-10-03 14:01:43,76,Lihat Perkara,S7F73FA3041D205A9,Normal,Normal
11346,2025-10-03 14:02:14,76,Cari Berkas,S7F73FA3041D205A9,Normal,Normal
11347,2025-10-03 14:02:37,76,Logout,S7F73FA3041D205A9,Normal,Normal
11352,2025-10-03 15:16:13,63,Login,S0E5650C3492F3756,ip_berubah,Low
11353,2025-10-03 15:18:20,63,Lihat Perkara,S0E5650C3492F3756,aktivitas_terlalu_cepat,Medium
11354,2025-10-03 15:20:58,63,Cari Berkas,S0E5650C3492F3756,Normal,Normal
11355,2025-10-03 15:22:40,63,Logout,S0E5650C3492F3756,Normal,Normal
11356,2025-10-04 05:51:52,86,Login,S7CFF43C6E771B626,login_luar_jam,Low
11357,2025-10-04 07:02:23,26,Login,S6B40335213445E51,Normal,Normal
11358,2025-10-04 07:04:21,26,Lihat Perkara,S6B40335213445E51,Normal,Normal
11359,2025-10-04 07:07:02,26,Cari Berkas,S6B40335213445E51,Normal,Normal
11360,2025-10-04 07:07:40,26,Logout,S6B40335213445E51,Normal,Normal
11365,2025-10-04 07:34:20,18,Login,SA10CF398835F9963,Normal,Normal
11366,2025-10-04 07:36:42,18,Lihat Perkara,SA10CF398835F9963,Normal,Normal
11367,2025-10-04 07:39:35,18,Cari Berkas,SA10CF398835F9963,Normal,Normal
11368,2025-10-04 07:40:01,18,Logout,SA10CF398835F9963,Normal,Normal
11369,2025-10-04 07:53:43,86,Lihat Perkara,S7CFF43C6E771B626,Normal,Normal
11370,2025-10-04 07:55:39,86,Cari Berkas,S7CFF43C6E771B626,Normal,Normal
11371,2025-10-04 07:56:08,86,Logout,S7CFF43C6E771B626,Normal,Normal
11380,2025-10-04 09:59:26,74,Login,SC0F2B34E7365949B,Normal,Normal
11381,2025-10-04 09:59:46,74,Lihat Perkara,SC0F2B34E7365949B,Normal,Normal
11382,2025-10-04 10:01:23,74,Cari Berkas,SC0F2B34E7365949B,Normal,Normal
11383,2025-10-04 10:03:42,74,Logout,SC0F2B34E7365949B,Normal,Normal
11384,2025-10-04 10:23:59,64,Login,S322C519F7A44167A,Normal,Normal
11385,2025-10-04 10:24:15,64,Lihat Perkara,S322C519F7A44167A,Normal,Normal
11386,2025-10-04 10:27:02,64,Cari Berkas,S322C519F7A44167A,Normal,Normal
11387,2025-10-04 10:29:07,64,Logout,S322C519F7A44167A,Normal,Normal
11388,2025-10-04 10:49:55,60,Login,SD0ED135324B249B7,Normal,Normal
11389,2025-10-04 10:50:26,60,Lihat Perkara,SD0ED135324B249B7,Normal,Normal
11390,2025-10-04 10:50:59,60,Cari Berkas,SD0ED135324B249B7,Normal,Normal
11391,2025-10-04 10:53:33,60,Logout,SD0ED135324B249B7,Normal,Normal
11392,2025-10-04 11:52:22,23,Login,S548B525AAE6AF388,Normal,Normal
11393,2025-10-04 11:54:20,23,Lihat Perkara,S548B525AAE6AF388,aktivitas_terlalu_cepat,Medium
11394,2025-10-04 11:54:20,56,Login,S7326175EEED64476,Normal,Normal
11395,2025-10-04 11:55:53,56,Lihat Perkara,S7326175EEED64476,Normal,Normal
11396,2025-10-04 11:56:19,23,Cari Berkas,S548B525AAE6AF388,Normal,Normal
11397,2025-10-04 11:58:41,56,Cari Berkas,S7326175EEED64476,Normal,Normal
11398,2025-10-04 11:58:49,23,Logout,S548B525AAE6AF388,Normal,Normal
11399,2025-10-04 11:58:56,56,Logout,S7326175EEED64476,Normal,Normal
11400,2025-10-04 12:10:07,31,Login,SFDEEBAA1853D8090,peminjaman_massal,High
11401,2025-10-04 12:11:11,31,Lihat Perkara,SFDEEBAA1853D8090,Normal,Normal
11402,2025-10-04 12:11:44,31,Cari Berkas,SFDEEBAA1853D8090,Normal,Normal
11403,2025-10-04 12:14:04,31,Logout,SFDEEBAA1853D8090,Normal,Normal
11404,2025-10-04 12:19:53,70,Login,S5296C7F463B6EC09,Normal,Normal
11405,2025-10-04 12:22:14,70,Lihat Perkara,S5296C7F463B6EC09,Normal,Normal
11406,2025-10-04 12:23:37,70,Cari Berkas,S5296C7F463B6EC09,Normal,Normal
11407,2025-10-04 12:24:48,70,Logout,S5296C7F463B6EC09,Normal,Normal
11408,2025-10-04 12:36:07,77,Login,S102048E6638644E0,Normal,Normal
11409,2025-10-04 12:38:24,77,Lihat Perkara,S102048E6638644E0,Normal,Normal
11410,2025-10-04 12:40:50,77,Cari Berkas,S102048E6638644E0,Normal,Normal
11411,2025-10-04 12:42:55,77,Logout,S102048E6638644E0,Normal,Normal
11412,2025-10-04 12:54:23,56,Login,SE9617B0FC60ECDBA,Normal,Normal
11413,2025-10-04 12:56:36,56,Lihat Perkara,SE9617B0FC60ECDBA,Normal,Normal
11414,2025-10-04 12:58:57,56,Cari Berkas,SE9617B0FC60ECDBA,ip_berubah,Low
11415,2025-10-04 12:59:58,56,Logout,SE9617B0FC60ECDBA,Normal,Normal
11416,2025-10-04 14:19:19,76,Login,S48486346877D2B8C,Normal,Normal
11417,2025-10-04 14:20:49,76,Lihat Perkara,S48486346877D2B8C,Normal,Normal
11418,2025-10-04 14:21:40,76,Cari Berkas,S48486346877D2B8C,Normal,Normal
11419,2025-10-04 14:22:45,76,Logout,S48486346877D2B8C,Normal,Normal
11424,2025-10-04 16:57:03,84,Login,SCF3A2F8D57F731E3,Normal,Normal
11425,2025-10-04 16:57:17,84,Dashboard,SCF3A2F8D57F731E3,Normal,Normal
11426,2025-10-04 16:57:35,84,Kelola User,SCF3A2F8D57F731E3,ip_berubah,Low
11427,2025-10-04 16:59:35,84,Kelola Kode Klasifikasi,SCF3A2F8D57F731E3,verifikasi_massal,High
11428,2025-10-04 17:00:15,84,Logout,SCF3A2F8D57F731E3,Normal,Normal
11430,2025-10-05 04:46:16,31,Login,SD37BE4574974BEAC,login_luar_jam,Low
11431,2025-10-05 06:28:20,57,Login,S4364F3E8D9CEA80B,login_luar_jam,Low
11432,2025-10-05 08:08:17,24,Login,SFC2BFB2F0FB8D63A,Normal,Normal
11433,2025-10-05 08:10:15,24,Lihat Perkara,SFC2BFB2F0FB8D63A,Normal,Normal
11434,2025-10-05 08:12:51,24,Cari Berkas,SFC2BFB2F0FB8D63A,Normal,Normal
11435,2025-10-05 08:13:44,24,Logout,SFC2BFB2F0FB8D63A,peminjaman_massal,High
11441,2025-10-05 08:28:48,57,Lihat Perkara,S4364F3E8D9CEA80B,peminjaman_massal,High
11442,2025-10-05 08:31:21,57,Cari Berkas,S4364F3E8D9CEA80B,Normal,Normal
11443,2025-10-05 08:34:08,57,Logout,S4364F3E8D9CEA80B,Normal,Normal
11460,2025-10-05 13:07:55,20,Login,S0247B04D63616032,Normal,Normal
11461,2025-10-05 13:09:21,20,Lihat Perkara,S0247B04D63616032,Normal,Normal
11462,2025-10-05 13:11:50,20,Cari Berkas,S0247B04D63616032,Normal,Normal
11463,2025-10-05 13:12:21,20,Logout,S0247B04D63616032,Normal,Normal
11482,2025-10-05 16:46:56,31,Lihat Perkara,SD37BE4574974BEAC,Normal,Normal
11483,2025-10-05 16:48:45,31,Cari Berkas,SD37BE4574974BEAC,aktivitas_terlalu_cepat,Medium
11484,2025-10-05 16:48:58,31,Logout,SD37BE4574974BEAC,Normal,Normal
11485,2025-10-06 00:16:11,80,Login,SEA53A09D5F2ACB16,login_luar_jam,Low
11486,2025-10-06 01:21:20,57,Login,S0175D98187AA2162,login_luar_jam,Low
11487,2025-10-06 06:26:02,18,Login,SB523B1F39E3BC735,login_luar_jam,Low
11488,2025-10-06 08:28:38,18,Lihat Perkara,SB523B1F39E3BC735,Normal,Normal
11489,2025-10-06 08:30:25,18,Cari Berkas,SB523B1F39E3BC735,Normal,Normal
11490,2025-10-06 08:30:41,18,Logout,SB523B1F39E3BC735,Normal,Normal
11491,2025-10-06 09:59:01,73,Login,S78F4223BD21A5375,Normal,Normal
11492,2025-10-06 10:00:46,73,Lihat Perkara,S78F4223BD21A5375,Normal,Normal
11493,2025-10-06 10:03:44,73,Cari Berkas,S78F4223BD21A5375,Normal,Normal
11494,2025-10-06 10:05:29,73,Logout,S78F4223BD21A5375,Normal,Normal
11495,2025-10-06 10:07:26,79,Login,S5D123E9B4C6F9A45,Normal,Normal
11496,2025-10-06 10:09:24,79,Lihat Perkara,S5D123E9B4C6F9A45,Normal,Normal
11497,2025-10-06 10:10:09,18,Login,S9CA37C54438459AD,Normal,Normal
11498,2025-10-06 10:10:25,18,Lihat Perkara,S9CA37C54438459AD,Normal,Normal
11499,2025-10-06 10:12:22,79,Cari Berkas,S5D123E9B4C6F9A45,Normal,Normal
11500,2025-10-06 10:12:32,79,Logout,S5D123E9B4C6F9A45,ip_berubah,Low
11501,2025-10-06 10:12:33,18,Cari Berkas,S9CA37C54438459AD,Normal,Normal
11502,2025-10-06 10:12:51,18,Logout,S9CA37C54438459AD,Normal,Normal
11503,2025-10-06 13:12:08,43,Login,SB1D9C3C6D64FE4E2,Normal,Normal
11504,2025-10-06 13:12:35,43,Lihat Perkara,SB1D9C3C6D64FE4E2,Normal,Normal
11505,2025-10-06 13:13:36,43,Cari Berkas,SB1D9C3C6D64FE4E2,Normal,Normal
11506,2025-10-06 13:16:21,43,Logout,SB1D9C3C6D64FE4E2,Normal,Normal
11507,2025-10-06 13:40:42,29,Login,SC66DCEB344945E09,Normal,Normal
11508,2025-10-06 13:43:10,29,Lihat Perkara,SC66DCEB344945E09,Normal,Normal
11509,2025-10-06 13:43:30,29,Cari Berkas,SC66DCEB344945E09,Normal,Normal
11510,2025-10-06 13:45:32,29,Logout,SC66DCEB344945E09,Normal,Normal
11511,2025-10-06 14:17:32,80,Lihat Perkara,SEA53A09D5F2ACB16,Normal,Normal
11512,2025-10-06 14:20:22,80,Cari Berkas,SEA53A09D5F2ACB16,Normal,Normal
11513,2025-10-06 14:20:37,80,Logout,SEA53A09D5F2ACB16,peminjaman_massal,High
11514,2025-10-06 14:23:22,57,Lihat Perkara,S0175D98187AA2162,Normal,Normal
11515,2025-10-06 14:25:45,57,Cari Berkas,S0175D98187AA2162,Normal,Normal
11516,2025-10-06 14:28:27,57,Logout,S0175D98187AA2162,Normal,Normal
11517,2025-10-07 07:45:41,83,Login,SC0C5249592BF804E,Normal,Normal
11518,2025-10-07 07:48:10,83,Lihat Perkara,SC0C5249592BF804E,Normal,Normal
11519,2025-10-07 07:50:38,83,Cari Berkas,SC0C5249592BF804E,Normal,Normal
11520,2025-10-07 07:50:48,83,Logout,SC0C5249592BF804E,Normal,Normal
11525,2025-10-07 08:48:58,26,Login,SE0E4FB328C141F23,Normal,Normal
11526,2025-10-07 08:49:47,26,Lihat Perkara,SE0E4FB328C141F23,Normal,Normal
11527,2025-10-07 08:52:22,26,Cari Berkas,SE0E4FB328C141F23,Normal,Normal
11528,2025-10-07 08:55:17,26,Logout,SE0E4FB328C141F23,Normal,Normal
11529,2025-10-07 10:23:20,54,Login,S7782E83F29A9B2D7,Normal,Normal
11530,2025-10-07 10:23:35,54,Lihat Perkara,S7782E83F29A9B2D7,Normal,Normal
11531,2025-10-07 10:25:37,54,Lihat Berkas,S7782E83F29A9B2D7,Normal,Normal
11532,2025-10-07 10:28:24,54,Input Berkas,S7782E83F29A9B2D7,Normal,Normal
11533,2025-10-07 10:30:30,54,Verifikasi,S7782E83F29A9B2D7,Normal,Normal
11534,2025-10-07 10:33:11,54,Logout,S7782E83F29A9B2D7,ip_berubah,Low
11535,2025-10-07 12:16:23,78,Login,SA08DD21BE3954CB1,Normal,Normal
11536,2025-10-07 12:19:17,78,Lihat Perkara,SA08DD21BE3954CB1,Normal,Normal
11537,2025-10-07 12:20:44,78,Cari Berkas,SA08DD21BE3954CB1,Normal,Normal
11538,2025-10-07 12:22:57,78,Logout,SA08DD21BE3954CB1,Normal,Normal
11539,2025-10-07 13:09:47,32,Login,S5A3045280B599562,Normal,Normal
11540,2025-10-07 13:12:41,32,Lihat Perkara,S5A3045280B599562,Normal,Normal
11541,2025-10-07 13:13:35,32,Cari Berkas,S5A3045280B599562,Normal,Normal
11543,2025-10-07 13:15:43,32,Logout,S5A3045280B599562,Normal,Normal
11547,2025-10-08 00:34:33,18,Login,SBB0BF375834CD0EB,login_luar_jam,Low
11549,2025-10-08 08:31:19,64,Login,S02DE45561F27E8B5,Normal,Normal
11550,2025-10-08 08:32:44,64,Lihat Perkara,S02DE45561F27E8B5,peminjaman_massal,High
11551,2025-10-08 08:33:42,64,Cari Berkas,S02DE45561F27E8B5,Normal,Normal
11552,2025-10-08 08:33:46,64,Login,SB1F6A51BCF876426,Normal,Normal
11553,2025-10-08 08:35:27,64,Logout,S02DE45561F27E8B5,Normal,Normal
11554,2025-10-08 08:36:40,64,Lihat Perkara,SB1F6A51BCF876426,Normal,Normal
11557,2025-10-08 08:39:32,64,Cari Berkas,SB1F6A51BCF876426,Normal,Normal
11559,2025-10-08 08:41:32,64,Logout,SB1F6A51BCF876426,Normal,Normal
11561,2025-10-08 09:35:59,18,Lihat Perkara,SBB0BF375834CD0EB,Normal,Normal
11562,2025-10-08 09:36:23,18,Cari Berkas,SBB0BF375834CD0EB,Normal,Normal
11563,2025-10-08 09:37:21,18,Logout,SBB0BF375834CD0EB,Normal,Normal
11564,2025-10-08 10:30:55,56,Login,SD66356A180D2A793,Normal,Normal
11565,2025-10-08 10:33:01,56,Lihat Perkara,SD66356A180D2A793,Normal,Normal
11566,2025-10-08 10:35:56,56,Cari Berkas,SD66356A180D2A793,Normal,Normal
11567,2025-10-08 10:37:59,56,Logout,SD66356A180D2A793,Normal,Normal
11576,2025-10-08 13:56:34,22,Login,S121AF952BE69AD39,Normal,Normal
11578,2025-10-08 13:57:07,22,Lihat Perkara,S121AF952BE69AD39,Normal,Normal
11581,2025-10-08 13:58:59,22,Cari Berkas,S121AF952BE69AD39,Normal,Normal
11583,2025-10-08 14:00:14,22,Logout,S121AF952BE69AD39,Normal,Normal
11587,2025-10-08 14:46:08,42,Login,S8809367E72503B0F,Normal,Normal
11588,2025-10-08 14:47:54,42,Lihat Perkara,S8809367E72503B0F,Normal,Normal
11589,2025-10-08 14:48:53,42,Cari Berkas,S8809367E72503B0F,Normal,Normal
11590,2025-10-08 14:50:41,42,Logout,S8809367E72503B0F,Normal,Normal
11591,2025-10-09 04:52:30,32,Login,SF6EAB3A001539221,login_luar_jam,Low
11597,2025-10-09 07:54:05,31,Login,S984F541976B4C117,device_berubah,Low
11598,2025-10-09 07:55:45,31,Lihat Perkara,S984F541976B4C117,Normal,Normal
11599,2025-10-09 07:58:26,31,Cari Berkas,S984F541976B4C117,Normal,Normal
11600,2025-10-09 08:00:09,31,Logout,S984F541976B4C117,Normal,Normal
11601,2025-10-09 08:22:11,84,Login,S9554BE4CEF5E26AD,Normal,Normal
11602,2025-10-09 08:23:06,84,Dashboard,S9554BE4CEF5E26AD,Normal,Normal
11603,2025-10-09 08:23:54,84,Kelola User,S9554BE4CEF5E26AD,Normal,Normal
11604,2025-10-09 08:26:51,84,Kelola Kode Klasifikasi,S9554BE4CEF5E26AD,Normal,Normal
11605,2025-10-09 08:27:58,84,Logout,S9554BE4CEF5E26AD,Normal,Normal
11616,2025-10-09 09:40:49,70,Login,S07AA240C57620A6F,Normal,Normal
11617,2025-10-09 09:42:42,70,Lihat Perkara,S07AA240C57620A6F,Normal,Normal
11618,2025-10-09 09:45:23,70,Cari Berkas,S07AA240C57620A6F,Normal,Normal
11619,2025-10-09 09:47:04,70,Logout,S07AA240C57620A6F,durasi_tidak_wajar,Medium
11620,2025-10-09 09:54:24,32,Lihat Perkara,SF6EAB3A001539221,Normal,Normal
11621,2025-10-09 09:57:21,32,Cari Berkas,SF6EAB3A001539221,Normal,Normal
11622,2025-10-09 09:59:32,32,Logout,SF6EAB3A001539221,Normal,Normal
11631,2025-10-09 12:10:44,23,Login,S17151C03EB4F3638,Normal,Normal
11632,2025-10-09 12:13:17,23,Lihat Perkara,S17151C03EB4F3638,Normal,Normal
11633,2025-10-09 12:15:56,23,Cari Berkas,S17151C03EB4F3638,Normal,Normal
11634,2025-10-09 12:17:35,23,Logout,S17151C03EB4F3638,Normal,Normal
11639,2025-10-09 12:47:52,41,Login,S59AE73028AE3297E,Normal,Normal
11640,2025-10-09 12:49:11,41,Lihat Perkara,S59AE73028AE3297E,Normal,Normal
11641,2025-10-09 12:49:57,41,Cari Berkas,S59AE73028AE3297E,Normal,Normal
11642,2025-10-09 12:51:19,41,Logout,S59AE73028AE3297E,Normal,Normal
11643,2025-10-09 13:34:00,54,Login,S2481C95BE8E756DF,Normal,Normal
11644,2025-10-09 13:36:16,54,Lihat Perkara,S2481C95BE8E756DF,Normal,Normal
11645,2025-10-09 13:37:32,54,Lihat Berkas,S2481C95BE8E756DF,Normal,Normal
11646,2025-10-09 13:37:50,54,Input Berkas,S2481C95BE8E756DF,Normal,Normal
11647,2025-10-09 13:39:19,54,Verifikasi,S2481C95BE8E756DF,Normal,Normal
11648,2025-10-09 13:39:34,54,Logout,S2481C95BE8E756DF,Normal,Normal
11653,2025-10-09 15:00:58,65,Login,S9E58F8B6B24C7782,Normal,Normal
11654,2025-10-09 15:02:27,65,Lihat Perkara,S9E58F8B6B24C7782,ip_berubah,Low
11655,2025-10-09 15:04:46,65,Cari Berkas,S9E58F8B6B24C7782,Normal,Normal
11656,2025-10-09 15:06:33,65,Logout,S9E58F8B6B24C7782,Normal,Normal
11661,2025-10-09 15:34:16,62,Login,SB3B263376A74DBB7,Normal,Normal
11662,2025-10-09 15:36:43,62,Lihat Perkara,SB3B263376A74DBB7,Normal,Normal
11663,2025-10-09 15:39:43,62,Cari Berkas,SB3B263376A74DBB7,Normal,Normal
11664,2025-10-09 15:40:48,62,Logout,SB3B263376A74DBB7,Normal,Normal
11665,2025-10-09 15:43:13,78,Login,SE1FDC6D169785221,Normal,Normal
11666,2025-10-09 15:43:38,78,Lihat Perkara,SE1FDC6D169785221,Normal,Normal
11667,2025-10-09 15:44:10,78,Cari Berkas,SE1FDC6D169785221,Normal,Normal
11668,2025-10-09 15:45:31,78,Logout,SE1FDC6D169785221,Normal,Normal
11669,2025-10-09 16:13:10,58,Login,SACBE8E4DAA4B7717,Normal,Normal
11670,2025-10-09 16:15:17,58,Lihat Perkara,SACBE8E4DAA4B7717,Normal,Normal
11671,2025-10-09 16:15:35,58,Login,S22E96C154622D06E,Normal,Normal
11672,2025-10-09 16:16:17,58,Cari Berkas,SACBE8E4DAA4B7717,Normal,Normal
11673,2025-10-09 16:16:41,58,Logout,SACBE8E4DAA4B7717,Normal,Normal
11674,2025-10-09 16:17:41,58,Lihat Perkara,S22E96C154622D06E,Normal,Normal
11675,2025-10-09 16:18:45,58,Cari Berkas,S22E96C154622D06E,Normal,Normal
11676,2025-10-09 16:20:05,58,Logout,S22E96C154622D06E,Normal,Normal
11677,2025-10-09 16:47:23,56,Login,S2FF05B762B441D12,Normal,Normal
11678,2025-10-09 16:50:08,56,Lihat Perkara,S2FF05B762B441D12,ip_berubah,Low
11679,2025-10-09 16:50:18,56,Cari Berkas,S2FF05B762B441D12,Normal,Normal
11680,2025-10-09 16:52:26,56,Logout,S2FF05B762B441D12,Normal,Normal
11683,2025-10-10 02:52:27,34,Login,S17FB5AE20519B0C2,login_luar_jam,Low
11684,2025-10-10 08:24:48,81,Login,SF2861E667570EA8F,Normal,Normal
11685,2025-10-10 08:25:46,81,Lihat Perkara,SF2861E667570EA8F,Normal,Normal
11686,2025-10-10 08:27:01,81,Cari Berkas,SF2861E667570EA8F,Normal,Normal
11687,2025-10-10 08:27:16,81,Logout,SF2861E667570EA8F,Normal,Normal
11688,2025-10-10 09:21:44,74,Login,SFBA6ABF7CDBCC653,Normal,Normal
11689,2025-10-10 09:24:30,74,Lihat Perkara,SFBA6ABF7CDBCC653,Normal,Normal
11690,2025-10-10 09:25:02,74,Cari Berkas,SFBA6ABF7CDBCC653,Normal,Normal
11691,2025-10-10 09:25:28,74,Logout,SFBA6ABF7CDBCC653,Normal,Normal
11694,2025-10-10 09:39:47,79,Login,SDC0C644DA6D1EBD5,Normal,Normal
11696,2025-10-10 09:41:58,79,Lihat Perkara,SDC0C644DA6D1EBD5,Normal,Normal
11697,2025-10-10 09:42:56,79,Cari Berkas,SDC0C644DA6D1EBD5,Normal,Normal
11698,2025-10-10 09:45:05,79,Logout,SDC0C644DA6D1EBD5,Normal,Normal
11706,2025-10-10 11:53:42,34,Lihat Perkara,S17FB5AE20519B0C2,Normal,Normal
11707,2025-10-10 11:55:14,34,Cari Berkas,S17FB5AE20519B0C2,Normal,Normal
11708,2025-10-10 11:57:18,34,Logout,S17FB5AE20519B0C2,Normal,Normal
11719,2025-10-10 15:13:59,63,Login,S719C3657E38CEBB3,Normal,Normal
11720,2025-10-10 15:15:29,63,Lihat Perkara,S719C3657E38CEBB3,Normal,Normal
11721,2025-10-10 15:18:01,63,Cari Berkas,S719C3657E38CEBB3,Normal,Normal
11722,2025-10-10 15:19:49,63,Logout,S719C3657E38CEBB3,Normal,Normal
11727,2025-10-11 06:32:16,66,Login,SBA8BD808D0CFDE2E,login_luar_jam,Low
11740,2025-10-11 11:32:51,66,Lihat Perkara,SBA8BD808D0CFDE2E,Normal,Normal
11741,2025-10-11 11:35:03,66,Cari Berkas,SBA8BD808D0CFDE2E,Normal,Normal
11742,2025-10-11 11:35:40,66,Logout,SBA8BD808D0CFDE2E,Normal,Normal
11751,2025-10-12 00:53:04,31,Login,SFDF6A57986B34688,login_luar_jam,Low
11752,2025-10-12 07:09:24,18,Login,S7FAACC9F87FD018E,ip_berubah,Low
11753,2025-10-12 07:10:28,18,Lihat Perkara,S7FAACC9F87FD018E,Normal,Normal
11754,2025-10-12 07:12:31,18,Cari Berkas,S7FAACC9F87FD018E,Normal,Normal
11755,2025-10-12 07:14:55,18,Logout,S7FAACC9F87FD018E,Normal,Normal
11764,2025-10-12 09:46:15,1,Login,SFAE4845833913AD4,aktivitas_terlalu_cepat,Medium
11765,2025-10-12 09:48:33,1,Dashboard,SFAE4845833913AD4,Normal,Normal
11766,2025-10-12 09:48:58,1,Kelola User,SFAE4845833913AD4,Normal,Normal
11767,2025-10-12 09:51:11,1,Kelola Kode Klasifikasi,SFAE4845833913AD4,Normal,Normal
11768,2025-10-12 09:51:38,1,Logout,SFAE4845833913AD4,Normal,Normal
11769,2025-10-12 10:55:56,31,Lihat Perkara,SFDF6A57986B34688,Normal,Normal
11770,2025-10-12 10:58:32,31,Cari Berkas,SFDF6A57986B34688,Normal,Normal
11771,2025-10-12 10:58:51,31,Logout,SFDF6A57986B34688,Normal,Normal
11772,2025-10-12 11:34:14,20,Login,SD70EE61CC63EAD20,Normal,Normal
11773,2025-10-12 11:34:54,27,Login,S35398963D3270CC0,Normal,Normal
11774,2025-10-12 11:35:27,20,Lihat Perkara,SD70EE61CC63EAD20,Normal,Normal
11775,2025-10-12 11:36:25,27,Lihat Perkara,S35398963D3270CC0,Normal,Normal
11776,2025-10-12 11:37:31,20,Cari Berkas,SD70EE61CC63EAD20,Normal,Normal
11777,2025-10-12 11:37:34,27,Cari Berkas,S35398963D3270CC0,Normal,Normal
11778,2025-10-12 11:38:08,27,Logout,S35398963D3270CC0,Normal,Normal
11779,2025-10-12 11:38:58,20,Logout,SD70EE61CC63EAD20,Normal,Normal
11780,2025-10-12 12:18:34,28,Login,S5D616D41290A407F,Normal,Normal
11781,2025-10-12 12:19:25,28,Lihat Perkara,S5D616D41290A407F,Normal,Normal
11782,2025-10-12 12:20:27,28,Cari Berkas,S5D616D41290A407F,Normal,Normal
11783,2025-10-12 12:21:30,28,Logout,S5D616D41290A407F,Normal,Normal
11784,2025-10-12 13:19:57,51,Login,S3378D6C401D9587A,Normal,Normal
11785,2025-10-12 13:21:29,51,Lihat Perkara,S3378D6C401D9587A,Normal,Normal
11786,2025-10-12 13:22:52,51,Cari Berkas,S3378D6C401D9587A,Normal,Normal
11787,2025-10-12 13:24:48,51,Logout,S3378D6C401D9587A,Normal,Normal
11792,2025-10-12 15:48:23,37,Login,S8F20C5E75EC646EB,Normal,Normal
11793,2025-10-12 15:49:37,37,Lihat Perkara,S8F20C5E75EC646EB,Normal,Normal
11794,2025-10-12 15:51:05,37,Cari Berkas,S8F20C5E75EC646EB,Normal,Normal
11795,2025-10-12 15:53:17,56,Login,SE907799CF5C43752,Normal,Normal
11796,2025-10-12 15:53:42,37,Logout,S8F20C5E75EC646EB,Normal,Normal
11797,2025-10-12 15:55:00,56,Lihat Perkara,SE907799CF5C43752,Normal,Normal
11798,2025-10-12 15:56:03,56,Cari Berkas,SE907799CF5C43752,Normal,Normal
11799,2025-10-12 15:56:17,56,Logout,SE907799CF5C43752,Normal,Normal
11800,2025-10-13 05:07:16,31,Login,S3427FB9EE7912673,login_luar_jam,Low
11801,2025-10-13 07:44:21,61,Login,S49CC253FB4693EC4,Normal,Normal
11802,2025-10-13 07:44:52,61,Lihat Perkara,S49CC253FB4693EC4,Normal,Normal
11803,2025-10-13 07:46:25,61,Cari Berkas,S49CC253FB4693EC4,Normal,Normal
11804,2025-10-13 07:48:41,61,Logout,S49CC253FB4693EC4,Normal,Normal
11805,2025-10-13 09:49:56,72,Login,SE09EA49D91B49FC2,Normal,Normal
11806,2025-10-13 09:50:34,72,Lihat Perkara,SE09EA49D91B49FC2,Normal,Normal
11807,2025-10-13 09:51:57,72,Cari Berkas,SE09EA49D91B49FC2,Normal,Normal
11808,2025-10-13 09:54:33,72,Logout,SE09EA49D91B49FC2,Normal,Normal
11809,2025-10-13 10:07:20,74,Login,SE37E9D6DD0117FEE,Normal,Normal
11810,2025-10-13 10:08:36,74,Lihat Perkara,SE37E9D6DD0117FEE,durasi_tidak_wajar,Medium
11811,2025-10-13 10:10:09,74,Cari Berkas,SE37E9D6DD0117FEE,device_berubah,Low
11812,2025-10-13 10:11:09,74,Logout,SE37E9D6DD0117FEE,Normal,Normal
11813,2025-10-13 10:35:56,72,Login,SC4CFAA8BC607560F,Normal,Normal
11814,2025-10-13 10:38:56,72,Lihat Perkara,SC4CFAA8BC607560F,Normal,Normal
11815,2025-10-13 10:41:06,72,Cari Berkas,SC4CFAA8BC607560F,Normal,Normal
11816,2025-10-13 10:43:27,72,Logout,SC4CFAA8BC607560F,Normal,Normal
11817,2025-10-13 11:09:57,31,Lihat Perkara,S3427FB9EE7912673,Normal,Normal
11818,2025-10-13 11:12:02,31,Cari Berkas,S3427FB9EE7912673,Normal,Normal
11819,2025-10-13 11:12:53,31,Logout,S3427FB9EE7912673,Normal,Normal
11820,2025-10-13 12:06:45,26,Login,SEEBA6AD9EA88D27D,Normal,Normal
11821,2025-10-13 12:08:16,26,Lihat Perkara,SEEBA6AD9EA88D27D,aktivitas_terlalu_cepat,Medium
11822,2025-10-13 12:09:06,26,Cari Berkas,SEEBA6AD9EA88D27D,Normal,Normal
11823,2025-10-13 12:10:09,26,Logout,SEEBA6AD9EA88D27D,Normal,Normal
11824,2025-10-13 16:31:36,27,Login,S0F999E2CBA2DC158,Normal,Normal
11825,2025-10-13 16:33:14,27,Lihat Perkara,S0F999E2CBA2DC158,Normal,Normal
11826,2025-10-13 16:35:33,27,Cari Berkas,S0F999E2CBA2DC158,Normal,Normal
11827,2025-10-13 16:38:07,27,Logout,S0F999E2CBA2DC158,Normal,Normal
11828,2025-10-14 00:23:33,68,Login,S55C7F7662340C896,login_luar_jam,Low
11829,2025-10-14 01:50:00,61,Login,S333E1A4FD0F92D7B,login_luar_jam,Low
11831,2025-10-14 07:55:37,60,Login,SF50A82E803EC608B,Normal,Normal
11832,2025-10-14 07:55:59,60,Lihat Perkara,SF50A82E803EC608B,ip_berubah,Low
11833,2025-10-14 07:56:46,60,Cari Berkas,SF50A82E803EC608B,Normal,Normal
11834,2025-10-14 07:59:36,60,Logout,SF50A82E803EC608B,durasi_tidak_wajar,Medium
11835,2025-10-14 07:59:38,22,Login,S81D1D2263CC56AF3,Normal,Normal
11836,2025-10-14 08:01:36,22,Lihat Perkara,S81D1D2263CC56AF3,Normal,Normal
11837,2025-10-14 08:03:14,22,Cari Berkas,S81D1D2263CC56AF3,Normal,Normal
11838,2025-10-14 08:04:14,22,Logout,S81D1D2263CC56AF3,Normal,Normal
11839,2025-10-14 08:15:29,43,Login,SA9F42E236B12BD63,Normal,Normal
11840,2025-10-14 08:16:55,43,Lihat Perkara,SA9F42E236B12BD63,Normal,Normal
11841,2025-10-14 08:19:35,43,Cari Berkas,SA9F42E236B12BD63,Normal,Normal
11842,2025-10-14 08:22:06,43,Logout,SA9F42E236B12BD63,Normal,Normal
11843,2025-10-14 10:48:12,32,Login,S5941109A66BD483A,Normal,Normal
11844,2025-10-14 10:49:28,32,Lihat Perkara,S5941109A66BD483A,Normal,Normal
11845,2025-10-14 10:51:37,32,Cari Berkas,S5941109A66BD483A,Normal,Normal
11846,2025-10-14 10:51:55,20,Login,S5982AA44557368CF,Normal,Normal
11847,2025-10-14 10:52:07,20,Lihat Perkara,S5982AA44557368CF,Normal,Normal
11848,2025-10-14 10:53:13,32,Logout,S5941109A66BD483A,Normal,Normal
11849,2025-10-14 10:55:00,20,Cari Berkas,S5982AA44557368CF,aktivitas_terlalu_cepat,Medium
11850,2025-10-14 10:56:01,20,Logout,S5982AA44557368CF,ip_berubah,Low
11851,2025-10-14 10:58:18,36,Login,S6550E62CB3C5B29F,Normal,Normal
11852,2025-10-14 11:01:05,36,Lihat Perkara,S6550E62CB3C5B29F,peminjaman_massal,High
11853,2025-10-14 11:01:25,36,Cari Berkas,S6550E62CB3C5B29F,Normal,Normal
11854,2025-10-14 11:02:56,36,Logout,S6550E62CB3C5B29F,Normal,Normal
11858,2025-10-14 11:50:44,61,Lihat Perkara,S333E1A4FD0F92D7B,Normal,Normal
11859,2025-10-14 11:52:14,61,Cari Berkas,S333E1A4FD0F92D7B,Normal,Normal
11860,2025-10-14 11:54:12,61,Logout,S333E1A4FD0F92D7B,aktivitas_terlalu_cepat,Medium
11866,2025-10-14 13:24:11,68,Lihat Perkara,S55C7F7662340C896,Normal,Normal
11867,2025-10-14 13:25:51,68,Cari Berkas,S55C7F7662340C896,Normal,Normal
11868,2025-10-14 13:26:10,68,Logout,S55C7F7662340C896,Normal,Normal
11877,2025-10-14 16:31:19,35,Login,SC2559353F95D62FF,Normal,Normal
11878,2025-10-14 16:34:08,35,Lihat Perkara,SC2559353F95D62FF,Normal,Normal
11879,2025-10-14 16:35:53,35,Cari Berkas,SC2559353F95D62FF,Normal,Normal
11880,2025-10-14 16:38:38,35,Logout,SC2559353F95D62FF,Normal,Normal
11881,2025-10-15 02:07:14,27,Login,S85406ADB983AE235,login_luar_jam,Low
11883,2025-10-15 07:10:33,85,Login,S6D7CE3C9B4A69F3C,Normal,Normal
11884,2025-10-15 07:11:11,85,Lihat Perkara,S6D7CE3C9B4A69F3C,Normal,Normal
11885,2025-10-15 07:11:40,85,Lihat Berkas,S6D7CE3C9B4A69F3C,Normal,Normal
11886,2025-10-15 07:12:28,85,Input Berkas,S6D7CE3C9B4A69F3C,Normal,Normal
11887,2025-10-15 07:14:57,85,Verifikasi,S6D7CE3C9B4A69F3C,Normal,Normal
11888,2025-10-15 07:15:16,85,Logout,S6D7CE3C9B4A69F3C,Normal,Normal
11889,2025-10-15 08:53:07,29,Login,SDB9D101BF1A158D1,Normal,Normal
11890,2025-10-15 08:54:36,29,Lihat Perkara,SDB9D101BF1A158D1,Normal,Normal
11891,2025-10-15 08:54:48,29,Cari Berkas,SDB9D101BF1A158D1,Normal,Normal
11892,2025-10-15 08:56:25,29,Logout,SDB9D101BF1A158D1,Normal,Normal
11893,2025-10-15 09:09:55,27,Lihat Perkara,S85406ADB983AE235,Normal,Normal
11894,2025-10-15 09:10:39,27,Cari Berkas,S85406ADB983AE235,Normal,Normal
11895,2025-10-15 09:12:50,27,Logout,S85406ADB983AE235,Normal,Normal
11899,2025-10-15 11:57:06,82,Login,S407B0C89A0DC819E,Normal,Normal
11900,2025-10-15 11:58:04,82,Lihat Perkara,S407B0C89A0DC819E,Normal,Normal
11901,2025-10-15 12:00:15,82,Cari Berkas,S407B0C89A0DC819E,Normal,Normal
11902,2025-10-15 12:02:23,82,Logout,S407B0C89A0DC819E,Normal,Normal
11903,2025-10-15 12:58:16,75,Login,S9E9A9F83066803EE,Normal,Normal
11904,2025-10-15 13:01:02,75,Lihat Perkara,S9E9A9F83066803EE,Normal,Normal
11905,2025-10-15 13:02:08,75,Cari Berkas,S9E9A9F83066803EE,Normal,Normal
11906,2025-10-15 13:05:03,75,Logout,S9E9A9F83066803EE,Normal,Normal
11907,2025-10-15 13:09:12,71,Login,S2727AEA402F93785,Normal,Normal
11908,2025-10-15 13:09:48,71,Lihat Perkara,S2727AEA402F93785,Normal,Normal
11909,2025-10-15 13:11:36,71,Cari Berkas,S2727AEA402F93785,Normal,Normal
11910,2025-10-15 13:12:22,71,Logout,S2727AEA402F93785,Normal,Normal
11911,2025-10-15 13:53:30,74,Login,S4CE15A7C99755D8D,Normal,Normal
11912,2025-10-15 13:56:22,74,Lihat Perkara,S4CE15A7C99755D8D,Normal,Normal
11913,2025-10-15 13:59:14,74,Cari Berkas,S4CE15A7C99755D8D,Normal,Normal
11914,2025-10-15 14:01:53,74,Logout,S4CE15A7C99755D8D,Normal,Normal
11920,2025-10-15 16:01:00,41,Login,S24E723838429E12C,Normal,Normal
11921,2025-10-15 16:01:44,41,Lihat Perkara,S24E723838429E12C,Normal,Normal
11922,2025-10-15 16:02:51,41,Cari Berkas,S24E723838429E12C,Normal,Normal
11923,2025-10-15 16:05:44,41,Logout,S24E723838429E12C,Normal,Normal
11924,2025-10-16 09:36:32,74,Login,S70BB727A07F4FE4B,Normal,Normal
11925,2025-10-16 09:38:23,74,Lihat Perkara,S70BB727A07F4FE4B,Normal,Normal
11926,2025-10-16 09:39:07,74,Cari Berkas,S70BB727A07F4FE4B,Normal,Normal
11927,2025-10-16 09:40:49,74,Logout,S70BB727A07F4FE4B,Normal,Normal
11928,2025-10-16 12:31:52,34,Login,SCFA701CD2631D00B,Normal,Normal
11929,2025-10-16 12:32:23,34,Lihat Perkara,SCFA701CD2631D00B,Normal,Normal
11930,2025-10-16 12:33:36,34,Cari Berkas,SCFA701CD2631D00B,Normal,Normal
11931,2025-10-16 12:34:16,34,Logout,SCFA701CD2631D00B,Normal,Normal
11932,2025-10-16 14:48:50,21,Login,SF995AE6A4C683609,Normal,Normal
11933,2025-10-16 14:49:15,21,Lihat Perkara,SF995AE6A4C683609,Normal,Normal
11934,2025-10-16 14:49:57,21,Cari Berkas,SF995AE6A4C683609,Normal,Normal
11935,2025-10-16 14:51:57,21,Logout,SF995AE6A4C683609,Normal,Normal
11936,2025-10-16 15:05:19,32,Login,SC279D9137AFD2923,durasi_tidak_wajar,Medium
11937,2025-10-16 15:06:10,32,Lihat Perkara,SC279D9137AFD2923,Normal,Normal
11938,2025-10-16 15:07:38,32,Cari Berkas,SC279D9137AFD2923,Normal,Normal
11939,2025-10-16 15:09:12,32,Logout,SC279D9137AFD2923,Normal,Normal
11948,2025-10-17 00:49:38,6,Login,S8E36839CD8CDD1EA,login_luar_jam,Low
11949,2025-10-17 02:06:24,31,Login,S0BA24C4F4A26EB59,login_luar_jam,Low
11950,2025-10-17 07:38:36,69,Login,S31351389B040DF3A,Normal,Normal
11951,2025-10-17 07:41:01,69,Lihat Perkara,S31351389B040DF3A,Normal,Normal
11952,2025-10-17 07:42:46,69,Cari Berkas,S31351389B040DF3A,Normal,Normal
11953,2025-10-17 07:45:11,69,Logout,S31351389B040DF3A,ip_berubah,Low
11954,2025-10-17 08:07:22,31,Lihat Perkara,S0BA24C4F4A26EB59,Normal,Normal
11955,2025-10-17 08:09:13,31,Cari Berkas,S0BA24C4F4A26EB59,Normal,Normal
11956,2025-10-17 08:11:29,31,Logout,S0BA24C4F4A26EB59,Normal,Normal
11957,2025-10-17 09:09:39,43,Login,S4FEE6C7815CC6BEC,Normal,Normal
11958,2025-10-17 09:10:56,43,Lihat Perkara,S4FEE6C7815CC6BEC,Normal,Normal
11959,2025-10-17 09:11:46,43,Cari Berkas,S4FEE6C7815CC6BEC,Normal,Normal
11960,2025-10-17 09:12:14,43,Logout,S4FEE6C7815CC6BEC,Normal,Normal
11961,2025-10-17 10:11:43,85,Login,SA8EB2BA6319AED6A,Normal,Normal
11962,2025-10-17 10:12:09,85,Lihat Perkara,SA8EB2BA6319AED6A,Normal,Normal
11963,2025-10-17 10:14:49,85,Lihat Berkas,SA8EB2BA6319AED6A,Normal,Normal
11964,2025-10-17 10:15:31,85,Input Berkas,SA8EB2BA6319AED6A,Normal,Normal
11965,2025-10-17 10:15:57,85,Verifikasi,SA8EB2BA6319AED6A,Normal,Normal
11966,2025-10-17 10:16:39,85,Logout,SA8EB2BA6319AED6A,Normal,Normal
11967,2025-10-17 10:16:40,46,Login,S697C392387FA841A,Normal,Normal
11968,2025-10-17 10:17:33,46,Lihat Perkara,S697C392387FA841A,Normal,Normal
11969,2025-10-17 10:18:27,46,Cari Berkas,S697C392387FA841A,Normal,Normal
11970,2025-10-17 10:18:57,46,Logout,S697C392387FA841A,Normal,Normal
11971,2025-10-17 11:13:46,86,Login,S2DDFFCDDCFA5EE93,Normal,Normal
11972,2025-10-17 11:16:08,86,Lihat Perkara,S2DDFFCDDCFA5EE93,Normal,Normal
11973,2025-10-17 11:17:40,86,Cari Berkas,S2DDFFCDDCFA5EE93,Normal,Normal
11974,2025-10-17 11:18:04,86,Logout,S2DDFFCDDCFA5EE93,Normal,Normal
11979,2025-10-17 12:57:59,23,Login,S77CFE8E76DB877F2,Normal,Normal
11980,2025-10-17 13:00:49,23,Lihat Perkara,S77CFE8E76DB877F2,Normal,Normal
11981,2025-10-17 13:03:47,23,Cari Berkas,S77CFE8E76DB877F2,Normal,Normal
11982,2025-10-17 13:04:37,23,Logout,S77CFE8E76DB877F2,Normal,Normal
11983,2025-10-17 13:30:18,71,Login,S5051B949E6AF993C,Normal,Normal
11984,2025-10-17 13:30:43,71,Lihat Perkara,S5051B949E6AF993C,Normal,Normal
11985,2025-10-17 13:30:55,71,Cari Berkas,S5051B949E6AF993C,Normal,Normal
11986,2025-10-17 13:31:45,71,Logout,S5051B949E6AF993C,Normal,Normal
11987,2025-10-17 13:50:29,86,Login,SD660A2759B4CCCB0,Normal,Normal
11988,2025-10-17 13:50:56,6,Lihat Perkara,S8E36839CD8CDD1EA,Normal,Normal
11989,2025-10-17 13:53:14,86,Lihat Perkara,SD660A2759B4CCCB0,Normal,Normal
11990,2025-10-17 13:53:36,6,Lihat Berkas,S8E36839CD8CDD1EA,Normal,Normal
11991,2025-10-17 13:55:25,6,Input Berkas,S8E36839CD8CDD1EA,Normal,Normal
11992,2025-10-17 13:55:36,86,Cari Berkas,SD660A2759B4CCCB0,Normal,Normal
11993,2025-10-17 13:57:14,6,Verifikasi,S8E36839CD8CDD1EA,Normal,Normal
11994,2025-10-17 13:58:36,86,Logout,SD660A2759B4CCCB0,Normal,Normal
11995,2025-10-17 13:59:11,6,Logout,S8E36839CD8CDD1EA,Normal,Normal
11996,2025-10-17 14:08:19,46,Login,SFAD08F4597826620,Normal,Normal
11997,2025-10-17 14:09:10,46,Lihat Perkara,SFAD08F4597826620,Normal,Normal
11998,2025-10-17 14:10:38,46,Cari Berkas,SFAD08F4597826620,Normal,Normal
11999,2025-10-17 14:10:52,46,Logout,SFAD08F4597826620,Normal,Normal
12000,2025-10-17 14:30:51,71,Login,S91718C7EFDD8D2B2,Normal,Normal
12001,2025-10-17 14:32:21,71,Lihat Perkara,S91718C7EFDD8D2B2,Normal,Normal
12002,2025-10-17 14:33:40,71,Cari Berkas,S91718C7EFDD8D2B2,Normal,Normal
12003,2025-10-17 14:35:35,71,Logout,S91718C7EFDD8D2B2,Normal,Normal
12004,2025-10-17 16:31:01,68,Login,S956B8C0CA8499B92,Normal,Normal
12005,2025-10-17 16:32:31,68,Lihat Perkara,S956B8C0CA8499B92,Normal,Normal
12006,2025-10-17 16:33:47,68,Cari Berkas,S956B8C0CA8499B92,Normal,Normal
12007,2025-10-17 16:34:49,68,Logout,S956B8C0CA8499B92,Normal,Normal
12008,2025-10-18 08:08:01,65,Login,S97867B1213281726,Normal,Normal
12009,2025-10-18 08:10:02,65,Lihat Perkara,S97867B1213281726,Normal,Normal
12010,2025-10-18 08:13:01,65,Cari Berkas,S97867B1213281726,Normal,Normal
12011,2025-10-18 08:13:44,65,Logout,S97867B1213281726,Normal,Normal
12016,2025-10-18 09:32:25,82,Login,SF3951A4532CE6A3D,Normal,Normal
12017,2025-10-18 09:33:08,82,Lihat Perkara,SF3951A4532CE6A3D,Normal,Normal
12018,2025-10-18 09:36:07,82,Cari Berkas,SF3951A4532CE6A3D,Normal,Normal
12019,2025-10-18 09:37:42,82,Logout,SF3951A4532CE6A3D,Normal,Normal
12020,2025-10-18 10:20:56,69,Login,S5095F881A88D37DE,Normal,Normal
12021,2025-10-18 10:21:07,69,Lihat Perkara,S5095F881A88D37DE,Normal,Normal
12022,2025-10-18 10:21:59,69,Cari Berkas,S5095F881A88D37DE,Normal,Normal
12023,2025-10-18 10:23:13,69,Logout,S5095F881A88D37DE,Normal,Normal
12024,2025-10-18 10:53:51,37,Login,S939F353627BAA3DD,ip_berubah,Low
12025,2025-10-18 10:55:46,37,Lihat Perkara,S939F353627BAA3DD,Normal,Normal
12026,2025-10-18 10:56:39,37,Cari Berkas,S939F353627BAA3DD,Normal,Normal
12027,2025-10-18 10:57:14,37,Logout,S939F353627BAA3DD,ip_berubah,Low
12028,2025-10-18 11:54:36,34,Login,S0E5C969BB183ADF9,Normal,Normal
12029,2025-10-18 11:56:07,34,Lihat Perkara,S0E5C969BB183ADF9,Normal,Normal
12030,2025-10-18 11:56:33,34,Cari Berkas,S0E5C969BB183ADF9,Normal,Normal
12031,2025-10-18 11:58:24,34,Logout,S0E5C969BB183ADF9,Normal,Normal
12032,2025-10-18 13:35:43,35,Login,S4F497E7ECE398EE9,device_berubah,Low
12033,2025-10-18 13:37:37,35,Lihat Perkara,S4F497E7ECE398EE9,Normal,Normal
12034,2025-10-18 13:38:31,35,Cari Berkas,S4F497E7ECE398EE9,Normal,Normal
12035,2025-10-18 13:41:08,35,Logout,S4F497E7ECE398EE9,Normal,Normal
12036,2025-10-18 14:02:58,67,Login,S084377C97173388B,Normal,Normal
12037,2025-10-18 14:03:20,67,Lihat Perkara,S084377C97173388B,Normal,Normal
12038,2025-10-18 14:05:50,67,Cari Berkas,S084377C97173388B,Normal,Normal
12039,2025-10-18 14:07:58,67,Logout,S084377C97173388B,Normal,Normal
12044,2025-10-18 15:47:51,19,Login,S09B185D6FA6D81EE,ip_berubah,Low
12045,2025-10-18 15:49:35,19,Lihat Perkara,S09B185D6FA6D81EE,Normal,Normal
12046,2025-10-18 15:50:13,19,Cari Berkas,S09B185D6FA6D81EE,Normal,Normal
12047,2025-10-18 15:52:51,19,Logout,S09B185D6FA6D81EE,Normal,Normal
12048,2025-10-19 01:11:37,55,Login,S2EADB93C27484057,login_luar_jam,Low
12050,2025-10-19 06:28:24,57,Login,S613D2DE93AE28023,login_luar_jam,Low
12051,2025-10-19 07:49:00,49,Login,SFA06988915C52392,Normal,Normal
12052,2025-10-19 07:51:03,26,Login,S2888D6CF549D9BFE,Normal,Normal
12053,2025-10-19 07:51:28,26,Lihat Perkara,S2888D6CF549D9BFE,Normal,Normal
12054,2025-10-19 07:51:34,49,Lihat Perkara,SFA06988915C52392,Normal,Normal
12055,2025-10-19 07:53:44,26,Cari Berkas,S2888D6CF549D9BFE,Normal,Normal
12056,2025-10-19 07:53:47,49,Cari Berkas,SFA06988915C52392,Normal,Normal
12057,2025-10-19 07:54:08,49,Logout,SFA06988915C52392,Normal,Normal
12058,2025-10-19 07:55:09,26,Logout,S2888D6CF549D9BFE,Normal,Normal
12062,2025-10-19 08:53:27,38,Login,SEB0CBD6CA6032997,Normal,Normal
12063,2025-10-19 08:56:18,38,Lihat Perkara,SEB0CBD6CA6032997,Normal,Normal
12064,2025-10-19 08:56:32,38,Cari Berkas,SEB0CBD6CA6032997,Normal,Normal
12065,2025-10-19 08:58:42,38,Logout,SEB0CBD6CA6032997,ip_berubah,Low
12066,2025-10-19 10:18:04,38,Login,S76E5B7914FE091B4,Normal,Normal
12067,2025-10-19 10:18:46,38,Lihat Perkara,S76E5B7914FE091B4,Normal,Normal
12068,2025-10-19 10:20:01,38,Cari Berkas,S76E5B7914FE091B4,Normal,Normal
12069,2025-10-19 10:22:17,38,Logout,S76E5B7914FE091B4,Normal,Normal
12070,2025-10-19 11:30:41,57,Lihat Perkara,S613D2DE93AE28023,Normal,Normal
12071,2025-10-19 11:31:06,64,Login,SF3B20598A303D14F,device_berubah,Low
12072,2025-10-19 11:31:53,64,Lihat Perkara,SF3B20598A303D14F,Normal,Normal
12073,2025-10-19 11:33:11,57,Cari Berkas,S613D2DE93AE28023,Normal,Normal
12074,2025-10-19 11:33:27,64,Cari Berkas,SF3B20598A303D14F,Normal,Normal
12075,2025-10-19 11:35:41,51,Login,S7CC9BEBF457B3174,Normal,Normal
12076,2025-10-19 11:35:54,51,Lihat Perkara,S7CC9BEBF457B3174,Normal,Normal
12077,2025-10-19 11:36:01,64,Logout,SF3B20598A303D14F,Normal,Normal
12078,2025-10-19 11:36:08,57,Logout,S613D2DE93AE28023,Normal,Normal
12079,2025-10-19 11:38:18,51,Cari Berkas,S7CC9BEBF457B3174,Normal,Normal
12080,2025-10-19 11:38:28,51,Logout,S7CC9BEBF457B3174,aktivitas_terlalu_cepat,Medium
12081,2025-10-19 13:23:11,41,Login,S0F321333CE315937,Normal,Normal
12082,2025-10-19 13:25:37,41,Lihat Perkara,S0F321333CE315937,Normal,Normal
12083,2025-10-19 13:26:58,41,Cari Berkas,S0F321333CE315937,Normal,Normal
12084,2025-10-19 13:29:40,41,Logout,S0F321333CE315937,Normal,Normal
12085,2025-10-19 14:12:56,55,Lihat Perkara,S2EADB93C27484057,Normal,Normal
12086,2025-10-19 14:15:18,55,Lihat Berkas,S2EADB93C27484057,Normal,Normal
12087,2025-10-19 14:16:33,55,Input Berkas,S2EADB93C27484057,Normal,Normal
12088,2025-10-19 14:19:26,55,Verifikasi,S2EADB93C27484057,Normal,Normal
12089,2025-10-19 14:20:11,55,Logout,S2EADB93C27484057,Normal,Normal
12090,2025-10-19 15:12:59,85,Login,S44299FA1E8D333B1,Normal,Normal
12091,2025-10-19 15:14:52,85,Lihat Perkara,S44299FA1E8D333B1,Normal,Normal
12092,2025-10-19 15:15:17,85,Lihat Berkas,S44299FA1E8D333B1,Normal,Normal
12093,2025-10-19 15:16:30,85,Input Berkas,S44299FA1E8D333B1,Normal,Normal
12094,2025-10-19 15:19:16,85,Verifikasi,S44299FA1E8D333B1,Normal,Normal
12097,2025-10-19 15:21:02,85,Logout,S44299FA1E8D333B1,Normal,Normal
12101,2025-10-20 06:05:58,36,Login,S7BAA87F767FB57A6,login_luar_jam,Low
12105,2025-10-20 08:08:45,36,Lihat Perkara,S7BAA87F767FB57A6,Normal,Normal
12106,2025-10-20 08:10:39,36,Cari Berkas,S7BAA87F767FB57A6,Normal,Normal
12107,2025-10-20 08:13:39,36,Logout,S7BAA87F767FB57A6,Normal,Normal
12112,2025-10-20 09:36:24,28,Login,S6A88CC46F98616F5,ip_berubah,Low
12113,2025-10-20 09:38:28,28,Lihat Perkara,S6A88CC46F98616F5,Normal,Normal
12114,2025-10-20 09:40:06,28,Cari Berkas,S6A88CC46F98616F5,Normal,Normal
12115,2025-10-20 09:42:52,28,Logout,S6A88CC46F98616F5,Normal,Normal
12116,2025-10-20 10:10:24,71,Login,S2FD1C77500B02A82,Normal,Normal
12117,2025-10-20 10:12:26,71,Lihat Perkara,S2FD1C77500B02A82,Normal,Normal
12118,2025-10-20 10:12:53,71,Cari Berkas,S2FD1C77500B02A82,Normal,Normal
12119,2025-10-20 10:13:44,71,Logout,S2FD1C77500B02A82,ip_berubah,Low
12120,2025-10-20 10:24:01,18,Login,S161CD6742978868D,Normal,Normal
12121,2025-10-20 10:27:01,18,Lihat Perkara,S161CD6742978868D,Normal,Normal
12122,2025-10-20 10:28:01,18,Cari Berkas,S161CD6742978868D,Normal,Normal
12123,2025-10-20 10:30:05,18,Logout,S161CD6742978868D,Normal,Normal
12128,2025-10-20 12:16:18,29,Login,S5E9D2F8A1EF11A27,Normal,Normal
12129,2025-10-20 12:16:38,29,Lihat Perkara,S5E9D2F8A1EF11A27,Normal,Normal
12130,2025-10-20 12:19:01,29,Cari Berkas,S5E9D2F8A1EF11A27,Normal,Normal
12131,2025-10-20 12:19:50,29,Logout,S5E9D2F8A1EF11A27,Normal,Normal
12153,2025-10-21 09:55:41,48,Login,SD76B4A4D6768D40A,Normal,Normal
12154,2025-10-21 09:57:03,48,Lihat Perkara,SD76B4A4D6768D40A,Normal,Normal
12155,2025-10-21 09:59:12,48,Lihat Berkas,SD76B4A4D6768D40A,Normal,Normal
12156,2025-10-21 09:59:27,48,Input Berkas,SD76B4A4D6768D40A,Normal,Normal
12157,2025-10-21 10:00:49,48,Verifikasi,SD76B4A4D6768D40A,Normal,Normal
12158,2025-10-21 10:03:14,48,Logout,SD76B4A4D6768D40A,Normal,Normal
12159,2025-10-21 11:02:29,1,Login,SF7B8A5E480A5FE0D,device_berubah,Low
12160,2025-10-21 11:03:47,1,Dashboard,SF7B8A5E480A5FE0D,Normal,Normal
12161,2025-10-21 11:06:13,1,Kelola User,SF7B8A5E480A5FE0D,Normal,Normal
12162,2025-10-21 11:08:05,1,Kelola Kode Klasifikasi,SF7B8A5E480A5FE0D,Normal,Normal
12163,2025-10-21 11:10:31,1,Logout,SF7B8A5E480A5FE0D,Normal,Normal
12164,2025-10-21 11:46:27,6,Login,S6539B1F837196A50,Normal,Normal
12165,2025-10-21 11:48:46,6,Lihat Perkara,S6539B1F837196A50,Normal,Normal
12166,2025-10-21 11:51:46,6,Lihat Berkas,S6539B1F837196A50,Normal,Normal
12167,2025-10-21 11:52:16,6,Input Berkas,S6539B1F837196A50,Normal,Normal
12168,2025-10-21 11:55:16,6,Verifikasi,S6539B1F837196A50,Normal,Normal
12169,2025-10-21 11:55:54,6,Logout,S6539B1F837196A50,Normal,Normal
12170,2025-10-21 11:57:23,56,Login,S66551495043E1BEB,Normal,Normal
12171,2025-10-21 11:58:31,56,Lihat Perkara,S66551495043E1BEB,Normal,Normal
12172,2025-10-21 12:01:09,56,Cari Berkas,S66551495043E1BEB,Normal,Normal
12173,2025-10-21 12:04:03,56,Logout,S66551495043E1BEB,Normal,Normal
12178,2025-10-21 13:24:52,80,Login,SB37C8BB85FBF0670,Normal,Normal
12179,2025-10-21 13:25:51,80,Lihat Perkara,SB37C8BB85FBF0670,Normal,Normal
12180,2025-10-21 13:28:21,80,Cari Berkas,SB37C8BB85FBF0670,durasi_tidak_wajar,Medium
12181,2025-10-21 13:29:39,59,Login,SA1D72BE8BE35EF18,Normal,Normal
12182,2025-10-21 13:30:48,80,Logout,SB37C8BB85FBF0670,Normal,Normal
12183,2025-10-21 13:32:08,59,Lihat Perkara,SA1D72BE8BE35EF18,device_berubah,Low
12184,2025-10-21 13:33:30,59,Cari Berkas,SA1D72BE8BE35EF18,Normal,Normal
12187,2025-10-21 13:36:26,59,Logout,SA1D72BE8BE35EF18,Normal,Normal
12193,2025-10-21 15:12:51,32,Login,SB3A5D2CB4272ADF3,Normal,Normal
12194,2025-10-21 15:14:34,32,Lihat Perkara,SB3A5D2CB4272ADF3,Normal,Normal
12195,2025-10-21 15:15:45,32,Cari Berkas,SB3A5D2CB4272ADF3,Normal,Normal
12196,2025-10-21 15:17:55,32,Logout,SB3A5D2CB4272ADF3,Normal,Normal
12197,2025-10-22 00:17:13,42,Login,S4910996605CFA3FA,login_luar_jam,Low
12203,2025-10-22 09:00:37,31,Login,S1B3684B41B13A85F,Normal,Normal
12204,2025-10-22 09:02:08,31,Lihat Perkara,S1B3684B41B13A85F,Normal,Normal
12205,2025-10-22 09:04:35,31,Cari Berkas,S1B3684B41B13A85F,peminjaman_massal,High
12206,2025-10-22 09:05:18,57,Login,S3467F70CCE8F984B,Normal,Normal
12207,2025-10-22 09:07:13,31,Logout,S1B3684B41B13A85F,Normal,Normal
12208,2025-10-22 09:07:19,57,Lihat Perkara,S3467F70CCE8F984B,Normal,Normal
12209,2025-10-22 09:09:55,57,Cari Berkas,S3467F70CCE8F984B,Normal,Normal
12210,2025-10-22 09:10:41,57,Logout,S3467F70CCE8F984B,Normal,Normal
12224,2025-10-22 12:27:50,68,Login,SF61C16616F71B9BA,Normal,Normal
12225,2025-10-22 12:29:05,68,Lihat Perkara,SF61C16616F71B9BA,Normal,Normal
12226,2025-10-22 12:31:21,68,Cari Berkas,SF61C16616F71B9BA,Normal,Normal
12227,2025-10-22 12:32:25,68,Logout,SF61C16616F71B9BA,Normal,Normal
12232,2025-10-22 13:17:37,42,Lihat Perkara,S4910996605CFA3FA,Normal,Normal
12233,2025-10-22 13:18:23,84,Login,SE850A9B40735D08B,verifikasi_massal,High
12234,2025-10-22 13:19:04,42,Cari Berkas,S4910996605CFA3FA,ip_berubah,Low
12235,2025-10-22 13:19:49,84,Dashboard,SE850A9B40735D08B,device_berubah,Low
12236,2025-10-22 13:20:14,42,Logout,S4910996605CFA3FA,aktivitas_terlalu_cepat,Medium
12237,2025-10-22 13:20:16,84,Kelola User,SE850A9B40735D08B,Normal,Normal
12238,2025-10-22 13:22:31,84,Kelola Kode Klasifikasi,SE850A9B40735D08B,Normal,Normal
12239,2025-10-22 13:24:15,84,Logout,SE850A9B40735D08B,Normal,Normal
12241,2025-10-23 03:08:10,79,Login,SA1A61F321E4DACD6,login_luar_jam,Low
12243,2025-10-23 04:57:25,58,Login,S3E6EF9F8BAAC807C,login_luar_jam,Low
12253,2025-10-23 09:23:52,41,Login,S9784905EF3904B98,Normal,Normal
12254,2025-10-23 09:26:20,41,Lihat Perkara,S9784905EF3904B98,Normal,Normal
12255,2025-10-23 09:28:30,41,Cari Berkas,S9784905EF3904B98,Normal,Normal
12256,2025-10-23 09:31:04,41,Logout,S9784905EF3904B98,Normal,Normal
12257,2025-10-23 10:01:27,80,Login,S256A463EB30D8A03,Normal,Normal
12258,2025-10-23 10:04:17,80,Lihat Perkara,S256A463EB30D8A03,device_berubah,Low
12259,2025-10-23 10:05:31,80,Cari Berkas,S256A463EB30D8A03,Normal,Normal
12260,2025-10-23 10:08:24,80,Logout,S256A463EB30D8A03,Normal,Normal
12261,2025-10-23 11:06:23,76,Login,SDD326D9CC9EA356A,Normal,Normal
12262,2025-10-23 11:07:14,76,Lihat Perkara,SDD326D9CC9EA356A,Normal,Normal
12263,2025-10-23 11:09:19,76,Cari Berkas,SDD326D9CC9EA356A,Normal,Normal
12264,2025-10-23 11:09:47,76,Logout,SDD326D9CC9EA356A,Normal,Normal
12265,2025-10-23 11:16:12,84,Login,S815C3D94228C8219,Normal,Normal
12266,2025-10-23 11:16:23,84,Dashboard,S815C3D94228C8219,Normal,Normal
12267,2025-10-23 11:19:17,84,Kelola User,S815C3D94228C8219,Normal,Normal
12268,2025-10-23 11:20:14,84,Kelola Kode Klasifikasi,S815C3D94228C8219,Normal,Normal
12269,2025-10-23 11:22:45,84,Logout,S815C3D94228C8219,Normal,Normal
12270,2025-10-23 11:26:59,22,Login,S62212DB5E165D3D1,Normal,Normal
12271,2025-10-23 11:29:39,22,Lihat Perkara,S62212DB5E165D3D1,Normal,Normal
12272,2025-10-23 11:30:34,22,Cari Berkas,S62212DB5E165D3D1,Normal,Normal
12273,2025-10-23 11:32:58,22,Logout,S62212DB5E165D3D1,Normal,Normal
12274,2025-10-23 11:57:12,19,Login,SD7D448B04FF37EB3,Normal,Normal
12275,2025-10-23 11:58:58,19,Lihat Perkara,SD7D448B04FF37EB3,Normal,Normal
12276,2025-10-23 11:59:22,58,Lihat Perkara,S3E6EF9F8BAAC807C,Normal,Normal
12277,2025-10-23 11:59:38,19,Cari Berkas,SD7D448B04FF37EB3,Normal,Normal
12278,2025-10-23 12:01:36,58,Cari Berkas,S3E6EF9F8BAAC807C,Normal,Normal
12279,2025-10-23 12:01:52,19,Logout,SD7D448B04FF37EB3,Normal,Normal
12280,2025-10-23 12:03:25,58,Logout,S3E6EF9F8BAAC807C,Normal,Normal
12281,2025-10-23 14:11:00,79,Lihat Perkara,SA1A61F321E4DACD6,Normal,Normal
12282,2025-10-23 14:12:16,79,Cari Berkas,SA1A61F321E4DACD6,Normal,Normal
12283,2025-10-23 14:14:47,79,Logout,SA1A61F321E4DACD6,Normal,Normal
12284,2025-10-23 14:43:00,36,Login,S70451472A58D0BA2,Normal,Normal
12285,2025-10-23 14:43:51,36,Lihat Perkara,S70451472A58D0BA2,Normal,Normal
12286,2025-10-23 14:45:11,36,Cari Berkas,S70451472A58D0BA2,Normal,Normal
12287,2025-10-23 14:46:39,36,Logout,S70451472A58D0BA2,Normal,Normal
12291,2025-10-24 07:12:59,66,Login,S67DFC9AFF220EEB5,Normal,Normal
12292,2025-10-24 07:15:09,66,Lihat Perkara,S67DFC9AFF220EEB5,Normal,Normal
12293,2025-10-24 07:18:06,66,Cari Berkas,S67DFC9AFF220EEB5,Normal,Normal
12294,2025-10-24 07:20:27,66,Logout,S67DFC9AFF220EEB5,Normal,Normal
12295,2025-10-24 08:20:23,45,Login,SA4D9B041835A0FDA,Normal,Normal
12296,2025-10-24 08:22:14,45,Lihat Perkara,SA4D9B041835A0FDA,Normal,Normal
12297,2025-10-24 08:24:06,45,Cari Berkas,SA4D9B041835A0FDA,Normal,Normal
12298,2025-10-24 08:26:23,45,Logout,SA4D9B041835A0FDA,Normal,Normal
12299,2025-10-24 10:14:10,52,Login,SC228EAD2C0F54D3A,Normal,Normal
12300,2025-10-24 10:15:00,52,Lihat Perkara,SC228EAD2C0F54D3A,Normal,Normal
12301,2025-10-24 10:15:11,52,Cari Berkas,SC228EAD2C0F54D3A,Normal,Normal
12302,2025-10-24 10:16:07,52,Logout,SC228EAD2C0F54D3A,Normal,Normal
12303,2025-10-24 11:21:19,57,Login,S51E844C9B00ECC67,Normal,Normal
12304,2025-10-24 11:23:32,57,Lihat Perkara,S51E844C9B00ECC67,Normal,Normal
12305,2025-10-24 11:25:33,57,Cari Berkas,S51E844C9B00ECC67,Normal,Normal
12306,2025-10-24 11:27:27,57,Logout,S51E844C9B00ECC67,Normal,Normal
12307,2025-10-24 11:49:14,22,Login,SA4FB804D07CA19F0,Normal,Normal
12308,2025-10-24 11:50:39,22,Lihat Perkara,SA4FB804D07CA19F0,Normal,Normal
12309,2025-10-24 11:51:45,22,Cari Berkas,SA4FB804D07CA19F0,Normal,Normal
12310,2025-10-24 11:51:58,22,Logout,SA4FB804D07CA19F0,Normal,Normal
12315,2025-10-24 13:21:52,67,Login,S568A7B62BA033475,Normal,Normal
12316,2025-10-24 13:23:34,67,Lihat Perkara,S568A7B62BA033475,device_berubah,Low
12317,2025-10-24 13:26:05,67,Cari Berkas,S568A7B62BA033475,Normal,Normal
12318,2025-10-24 13:28:55,67,Logout,S568A7B62BA033475,Normal,Normal
12323,2025-10-24 16:14:36,54,Login,S4F36A95AB827BA99,Normal,Normal
12324,2025-10-24 16:15:15,54,Lihat Perkara,S4F36A95AB827BA99,Normal,Normal
12325,2025-10-24 16:15:32,54,Lihat Berkas,S4F36A95AB827BA99,Normal,Normal
12326,2025-10-24 16:18:31,54,Input Berkas,S4F36A95AB827BA99,Normal,Normal
12327,2025-10-24 16:20:24,54,Verifikasi,S4F36A95AB827BA99,Normal,Normal
12328,2025-10-24 16:21:23,54,Logout,S4F36A95AB827BA99,Normal,Normal
12329,2025-10-24 16:22:56,48,Login,S574414563FDE4AA3,Normal,Normal
12330,2025-10-24 16:23:59,48,Lihat Perkara,S574414563FDE4AA3,Normal,Normal
12331,2025-10-24 16:26:45,48,Lihat Berkas,S574414563FDE4AA3,Normal,Normal
12332,2025-10-24 16:29:07,48,Input Berkas,S574414563FDE4AA3,Normal,Normal
12333,2025-10-24 16:30:41,48,Verifikasi,S574414563FDE4AA3,durasi_tidak_wajar,Medium
12334,2025-10-24 16:33:31,48,Logout,S574414563FDE4AA3,Normal,Normal
12335,2025-10-25 00:44:28,28,Login,S3304F93E39886EA8,login_luar_jam,Low
12336,2025-10-25 03:58:09,50,Login,SB6A787B1C3CB0C28,login_luar_jam,Low
12337,2025-10-25 08:26:48,22,Login,S07A8180D070A0BCC,Normal,Normal
12338,2025-10-25 08:28:12,22,Lihat Perkara,S07A8180D070A0BCC,Normal,Normal
12339,2025-10-25 08:29:19,22,Cari Berkas,S07A8180D070A0BCC,Normal,Normal
12340,2025-10-25 08:30:49,22,Logout,S07A8180D070A0BCC,Normal,Normal
12341,2025-10-25 08:40:06,1,Login,SFD0F257B4D308F31,Normal,Normal
12342,2025-10-25 08:40:23,1,Dashboard,SFD0F257B4D308F31,Normal,Normal
12343,2025-10-25 08:42:41,1,Kelola User,SFD0F257B4D308F31,device_berubah,Low
12344,2025-10-25 08:44:37,1,Kelola Kode Klasifikasi,SFD0F257B4D308F31,Normal,Normal
12345,2025-10-25 08:45:00,1,Logout,SFD0F257B4D308F31,Normal,Normal
12346,2025-10-25 09:11:02,38,Login,SA40CD0EED07F8C45,verifikasi_massal,High
12347,2025-10-25 09:12:15,38,Lihat Perkara,SA40CD0EED07F8C45,Normal,Normal
12348,2025-10-25 09:12:58,38,Cari Berkas,SA40CD0EED07F8C45,Normal,Normal
12349,2025-10-25 09:13:18,38,Logout,SA40CD0EED07F8C45,Normal,Normal
12350,2025-10-25 09:15:16,1,Login,S1895F5DACC04CD6B,Normal,Normal
12351,2025-10-25 09:15:34,1,Dashboard,S1895F5DACC04CD6B,ip_berubah,Low
12352,2025-10-25 09:18:18,1,Kelola User,S1895F5DACC04CD6B,Normal,Normal
12353,2025-10-25 09:18:30,1,Kelola Kode Klasifikasi,S1895F5DACC04CD6B,Normal,Normal
12354,2025-10-25 09:19:57,1,Logout,S1895F5DACC04CD6B,Normal,Normal
12355,2025-10-25 09:34:14,37,Login,S35A31F3A01F93506,device_berubah,Low
12356,2025-10-25 09:35:06,37,Lihat Perkara,S35A31F3A01F93506,device_berubah,Low
12357,2025-10-25 09:36:52,37,Cari Berkas,S35A31F3A01F93506,Normal,Normal
12358,2025-10-25 09:39:23,37,Logout,S35A31F3A01F93506,Normal,Normal
12363,2025-10-25 12:01:03,50,Lihat Perkara,SB6A787B1C3CB0C28,Normal,Normal
12364,2025-10-25 12:02:55,50,Cari Berkas,SB6A787B1C3CB0C28,Normal,Normal
12365,2025-10-25 12:04:36,50,Logout,SB6A787B1C3CB0C28,Normal,Normal
12366,2025-10-25 12:24:11,22,Login,S713E93C7E5797414,Normal,Normal
12367,2025-10-25 12:25:09,22,Lihat Perkara,S713E93C7E5797414,Normal,Normal
12368,2025-10-25 12:25:56,22,Cari Berkas,S713E93C7E5797414,Normal,Normal
12369,2025-10-25 12:26:33,22,Logout,S713E93C7E5797414,Normal,Normal
12370,2025-10-25 12:28:55,25,Login,S2427B821362336A2,Normal,Normal
12371,2025-10-25 12:29:10,25,Lihat Perkara,S2427B821362336A2,Normal,Normal
12372,2025-10-25 12:31:02,25,Cari Berkas,S2427B821362336A2,Normal,Normal
12373,2025-10-25 12:32:12,25,Logout,S2427B821362336A2,Normal,Normal
12374,2025-10-25 14:30:58,67,Login,S248812284CA07A68,Normal,Normal
12375,2025-10-25 14:31:51,67,Lihat Perkara,S248812284CA07A68,Normal,Normal
12376,2025-10-25 14:34:13,67,Cari Berkas,S248812284CA07A68,Normal,Normal
12377,2025-10-25 14:34:23,67,Logout,S248812284CA07A68,Normal,Normal
12378,2025-10-25 14:46:27,28,Lihat Perkara,S3304F93E39886EA8,Normal,Normal
12379,2025-10-25 14:46:38,28,Cari Berkas,S3304F93E39886EA8,Normal,Normal
12380,2025-10-25 14:48:15,28,Logout,S3304F93E39886EA8,Normal,Normal
12389,2025-10-25 16:51:18,41,Login,S2379C05FA7087280,Normal,Normal
12390,2025-10-25 16:52:01,26,Login,SCC1186109BD424EC,Normal,Normal
12391,2025-10-25 16:52:19,41,Lihat Perkara,S2379C05FA7087280,Normal,Normal
12392,2025-10-25 16:52:54,26,Lihat Perkara,SCC1186109BD424EC,Normal,Normal
12393,2025-10-25 16:53:04,41,Cari Berkas,S2379C05FA7087280,Normal,Normal
12394,2025-10-25 16:54:19,26,Cari Berkas,SCC1186109BD424EC,Normal,Normal
12395,2025-10-25 16:54:33,41,Logout,S2379C05FA7087280,Normal,Normal
12396,2025-10-25 16:56:27,26,Logout,SCC1186109BD424EC,Normal,Normal
12397,2025-10-26 00:32:00,23,Login,S7759AD2124F3CF37,login_luar_jam,Low
12398,2025-10-26 07:35:36,42,Login,SD4AA826D60FBA34C,Normal,Normal
12399,2025-10-26 07:38:34,42,Lihat Perkara,SD4AA826D60FBA34C,Normal,Normal
12400,2025-10-26 07:39:22,42,Cari Berkas,SD4AA826D60FBA34C,Normal,Normal
12401,2025-10-26 07:41:09,42,Logout,SD4AA826D60FBA34C,Normal,Normal
12402,2025-10-26 10:27:26,64,Login,S090AAA93BC9A7998,Normal,Normal
12403,2025-10-26 10:29:03,64,Lihat Perkara,S090AAA93BC9A7998,Normal,Normal
12404,2025-10-26 10:30:09,64,Cari Berkas,S090AAA93BC9A7998,Normal,Normal
12405,2025-10-26 10:32:35,64,Logout,S090AAA93BC9A7998,Normal,Normal
12406,2025-10-26 12:19:50,48,Login,S8EC1E5943F020E31,Normal,Normal
12407,2025-10-26 12:22:05,48,Lihat Perkara,S8EC1E5943F020E31,Normal,Normal
12408,2025-10-26 12:23:41,48,Lihat Berkas,S8EC1E5943F020E31,Normal,Normal
12409,2025-10-26 12:24:25,48,Input Berkas,S8EC1E5943F020E31,Normal,Normal
12410,2025-10-26 12:26:45,48,Verifikasi,S8EC1E5943F020E31,Normal,Normal
12411,2025-10-26 12:29:20,68,Login,S8F470DA96A221C69,Normal,Normal
12412,2025-10-26 12:29:25,48,Logout,S8EC1E5943F020E31,Normal,Normal
12413,2025-10-26 12:29:41,68,Lihat Perkara,S8F470DA96A221C69,Normal,Normal
12414,2025-10-26 12:32:15,68,Cari Berkas,S8F470DA96A221C69,verifikasi_massal,High
12415,2025-10-26 12:33:26,68,Logout,S8F470DA96A221C69,Normal,Normal
12416,2025-10-26 12:36:03,29,Login,S6AA26216FADA98F5,aktivitas_terlalu_cepat,Medium
12417,2025-10-26 12:38:54,29,Lihat Perkara,S6AA26216FADA98F5,Normal,Normal
12418,2025-10-26 12:39:10,29,Cari Berkas,S6AA26216FADA98F5,Normal,Normal
12419,2025-10-26 12:41:52,29,Logout,S6AA26216FADA98F5,Normal,Normal
12424,2025-10-26 15:25:27,24,Login,SBEC4EE0870EC69C4,Normal,Normal
12425,2025-10-26 15:27:54,24,Lihat Perkara,SBEC4EE0870EC69C4,Normal,Normal
12426,2025-10-26 15:30:39,24,Cari Berkas,SBEC4EE0870EC69C4,Normal,Normal
12427,2025-10-26 15:33:38,24,Logout,SBEC4EE0870EC69C4,Normal,Normal
12428,2025-10-26 16:02:22,31,Login,SB1CEB8E6C77AE3B1,Normal,Normal
12429,2025-10-26 16:02:36,31,Lihat Perkara,SB1CEB8E6C77AE3B1,Normal,Normal
12430,2025-10-26 16:03:10,31,Cari Berkas,SB1CEB8E6C77AE3B1,Normal,Normal
12431,2025-10-26 16:04:18,31,Logout,SB1CEB8E6C77AE3B1,Normal,Normal
12432,2025-10-26 16:32:58,23,Lihat Perkara,S7759AD2124F3CF37,Normal,Normal
12433,2025-10-26 16:33:39,23,Cari Berkas,S7759AD2124F3CF37,Normal,Normal
12434,2025-10-26 16:34:33,23,Logout,S7759AD2124F3CF37,Normal,Normal
12435,2025-10-27 05:01:15,36,Login,SF31D40E209673567,login_luar_jam,Low
12436,2025-10-27 07:51:19,66,Login,SE4EB577ACB0BDBBA,device_berubah,Low
12437,2025-10-27 07:53:27,66,Lihat Perkara,SE4EB577ACB0BDBBA,Normal,Normal
12438,2025-10-27 07:54:50,66,Cari Berkas,SE4EB577ACB0BDBBA,Normal,Normal
12439,2025-10-27 07:55:53,66,Logout,SE4EB577ACB0BDBBA,Normal,Normal
12440,2025-10-27 10:16:43,54,Login,SB1D9F12D9E0015F6,ip_berubah,Low
12441,2025-10-27 10:18:31,54,Lihat Perkara,SB1D9F12D9E0015F6,Normal,Normal
12442,2025-10-27 10:21:21,54,Lihat Berkas,SB1D9F12D9E0015F6,Normal,Normal
12443,2025-10-27 10:23:14,54,Input Berkas,SB1D9F12D9E0015F6,Normal,Normal
12444,2025-10-27 10:24:53,54,Verifikasi,SB1D9F12D9E0015F6,Normal,Normal
12445,2025-10-27 10:25:57,54,Logout,SB1D9F12D9E0015F6,Normal,Normal
12446,2025-10-27 10:55:23,8,Login,S70DB85F99D27D39D,Normal,Normal
12447,2025-10-27 10:56:38,8,Lihat Perkara,S70DB85F99D27D39D,Normal,Normal
12448,2025-10-27 10:57:56,8,Cari Berkas,S70DB85F99D27D39D,Normal,Normal
12449,2025-10-27 10:58:41,8,Logout,S70DB85F99D27D39D,Normal,Normal
12450,2025-10-27 11:37:02,34,Login,SA6CDAE3C6D130705,Normal,Normal
12451,2025-10-27 11:38:18,34,Lihat Perkara,SA6CDAE3C6D130705,Normal,Normal
12452,2025-10-27 11:40:45,34,Cari Berkas,SA6CDAE3C6D130705,Normal,Normal
12453,2025-10-27 11:42:43,34,Logout,SA6CDAE3C6D130705,Normal,Normal
12454,2025-10-27 13:35:02,46,Login,S4EC320F7D09F6EC0,Normal,Normal
12455,2025-10-27 13:36:59,46,Lihat Perkara,S4EC320F7D09F6EC0,Normal,Normal
12456,2025-10-27 13:37:28,46,Cari Berkas,S4EC320F7D09F6EC0,Normal,Normal
12457,2025-10-27 13:37:58,46,Logout,S4EC320F7D09F6EC0,Normal,Normal
12458,2025-10-27 13:45:28,81,Login,S9931BA4CC29EC3A9,Normal,Normal
12459,2025-10-27 13:46:04,81,Lihat Perkara,S9931BA4CC29EC3A9,Normal,Normal
12460,2025-10-27 13:48:58,81,Cari Berkas,S9931BA4CC29EC3A9,Normal,Normal
12461,2025-10-27 13:50:13,81,Logout,S9931BA4CC29EC3A9,Normal,Normal
12462,2025-10-27 14:02:04,36,Lihat Perkara,SF31D40E209673567,Normal,Normal
12463,2025-10-27 14:04:31,36,Cari Berkas,SF31D40E209673567,Normal,Normal
12464,2025-10-27 14:07:06,36,Logout,SF31D40E209673567,Normal,Normal
12465,2025-10-27 15:22:05,68,Login,SD89938BB1206994D,Normal,Normal
12466,2025-10-27 15:23:04,68,Lihat Perkara,SD89938BB1206994D,Normal,Normal
12467,2025-10-27 15:25:37,68,Cari Berkas,SD89938BB1206994D,Normal,Normal
12468,2025-10-27 15:26:53,68,Logout,SD89938BB1206994D,Normal,Normal
12469,2025-10-27 16:00:23,66,Login,S417D3AF783DFA6C4,device_berubah,Low
12470,2025-10-27 16:02:48,66,Lihat Perkara,S417D3AF783DFA6C4,Normal,Normal
12471,2025-10-27 16:04:21,66,Cari Berkas,S417D3AF783DFA6C4,Normal,Normal
12472,2025-10-27 16:04:46,66,Logout,S417D3AF783DFA6C4,Normal,Normal
12473,2025-10-27 16:24:53,36,Login,SDA889B20381958F2,Normal,Normal
12474,2025-10-27 16:27:36,36,Lihat Perkara,SDA889B20381958F2,Normal,Normal
12475,2025-10-27 16:30:01,36,Cari Berkas,SDA889B20381958F2,Normal,Normal
12476,2025-10-27 16:31:01,36,Logout,SDA889B20381958F2,Normal,Normal
12477,2025-10-28 08:50:52,8,Login,S8DD7E05244E7A702,Normal,Normal
12478,2025-10-28 08:52:05,8,Lihat Perkara,S8DD7E05244E7A702,Normal,Normal
12479,2025-10-28 08:54:37,8,Cari Berkas,S8DD7E05244E7A702,Normal,Normal
12480,2025-10-28 08:57:33,8,Logout,S8DD7E05244E7A702,peminjaman_massal,High
12481,2025-10-28 09:04:50,78,Login,SA3FA69C2C9E116B9,Normal,Normal
12482,2025-10-28 09:05:21,78,Lihat Perkara,SA3FA69C2C9E116B9,Normal,Normal
12483,2025-10-28 09:06:55,78,Cari Berkas,SA3FA69C2C9E116B9,Normal,Normal
12484,2025-10-28 09:07:14,78,Logout,SA3FA69C2C9E116B9,Normal,Normal
12485,2025-10-28 11:21:21,32,Login,S9D9D028E1BF645F6,Normal,Normal
12486,2025-10-28 11:22:33,32,Lihat Perkara,S9D9D028E1BF645F6,Normal,Normal
12487,2025-10-28 11:22:55,32,Cari Berkas,S9D9D028E1BF645F6,Normal,Normal
12488,2025-10-28 11:25:20,32,Logout,S9D9D028E1BF645F6,Normal,Normal
12489,2025-10-28 14:26:53,19,Login,S02FEA0E241A722D6,Normal,Normal
12490,2025-10-28 14:27:33,19,Lihat Perkara,S02FEA0E241A722D6,Normal,Normal
12491,2025-10-28 14:28:54,19,Cari Berkas,S02FEA0E241A722D6,Normal,Normal
12492,2025-10-28 14:31:48,19,Logout,S02FEA0E241A722D6,Normal,Normal
12493,2025-10-28 15:51:43,49,Login,SF310D0975AFBADD8,Normal,Normal
12494,2025-10-28 15:53:48,49,Lihat Perkara,SF310D0975AFBADD8,Normal,Normal
12495,2025-10-28 15:54:58,49,Cari Berkas,SF310D0975AFBADD8,ip_berubah,Low
12496,2025-10-28 15:56:52,49,Logout,SF310D0975AFBADD8,ip_berubah,Low
12497,2025-10-29 00:34:21,28,Login,S80DAA8CA62305D27,login_luar_jam,Low
12498,2025-10-29 01:18:06,18,Login,S9F35DEC1943591CC,login_luar_jam,Low
12504,2025-10-29 12:05:04,71,Login,S823803582D3DAB8A,Normal,Normal
12505,2025-10-29 12:05:38,71,Lihat Perkara,S823803582D3DAB8A,Normal,Normal
12507,2025-10-29 12:06:47,71,Cari Berkas,S823803582D3DAB8A,Normal,Normal
12509,2025-10-29 12:08:13,71,Logout,S823803582D3DAB8A,Normal,Normal
12511,2025-10-29 12:18:40,41,Login,S296EE5E4C39936BE,Normal,Normal
12512,2025-10-29 12:18:50,41,Lihat Perkara,S296EE5E4C39936BE,Normal,Normal
12513,2025-10-29 12:19:57,41,Cari Berkas,S296EE5E4C39936BE,Normal,Normal
12514,2025-10-29 12:22:17,41,Logout,S296EE5E4C39936BE,Normal,Normal
12515,2025-10-29 12:35:13,28,Lihat Perkara,S80DAA8CA62305D27,Normal,Normal
12516,2025-10-29 12:35:39,28,Cari Berkas,S80DAA8CA62305D27,Normal,Normal
12517,2025-10-29 12:36:00,28,Logout,S80DAA8CA62305D27,Normal,Normal
12518,2025-10-29 12:52:02,77,Login,SAF257195B6313A8B,Normal,Normal
12519,2025-10-29 12:54:15,77,Lihat Perkara,SAF257195B6313A8B,Normal,Normal
12520,2025-10-29 12:55:10,77,Cari Berkas,SAF257195B6313A8B,Normal,Normal
12521,2025-10-29 12:56:32,77,Logout,SAF257195B6313A8B,Normal,Normal
12522,2025-10-29 14:40:34,42,Login,S145E619077C93F9E,Normal,Normal
12523,2025-10-29 14:42:44,42,Lihat Perkara,S145E619077C93F9E,durasi_tidak_wajar,Medium
12524,2025-10-29 14:44:14,42,Cari Berkas,S145E619077C93F9E,Normal,Normal
12525,2025-10-29 14:45:48,42,Logout,S145E619077C93F9E,Normal,Normal
12526,2025-10-29 14:55:21,26,Login,S58F8FA8E7283C781,Normal,Normal
12527,2025-10-29 14:56:16,26,Lihat Perkara,S58F8FA8E7283C781,Normal,Normal
12528,2025-10-29 14:57:04,26,Cari Berkas,S58F8FA8E7283C781,Normal,Normal
12529,2025-10-29 14:58:33,26,Logout,S58F8FA8E7283C781,Normal,Normal
12538,2025-10-29 16:20:05,18,Lihat Perkara,S9F35DEC1943591CC,Normal,Normal
12539,2025-10-29 16:22:06,18,Cari Berkas,S9F35DEC1943591CC,Normal,Normal
12540,2025-10-29 16:24:41,18,Logout,S9F35DEC1943591CC,Normal,Normal
12542,2025-10-30 11:39:33,82,Login,SB38950CE9FBC879E,Normal,Normal
12543,2025-10-30 11:39:55,82,Lihat Perkara,SB38950CE9FBC879E,Normal,Normal
12544,2025-10-30 11:41:38,82,Cari Berkas,SB38950CE9FBC879E,Normal,Normal
12545,2025-10-30 11:42:44,82,Logout,SB38950CE9FBC879E,Normal,Normal
12546,2025-10-30 12:20:24,76,Login,SD477D223DCAB893C,Normal,Normal
12547,2025-10-30 12:21:28,76,Lihat Perkara,SD477D223DCAB893C,Normal,Normal
12548,2025-10-30 12:22:27,76,Cari Berkas,SD477D223DCAB893C,Normal,Normal
12549,2025-10-30 12:24:22,76,Logout,SD477D223DCAB893C,Normal,Normal
12550,2025-10-30 13:03:03,28,Login,SF68A6338FD3CC4E3,Normal,Normal
12551,2025-10-30 13:04:39,28,Lihat Perkara,SF68A6338FD3CC4E3,Normal,Normal
12552,2025-10-30 13:05:45,28,Cari Berkas,SF68A6338FD3CC4E3,Normal,Normal
12553,2025-10-30 13:06:01,28,Logout,SF68A6338FD3CC4E3,Normal,Normal
12565,2025-10-31 04:24:05,65,Login,SD606BE66A2A2D1A6,login_luar_jam,Low
12566,2025-10-31 04:24:57,37,Login,S2C8DA2E61B6E82F3,login_luar_jam,Low
12567,2025-10-31 04:33:13,76,Login,SB8A4C19FF105C2D8,login_luar_jam,Low
12568,2025-10-31 05:16:09,46,Login,SA7F85F029418BC47,login_luar_jam,Low
12569,2025-10-31 07:34:15,26,Login,S95CC456015C45F58,Normal,Normal
12570,2025-10-31 07:36:08,26,Lihat Perkara,S95CC456015C45F58,Normal,Normal
12571,2025-10-31 07:37:39,26,Cari Berkas,S95CC456015C45F58,Normal,Normal
12572,2025-10-31 07:39:29,26,Logout,S95CC456015C45F58,Normal,Normal
12573,2025-10-31 08:27:24,37,Lihat Perkara,S2C8DA2E61B6E82F3,Normal,Normal
12574,2025-10-31 08:28:14,37,Cari Berkas,S2C8DA2E61B6E82F3,Normal,Normal
12575,2025-10-31 08:29:13,37,Logout,S2C8DA2E61B6E82F3,Normal,Normal
12576,2025-10-31 08:32:46,45,Login,S4FE5C13BA5E8C198,Normal,Normal
12577,2025-10-31 08:33:12,45,Lihat Perkara,S4FE5C13BA5E8C198,Normal,Normal
12578,2025-10-31 08:34:40,45,Cari Berkas,S4FE5C13BA5E8C198,Normal,Normal
12579,2025-10-31 08:35:19,45,Logout,S4FE5C13BA5E8C198,Normal,Normal
12580,2025-10-31 10:11:36,38,Login,S93F1B9E1BFD554FF,Normal,Normal
12581,2025-10-31 10:11:55,38,Lihat Perkara,S93F1B9E1BFD554FF,Normal,Normal
12582,2025-10-31 10:14:47,38,Cari Berkas,S93F1B9E1BFD554FF,Normal,Normal
12583,2025-10-31 10:15:41,38,Logout,S93F1B9E1BFD554FF,Normal,Normal
12584,2025-10-31 11:40:15,80,Login,S95E0686BF0C480C1,Normal,Normal
12585,2025-10-31 11:41:56,80,Lihat Perkara,S95E0686BF0C480C1,Normal,Normal
12586,2025-10-31 11:43:15,80,Cari Berkas,S95E0686BF0C480C1,Normal,Normal
12587,2025-10-31 11:45:54,80,Logout,S95E0686BF0C480C1,Normal,Normal
12592,2025-10-31 12:26:48,65,Lihat Perkara,SD606BE66A2A2D1A6,Normal,Normal
12593,2025-10-31 12:28:43,65,Cari Berkas,SD606BE66A2A2D1A6,Normal,Normal
12594,2025-10-31 12:31:02,65,Logout,SD606BE66A2A2D1A6,Normal,Normal
12603,2025-10-31 15:33:34,76,Lihat Perkara,SB8A4C19FF105C2D8,Normal,Normal
12604,2025-10-31 15:36:32,76,Cari Berkas,SB8A4C19FF105C2D8,device_berubah,Low
12605,2025-10-31 15:38:21,76,Logout,SB8A4C19FF105C2D8,Normal,Normal
12606,2025-10-31 16:16:10,49,Login,S6CC01241EA336701,Normal,Normal
12607,2025-10-31 16:17:00,46,Lihat Perkara,SA7F85F029418BC47,Normal,Normal
12608,2025-10-31 16:17:22,49,Lihat Perkara,S6CC01241EA336701,Normal,Normal
12609,2025-10-31 16:18:22,46,Cari Berkas,SA7F85F029418BC47,Normal,Normal
12610,2025-10-31 16:18:26,49,Cari Berkas,S6CC01241EA336701,Normal,Normal
12611,2025-10-31 16:18:42,49,Logout,S6CC01241EA336701,Normal,Normal
12612,2025-10-31 16:19:12,46,Logout,SA7F85F029418BC47,Normal,Normal
12621,2025-11-01 08:00:56,55,Login,S59042DA3B3D5C359,verifikasi_massal,High
12624,2025-11-01 08:03:49,55,Lihat Perkara,S59042DA3B3D5C359,Normal,Normal
12625,2025-11-01 08:05:38,55,Lihat Berkas,S59042DA3B3D5C359,Normal,Normal
12626,2025-11-01 08:06:30,55,Input Berkas,S59042DA3B3D5C359,durasi_tidak_wajar,Medium
12627,2025-11-01 08:08:43,55,Verifikasi,S59042DA3B3D5C359,Normal,Normal
12628,2025-11-01 08:11:08,55,Logout,S59042DA3B3D5C359,Normal,Normal
12629,2025-11-01 08:34:59,6,Login,S8DBE81E1161AA203,Normal,Normal
12630,2025-11-01 08:35:38,6,Lihat Perkara,S8DBE81E1161AA203,Normal,Normal
12631,2025-11-01 08:36:40,6,Lihat Berkas,S8DBE81E1161AA203,Normal,Normal
12632,2025-11-01 08:38:07,6,Input Berkas,S8DBE81E1161AA203,Normal,Normal
12633,2025-11-01 08:39:16,6,Verifikasi,S8DBE81E1161AA203,durasi_tidak_wajar,Medium
12634,2025-11-01 08:40:33,6,Logout,S8DBE81E1161AA203,Normal,Normal
12639,2025-11-01 09:47:41,57,Login,SFA529FCE7207FA0D,Normal,Normal
12640,2025-11-01 09:48:49,57,Lihat Perkara,SFA529FCE7207FA0D,Normal,Normal
12641,2025-11-01 09:49:33,57,Cari Berkas,SFA529FCE7207FA0D,Normal,Normal
12642,2025-11-01 09:51:25,57,Logout,SFA529FCE7207FA0D,Normal,Normal
12643,2025-11-01 11:00:46,58,Login,S6EA48DC065FBE36D,Normal,Normal
12644,2025-11-01 11:03:34,58,Lihat Perkara,S6EA48DC065FBE36D,Normal,Normal
12645,2025-11-01 11:06:27,58,Cari Berkas,S6EA48DC065FBE36D,Normal,Normal
12646,2025-11-01 11:08:56,58,Logout,S6EA48DC065FBE36D,Normal,Normal
12647,2025-11-01 16:11:40,22,Login,SCFB3CF0F0696EA5D,Normal,Normal
12648,2025-11-01 16:12:19,22,Lihat Perkara,SCFB3CF0F0696EA5D,Normal,Normal
12649,2025-11-01 16:13:11,22,Cari Berkas,SCFB3CF0F0696EA5D,Normal,Normal
12650,2025-11-01 16:16:00,22,Logout,SCFB3CF0F0696EA5D,Normal,Normal
12651,2025-11-02 06:11:28,39,Login,SEC78342EF52D82CC,login_luar_jam,Low
12652,2025-11-02 07:44:42,79,Login,S9667EBCF3124EC48,Normal,Normal
12653,2025-11-02 07:45:18,79,Lihat Perkara,S9667EBCF3124EC48,Normal,Normal
12654,2025-11-02 07:47:02,79,Cari Berkas,S9667EBCF3124EC48,Normal,Normal
12655,2025-11-02 07:47:12,79,Logout,S9667EBCF3124EC48,Normal,Normal
12656,2025-11-02 08:01:33,36,Login,SD432C16AB3969A86,Normal,Normal
12657,2025-11-02 08:01:43,36,Lihat Perkara,SD432C16AB3969A86,Normal,Normal
12658,2025-11-02 08:02:56,36,Cari Berkas,SD432C16AB3969A86,Normal,Normal
12659,2025-11-02 08:04:46,36,Logout,SD432C16AB3969A86,Normal,Normal
12660,2025-11-02 09:12:53,39,Lihat Perkara,SEC78342EF52D82CC,aktivitas_terlalu_cepat,Medium
12661,2025-11-02 09:13:18,39,Cari Berkas,SEC78342EF52D82CC,Normal,Normal
12662,2025-11-02 09:14:17,39,Logout,SEC78342EF52D82CC,Normal,Normal
12663,2025-11-02 10:18:47,63,Login,S9712F0A3B93B8CA7,Normal,Normal
12664,2025-11-02 10:21:43,63,Lihat Perkara,S9712F0A3B93B8CA7,Normal,Normal
12665,2025-11-02 10:23:37,63,Cari Berkas,S9712F0A3B93B8CA7,peminjaman_massal,High
12666,2025-11-02 10:24:04,63,Logout,S9712F0A3B93B8CA7,Normal,Normal
12667,2025-11-02 11:33:21,54,Login,SF74691683A57AD45,Normal,Normal
12668,2025-11-02 11:34:40,54,Lihat Perkara,SF74691683A57AD45,Normal,Normal
12669,2025-11-02 11:35:22,54,Lihat Berkas,SF74691683A57AD45,Normal,Normal
12670,2025-11-02 11:37:52,54,Input Berkas,SF74691683A57AD45,Normal,Normal
12671,2025-11-02 11:38:06,54,Verifikasi,SF74691683A57AD45,Normal,Normal
12672,2025-11-02 11:39:38,54,Logout,SF74691683A57AD45,Normal,Normal
12675,2025-11-02 13:57:11,33,Login,SC9D819BF9743FAFE,Normal,Normal
12677,2025-11-02 13:58:39,33,Lihat Perkara,SC9D819BF9743FAFE,Normal,Normal
12678,2025-11-02 14:00:19,33,Cari Berkas,SC9D819BF9743FAFE,Normal,Normal
12680,2025-11-02 14:02:27,33,Logout,SC9D819BF9743FAFE,Normal,Normal
12681,2025-11-02 14:53:19,57,Login,S6934FA890D287EEC,Normal,Normal
12682,2025-11-02 14:56:18,57,Lihat Perkara,S6934FA890D287EEC,Normal,Normal
12683,2025-11-02 14:57:15,57,Cari Berkas,S6934FA890D287EEC,Normal,Normal
12684,2025-11-02 14:59:04,57,Logout,S6934FA890D287EEC,Normal,Normal
12685,2025-11-02 15:31:14,23,Login,S61B1CD2262801C45,Normal,Normal
12686,2025-11-02 15:33:39,23,Lihat Perkara,S61B1CD2262801C45,Normal,Normal
12687,2025-11-02 15:34:53,23,Cari Berkas,S61B1CD2262801C45,durasi_tidak_wajar,Medium
12688,2025-11-02 15:37:24,23,Logout,S61B1CD2262801C45,Normal,Normal
12693,2025-11-03 09:42:58,77,Login,SD2A5332A9362986E,Normal,Normal
12694,2025-11-03 09:44:43,77,Lihat Perkara,SD2A5332A9362986E,Normal,Normal
12695,2025-11-03 09:45:22,77,Cari Berkas,SD2A5332A9362986E,Normal,Normal
12696,2025-11-03 09:48:16,77,Logout,SD2A5332A9362986E,Normal,Normal
12697,2025-11-03 12:45:44,41,Login,SF297CA6E28F30754,Normal,Normal
12698,2025-11-03 12:47:40,41,Lihat Perkara,SF297CA6E28F30754,Normal,Normal
12699,2025-11-03 12:48:49,41,Cari Berkas,SF297CA6E28F30754,Normal,Normal
12700,2025-11-03 12:50:07,41,Logout,SF297CA6E28F30754,Normal,Normal
12701,2025-11-03 12:58:45,58,Login,S75B568D735EB728F,Normal,Normal
12702,2025-11-03 12:58:59,58,Lihat Perkara,S75B568D735EB728F,Normal,Normal
12703,2025-11-03 12:59:43,58,Cari Berkas,S75B568D735EB728F,Normal,Normal
12704,2025-11-03 13:02:38,58,Logout,S75B568D735EB728F,Normal,Normal
12709,2025-11-03 15:43:27,24,Login,SFD9E8E2072F60958,Normal,Normal
12710,2025-11-03 15:46:06,24,Lihat Perkara,SFD9E8E2072F60958,Normal,Normal
12711,2025-11-03 15:47:58,24,Cari Berkas,SFD9E8E2072F60958,Normal,Normal
12712,2025-11-03 15:50:24,24,Logout,SFD9E8E2072F60958,Normal,Normal
12713,2025-11-04 00:10:25,57,Login,S5D3B6E50E4887756,login_luar_jam,Low
12714,2025-11-04 02:44:09,66,Login,S6DCC9C609E35836F,login_luar_jam,Low
12715,2025-11-04 08:44:59,56,Login,S529D82F835A3B604,Normal,Normal
12716,2025-11-04 08:47:09,56,Lihat Perkara,S529D82F835A3B604,Normal,Normal
12717,2025-11-04 08:49:02,56,Cari Berkas,S529D82F835A3B604,ip_berubah,Low
12718,2025-11-04 08:50:36,56,Logout,S529D82F835A3B604,Normal,Normal
12723,2025-11-04 11:44:57,66,Lihat Perkara,S6DCC9C609E35836F,Normal,Normal
12724,2025-11-04 11:45:29,66,Cari Berkas,S6DCC9C609E35836F,Normal,Normal
12725,2025-11-04 11:47:13,66,Logout,S6DCC9C609E35836F,Normal,Normal
12726,2025-11-04 12:03:44,37,Login,SA9FD4824AAF7C2C1,Normal,Normal
12727,2025-11-04 12:04:01,37,Lihat Perkara,SA9FD4824AAF7C2C1,Normal,Normal
12728,2025-11-04 12:05:08,37,Cari Berkas,SA9FD4824AAF7C2C1,Normal,Normal
12729,2025-11-04 12:07:23,37,Logout,SA9FD4824AAF7C2C1,Normal,Normal
12730,2025-11-04 12:12:55,57,Lihat Perkara,S5D3B6E50E4887756,Normal,Normal
12731,2025-11-04 12:14:24,57,Cari Berkas,S5D3B6E50E4887756,ip_berubah,Low
12732,2025-11-04 12:16:59,57,Logout,S5D3B6E50E4887756,Normal,Normal
12741,2025-11-04 13:49:31,62,Login,S57D4F8C467742686,Normal,Normal
12742,2025-11-04 13:49:45,62,Lihat Perkara,S57D4F8C467742686,Normal,Normal
12743,2025-11-04 13:52:09,62,Cari Berkas,S57D4F8C467742686,Normal,Normal
12744,2025-11-04 13:55:03,62,Logout,S57D4F8C467742686,Normal,Normal
12745,2025-11-04 14:42:32,49,Login,S2A545726CA9D569A,Normal,Normal
12746,2025-11-04 14:45:05,49,Lihat Perkara,S2A545726CA9D569A,Normal,Normal
12747,2025-11-04 14:47:24,49,Cari Berkas,S2A545726CA9D569A,Normal,Normal
12748,2025-11-04 14:48:12,49,Logout,S2A545726CA9D569A,Normal,Normal
12749,2025-11-04 15:36:47,86,Login,S9EA87552C47566BF,Normal,Normal
12750,2025-11-04 15:39:45,86,Lihat Perkara,S9EA87552C47566BF,Normal,Normal
12751,2025-11-04 15:41:28,86,Cari Berkas,S9EA87552C47566BF,Normal,Normal
12752,2025-11-04 15:43:33,86,Logout,S9EA87552C47566BF,Normal,Normal
12755,2025-11-05 06:58:26,76,Login,S0E6ECD601B3E9350,login_luar_jam,Low
12767,2025-11-05 10:10:23,39,Login,S85AFB75BE4C46071,Normal,Normal
12768,2025-11-05 10:10:33,39,Lihat Perkara,S85AFB75BE4C46071,Normal,Normal
12769,2025-11-05 10:11:56,39,Cari Berkas,S85AFB75BE4C46071,Normal,Normal
12770,2025-11-05 10:13:39,39,Logout,S85AFB75BE4C46071,ip_berubah,Low
12771,2025-11-05 10:59:24,76,Lihat Perkara,S0E6ECD601B3E9350,Normal,Normal
12772,2025-11-05 11:01:52,76,Cari Berkas,S0E6ECD601B3E9350,Normal,Normal
12773,2025-11-05 11:03:37,76,Logout,S0E6ECD601B3E9350,Normal,Normal
12781,2025-11-05 12:27:47,25,Login,S7732C94BA6CBB287,Normal,Normal
12782,2025-11-05 12:30:19,25,Lihat Perkara,S7732C94BA6CBB287,Normal,Normal
12783,2025-11-05 12:30:35,25,Cari Berkas,S7732C94BA6CBB287,Normal,Normal
12784,2025-11-05 12:31:19,25,Logout,S7732C94BA6CBB287,Normal,Normal
12786,2025-11-05 13:36:00,81,Login,S16ACB78E1A617EFE,Normal,Normal
12787,2025-11-05 13:37:11,81,Lihat Perkara,S16ACB78E1A617EFE,Normal,Normal
12790,2025-11-05 13:40:11,81,Cari Berkas,S16ACB78E1A617EFE,Normal,Normal
12792,2025-11-05 13:42:27,81,Logout,S16ACB78E1A617EFE,Normal,Normal
12793,2025-11-05 14:55:05,1,Login,S540B06C0B0F6242E,Normal,Normal
12794,2025-11-05 14:56:01,1,Dashboard,S540B06C0B0F6242E,Normal,Normal
12795,2025-11-05 14:58:07,1,Kelola User,S540B06C0B0F6242E,durasi_tidak_wajar,Medium
12796,2025-11-05 14:59:42,1,Kelola Kode Klasifikasi,S540B06C0B0F6242E,Normal,Normal
12797,2025-11-05 15:02:41,1,Logout,S540B06C0B0F6242E,Normal,Normal
12798,2025-11-05 16:18:45,39,Login,S515893757D8F2350,Normal,Normal
12799,2025-11-05 16:19:09,39,Lihat Perkara,S515893757D8F2350,Normal,Normal
12800,2025-11-05 16:22:09,39,Cari Berkas,S515893757D8F2350,Normal,Normal
12801,2025-11-05 16:23:51,39,Logout,S515893757D8F2350,Normal,Normal
12802,2025-11-06 00:10:43,66,Login,S5B00D981C19D8534,login_luar_jam,Low
12804,2025-11-06 03:31:00,32,Login,S946B6E101D2F82D1,login_luar_jam,Low
12805,2025-11-06 07:12:18,66,Lihat Perkara,S5B00D981C19D8534,aktivitas_terlalu_cepat,Medium
12806,2025-11-06 07:12:35,66,Cari Berkas,S5B00D981C19D8534,Normal,Normal
12807,2025-11-06 07:13:49,66,Logout,S5B00D981C19D8534,Normal,Normal
12808,2025-11-06 07:47:24,31,Login,SDD6801739A5F9835,Normal,Normal
12809,2025-11-06 07:48:30,31,Lihat Perkara,SDD6801739A5F9835,Normal,Normal
12810,2025-11-06 07:50:35,31,Cari Berkas,SDD6801739A5F9835,Normal,Normal
12811,2025-11-06 07:51:13,31,Logout,SDD6801739A5F9835,Normal,Normal
12816,2025-11-06 10:00:27,27,Login,S4E8BAFC4CB208D25,durasi_tidak_wajar,Medium
12817,2025-11-06 10:02:03,27,Lihat Perkara,S4E8BAFC4CB208D25,Normal,Normal
12818,2025-11-06 10:03:05,27,Cari Berkas,S4E8BAFC4CB208D25,Normal,Normal
12819,2025-11-06 10:03:40,27,Logout,S4E8BAFC4CB208D25,device_berubah,Low
12820,2025-11-06 10:53:38,82,Login,SE21F01671404E492,Normal,Normal
12821,2025-11-06 10:54:30,82,Lihat Perkara,SE21F01671404E492,durasi_tidak_wajar,Medium
12822,2025-11-06 10:57:22,82,Cari Berkas,SE21F01671404E492,Normal,Normal
12823,2025-11-06 10:58:43,82,Logout,SE21F01671404E492,Normal,Normal
12824,2025-11-06 11:08:50,83,Login,S1AD4AC13504089FA,Normal,Normal
12825,2025-11-06 11:10:29,83,Lihat Perkara,S1AD4AC13504089FA,Normal,Normal
12826,2025-11-06 11:11:36,61,Login,S7BF18CF4A740A142,Normal,Normal
12827,2025-11-06 11:13:24,83,Cari Berkas,S1AD4AC13504089FA,Normal,Normal
12828,2025-11-06 11:13:40,61,Lihat Perkara,S7BF18CF4A740A142,Normal,Normal
12829,2025-11-06 11:15:37,61,Cari Berkas,S7BF18CF4A740A142,Normal,Normal
12830,2025-11-06 11:15:55,83,Logout,S1AD4AC13504089FA,Normal,Normal
12831,2025-11-06 11:16:45,61,Logout,S7BF18CF4A740A142,Normal,Normal
12835,2025-11-06 16:31:16,32,Lihat Perkara,S946B6E101D2F82D1,Normal,Normal
12836,2025-11-06 16:33:02,32,Cari Berkas,S946B6E101D2F82D1,Normal,Normal
12837,2025-11-06 16:35:24,32,Logout,S946B6E101D2F82D1,Normal,Normal
12838,2025-11-07 01:00:55,67,Login,S8A50EB5DEBFBDDBF,login_luar_jam,Low
12839,2025-11-07 06:15:44,79,Login,SFB9019DB595AAD49,login_luar_jam,Low
12844,2025-11-07 07:38:01,8,Login,SF7808AFCA538C6A7,Normal,Normal
12845,2025-11-07 07:41:00,8,Lihat Perkara,SF7808AFCA538C6A7,Normal,Normal
12846,2025-11-07 07:41:23,8,Cari Berkas,SF7808AFCA538C6A7,Normal,Normal
12847,2025-11-07 07:42:34,8,Logout,SF7808AFCA538C6A7,Normal,Normal
12848,2025-11-07 07:53:05,76,Login,SBA1530669088EE65,Normal,Normal
12849,2025-11-07 07:53:38,76,Lihat Perkara,SBA1530669088EE65,Normal,Normal
12850,2025-11-07 07:53:49,76,Cari Berkas,SBA1530669088EE65,Normal,Normal
12851,2025-11-07 07:54:32,76,Logout,SBA1530669088EE65,Normal,Normal
12856,2025-11-07 10:03:06,67,Lihat Perkara,S8A50EB5DEBFBDDBF,Normal,Normal
12857,2025-11-07 10:03:30,67,Cari Berkas,S8A50EB5DEBFBDDBF,Normal,Normal
12858,2025-11-07 10:04:49,67,Logout,S8A50EB5DEBFBDDBF,Normal,Normal
12859,2025-11-07 10:44:50,24,Login,S4E49C65416722A67,Normal,Normal
12860,2025-11-07 10:46:01,24,Lihat Perkara,S4E49C65416722A67,Normal,Normal
12861,2025-11-07 10:46:37,24,Cari Berkas,S4E49C65416722A67,Normal,Normal
12862,2025-11-07 10:46:51,24,Logout,S4E49C65416722A67,Normal,Normal
12863,2025-11-07 10:47:30,36,Login,SA7AB1C27287D8A15,Normal,Normal
12864,2025-11-07 10:47:45,36,Lihat Perkara,SA7AB1C27287D8A15,Normal,Normal
12865,2025-11-07 10:50:28,36,Cari Berkas,SA7AB1C27287D8A15,Normal,Normal
12866,2025-11-07 10:53:23,36,Logout,SA7AB1C27287D8A15,Normal,Normal
12869,2025-11-07 11:17:16,79,Lihat Perkara,SFB9019DB595AAD49,Normal,Normal
12871,2025-11-07 11:19:09,79,Cari Berkas,SFB9019DB595AAD49,Normal,Normal
12873,2025-11-07 11:20:54,79,Logout,SFB9019DB595AAD49,ip_berubah,Low
12874,2025-11-07 11:33:29,63,Login,S93231668F185EA7C,Normal,Normal
12875,2025-11-07 11:34:51,63,Lihat Perkara,S93231668F185EA7C,Normal,Normal
12876,2025-11-07 11:37:29,63,Cari Berkas,S93231668F185EA7C,Normal,Normal
12877,2025-11-07 11:38:48,63,Logout,S93231668F185EA7C,Normal,Normal
12878,2025-11-07 11:54:11,59,Login,S31FD592CFA2BC243,Normal,Normal
12879,2025-11-07 11:55:55,59,Lihat Perkara,S31FD592CFA2BC243,Normal,Normal
12880,2025-11-07 11:56:17,59,Cari Berkas,S31FD592CFA2BC243,Normal,Normal
12881,2025-11-07 11:58:15,59,Logout,S31FD592CFA2BC243,Normal,Normal
12886,2025-11-07 13:12:32,66,Login,SFACF99FFB14D94C0,Normal,Normal
12887,2025-11-07 13:12:52,66,Lihat Perkara,SFACF99FFB14D94C0,Normal,Normal
12888,2025-11-07 13:15:30,66,Cari Berkas,SFACF99FFB14D94C0,Normal,Normal
12889,2025-11-07 13:15:45,66,Logout,SFACF99FFB14D94C0,Normal,Normal
12890,2025-11-07 16:36:30,55,Login,S2DE9C9461208501A,Normal,Normal
12891,2025-11-07 16:37:16,69,Login,SB6C003963208E490,Normal,Normal
12892,2025-11-07 16:37:18,55,Lihat Perkara,S2DE9C9461208501A,device_berubah,Low
12893,2025-11-07 16:38:44,69,Lihat Perkara,SB6C003963208E490,Normal,Normal
12894,2025-11-07 16:40:02,55,Lihat Berkas,S2DE9C9461208501A,Normal,Normal
12895,2025-11-07 16:40:32,69,Cari Berkas,SB6C003963208E490,Normal,Normal
12896,2025-11-07 16:41:55,69,Logout,SB6C003963208E490,Normal,Normal
12897,2025-11-07 16:42:57,55,Input Berkas,S2DE9C9461208501A,durasi_tidak_wajar,Medium
12898,2025-11-07 16:44:11,55,Verifikasi,S2DE9C9461208501A,Normal,Normal
12899,2025-11-07 16:45:49,55,Logout,S2DE9C9461208501A,Normal,Normal
12900,2025-11-08 01:36:32,64,Login,SE2712FF865D8350A,login_luar_jam,Low
12901,2025-11-08 05:18:47,66,Login,S9E45455E24D38751,login_luar_jam,Low
12903,2025-11-08 08:36:48,64,Lihat Perkara,SE2712FF865D8350A,Normal,Normal
12904,2025-11-08 08:38:36,64,Cari Berkas,SE2712FF865D8350A,Normal,Normal
12905,2025-11-08 08:39:25,64,Logout,SE2712FF865D8350A,Normal,Normal
12910,2025-11-08 10:06:41,27,Login,SCB964524A5A414B2,aktivitas_terlalu_cepat,Medium
12911,2025-11-08 10:07:08,27,Lihat Perkara,SCB964524A5A414B2,Normal,Normal
12912,2025-11-08 10:08:48,27,Cari Berkas,SCB964524A5A414B2,Normal,Normal
12913,2025-11-08 10:11:12,27,Logout,SCB964524A5A414B2,Normal,Normal
12914,2025-11-08 10:55:39,56,Login,SAF20DF26F36F9BC7,Normal,Normal
12915,2025-11-08 10:57:18,56,Lihat Perkara,SAF20DF26F36F9BC7,Normal,Normal
12916,2025-11-08 10:59:39,56,Cari Berkas,SAF20DF26F36F9BC7,peminjaman_massal,High
12917,2025-11-08 11:02:18,56,Logout,SAF20DF26F36F9BC7,Normal,Normal
12918,2025-11-08 12:08:45,86,Login,S98017A2FA5B83693,Normal,Normal
12919,2025-11-08 12:10:11,86,Lihat Perkara,S98017A2FA5B83693,Normal,Normal
12920,2025-11-08 12:10:48,86,Cari Berkas,S98017A2FA5B83693,Normal,Normal
12921,2025-11-08 12:13:01,86,Logout,S98017A2FA5B83693,Normal,Normal
12922,2025-11-08 12:33:38,6,Login,S409CA8F23948FE22,Normal,Normal
12923,2025-11-08 12:36:32,6,Lihat Perkara,S409CA8F23948FE22,Normal,Normal
12924,2025-11-08 12:37:52,6,Lihat Berkas,S409CA8F23948FE22,Normal,Normal
12925,2025-11-08 12:39:50,6,Input Berkas,S409CA8F23948FE22,Normal,Normal
12926,2025-11-08 12:41:36,6,Verifikasi,S409CA8F23948FE22,peminjaman_massal,High
12927,2025-11-08 12:43:15,6,Logout,S409CA8F23948FE22,Normal,Normal
12931,2025-11-08 14:19:06,66,Lihat Perkara,S9E45455E24D38751,Normal,Normal
12932,2025-11-08 14:20:57,66,Cari Berkas,S9E45455E24D38751,Normal,Normal
12933,2025-11-08 14:22:31,66,Logout,S9E45455E24D38751,Normal,Normal
12935,2025-11-09 03:16:58,70,Login,S3756999B251ADF0E,login_luar_jam,Low
12940,2025-11-09 09:33:04,52,Login,S9DB18B1625961834,Normal,Normal
12941,2025-11-09 09:33:33,52,Lihat Perkara,S9DB18B1625961834,Normal,Normal
12942,2025-11-09 09:34:05,52,Cari Berkas,S9DB18B1625961834,Normal,Normal
12943,2025-11-09 09:36:52,52,Logout,S9DB18B1625961834,Normal,Normal
12947,2025-11-09 10:02:08,25,Login,S514568728876C689,verifikasi_massal,High
12948,2025-11-09 10:02:24,25,Lihat Perkara,S514568728876C689,Normal,Normal
12949,2025-11-09 10:04:20,25,Cari Berkas,S514568728876C689,Normal,Normal
12950,2025-11-09 10:05:25,25,Logout,S514568728876C689,Normal,Normal
12951,2025-11-09 10:12:03,19,Login,SFC3AC0878FF9AA6C,peminjaman_massal,High
12952,2025-11-09 10:12:40,19,Lihat Perkara,SFC3AC0878FF9AA6C,Normal,Normal
12953,2025-11-09 10:13:47,35,Login,S48CD29C5AC0E1F71,Normal,Normal
12954,2025-11-09 10:14:47,19,Cari Berkas,SFC3AC0878FF9AA6C,Normal,Normal
12955,2025-11-09 10:15:53,35,Lihat Perkara,S48CD29C5AC0E1F71,Normal,Normal
12956,2025-11-09 10:17:00,19,Logout,SFC3AC0878FF9AA6C,Normal,Normal
12957,2025-11-09 10:18:31,35,Cari Berkas,S48CD29C5AC0E1F71,Normal,Normal
12958,2025-11-09 10:20:13,35,Logout,S48CD29C5AC0E1F71,Normal,Normal
12967,2025-11-09 15:17:53,70,Lihat Perkara,S3756999B251ADF0E,Normal,Normal
12968,2025-11-09 15:19:42,70,Cari Berkas,S3756999B251ADF0E,Normal,Normal
12969,2025-11-09 15:21:27,70,Logout,S3756999B251ADF0E,device_berubah,Low
12970,2025-11-10 05:56:56,81,Login,SCCCA1E14C3B8C80F,login_luar_jam,Low
12971,2025-11-10 07:09:54,56,Login,S4D81FAEDAAF0DF7E,Normal,Normal
12972,2025-11-10 07:11:22,56,Lihat Perkara,S4D81FAEDAAF0DF7E,Normal,Normal
12973,2025-11-10 07:13:26,56,Cari Berkas,S4D81FAEDAAF0DF7E,Normal,Normal
12974,2025-11-10 07:16:04,56,Logout,S4D81FAEDAAF0DF7E,Normal,Normal
12975,2025-11-10 07:36:03,43,Login,S029682853DD46450,Normal,Normal
12976,2025-11-10 07:38:11,43,Lihat Perkara,S029682853DD46450,Normal,Normal
12977,2025-11-10 07:39:27,43,Cari Berkas,S029682853DD46450,Normal,Normal
12978,2025-11-10 07:39:47,43,Logout,S029682853DD46450,Normal,Normal
12979,2025-11-10 07:59:41,73,Login,S9D871F74540541D0,Normal,Normal
12980,2025-11-10 08:00:25,73,Lihat Perkara,S9D871F74540541D0,Normal,Normal
12981,2025-11-10 08:02:03,73,Cari Berkas,S9D871F74540541D0,Normal,Normal
12982,2025-11-10 08:03:17,73,Logout,S9D871F74540541D0,Normal,Normal
12987,2025-11-10 11:12:13,49,Login,S9129BC759B08E5A8,Normal,Normal
12988,2025-11-10 11:14:55,49,Lihat Perkara,S9129BC759B08E5A8,Normal,Normal
12989,2025-11-10 11:16:04,49,Cari Berkas,S9129BC759B08E5A8,Normal,Normal
12990,2025-11-10 11:17:13,49,Logout,S9129BC759B08E5A8,Normal,Normal
12991,2025-11-10 11:33:06,45,Login,S7D957E47AED14CEC,Normal,Normal
12992,2025-11-10 11:34:44,45,Lihat Perkara,S7D957E47AED14CEC,Normal,Normal
12993,2025-11-10 11:37:36,45,Cari Berkas,S7D957E47AED14CEC,durasi_tidak_wajar,Medium
12994,2025-11-10 11:39:42,45,Logout,S7D957E47AED14CEC,Normal,Normal
12995,2025-11-10 11:58:18,81,Lihat Perkara,SCCCA1E14C3B8C80F,Normal,Normal
12996,2025-11-10 12:01:14,81,Cari Berkas,SCCCA1E14C3B8C80F,Normal,Normal
12997,2025-11-10 12:03:40,81,Logout,SCCCA1E14C3B8C80F,Normal,Normal
12998,2025-11-10 12:21:18,40,Login,S5A5F838F23EE4016,Normal,Normal
12999,2025-11-10 12:22:15,40,Lihat Perkara,S5A5F838F23EE4016,Normal,Normal
13000,2025-11-10 12:25:08,40,Cari Berkas,S5A5F838F23EE4016,Normal,Normal
13001,2025-11-10 12:26:21,40,Logout,S5A5F838F23EE4016,Normal,Normal
13002,2025-11-10 13:00:09,52,Login,SCACE510F6C8375B5,Normal,Normal
13003,2025-11-10 13:00:27,52,Lihat Perkara,SCACE510F6C8375B5,Normal,Normal
13004,2025-11-10 13:03:06,52,Cari Berkas,SCACE510F6C8375B5,Normal,Normal
13005,2025-11-10 13:04:18,52,Logout,SCACE510F6C8375B5,Normal,Normal
13006,2025-11-10 13:45:04,58,Login,S57DFDE3B917F1F1C,Normal,Normal
13007,2025-11-10 13:46:48,58,Lihat Perkara,S57DFDE3B917F1F1C,Normal,Normal
13008,2025-11-10 13:47:04,58,Cari Berkas,S57DFDE3B917F1F1C,Normal,Normal
13009,2025-11-10 13:48:41,58,Logout,S57DFDE3B917F1F1C,Normal,Normal
13010,2025-11-10 14:52:34,46,Login,SDCAD357E022456CB,Normal,Normal
13011,2025-11-10 14:54:51,46,Lihat Perkara,SDCAD357E022456CB,Normal,Normal
13012,2025-11-10 14:55:52,46,Cari Berkas,SDCAD357E022456CB,Normal,Normal
13013,2025-11-10 14:58:36,46,Logout,SDCAD357E022456CB,durasi_tidak_wajar,Medium
13019,2025-11-11 03:47:04,44,Login,S49A917D6C43953ED,login_luar_jam,Low
13020,2025-11-11 04:15:35,44,Login,SBF6F6CC464A7BBDE,login_luar_jam,Low
13021,2025-11-11 07:03:03,68,Login,S18763672317ADE1D,Normal,Normal
13022,2025-11-11 07:04:37,68,Lihat Perkara,S18763672317ADE1D,aktivitas_terlalu_cepat,Medium
13023,2025-11-11 07:05:42,68,Cari Berkas,S18763672317ADE1D,Normal,Normal
13024,2025-11-11 07:07:58,68,Logout,S18763672317ADE1D,Normal,Normal
13029,2025-11-11 07:46:31,65,Login,SADC8A219F4DE6A69,Normal,Normal
13030,2025-11-11 07:49:29,65,Lihat Perkara,SADC8A219F4DE6A69,Normal,Normal
13031,2025-11-11 07:50:13,65,Cari Berkas,SADC8A219F4DE6A69,Normal,Normal
13032,2025-11-11 07:52:33,65,Logout,SADC8A219F4DE6A69,Normal,Normal
13037,2025-11-11 08:45:17,84,Login,SF4F7BFDC5D96D459,Normal,Normal
13038,2025-11-11 08:47:29,84,Dashboard,SF4F7BFDC5D96D459,Normal,Normal
13039,2025-11-11 08:49:45,84,Kelola User,SF4F7BFDC5D96D459,Normal,Normal
13040,2025-11-11 08:52:21,84,Kelola Kode Klasifikasi,SF4F7BFDC5D96D459,device_berubah,Low
13041,2025-11-11 08:53:21,84,Logout,SF4F7BFDC5D96D459,Normal,Normal
13046,2025-11-11 11:48:15,44,Lihat Perkara,S49A917D6C43953ED,Normal,Normal
13047,2025-11-11 11:51:14,44,Cari Berkas,S49A917D6C43953ED,Normal,Normal
13048,2025-11-11 11:51:42,44,Logout,S49A917D6C43953ED,verifikasi_massal,High
13049,2025-11-11 11:54:36,35,Login,S923CCD6417576CC8,Normal,Normal
13050,2025-11-11 11:56:50,35,Lihat Perkara,S923CCD6417576CC8,Normal,Normal
13051,2025-11-11 11:57:31,35,Cari Berkas,S923CCD6417576CC8,aktivitas_terlalu_cepat,Medium
13052,2025-11-11 11:58:05,35,Logout,S923CCD6417576CC8,Normal,Normal
13053,2025-11-11 12:16:07,44,Lihat Perkara,SBF6F6CC464A7BBDE,Normal,Normal
13054,2025-11-11 12:17:04,44,Cari Berkas,SBF6F6CC464A7BBDE,Normal,Normal
13055,2025-11-11 12:19:55,44,Logout,SBF6F6CC464A7BBDE,Normal,Normal
13056,2025-11-11 13:45:55,49,Login,S5287E5F485C14181,Normal,Normal
13057,2025-11-11 13:48:29,49,Lihat Perkara,S5287E5F485C14181,Normal,Normal
13058,2025-11-11 13:51:25,49,Cari Berkas,S5287E5F485C14181,Normal,Normal
13059,2025-11-11 13:52:17,49,Logout,S5287E5F485C14181,Normal,Normal
13068,2025-11-11 16:14:43,52,Login,S2C7A5163FBFA92D7,Normal,Normal
13069,2025-11-11 16:15:35,52,Lihat Perkara,S2C7A5163FBFA92D7,Normal,Normal
13070,2025-11-11 16:18:13,52,Cari Berkas,S2C7A5163FBFA92D7,Normal,Normal
13071,2025-11-11 16:20:48,52,Logout,S2C7A5163FBFA92D7,Normal,Normal
13072,2025-11-12 08:37:14,86,Login,S5BBE74C395652CCF,Normal,Normal
13073,2025-11-12 08:37:24,86,Lihat Perkara,S5BBE74C395652CCF,Normal,Normal
13074,2025-11-12 08:38:33,86,Cari Berkas,S5BBE74C395652CCF,Normal,Normal
13075,2025-11-12 08:40:58,86,Logout,S5BBE74C395652CCF,Normal,Normal
13076,2025-11-12 09:16:08,51,Login,S3FC0796E44F4CAEB,Normal,Normal
13077,2025-11-12 09:18:05,51,Lihat Perkara,S3FC0796E44F4CAEB,Normal,Normal
13078,2025-11-12 09:19:20,51,Cari Berkas,S3FC0796E44F4CAEB,Normal,Normal
13080,2025-11-12 09:22:15,51,Logout,S3FC0796E44F4CAEB,Normal,Normal
13084,2025-11-12 10:26:32,46,Login,S0BD372A9EBC78C06,ip_berubah,Low
13085,2025-11-12 10:28:59,46,Lihat Perkara,S0BD372A9EBC78C06,Normal,Normal
13086,2025-11-12 10:30:24,46,Cari Berkas,S0BD372A9EBC78C06,Normal,Normal
13087,2025-11-12 10:30:35,41,Login,S5EAA390EC05C0FD3,Normal,Normal
13088,2025-11-12 10:31:12,46,Logout,S0BD372A9EBC78C06,Normal,Normal
13089,2025-11-12 10:31:52,41,Lihat Perkara,S5EAA390EC05C0FD3,Normal,Normal
13090,2025-11-12 10:32:30,41,Cari Berkas,S5EAA390EC05C0FD3,Normal,Normal
13091,2025-11-12 10:32:49,41,Logout,S5EAA390EC05C0FD3,Normal,Normal
13092,2025-11-12 11:23:48,81,Login,S6055B3F6E51D86F2,Normal,Normal
13093,2025-11-12 11:26:35,81,Lihat Perkara,S6055B3F6E51D86F2,Normal,Normal
13094,2025-11-12 11:28:12,81,Cari Berkas,S6055B3F6E51D86F2,Normal,Normal
13095,2025-11-12 11:29:22,81,Logout,S6055B3F6E51D86F2,Normal,Normal
13096,2025-11-12 11:31:47,81,Login,S7163985D7FAFAE19,Normal,Normal
13097,2025-11-12 11:32:33,37,Login,S87F20E72DD3184E2,Normal,Normal
13098,2025-11-12 11:33:09,81,Lihat Perkara,S7163985D7FAFAE19,ip_berubah,Low
13099,2025-11-12 11:33:48,37,Lihat Perkara,S87F20E72DD3184E2,Normal,Normal
13100,2025-11-12 11:34:07,1,Login,SB79C31502B287004,Normal,Normal
13101,2025-11-12 11:35:23,81,Cari Berkas,S7163985D7FAFAE19,Normal,Normal
13102,2025-11-12 11:35:26,1,Dashboard,SB79C31502B287004,Normal,Normal
13103,2025-11-12 11:36:07,37,Cari Berkas,S87F20E72DD3184E2,Normal,Normal
13104,2025-11-12 11:36:10,81,Logout,S7163985D7FAFAE19,Normal,Normal
13105,2025-11-12 11:36:13,1,Kelola User,SB79C31502B287004,Normal,Normal
13106,2025-11-12 11:36:58,37,Logout,S87F20E72DD3184E2,Normal,Normal
13107,2025-11-12 11:39:09,1,Kelola Kode Klasifikasi,SB79C31502B287004,aktivitas_terlalu_cepat,Medium
13108,2025-11-12 11:39:30,1,Logout,SB79C31502B287004,Normal,Normal
13109,2025-11-12 13:36:41,22,Login,S0450F2371FEBFDAF,Normal,Normal
13110,2025-11-12 13:38:34,22,Lihat Perkara,S0450F2371FEBFDAF,Normal,Normal
13111,2025-11-12 13:40:51,22,Cari Berkas,S0450F2371FEBFDAF,Normal,Normal
13112,2025-11-12 13:43:25,22,Logout,S0450F2371FEBFDAF,Normal,Normal
13117,2025-11-12 14:42:03,64,Login,S104649E6E13E6D45,Normal,Normal
13118,2025-11-12 14:42:37,64,Lihat Perkara,S104649E6E13E6D45,Normal,Normal
13119,2025-11-12 14:44:45,64,Cari Berkas,S104649E6E13E6D45,Normal,Normal
13120,2025-11-12 14:46:32,64,Logout,S104649E6E13E6D45,Normal,Normal
13125,2025-11-13 02:51:20,45,Login,S386E995D3B014893,login_luar_jam,Low
13126,2025-11-13 06:58:24,85,Login,S68E9A079A1F6E1F8,login_luar_jam,Low
13141,2025-11-13 10:05:35,81,Login,S0478608888C62A79,Normal,Normal
13142,2025-11-13 10:07:07,81,Lihat Perkara,S0478608888C62A79,Normal,Normal
13143,2025-11-13 10:08:51,81,Cari Berkas,S0478608888C62A79,Normal,Normal
13144,2025-11-13 10:09:10,81,Logout,S0478608888C62A79,Normal,Normal
13145,2025-11-13 11:53:51,45,Lihat Perkara,S386E995D3B014893,Normal,Normal
13146,2025-11-13 11:55:31,45,Cari Berkas,S386E995D3B014893,Normal,Normal
13147,2025-11-13 11:56:41,45,Logout,S386E995D3B014893,Normal,Normal
13148,2025-11-13 12:14:00,80,Login,S10C4F8C674916FE2,Normal,Normal
13149,2025-11-13 12:14:46,80,Lihat Perkara,S10C4F8C674916FE2,Normal,Normal
13150,2025-11-13 12:16:23,80,Cari Berkas,S10C4F8C674916FE2,Normal,Normal
13151,2025-11-13 12:16:45,80,Logout,S10C4F8C674916FE2,Normal,Normal
13152,2025-11-13 12:38:59,50,Login,SC4DF0D2F058BC7EA,Normal,Normal
13153,2025-11-13 12:41:15,50,Lihat Perkara,SC4DF0D2F058BC7EA,Normal,Normal
13154,2025-11-13 12:41:42,50,Cari Berkas,SC4DF0D2F058BC7EA,Normal,Normal
13155,2025-11-13 12:42:23,50,Logout,SC4DF0D2F058BC7EA,Normal,Normal
13156,2025-11-13 14:00:22,85,Lihat Perkara,S68E9A079A1F6E1F8,Normal,Normal
13157,2025-11-13 14:00:35,85,Lihat Berkas,S68E9A079A1F6E1F8,Normal,Normal
13158,2025-11-13 14:03:23,85,Input Berkas,S68E9A079A1F6E1F8,Normal,Normal
13159,2025-11-13 14:05:20,85,Verifikasi,S68E9A079A1F6E1F8,Normal,Normal
13160,2025-11-13 14:06:24,85,Logout,S68E9A079A1F6E1F8,Normal,Normal
13165,2025-11-13 16:05:18,70,Login,S9BFF4A6AB3F194F2,Normal,Normal
13166,2025-11-13 16:06:55,70,Lihat Perkara,S9BFF4A6AB3F194F2,Normal,Normal
13167,2025-11-13 16:08:11,70,Cari Berkas,S9BFF4A6AB3F194F2,Normal,Normal
13168,2025-11-13 16:10:35,70,Logout,S9BFF4A6AB3F194F2,Normal,Normal
13169,2025-11-13 16:49:22,70,Login,S78F9053D28584F50,Normal,Normal
13170,2025-11-13 16:52:08,70,Lihat Perkara,S78F9053D28584F50,Normal,Normal
13171,2025-11-13 16:55:02,70,Cari Berkas,S78F9053D28584F50,Normal,Normal
13172,2025-11-13 16:56:36,70,Logout,S78F9053D28584F50,Normal,Normal
13174,2025-11-14 07:13:08,40,Login,S06280B151606A6DF,Normal,Normal
13175,2025-11-14 07:15:17,40,Lihat Perkara,S06280B151606A6DF,Normal,Normal
13176,2025-11-14 07:17:30,40,Cari Berkas,S06280B151606A6DF,Normal,Normal
13177,2025-11-14 07:18:04,40,Logout,S06280B151606A6DF,Normal,Normal
13178,2025-11-14 07:56:57,44,Login,S179F1235DF2EF280,Normal,Normal
13179,2025-11-14 07:59:33,44,Lihat Perkara,S179F1235DF2EF280,Normal,Normal
13180,2025-11-14 08:02:30,44,Cari Berkas,S179F1235DF2EF280,Normal,Normal
13181,2025-11-14 08:03:13,58,Login,S9F63E175E0778F89,Normal,Normal
13182,2025-11-14 08:03:25,44,Logout,S179F1235DF2EF280,Normal,Normal
13183,2025-11-14 08:05:50,58,Lihat Perkara,S9F63E175E0778F89,device_berubah,Low
13184,2025-11-14 08:08:13,58,Cari Berkas,S9F63E175E0778F89,aktivitas_terlalu_cepat,Medium
13185,2025-11-14 08:09:40,58,Logout,S9F63E175E0778F89,Normal,Normal
13186,2025-11-14 09:21:13,52,Login,S43276984E0AD133D,Normal,Normal
13187,2025-11-14 09:23:25,52,Lihat Perkara,S43276984E0AD133D,Normal,Normal
13188,2025-11-14 09:24:22,52,Cari Berkas,S43276984E0AD133D,Normal,Normal
13189,2025-11-14 09:26:43,52,Logout,S43276984E0AD133D,Normal,Normal
13193,2025-11-14 14:48:23,56,Login,S6B0A1A02B17CB9C7,Normal,Normal
13194,2025-11-14 14:49:29,56,Lihat Perkara,S6B0A1A02B17CB9C7,Normal,Normal
13195,2025-11-14 14:51:58,56,Cari Berkas,S6B0A1A02B17CB9C7,Normal,Normal
13196,2025-11-14 14:54:13,56,Logout,S6B0A1A02B17CB9C7,Normal,Normal
13197,2025-11-14 15:48:01,42,Login,S30AD41BB2AE2C9D1,Normal,Normal
13198,2025-11-14 15:50:41,42,Lihat Perkara,S30AD41BB2AE2C9D1,Normal,Normal
13199,2025-11-14 15:51:08,42,Cari Berkas,S30AD41BB2AE2C9D1,Normal,Normal
13200,2025-11-14 15:52:16,42,Logout,S30AD41BB2AE2C9D1,Normal,Normal
13202,2025-11-14 15:54:53,55,Login,SA86BBCDB583E4B4B,Normal,Normal
13204,2025-11-14 15:57:02,55,Lihat Perkara,SA86BBCDB583E4B4B,device_berubah,Low
13206,2025-11-14 15:58:10,46,Login,S668A99421FFC2123,durasi_tidak_wajar,Medium
13207,2025-11-14 15:58:10,55,Lihat Berkas,SA86BBCDB583E4B4B,Normal,Normal
13209,2025-11-14 16:00:16,55,Input Berkas,SA86BBCDB583E4B4B,Normal,Normal
13210,2025-11-14 16:00:53,46,Lihat Perkara,S668A99421FFC2123,Normal,Normal
13211,2025-11-14 16:01:39,46,Cari Berkas,S668A99421FFC2123,Normal,Normal
13212,2025-11-14 16:02:04,46,Logout,S668A99421FFC2123,Normal,Normal
13213,2025-11-14 16:02:52,55,Verifikasi,SA86BBCDB583E4B4B,Normal,Normal
13214,2025-11-14 16:03:52,55,Logout,SA86BBCDB583E4B4B,Normal,Normal
13220,2025-11-15 08:49:12,24,Login,S7552332702627F73,Normal,Normal
13221,2025-11-15 08:49:40,24,Lihat Perkara,S7552332702627F73,Normal,Normal
13222,2025-11-15 08:52:07,24,Cari Berkas,S7552332702627F73,Normal,Normal
13223,2025-11-15 08:53:11,24,Logout,S7552332702627F73,Normal,Normal
13228,2025-11-15 10:09:39,22,Login,S061B4492544AD8E5,Normal,Normal
13229,2025-11-15 10:11:28,22,Lihat Perkara,S061B4492544AD8E5,Normal,Normal
13230,2025-11-15 10:11:51,22,Cari Berkas,S061B4492544AD8E5,Normal,Normal
13231,2025-11-15 10:12:02,22,Logout,S061B4492544AD8E5,Normal,Normal
13232,2025-11-15 14:38:28,64,Login,S148E338CD10426C4,Normal,Normal
13233,2025-11-15 14:41:22,64,Lihat Perkara,S148E338CD10426C4,Normal,Normal
13234,2025-11-15 14:44:14,64,Cari Berkas,S148E338CD10426C4,Normal,Normal
13235,2025-11-15 14:45:45,64,Logout,S148E338CD10426C4,Normal,Normal
13236,2025-11-15 14:54:07,18,Login,SB9CD213B5748218A,Normal,Normal
13237,2025-11-15 14:56:06,18,Lihat Perkara,SB9CD213B5748218A,Normal,Normal
13238,2025-11-15 14:56:30,18,Cari Berkas,SB9CD213B5748218A,Normal,Normal
13239,2025-11-15 14:57:07,18,Logout,SB9CD213B5748218A,Normal,Normal
13243,2025-11-15 15:35:11,66,Login,SDCD230FDBD180FF6,Normal,Normal
13244,2025-11-15 15:36:39,66,Lihat Perkara,SDCD230FDBD180FF6,Normal,Normal
13245,2025-11-15 15:38:07,66,Cari Berkas,SDCD230FDBD180FF6,Normal,Normal
13246,2025-11-15 15:40:02,66,Logout,SDCD230FDBD180FF6,Normal,Normal
13247,2025-11-15 15:57:23,72,Login,SB3522C1845AA9503,Normal,Normal
13248,2025-11-15 15:58:21,72,Lihat Perkara,SB3522C1845AA9503,Normal,Normal
13249,2025-11-15 15:59:53,72,Cari Berkas,SB3522C1845AA9503,Normal,Normal
13250,2025-11-15 16:00:07,72,Logout,SB3522C1845AA9503,device_berubah,Low
13251,2025-11-16 00:08:46,34,Login,SA8A2B7AD2BD3CDCD,login_luar_jam,Low
13252,2025-11-16 08:00:57,26,Login,SA228F934AF33581D,Normal,Normal
13253,2025-11-16 08:03:17,26,Lihat Perkara,SA228F934AF33581D,Normal,Normal
13254,2025-11-16 08:04:12,26,Cari Berkas,SA228F934AF33581D,Normal,Normal
13255,2025-11-16 08:06:00,26,Logout,SA228F934AF33581D,Normal,Normal
13256,2025-11-16 08:09:15,23,Login,S05A562A96CC73151,Normal,Normal
13257,2025-11-16 08:09:47,23,Lihat Perkara,S05A562A96CC73151,Normal,Normal
13258,2025-11-16 08:11:13,23,Cari Berkas,S05A562A96CC73151,Normal,Normal
13259,2025-11-16 08:11:41,23,Logout,S05A562A96CC73151,Normal,Normal
13260,2025-11-16 08:45:13,34,Login,S9F3936A54D8131F5,Normal,Normal
13261,2025-11-16 08:45:42,34,Lihat Perkara,S9F3936A54D8131F5,Normal,Normal
13262,2025-11-16 08:48:41,34,Cari Berkas,S9F3936A54D8131F5,Normal,Normal
13263,2025-11-16 08:51:04,34,Logout,S9F3936A54D8131F5,Normal,Normal
13264,2025-11-16 09:01:30,61,Login,S2952D26913189D8D,Normal,Normal
13265,2025-11-16 09:02:11,61,Lihat Perkara,S2952D26913189D8D,Normal,Normal
13266,2025-11-16 09:04:05,61,Cari Berkas,S2952D26913189D8D,Normal,Normal
13267,2025-11-16 09:05:24,61,Logout,S2952D26913189D8D,Normal,Normal
13268,2025-11-16 11:13:16,23,Login,S1B514FC45F540FC9,Normal,Normal
13269,2025-11-16 11:13:45,23,Lihat Perkara,S1B514FC45F540FC9,Normal,Normal
13270,2025-11-16 11:15:49,23,Cari Berkas,S1B514FC45F540FC9,ip_berubah,Low
13271,2025-11-16 11:18:18,23,Logout,S1B514FC45F540FC9,Normal,Normal
13272,2025-11-16 12:50:29,48,Login,SD880BE2A9AE22856,Normal,Normal
13273,2025-11-16 12:51:21,48,Lihat Perkara,SD880BE2A9AE22856,Normal,Normal
13274,2025-11-16 12:52:18,48,Lihat Berkas,SD880BE2A9AE22856,Normal,Normal
13275,2025-11-16 12:53:48,48,Input Berkas,SD880BE2A9AE22856,Normal,Normal
13276,2025-11-16 12:54:45,48,Verifikasi,SD880BE2A9AE22856,durasi_tidak_wajar,Medium
13277,2025-11-16 12:57:32,48,Logout,SD880BE2A9AE22856,Normal,Normal
13278,2025-11-16 13:11:20,34,Lihat Perkara,SA8A2B7AD2BD3CDCD,Normal,Normal
13279,2025-11-16 13:11:40,34,Cari Berkas,SA8A2B7AD2BD3CDCD,Normal,Normal
13280,2025-11-16 13:11:57,34,Logout,SA8A2B7AD2BD3CDCD,Normal,Normal
13281,2025-11-16 14:14:04,35,Login,SC95A90973582B335,Normal,Normal
13282,2025-11-16 14:16:21,35,Lihat Perkara,SC95A90973582B335,Normal,Normal
13283,2025-11-16 14:17:36,35,Cari Berkas,SC95A90973582B335,Normal,Normal
13284,2025-11-16 14:20:15,35,Logout,SC95A90973582B335,Normal,Normal
13285,2025-11-16 14:56:44,64,Login,S2660F73F8ABEFD88,Normal,Normal
13286,2025-11-16 14:59:03,64,Lihat Perkara,S2660F73F8ABEFD88,Normal,Normal
13287,2025-11-16 15:01:20,64,Cari Berkas,S2660F73F8ABEFD88,Normal,Normal
13288,2025-11-16 15:02:09,64,Logout,S2660F73F8ABEFD88,Normal,Normal
13290,2025-11-17 07:13:48,77,Login,S8C240E9BE40EE015,Normal,Normal
13291,2025-11-17 07:15:06,77,Lihat Perkara,S8C240E9BE40EE015,Normal,Normal
13292,2025-11-17 07:17:14,77,Cari Berkas,S8C240E9BE40EE015,Normal,Normal
13293,2025-11-17 07:18:20,77,Logout,S8C240E9BE40EE015,Normal,Normal
13299,2025-11-17 11:10:49,75,Login,SAFA2C76A29D9525F,Normal,Normal
13300,2025-11-17 11:13:37,75,Lihat Perkara,SAFA2C76A29D9525F,Normal,Normal
13301,2025-11-17 11:14:31,75,Cari Berkas,SAFA2C76A29D9525F,Normal,Normal
13302,2025-11-17 11:14:49,75,Logout,SAFA2C76A29D9525F,Normal,Normal
13307,2025-11-17 12:57:55,57,Login,S289594341D203371,Normal,Normal
13308,2025-11-17 12:59:43,57,Lihat Perkara,S289594341D203371,Normal,Normal
13309,2025-11-17 13:00:32,57,Cari Berkas,S289594341D203371,Normal,Normal
13310,2025-11-17 13:01:25,57,Logout,S289594341D203371,Normal,Normal
13311,2025-11-17 13:48:09,39,Login,S66B3335BE9D120D7,Normal,Normal
13312,2025-11-17 13:48:28,39,Lihat Perkara,S66B3335BE9D120D7,Normal,Normal
13313,2025-11-17 13:50:09,39,Cari Berkas,S66B3335BE9D120D7,Normal,Normal
13314,2025-11-17 13:51:45,39,Logout,S66B3335BE9D120D7,Normal,Normal
13315,2025-11-17 14:01:20,62,Login,S6355E25D16A3D378,Normal,Normal
13316,2025-11-17 14:01:38,62,Lihat Perkara,S6355E25D16A3D378,Normal,Normal
13317,2025-11-17 14:02:45,62,Cari Berkas,S6355E25D16A3D378,Normal,Normal
13318,2025-11-17 14:03:36,62,Logout,S6355E25D16A3D378,Normal,Normal
13327,2025-11-18 07:38:26,30,Login,S397A0433DB648CA7,Normal,Normal
13328,2025-11-18 07:41:00,30,Lihat Perkara,S397A0433DB648CA7,Normal,Normal
13329,2025-11-18 07:43:29,30,Cari Berkas,S397A0433DB648CA7,Normal,Normal
13330,2025-11-18 07:43:57,30,Logout,S397A0433DB648CA7,Normal,Normal
13335,2025-11-18 12:45:18,56,Login,SF891B0C3DD3F487E,Normal,Normal
13336,2025-11-18 12:46:06,56,Lihat Perkara,SF891B0C3DD3F487E,ip_berubah,Low
13337,2025-11-18 12:48:08,56,Cari Berkas,SF891B0C3DD3F487E,Normal,Normal
13338,2025-11-18 12:48:35,56,Logout,SF891B0C3DD3F487E,Normal,Normal
13339,2025-11-18 13:01:27,82,Login,S55968559C8BC2C98,Normal,Normal
13340,2025-11-18 13:02:05,82,Lihat Perkara,S55968559C8BC2C98,Normal,Normal
13341,2025-11-18 13:04:41,82,Cari Berkas,S55968559C8BC2C98,Normal,Normal
13342,2025-11-18 13:04:57,82,Logout,S55968559C8BC2C98,Normal,Normal
13347,2025-11-19 06:23:19,64,Login,SB446EEF259B2DD8D,login_luar_jam,Low
13348,2025-11-19 08:45:04,26,Login,S0634CAF6950506DD,Normal,Normal
13349,2025-11-19 08:46:06,26,Lihat Perkara,S0634CAF6950506DD,Normal,Normal
13350,2025-11-19 08:46:24,26,Cari Berkas,S0634CAF6950506DD,Normal,Normal
13351,2025-11-19 08:47:09,26,Logout,S0634CAF6950506DD,Normal,Normal
13357,2025-11-19 10:52:50,23,Login,SAB9B153D35F5C654,Normal,Normal
13358,2025-11-19 10:54:48,23,Lihat Perkara,SAB9B153D35F5C654,Normal,Normal
13359,2025-11-19 10:55:24,23,Cari Berkas,SAB9B153D35F5C654,Normal,Normal
13360,2025-11-19 10:56:26,23,Logout,SAB9B153D35F5C654,Normal,Normal
13361,2025-11-19 12:24:59,64,Lihat Perkara,SB446EEF259B2DD8D,Normal,Normal
13362,2025-11-19 12:25:47,64,Cari Berkas,SB446EEF259B2DD8D,Normal,Normal
13363,2025-11-19 12:27:22,64,Logout,SB446EEF259B2DD8D,Normal,Normal
13364,2025-11-20 07:45:33,1,Login,S421F602C7E1BE970,Normal,Normal
13365,2025-11-20 07:46:53,1,Dashboard,S421F602C7E1BE970,Normal,Normal
13366,2025-11-20 07:48:38,1,Kelola User,S421F602C7E1BE970,durasi_tidak_wajar,Medium
13367,2025-11-20 07:49:05,1,Kelola Kode Klasifikasi,S421F602C7E1BE970,Normal,Normal
13368,2025-11-20 07:50:39,1,Logout,S421F602C7E1BE970,Normal,Normal
13373,2025-11-20 08:38:38,51,Login,S14AB1F3C922AA4C7,Normal,Normal
13374,2025-11-20 08:40:38,51,Lihat Perkara,S14AB1F3C922AA4C7,Normal,Normal
13375,2025-11-20 08:41:49,51,Cari Berkas,S14AB1F3C922AA4C7,Normal,Normal
13376,2025-11-20 08:43:04,51,Logout,S14AB1F3C922AA4C7,Normal,Normal
13377,2025-11-20 10:23:34,6,Login,SC82020D2B40BA71A,Normal,Normal
13378,2025-11-20 10:25:54,6,Lihat Perkara,SC82020D2B40BA71A,Normal,Normal
13379,2025-11-20 10:27:19,6,Lihat Berkas,SC82020D2B40BA71A,Normal,Normal
13380,2025-11-20 10:28:11,6,Input Berkas,SC82020D2B40BA71A,Normal,Normal
13381,2025-11-20 10:28:55,6,Verifikasi,SC82020D2B40BA71A,Normal,Normal
13382,2025-11-20 10:30:15,6,Logout,SC82020D2B40BA71A,Normal,Normal
13383,2025-11-20 10:42:52,19,Login,S1CED799107FEB08E,Normal,Normal
13384,2025-11-20 10:44:51,19,Lihat Perkara,S1CED799107FEB08E,Normal,Normal
13385,2025-11-20 10:46:36,19,Cari Berkas,S1CED799107FEB08E,Normal,Normal
13386,2025-11-20 10:47:17,19,Logout,S1CED799107FEB08E,Normal,Normal
13391,2025-11-20 13:02:50,71,Login,S3ACAC2712C44422C,Normal,Normal
13392,2025-11-20 13:05:41,71,Lihat Perkara,S3ACAC2712C44422C,Normal,Normal
13393,2025-11-20 13:06:04,71,Cari Berkas,S3ACAC2712C44422C,Normal,Normal
13394,2025-11-20 13:06:36,71,Logout,S3ACAC2712C44422C,Normal,Normal
13395,2025-11-20 13:33:07,52,Login,S31C46C9E70BE9630,Normal,Normal
13396,2025-11-20 13:33:28,52,Lihat Perkara,S31C46C9E70BE9630,Normal,Normal
13397,2025-11-20 13:33:45,52,Cari Berkas,S31C46C9E70BE9630,Normal,Normal
13398,2025-11-20 13:34:45,52,Logout,S31C46C9E70BE9630,Normal,Normal
13399,2025-11-21 07:04:15,52,Login,S51CA2AB60238676A,Normal,Normal
13400,2025-11-21 07:05:29,52,Lihat Perkara,S51CA2AB60238676A,Normal,Normal
13401,2025-11-21 07:07:40,52,Cari Berkas,S51CA2AB60238676A,Normal,Normal
13402,2025-11-21 07:08:23,52,Logout,S51CA2AB60238676A,Normal,Normal
13403,2025-11-21 07:33:29,66,Login,S2451E5A411D059B2,Normal,Normal
13404,2025-11-21 07:34:02,66,Lihat Perkara,S2451E5A411D059B2,Normal,Normal
13405,2025-11-21 07:36:27,66,Cari Berkas,S2451E5A411D059B2,Normal,Normal
13406,2025-11-21 07:37:32,66,Logout,S2451E5A411D059B2,Normal,Normal
13411,2025-11-21 08:55:43,57,Login,S82D8426F3302278C,Normal,Normal
13412,2025-11-21 08:57:30,57,Lihat Perkara,S82D8426F3302278C,Normal,Normal
13413,2025-11-21 08:58:14,57,Cari Berkas,S82D8426F3302278C,Normal,Normal
13414,2025-11-21 08:59:43,57,Logout,S82D8426F3302278C,Normal,Normal
13415,2025-11-21 09:34:47,36,Login,S0D21704663721CF1,Normal,Normal
13416,2025-11-21 09:35:59,36,Lihat Perkara,S0D21704663721CF1,ip_berubah,Low
13417,2025-11-21 09:37:34,36,Cari Berkas,S0D21704663721CF1,verifikasi_massal,High
13418,2025-11-21 09:38:57,36,Logout,S0D21704663721CF1,Normal,Normal
13419,2025-11-21 09:42:29,62,Login,S9AD3A3834DA2D7F5,Normal,Normal
13420,2025-11-21 09:42:51,24,Login,S4C875EA5345DDABB,Normal,Normal
13421,2025-11-21 09:44:20,24,Lihat Perkara,S4C875EA5345DDABB,Normal,Normal
13422,2025-11-21 09:44:46,24,Cari Berkas,S4C875EA5345DDABB,ip_berubah,Low
13423,2025-11-21 09:45:29,62,Lihat Perkara,S9AD3A3834DA2D7F5,Normal,Normal
13424,2025-11-21 09:45:40,62,Cari Berkas,S9AD3A3834DA2D7F5,peminjaman_massal,High
13425,2025-11-21 09:46:10,24,Logout,S4C875EA5345DDABB,Normal,Normal
13426,2025-11-21 09:46:46,62,Logout,S9AD3A3834DA2D7F5,Normal,Normal
13431,2025-11-21 13:19:58,34,Login,SF634CD4F6CBC9250,Normal,Normal
13432,2025-11-21 13:20:15,34,Lihat Perkara,SF634CD4F6CBC9250,Normal,Normal
13433,2025-11-21 13:22:52,34,Cari Berkas,SF634CD4F6CBC9250,Normal,Normal
13434,2025-11-21 13:25:47,34,Logout,SF634CD4F6CBC9250,Normal,Normal
13439,2025-11-21 16:54:13,46,Login,SE61507C1C6DF0266,Normal,Normal
13440,2025-11-21 16:55:41,46,Lihat Perkara,SE61507C1C6DF0266,Normal,Normal
13441,2025-11-21 16:57:37,46,Cari Berkas,SE61507C1C6DF0266,Normal,Normal
13442,2025-11-21 16:59:14,46,Logout,SE61507C1C6DF0266,Normal,Normal
13443,2025-11-22 04:46:40,57,Login,S8362DBE65E1DDFB8,login_luar_jam,Low
13444,2025-11-22 07:00:12,32,Login,S94AD345AE3239264,Normal,Normal
13445,2025-11-22 07:00:59,32,Lihat Perkara,S94AD345AE3239264,Normal,Normal
13446,2025-11-22 07:03:31,79,Login,S2C47A51F68C4B51A,Normal,Normal
13447,2025-11-22 07:03:58,32,Cari Berkas,S94AD345AE3239264,Normal,Normal
13448,2025-11-22 07:04:46,32,Logout,S94AD345AE3239264,Normal,Normal
13449,2025-11-22 07:05:00,79,Lihat Perkara,S2C47A51F68C4B51A,Normal,Normal
13450,2025-11-22 07:06:20,79,Cari Berkas,S2C47A51F68C4B51A,Normal,Normal
13451,2025-11-22 07:08:53,79,Logout,S2C47A51F68C4B51A,Normal,Normal
13452,2025-11-22 07:10:28,44,Login,S58AF393C8AA2B4C9,Normal,Normal
13453,2025-11-22 07:12:03,44,Lihat Perkara,S58AF393C8AA2B4C9,Normal,Normal
13454,2025-11-22 07:12:13,44,Cari Berkas,S58AF393C8AA2B4C9,Normal,Normal
13455,2025-11-22 07:15:11,44,Logout,S58AF393C8AA2B4C9,Normal,Normal
13460,2025-11-22 13:04:13,67,Login,SCB22EB8D9A0BD63D,Normal,Normal
13461,2025-11-22 13:04:58,67,Lihat Perkara,SCB22EB8D9A0BD63D,Normal,Normal
13462,2025-11-22 13:07:55,67,Cari Berkas,SCB22EB8D9A0BD63D,Normal,Normal
13463,2025-11-22 13:09:07,67,Logout,SCB22EB8D9A0BD63D,Normal,Normal
13468,2025-11-22 14:55:06,73,Login,SBFB8ABB9A18C5492,Normal,Normal
13469,2025-11-22 14:57:30,73,Lihat Perkara,SBFB8ABB9A18C5492,Normal,Normal
13470,2025-11-22 15:00:23,73,Cari Berkas,SBFB8ABB9A18C5492,ip_berubah,Low
13471,2025-11-22 15:03:16,73,Logout,SBFB8ABB9A18C5492,Normal,Normal
13472,2025-11-22 15:10:41,40,Login,S22BBD95CD9A11700,Normal,Normal
13473,2025-11-22 15:10:57,40,Lihat Perkara,S22BBD95CD9A11700,Normal,Normal
13474,2025-11-22 15:12:02,40,Cari Berkas,S22BBD95CD9A11700,Normal,Normal
13475,2025-11-22 15:13:28,40,Logout,S22BBD95CD9A11700,Normal,Normal
13476,2025-11-22 15:49:14,57,Lihat Perkara,S8362DBE65E1DDFB8,Normal,Normal
13477,2025-11-22 15:51:52,57,Cari Berkas,S8362DBE65E1DDFB8,Normal,Normal
13478,2025-11-22 15:52:05,57,Logout,S8362DBE65E1DDFB8,Normal,Normal
13483,2025-11-22 16:46:57,69,Login,S7C966B552F8D8DED,Normal,Normal
13484,2025-11-22 16:49:52,69,Lihat Perkara,S7C966B552F8D8DED,Normal,Normal
13485,2025-11-22 16:50:46,69,Cari Berkas,S7C966B552F8D8DED,Normal,Normal
13486,2025-11-22 16:53:18,69,Logout,S7C966B552F8D8DED,Normal,Normal
13487,2025-11-23 00:48:18,54,Login,S377A132CEC89CEA7,login_luar_jam,Low
13488,2025-11-23 00:53:59,50,Login,S7F16749A1A6C8EFC,login_luar_jam,Low
13490,2025-11-23 06:38:09,63,Login,SFD26A41B221A7C4E,login_luar_jam,Low
13495,2025-11-23 07:43:40,84,Login,S802EA3E97F39FE45,Normal,Normal
13496,2025-11-23 07:45:37,84,Dashboard,S802EA3E97F39FE45,Normal,Normal
13497,2025-11-23 07:47:00,84,Kelola User,S802EA3E97F39FE45,Normal,Normal
13498,2025-11-23 07:48:58,84,Kelola Kode Klasifikasi,S802EA3E97F39FE45,Normal,Normal
13499,2025-11-23 07:50:35,84,Logout,S802EA3E97F39FE45,Normal,Normal
13500,2025-11-23 07:54:23,50,Lihat Perkara,S7F16749A1A6C8EFC,Normal,Normal
13501,2025-11-23 07:55:59,50,Cari Berkas,S7F16749A1A6C8EFC,Normal,Normal
13502,2025-11-23 07:57:21,50,Logout,S7F16749A1A6C8EFC,Normal,Normal
13509,2025-11-23 09:46:13,38,Login,S4EFE459164B91FFC,Normal,Normal
13511,2025-11-23 09:46:47,38,Lihat Perkara,S4EFE459164B91FFC,Normal,Normal
13512,2025-11-23 09:49:45,38,Cari Berkas,S4EFE459164B91FFC,Normal,Normal
13513,2025-11-23 09:52:05,38,Logout,S4EFE459164B91FFC,Normal,Normal
13514,2025-11-23 10:05:34,23,Login,S659EFF7E39BA880A,Normal,Normal
13515,2025-11-23 10:06:23,23,Lihat Perkara,S659EFF7E39BA880A,Normal,Normal
13516,2025-11-23 10:07:22,23,Cari Berkas,S659EFF7E39BA880A,Normal,Normal
13517,2025-11-23 10:09:51,23,Logout,S659EFF7E39BA880A,Normal,Normal
13518,2025-11-23 10:39:09,63,Lihat Perkara,SFD26A41B221A7C4E,Normal,Normal
13519,2025-11-23 10:40:23,63,Cari Berkas,SFD26A41B221A7C4E,Normal,Normal
13520,2025-11-23 10:42:38,63,Logout,SFD26A41B221A7C4E,Normal,Normal
13521,2025-11-23 10:54:38,44,Login,S5DBA2337C3C27248,Normal,Normal
13522,2025-11-23 10:56:19,44,Lihat Perkara,S5DBA2337C3C27248,Normal,Normal
13523,2025-11-23 10:57:05,44,Cari Berkas,S5DBA2337C3C27248,Normal,Normal
13524,2025-11-23 10:58:31,44,Logout,S5DBA2337C3C27248,durasi_tidak_wajar,Medium
13525,2025-11-23 12:50:03,54,Lihat Perkara,S377A132CEC89CEA7,Normal,Normal
13526,2025-11-23 12:50:33,54,Lihat Berkas,S377A132CEC89CEA7,Normal,Normal
13527,2025-11-23 12:53:12,54,Input Berkas,S377A132CEC89CEA7,aktivitas_terlalu_cepat,Medium
13528,2025-11-23 12:55:02,54,Verifikasi,S377A132CEC89CEA7,Normal,Normal
13529,2025-11-23 12:55:55,54,Logout,S377A132CEC89CEA7,Normal,Normal
13530,2025-11-23 15:38:33,28,Login,S6E46AC01BCD4CBD0,Normal,Normal
13531,2025-11-23 15:40:41,28,Lihat Perkara,S6E46AC01BCD4CBD0,Normal,Normal
13532,2025-11-23 15:42:33,28,Cari Berkas,S6E46AC01BCD4CBD0,Normal,Normal
13533,2025-11-23 15:45:14,28,Logout,S6E46AC01BCD4CBD0,Normal,Normal
13534,2025-11-24 03:42:19,77,Login,SF7464C02871854C1,login_luar_jam,Low
13535,2025-11-24 08:02:49,19,Login,SAFD3EC8B4A298783,Normal,Normal
13536,2025-11-24 08:04:13,19,Lihat Perkara,SAFD3EC8B4A298783,Normal,Normal
13537,2025-11-24 08:05:24,19,Cari Berkas,SAFD3EC8B4A298783,Normal,Normal
13538,2025-11-24 08:06:26,19,Logout,SAFD3EC8B4A298783,Normal,Normal
13548,2025-11-24 12:24:44,62,Login,S9B22E53364485715,Normal,Normal
13549,2025-11-24 12:25:26,62,Lihat Perkara,S9B22E53364485715,Normal,Normal
13550,2025-11-24 12:26:02,62,Cari Berkas,S9B22E53364485715,Normal,Normal
13551,2025-11-24 12:26:40,62,Logout,S9B22E53364485715,Normal,Normal
13552,2025-11-24 12:45:01,77,Lihat Perkara,SF7464C02871854C1,Normal,Normal
13553,2025-11-24 12:46:50,77,Cari Berkas,SF7464C02871854C1,Normal,Normal
13554,2025-11-24 12:49:36,77,Logout,SF7464C02871854C1,Normal,Normal
13555,2025-11-24 14:55:04,62,Login,SE33938389C569701,Normal,Normal
13556,2025-11-24 14:57:41,62,Lihat Perkara,SE33938389C569701,Normal,Normal
13557,2025-11-24 15:00:03,62,Cari Berkas,SE33938389C569701,Normal,Normal
13558,2025-11-24 15:01:36,62,Logout,SE33938389C569701,Normal,Normal
13559,2025-11-24 15:36:08,34,Login,S4CD7E6F7433ECD2C,Normal,Normal
13560,2025-11-24 15:36:49,34,Lihat Perkara,S4CD7E6F7433ECD2C,Normal,Normal
13561,2025-11-24 15:39:46,34,Cari Berkas,S4CD7E6F7433ECD2C,Normal,Normal
13562,2025-11-24 15:42:46,34,Logout,S4CD7E6F7433ECD2C,Normal,Normal
13563,2025-11-24 16:30:08,59,Login,S15770238F10FC06F,Normal,Normal
13564,2025-11-24 16:31:13,59,Lihat Perkara,S15770238F10FC06F,Normal,Normal
13565,2025-11-24 16:32:30,59,Cari Berkas,S15770238F10FC06F,device_berubah,Low
13566,2025-11-24 16:33:31,59,Logout,S15770238F10FC06F,Normal,Normal
13575,2025-11-25 09:48:32,76,Login,SA54CFE9E122EDFED,Normal,Normal
13576,2025-11-25 09:50:40,76,Lihat Perkara,SA54CFE9E122EDFED,Normal,Normal
13577,2025-11-25 09:52:16,76,Cari Berkas,SA54CFE9E122EDFED,Normal,Normal
13578,2025-11-25 09:53:09,76,Logout,SA54CFE9E122EDFED,Normal,Normal
13579,2025-11-25 11:56:05,64,Login,S607CDB47A24EFBA7,Normal,Normal
13580,2025-11-25 11:59:04,64,Lihat Perkara,S607CDB47A24EFBA7,Normal,Normal
13581,2025-11-25 12:00:10,64,Cari Berkas,S607CDB47A24EFBA7,Normal,Normal
13582,2025-11-25 12:00:49,64,Logout,S607CDB47A24EFBA7,Normal,Normal
13583,2025-11-25 12:24:12,83,Login,S04CDA3EAA5B3C115,Normal,Normal
13584,2025-11-25 12:24:54,83,Lihat Perkara,S04CDA3EAA5B3C115,Normal,Normal
13585,2025-11-25 12:26:19,83,Cari Berkas,S04CDA3EAA5B3C115,Normal,Normal
13586,2025-11-25 12:28:29,83,Logout,S04CDA3EAA5B3C115,Normal,Normal
13587,2025-11-25 14:22:28,76,Login,SA7175804502D3281,Normal,Normal
13588,2025-11-25 14:24:15,76,Lihat Perkara,SA7175804502D3281,Normal,Normal
13589,2025-11-25 14:25:07,76,Cari Berkas,SA7175804502D3281,Normal,Normal
13590,2025-11-25 14:25:30,76,Logout,SA7175804502D3281,Normal,Normal
13595,2025-11-25 16:26:29,58,Login,S3D04CCA1BE88364E,Normal,Normal
13596,2025-11-25 16:29:22,58,Lihat Perkara,S3D04CCA1BE88364E,Normal,Normal
13597,2025-11-25 16:30:35,58,Cari Berkas,S3D04CCA1BE88364E,Normal,Normal
13598,2025-11-25 16:31:52,58,Logout,S3D04CCA1BE88364E,Normal,Normal
13599,2025-11-25 16:48:48,75,Login,S72F6F59817B05872,Normal,Normal
13600,2025-11-25 16:50:33,75,Lihat Perkara,S72F6F59817B05872,Normal,Normal
13601,2025-11-25 16:52:20,75,Cari Berkas,S72F6F59817B05872,Normal,Normal
13603,2025-11-25 16:54:45,75,Logout,S72F6F59817B05872,Normal,Normal
13611,2025-11-26 10:19:25,60,Login,S968AD745A2D82B39,Normal,Normal
13612,2025-11-26 10:21:51,60,Lihat Perkara,S968AD745A2D82B39,Normal,Normal
13613,2025-11-26 10:23:09,60,Cari Berkas,S968AD745A2D82B39,Normal,Normal
13614,2025-11-26 10:25:33,60,Logout,S968AD745A2D82B39,Normal,Normal
13615,2025-11-26 16:23:05,54,Login,SEEE06433EDDA1677,Normal,Normal
13616,2025-11-26 16:23:24,54,Lihat Perkara,SEEE06433EDDA1677,Normal,Normal
13617,2025-11-26 16:25:32,54,Lihat Berkas,SEEE06433EDDA1677,Normal,Normal
13618,2025-11-26 16:28:20,54,Input Berkas,SEEE06433EDDA1677,Normal,Normal
13619,2025-11-26 16:30:34,54,Verifikasi,SEEE06433EDDA1677,Normal,Normal
13620,2025-11-26 16:30:58,54,Logout,SEEE06433EDDA1677,Normal,Normal
13621,2025-11-27 07:23:13,79,Login,SC3455B101B056160,Normal,Normal
13622,2025-11-27 07:23:58,79,Lihat Perkara,SC3455B101B056160,Normal,Normal
13623,2025-11-27 07:25:02,79,Cari Berkas,SC3455B101B056160,Normal,Normal
13624,2025-11-27 07:25:55,79,Logout,SC3455B101B056160,Normal,Normal
13625,2025-11-27 08:23:45,22,Login,S709CFCA2ADCB6D57,Normal,Normal
13626,2025-11-27 08:25:24,22,Lihat Perkara,S709CFCA2ADCB6D57,durasi_tidak_wajar,Medium
13627,2025-11-27 08:28:18,22,Cari Berkas,S709CFCA2ADCB6D57,Normal,Normal
13628,2025-11-27 08:28:52,22,Logout,S709CFCA2ADCB6D57,Normal,Normal
13633,2025-11-27 11:54:35,73,Login,SCA634B8892A19E46,Normal,Normal
13634,2025-11-27 11:57:12,73,Lihat Perkara,SCA634B8892A19E46,Normal,Normal
13635,2025-11-27 11:57:30,73,Cari Berkas,SCA634B8892A19E46,Normal,Normal
13636,2025-11-27 11:59:45,73,Logout,SCA634B8892A19E46,Normal,Normal
13637,2025-11-27 12:35:52,36,Login,S92489BEE858FAB60,Normal,Normal
13638,2025-11-27 12:37:46,36,Lihat Perkara,S92489BEE858FAB60,Normal,Normal
13639,2025-11-27 12:39:12,36,Cari Berkas,S92489BEE858FAB60,Normal,Normal
13640,2025-11-27 12:40:02,36,Logout,S92489BEE858FAB60,Normal,Normal
13641,2025-11-27 12:40:31,23,Login,SD738D6EDDD5AB402,Normal,Normal
13642,2025-11-27 12:41:58,23,Lihat Perkara,SD738D6EDDD5AB402,Normal,Normal
13643,2025-11-27 12:42:45,23,Cari Berkas,SD738D6EDDD5AB402,Normal,Normal
13644,2025-11-27 12:44:50,23,Logout,SD738D6EDDD5AB402,Normal,Normal
13645,2025-11-27 13:18:45,29,Login,S9F690CDE7EAA7A91,Normal,Normal
13646,2025-11-27 13:20:49,29,Lihat Perkara,S9F690CDE7EAA7A91,Normal,Normal
13647,2025-11-27 13:22:50,29,Cari Berkas,S9F690CDE7EAA7A91,Normal,Normal
13648,2025-11-27 13:23:05,29,Logout,S9F690CDE7EAA7A91,Normal,Normal
13653,2025-11-27 14:51:21,68,Login,S5B27E6D7D185EF8C,Normal,Normal
13654,2025-11-27 14:52:58,68,Lihat Perkara,S5B27E6D7D185EF8C,Normal,Normal
13655,2025-11-27 14:53:54,68,Cari Berkas,S5B27E6D7D185EF8C,Normal,Normal
13656,2025-11-27 14:56:29,68,Logout,S5B27E6D7D185EF8C,Normal,Normal
13661,2025-11-27 16:24:35,38,Login,S72B2A57FC9827A9D,Normal,Normal
13662,2025-11-27 16:25:09,38,Lihat Perkara,S72B2A57FC9827A9D,Normal,Normal
13663,2025-11-27 16:26:29,38,Cari Berkas,S72B2A57FC9827A9D,Normal,Normal
13664,2025-11-27 16:28:27,38,Logout,S72B2A57FC9827A9D,Normal,Normal
13665,2025-11-27 16:29:38,48,Login,S0E8301F552CA728B,Normal,Normal
13666,2025-11-27 16:30:17,48,Lihat Perkara,S0E8301F552CA728B,Normal,Normal
13667,2025-11-27 16:31:34,48,Lihat Berkas,S0E8301F552CA728B,Normal,Normal
13668,2025-11-27 16:33:34,48,Input Berkas,S0E8301F552CA728B,Normal,Normal
13669,2025-11-27 16:36:34,48,Verifikasi,S0E8301F552CA728B,Normal,Normal
13670,2025-11-27 16:38:00,48,Logout,S0E8301F552CA728B,Normal,Normal
13671,2025-11-27 16:48:28,38,Login,SAFFC140CC995E892,Normal,Normal
13672,2025-11-27 16:49:10,38,Lihat Perkara,SAFFC140CC995E892,Normal,Normal
13673,2025-11-27 16:49:50,38,Cari Berkas,SAFFC140CC995E892,Normal,Normal
13674,2025-11-27 16:52:28,38,Logout,SAFFC140CC995E892,Normal,Normal
13675,2025-11-28 03:55:55,75,Login,SDFFBDC2DBFFBCE28,login_luar_jam,Low
13676,2025-11-28 10:21:48,31,Login,SA8097A77603ECFEF,Normal,Normal
13677,2025-11-28 10:22:26,31,Lihat Perkara,SA8097A77603ECFEF,Normal,Normal
13678,2025-11-28 10:23:23,31,Cari Berkas,SA8097A77603ECFEF,Normal,Normal
13679,2025-11-28 10:24:37,31,Logout,SA8097A77603ECFEF,Normal,Normal
13680,2025-11-28 10:29:53,38,Login,S8C60D08738AD82B0,Normal,Normal
13681,2025-11-28 10:31:42,38,Lihat Perkara,S8C60D08738AD82B0,Normal,Normal
13682,2025-11-28 10:34:01,38,Cari Berkas,S8C60D08738AD82B0,Normal,Normal
13683,2025-11-28 10:35:29,38,Logout,S8C60D08738AD82B0,Normal,Normal
13696,2025-11-28 16:34:05,80,Login,S461C5E81E79CE3E5,Normal,Normal
13697,2025-11-28 16:34:59,80,Lihat Perkara,S461C5E81E79CE3E5,device_berubah,Low
13698,2025-11-28 16:35:12,80,Cari Berkas,S461C5E81E79CE3E5,Normal,Normal
13699,2025-11-28 16:37:14,80,Logout,S461C5E81E79CE3E5,Normal,Normal
13700,2025-11-28 16:56:31,75,Lihat Perkara,SDFFBDC2DBFFBCE28,Normal,Normal
13701,2025-11-28 16:56:50,75,Cari Berkas,SDFFBDC2DBFFBCE28,Normal,Normal
13702,2025-11-28 16:58:34,75,Logout,SDFFBDC2DBFFBCE28,Normal,Normal
13703,2025-11-29 07:09:36,86,Login,SC08BD674D2DD3E26,Normal,Normal
13704,2025-11-29 07:10:15,86,Lihat Perkara,SC08BD674D2DD3E26,Normal,Normal
13705,2025-11-29 07:11:53,86,Cari Berkas,SC08BD674D2DD3E26,Normal,Normal
13706,2025-11-29 07:13:57,86,Logout,SC08BD674D2DD3E26,Normal,Normal
13707,2025-11-29 07:41:14,61,Login,S34EBC64428B12FD2,Normal,Normal
13708,2025-11-29 07:41:57,61,Lihat Perkara,S34EBC64428B12FD2,Normal,Normal
13709,2025-11-29 07:44:42,61,Cari Berkas,S34EBC64428B12FD2,Normal,Normal
13710,2025-11-29 07:47:25,61,Logout,S34EBC64428B12FD2,Normal,Normal
13711,2025-11-29 07:48:11,72,Login,S007FB3CBCF735AFA,Normal,Normal
13712,2025-11-29 07:50:45,72,Lihat Perkara,S007FB3CBCF735AFA,Normal,Normal
13713,2025-11-29 07:52:46,72,Cari Berkas,S007FB3CBCF735AFA,Normal,Normal
13714,2025-11-29 07:55:19,72,Logout,S007FB3CBCF735AFA,Normal,Normal
13727,2025-11-29 09:22:05,35,Login,S84308E0C3FE604F4,device_berubah,Low
13728,2025-11-29 09:24:47,35,Lihat Perkara,S84308E0C3FE604F4,Normal,Normal
13729,2025-11-29 09:26:42,35,Cari Berkas,S84308E0C3FE604F4,Normal,Normal
13730,2025-11-29 09:28:13,35,Logout,S84308E0C3FE604F4,Normal,Normal
13731,2025-11-29 09:59:07,47,Login,SB11464AA52F69081,Normal,Normal
13732,2025-11-29 09:59:48,47,Lihat Perkara,SB11464AA52F69081,Normal,Normal
13733,2025-11-29 10:00:21,47,Cari Berkas,SB11464AA52F69081,Normal,Normal
13734,2025-11-29 10:01:00,47,Logout,SB11464AA52F69081,Normal,Normal
13741,2025-11-29 11:12:27,31,Login,S0F081AD75F29E42B,Normal,Normal
13743,2025-11-29 11:15:06,31,Lihat Perkara,S0F081AD75F29E42B,Normal,Normal
13745,2025-11-29 11:16:32,31,Cari Berkas,S0F081AD75F29E42B,Normal,Normal
13747,2025-11-29 11:17:45,31,Logout,S0F081AD75F29E42B,Normal,Normal
13749,2025-11-29 11:28:59,37,Login,S12D9EBBD81D28054,Normal,Normal
13750,2025-11-29 11:29:49,37,Lihat Perkara,S12D9EBBD81D28054,Normal,Normal
13751,2025-11-29 11:31:45,37,Cari Berkas,S12D9EBBD81D28054,Normal,Normal
13752,2025-11-29 11:33:18,37,Logout,S12D9EBBD81D28054,Normal,Normal
13757,2025-11-29 13:12:59,65,Login,S76E9EFDC47E4B3F3,Normal,Normal
13758,2025-11-29 13:14:26,65,Lihat Perkara,S76E9EFDC47E4B3F3,Normal,Normal
13759,2025-11-29 13:16:53,65,Cari Berkas,S76E9EFDC47E4B3F3,Normal,Normal
13760,2025-11-29 13:19:37,65,Logout,S76E9EFDC47E4B3F3,Normal,Normal
13761,2025-11-29 14:02:11,28,Login,S4AE0FD7A04E25132,Normal,Normal
13762,2025-11-29 14:03:20,28,Lihat Perkara,S4AE0FD7A04E25132,Normal,Normal
13763,2025-11-29 14:05:07,28,Cari Berkas,S4AE0FD7A04E25132,Normal,Normal
13764,2025-11-29 14:07:27,28,Logout,S4AE0FD7A04E25132,Normal,Normal
13770,2025-11-30 06:28:25,35,Login,SF8743719B34B5F07,login_luar_jam,Low
13771,2025-11-30 06:32:56,67,Login,S3F596F0C889339DF,login_luar_jam,Low
13772,2025-11-30 07:35:44,67,Lihat Perkara,S3F596F0C889339DF,Normal,Normal
13773,2025-11-30 07:37:27,67,Cari Berkas,S3F596F0C889339DF,Normal,Normal
13774,2025-11-30 07:38:38,67,Logout,S3F596F0C889339DF,Normal,Normal
13779,2025-11-30 09:04:25,50,Login,SA090D3F828223984,Normal,Normal
13780,2025-11-30 09:06:20,50,Lihat Perkara,SA090D3F828223984,Normal,Normal
13781,2025-11-30 09:08:54,50,Cari Berkas,SA090D3F828223984,Normal,Normal
13782,2025-11-30 09:10:15,50,Logout,SA090D3F828223984,Normal,Normal
13791,2025-11-30 10:07:29,38,Login,S21F257F24E3DC31A,Normal,Normal
13792,2025-11-30 10:10:24,38,Lihat Perkara,S21F257F24E3DC31A,aktivitas_terlalu_cepat,Medium
13793,2025-11-30 10:11:17,38,Cari Berkas,S21F257F24E3DC31A,Normal,Normal
13794,2025-11-30 10:12:36,38,Logout,S21F257F24E3DC31A,Normal,Normal
13795,2025-11-30 10:31:13,35,Lihat Perkara,SF8743719B34B5F07,Normal,Normal
13796,2025-11-30 10:33:53,35,Cari Berkas,SF8743719B34B5F07,Normal,Normal
13797,2025-11-30 10:36:42,35,Logout,SF8743719B34B5F07,Normal,Normal
13801,2025-11-30 12:17:02,86,Login,SE738EB305A04D51D,Normal,Normal
13802,2025-11-30 12:19:59,86,Lihat Perkara,SE738EB305A04D51D,Normal,Normal
13803,2025-11-30 12:21:46,86,Cari Berkas,SE738EB305A04D51D,Normal,Normal
13804,2025-11-30 12:22:01,86,Logout,SE738EB305A04D51D,Normal,Normal
13811,2025-12-01 01:18:46,73,Login,S7C73A16602F77979,login_luar_jam,Low
13812,2025-12-01 02:48:21,51,Login,SC0A7AD9CA5ACCD5A,login_luar_jam,Low
13813,2025-12-01 06:38:26,82,Login,S37C2DCD6B71FA379,login_luar_jam,Low
13814,2025-12-01 09:01:28,28,Login,SB1CECCBA56E6E186,Normal,Normal
13815,2025-12-01 09:02:10,28,Lihat Perkara,SB1CECCBA56E6E186,Normal,Normal
13816,2025-12-01 09:03:14,28,Cari Berkas,SB1CECCBA56E6E186,Normal,Normal
13817,2025-12-01 09:05:01,28,Logout,SB1CECCBA56E6E186,Normal,Normal
13818,2025-12-01 09:42:31,54,Login,S47CB178220770CC9,Normal,Normal
13819,2025-12-01 09:43:56,54,Lihat Perkara,S47CB178220770CC9,Normal,Normal
13820,2025-12-01 09:44:06,54,Lihat Berkas,S47CB178220770CC9,Normal,Normal
13821,2025-12-01 09:45:52,54,Input Berkas,S47CB178220770CC9,Normal,Normal
13822,2025-12-01 09:47:50,54,Verifikasi,S47CB178220770CC9,Normal,Normal
13823,2025-12-01 09:48:45,54,Logout,S47CB178220770CC9,ip_berubah,Low
13824,2025-12-01 09:49:01,51,Lihat Perkara,SC0A7AD9CA5ACCD5A,aktivitas_terlalu_cepat,Medium
13825,2025-12-01 09:50:27,51,Cari Berkas,SC0A7AD9CA5ACCD5A,Normal,Normal
13826,2025-12-01 09:52:42,51,Logout,SC0A7AD9CA5ACCD5A,Normal,Normal
13831,2025-12-01 11:39:22,82,Lihat Perkara,S37C2DCD6B71FA379,Normal,Normal
13832,2025-12-01 11:41:58,82,Cari Berkas,S37C2DCD6B71FA379,Normal,Normal
13833,2025-12-01 11:42:12,82,Logout,S37C2DCD6B71FA379,Normal,Normal
13834,2025-12-01 11:57:46,41,Login,SE0F13DB6F0B5B7B3,Normal,Normal
13835,2025-12-01 11:59:40,41,Lihat Perkara,SE0F13DB6F0B5B7B3,Normal,Normal
13836,2025-12-01 11:59:52,41,Cari Berkas,SE0F13DB6F0B5B7B3,Normal,Normal
13837,2025-12-01 12:01:48,41,Logout,SE0F13DB6F0B5B7B3,Normal,Normal
13838,2025-12-01 12:48:19,39,Login,S1A102949331FE7C7,Normal,Normal
13839,2025-12-01 12:51:19,39,Lihat Perkara,S1A102949331FE7C7,Normal,Normal
13840,2025-12-01 12:51:53,39,Cari Berkas,S1A102949331FE7C7,device_berubah,Low
13841,2025-12-01 12:54:14,39,Logout,S1A102949331FE7C7,Normal,Normal
13842,2025-12-01 13:37:31,26,Login,SBDAB55FF3458E9BD,Normal,Normal
13843,2025-12-01 13:38:31,26,Lihat Perkara,SBDAB55FF3458E9BD,Normal,Normal
13844,2025-12-01 13:40:42,26,Cari Berkas,SBDAB55FF3458E9BD,Normal,Normal
13845,2025-12-01 13:43:33,26,Logout,SBDAB55FF3458E9BD,Normal,Normal
13846,2025-12-01 14:20:44,73,Lihat Perkara,S7C73A16602F77979,Normal,Normal
13847,2025-12-01 14:21:07,73,Cari Berkas,S7C73A16602F77979,Normal,Normal
13848,2025-12-01 14:22:34,73,Logout,S7C73A16602F77979,Normal,Normal
13849,2025-12-01 15:06:11,63,Login,SA1E09BF146748EE4,Normal,Normal
13850,2025-12-01 15:07:55,63,Lihat Perkara,SA1E09BF146748EE4,Normal,Normal
13851,2025-12-01 15:08:07,63,Cari Berkas,SA1E09BF146748EE4,ip_berubah,Low
13852,2025-12-01 15:08:47,63,Logout,SA1E09BF146748EE4,Normal,Normal
13853,2025-12-01 16:18:33,40,Login,S46F58AE67A5C28CA,Normal,Normal
13854,2025-12-01 16:19:32,40,Lihat Perkara,S46F58AE67A5C28CA,Normal,Normal
13855,2025-12-01 16:19:56,40,Cari Berkas,S46F58AE67A5C28CA,ip_berubah,Low
13856,2025-12-01 16:22:42,40,Logout,S46F58AE67A5C28CA,Normal,Normal
13857,2025-12-02 05:28:28,51,Login,S6955C00B8E7EFBC3,login_luar_jam,Low
13858,2025-12-02 11:29:10,51,Lihat Perkara,S6955C00B8E7EFBC3,Normal,Normal
13859,2025-12-02 11:31:51,51,Cari Berkas,S6955C00B8E7EFBC3,Normal,Normal
13860,2025-12-02 11:34:47,51,Logout,S6955C00B8E7EFBC3,Normal,Normal
13865,2025-12-03 02:27:45,28,Login,S3F8C1097C4DA2C2E,login_luar_jam,Low
13866,2025-12-03 08:52:56,38,Login,S8E3898B3383325B8,Normal,Normal
13867,2025-12-03 08:55:27,38,Lihat Perkara,S8E3898B3383325B8,Normal,Normal
13868,2025-12-03 08:56:20,38,Cari Berkas,S8E3898B3383325B8,Normal,Normal
13869,2025-12-03 08:58:40,38,Logout,S8E3898B3383325B8,Normal,Normal
13870,2025-12-03 09:44:14,47,Login,SDA003F16B9469BCF,Normal,Normal
13871,2025-12-03 09:45:49,47,Lihat Perkara,SDA003F16B9469BCF,Normal,Normal
13872,2025-12-03 09:46:19,47,Cari Berkas,SDA003F16B9469BCF,Normal,Normal
13873,2025-12-03 09:48:58,47,Logout,SDA003F16B9469BCF,Normal,Normal
13880,2025-12-03 12:18:40,36,Login,S0D36F5E492A6F3E6,Normal,Normal
13881,2025-12-03 12:21:29,36,Lihat Perkara,S0D36F5E492A6F3E6,Normal,Normal
13882,2025-12-03 12:21:45,36,Cari Berkas,S0D36F5E492A6F3E6,Normal,Normal
13883,2025-12-03 12:23:08,36,Logout,S0D36F5E492A6F3E6,Normal,Normal
13888,2025-12-03 13:26:59,56,Login,SC9B0088AB969150E,Normal,Normal
13889,2025-12-03 13:27:17,56,Lihat Perkara,SC9B0088AB969150E,Normal,Normal
13890,2025-12-03 13:28:37,28,Lihat Perkara,S3F8C1097C4DA2C2E,Normal,Normal
13891,2025-12-03 13:29:02,78,Login,S0C379BC0506DF86A,Normal,Normal
13892,2025-12-03 13:30:00,56,Cari Berkas,SC9B0088AB969150E,Normal,Normal
13893,2025-12-03 13:31:32,28,Cari Berkas,S3F8C1097C4DA2C2E,Normal,Normal
13894,2025-12-03 13:31:39,56,Logout,SC9B0088AB969150E,Normal,Normal
13895,2025-12-03 13:31:54,78,Lihat Perkara,S0C379BC0506DF86A,Normal,Normal
13896,2025-12-03 13:32:51,78,Cari Berkas,S0C379BC0506DF86A,Normal,Normal
13897,2025-12-03 13:33:33,78,Logout,S0C379BC0506DF86A,Normal,Normal
13898,2025-12-03 13:34:18,28,Logout,S3F8C1097C4DA2C2E,Normal,Normal
13899,2025-12-03 13:52:19,49,Login,S7501F85B02860877,Normal,Normal
13900,2025-12-03 13:54:19,49,Lihat Perkara,S7501F85B02860877,Normal,Normal
13901,2025-12-03 13:55:41,49,Cari Berkas,S7501F85B02860877,Normal,Normal
13902,2025-12-03 13:58:33,49,Logout,S7501F85B02860877,Normal,Normal
13903,2025-12-03 14:43:26,65,Login,S7E27CA2CD6F3C4DC,Normal,Normal
13904,2025-12-03 14:45:05,65,Lihat Perkara,S7E27CA2CD6F3C4DC,Normal,Normal
13905,2025-12-03 14:47:47,65,Cari Berkas,S7E27CA2CD6F3C4DC,Normal,Normal
13906,2025-12-03 14:49:37,65,Logout,S7E27CA2CD6F3C4DC,Normal,Normal
13907,2025-12-03 15:20:21,49,Login,SFEBEA834BFFFD800,Normal,Normal
13908,2025-12-03 15:23:19,49,Lihat Perkara,SFEBEA834BFFFD800,Normal,Normal
13909,2025-12-03 15:23:49,49,Cari Berkas,SFEBEA834BFFFD800,Normal,Normal
13910,2025-12-03 15:25:24,49,Logout,SFEBEA834BFFFD800,Normal,Normal
13911,2025-12-03 15:31:41,58,Login,S9A233BE3EBF6DD32,Normal,Normal
13912,2025-12-03 15:32:24,58,Lihat Perkara,S9A233BE3EBF6DD32,Normal,Normal
13913,2025-12-03 15:33:49,58,Cari Berkas,S9A233BE3EBF6DD32,Normal,Normal
13914,2025-12-03 15:35:38,58,Logout,S9A233BE3EBF6DD32,Normal,Normal
13915,2025-12-04 02:39:36,45,Login,S96BFAE6E37850B5C,login_luar_jam,Low
13916,2025-12-04 03:29:26,21,Login,SFA9873B9A701D096,login_luar_jam,Low
13917,2025-12-04 07:32:40,19,Login,SFB8FE79977785AB1,Normal,Normal
13918,2025-12-04 07:34:47,19,Lihat Perkara,SFB8FE79977785AB1,Normal,Normal
13919,2025-12-04 07:37:11,19,Cari Berkas,SFB8FE79977785AB1,Normal,Normal
13920,2025-12-04 07:37:41,19,Logout,SFB8FE79977785AB1,Normal,Normal
13921,2025-12-04 07:57:18,24,Login,S63ACA07B34BCA6B4,Normal,Normal
13922,2025-12-04 07:59:14,24,Lihat Perkara,S63ACA07B34BCA6B4,Normal,Normal
13923,2025-12-04 08:02:09,24,Cari Berkas,S63ACA07B34BCA6B4,Normal,Normal
13924,2025-12-04 08:02:51,24,Logout,S63ACA07B34BCA6B4,Normal,Normal
13925,2025-12-04 08:13:30,37,Login,SA04F3F5CEFD10AF8,Normal,Normal
13926,2025-12-04 08:15:14,37,Lihat Perkara,SA04F3F5CEFD10AF8,Normal,Normal
13927,2025-12-04 08:15:46,37,Cari Berkas,SA04F3F5CEFD10AF8,Normal,Normal
13928,2025-12-04 08:17:45,37,Logout,SA04F3F5CEFD10AF8,Normal,Normal
13929,2025-12-04 08:37:41,46,Login,S2BA17F78362E17D4,Normal,Normal
13930,2025-12-04 08:37:49,54,Login,SA0FBB1E1D6D8CD81,Normal,Normal
13931,2025-12-04 08:38:18,46,Lihat Perkara,S2BA17F78362E17D4,Normal,Normal
13932,2025-12-04 08:39:26,54,Lihat Perkara,SA0FBB1E1D6D8CD81,Normal,Normal
13933,2025-12-04 08:40:19,46,Cari Berkas,S2BA17F78362E17D4,Normal,Normal
13934,2025-12-04 08:40:36,46,Logout,S2BA17F78362E17D4,Normal,Normal
13935,2025-12-04 08:41:39,54,Lihat Berkas,SA0FBB1E1D6D8CD81,Normal,Normal
13936,2025-12-04 08:42:46,54,Input Berkas,SA0FBB1E1D6D8CD81,Normal,Normal
13937,2025-12-04 08:45:11,54,Verifikasi,SA0FBB1E1D6D8CD81,Normal,Normal
13938,2025-12-04 08:48:10,54,Logout,SA0FBB1E1D6D8CD81,Normal,Normal
13939,2025-12-04 10:15:41,79,Login,SD0B76855D607BB17,Normal,Normal
13940,2025-12-04 10:17:51,79,Lihat Perkara,SD0B76855D607BB17,Normal,Normal
13941,2025-12-04 10:18:42,79,Cari Berkas,SD0B76855D607BB17,Normal,Normal
13942,2025-12-04 10:20:03,79,Logout,SD0B76855D607BB17,Normal,Normal
13943,2025-12-04 10:20:12,40,Login,S55AD3F699847D82E,Normal,Normal
13944,2025-12-04 10:23:05,40,Lihat Perkara,S55AD3F699847D82E,Normal,Normal
13945,2025-12-04 10:24:49,40,Cari Berkas,S55AD3F699847D82E,Normal,Normal
13946,2025-12-04 10:26:41,40,Logout,S55AD3F699847D82E,Normal,Normal
13947,2025-12-04 11:33:37,50,Login,S44CCA0575C9808F4,Normal,Normal
13948,2025-12-04 11:36:34,50,Lihat Perkara,S44CCA0575C9808F4,Normal,Normal
13949,2025-12-04 11:39:19,50,Cari Berkas,S44CCA0575C9808F4,Normal,Normal
13950,2025-12-04 11:39:32,50,Logout,S44CCA0575C9808F4,Normal,Normal
13951,2025-12-04 12:33:52,72,Login,S9DC89E1A540E7D01,Normal,Normal
13952,2025-12-04 12:36:31,72,Lihat Perkara,S9DC89E1A540E7D01,Normal,Normal
13953,2025-12-04 12:37:20,72,Cari Berkas,S9DC89E1A540E7D01,Normal,Normal
13954,2025-12-04 12:39:54,72,Logout,S9DC89E1A540E7D01,Normal,Normal
13955,2025-12-04 14:50:51,41,Login,S2F369832611B92AB,Normal,Normal
13956,2025-12-04 14:53:17,41,Lihat Perkara,S2F369832611B92AB,Normal,Normal
13957,2025-12-04 14:53:40,41,Cari Berkas,S2F369832611B92AB,durasi_tidak_wajar,Medium
13958,2025-12-04 14:56:39,41,Logout,S2F369832611B92AB,Normal,Normal
13959,2025-12-04 15:31:18,21,Lihat Perkara,SFA9873B9A701D096,Normal,Normal
13960,2025-12-04 15:32:05,21,Cari Berkas,SFA9873B9A701D096,Normal,Normal
13961,2025-12-04 15:33:57,73,Login,S52DBF103F9AC576D,Normal,Normal
13962,2025-12-04 15:34:52,21,Logout,SFA9873B9A701D096,Normal,Normal
13963,2025-12-04 15:35:58,73,Lihat Perkara,S52DBF103F9AC576D,Normal,Normal
13964,2025-12-04 15:37:02,73,Cari Berkas,S52DBF103F9AC576D,ip_berubah,Low
13965,2025-12-04 15:39:17,73,Logout,S52DBF103F9AC576D,Normal,Normal
13966,2025-12-04 15:41:42,45,Lihat Perkara,S96BFAE6E37850B5C,Normal,Normal
13967,2025-12-04 15:43:36,45,Cari Berkas,S96BFAE6E37850B5C,Normal,Normal
13968,2025-12-04 15:45:39,45,Logout,S96BFAE6E37850B5C,Normal,Normal
13969,2025-12-04 16:43:58,76,Login,S781F62599324E145,Normal,Normal
13970,2025-12-04 16:45:01,76,Lihat Perkara,S781F62599324E145,Normal,Normal
13971,2025-12-04 16:46:50,76,Cari Berkas,S781F62599324E145,Normal,Normal
13972,2025-12-04 16:48:41,56,Login,S10372A5CB893B08A,Normal,Normal
13974,2025-12-04 16:48:53,76,Logout,S781F62599324E145,Normal,Normal
13976,2025-12-04 16:50:30,56,Lihat Perkara,S10372A5CB893B08A,Normal,Normal
13978,2025-12-04 16:51:28,56,Cari Berkas,S10372A5CB893B08A,Normal,Normal
13979,2025-12-04 16:53:52,56,Logout,S10372A5CB893B08A,Normal,Normal
13981,2025-12-05 03:32:13,1,Login,S81CB5117903DD47E,login_luar_jam,Low
13982,2025-12-05 07:24:34,22,Login,SA34293218EB4E2B4,Normal,Normal
13983,2025-12-05 07:26:15,22,Lihat Perkara,SA34293218EB4E2B4,Normal,Normal
13984,2025-12-05 07:28:21,22,Cari Berkas,SA34293218EB4E2B4,Normal,Normal
13985,2025-12-05 07:28:36,22,Logout,SA34293218EB4E2B4,Normal,Normal
13986,2025-12-05 07:38:55,39,Login,S8EE43F7FD7680657,Normal,Normal
13987,2025-12-05 07:41:47,39,Lihat Perkara,S8EE43F7FD7680657,Normal,Normal
13988,2025-12-05 07:44:37,39,Cari Berkas,S8EE43F7FD7680657,Normal,Normal
13989,2025-12-05 07:44:49,39,Logout,S8EE43F7FD7680657,ip_berubah,Low
13990,2025-12-05 09:05:03,31,Login,SD0794A0456174D9E,Normal,Normal
13991,2025-12-05 09:07:45,31,Lihat Perkara,SD0794A0456174D9E,Normal,Normal
13992,2025-12-05 09:09:50,31,Cari Berkas,SD0794A0456174D9E,Normal,Normal
13993,2025-12-05 09:10:13,31,Logout,SD0794A0456174D9E,Normal,Normal
13994,2025-12-05 09:24:37,35,Login,S29D5039AF5260CB1,Normal,Normal
13995,2025-12-05 09:26:01,35,Lihat Perkara,S29D5039AF5260CB1,Normal,Normal
13996,2025-12-05 09:26:24,35,Cari Berkas,S29D5039AF5260CB1,Normal,Normal
13997,2025-12-05 09:28:09,35,Logout,S29D5039AF5260CB1,Normal,Normal
13998,2025-12-05 11:36:45,67,Login,S76F3BA5018302082,Normal,Normal
13999,2025-12-05 11:38:25,67,Lihat Perkara,S76F3BA5018302082,Normal,Normal
14000,2025-12-05 11:39:40,67,Cari Berkas,S76F3BA5018302082,Normal,Normal
14001,2025-12-05 11:42:19,67,Logout,S76F3BA5018302082,Normal,Normal
14002,2025-12-05 13:44:45,59,Login,S6DAA2E688861FE18,Normal,Normal
14003,2025-12-05 13:45:12,59,Lihat Perkara,S6DAA2E688861FE18,Normal,Normal
14004,2025-12-05 13:47:31,59,Cari Berkas,S6DAA2E688861FE18,Normal,Normal
14005,2025-12-05 13:50:26,59,Logout,S6DAA2E688861FE18,Normal,Normal
14006,2025-12-05 13:55:08,38,Login,S95FBE976AE007B7E,Normal,Normal
14007,2025-12-05 13:55:39,38,Lihat Perkara,S95FBE976AE007B7E,Normal,Normal
14008,2025-12-05 13:58:27,38,Cari Berkas,S95FBE976AE007B7E,Normal,Normal
14009,2025-12-05 13:59:52,38,Logout,S95FBE976AE007B7E,Normal,Normal
14010,2025-12-05 14:33:11,1,Dashboard,S81CB5117903DD47E,Normal,Normal
14011,2025-12-05 14:35:04,1,Kelola User,S81CB5117903DD47E,device_berubah,Low
14012,2025-12-05 14:37:11,1,Kelola Kode Klasifikasi,S81CB5117903DD47E,Normal,Normal
14013,2025-12-05 14:37:55,29,Login,SCF39F648083F64C3,Normal,Normal
14014,2025-12-05 14:39:36,1,Logout,S81CB5117903DD47E,Normal,Normal
14015,2025-12-05 14:40:42,29,Lihat Perkara,SCF39F648083F64C3,device_berubah,Low
14016,2025-12-05 14:40:56,29,Cari Berkas,SCF39F648083F64C3,Normal,Normal
14017,2025-12-05 14:42:07,29,Logout,SCF39F648083F64C3,Normal,Normal
14018,2025-12-05 15:16:06,6,Login,S8A3F2D1430186D14,Normal,Normal
14019,2025-12-05 15:16:56,6,Lihat Perkara,S8A3F2D1430186D14,Normal,Normal
14020,2025-12-05 15:17:31,6,Lihat Berkas,S8A3F2D1430186D14,Normal,Normal
14021,2025-12-05 15:18:13,6,Input Berkas,S8A3F2D1430186D14,Normal,Normal
14022,2025-12-05 15:18:54,6,Verifikasi,S8A3F2D1430186D14,Normal,Normal
14023,2025-12-05 15:20:37,6,Logout,S8A3F2D1430186D14,Normal,Normal
14028,2025-12-05 16:26:23,34,Login,SB16673B728A5C4A4,Normal,Normal
14029,2025-12-05 16:26:39,34,Lihat Perkara,SB16673B728A5C4A4,Normal,Normal
14030,2025-12-05 16:27:09,34,Cari Berkas,SB16673B728A5C4A4,Normal,Normal
14031,2025-12-05 16:28:01,34,Logout,SB16673B728A5C4A4,Normal,Normal
14040,2025-12-06 15:23:13,45,Login,S07801BDE277D6AF9,Normal,Normal
14041,2025-12-06 15:25:24,45,Lihat Perkara,S07801BDE277D6AF9,Normal,Normal
14042,2025-12-06 15:27:07,45,Cari Berkas,S07801BDE277D6AF9,Normal,Normal
14043,2025-12-06 15:29:31,45,Logout,S07801BDE277D6AF9,Normal,Normal
14048,2025-12-06 16:44:08,36,Login,SC6386AE05E1868C9,Normal,Normal
14049,2025-12-06 16:47:07,36,Lihat Perkara,SC6386AE05E1868C9,Normal,Normal
14050,2025-12-06 16:48:04,36,Cari Berkas,SC6386AE05E1868C9,Normal,Normal
14051,2025-12-06 16:48:54,36,Logout,SC6386AE05E1868C9,Normal,Normal
14052,2025-12-07 00:16:01,56,Login,S34F1F5CD0C4F81AC,login_luar_jam,Low
14055,2025-12-07 08:16:13,56,Lihat Perkara,S34F1F5CD0C4F81AC,Normal,Normal
14056,2025-12-07 08:17:39,56,Cari Berkas,S34F1F5CD0C4F81AC,Normal,Normal
14058,2025-12-07 08:20:34,56,Logout,S34F1F5CD0C4F81AC,Normal,Normal
14061,2025-12-07 10:53:09,65,Login,SEED318FC778237FB,Normal,Normal
14062,2025-12-07 10:54:59,65,Lihat Perkara,SEED318FC778237FB,aktivitas_terlalu_cepat,Medium
14063,2025-12-07 10:56:02,65,Cari Berkas,SEED318FC778237FB,Normal,Normal
14064,2025-12-07 10:56:31,65,Logout,SEED318FC778237FB,Normal,Normal
14065,2025-12-07 13:00:39,61,Login,S11E9CDAA6E6981A3,Normal,Normal
14066,2025-12-07 13:03:28,61,Lihat Perkara,S11E9CDAA6E6981A3,Normal,Normal
14067,2025-12-07 13:04:58,61,Cari Berkas,S11E9CDAA6E6981A3,Normal,Normal
14068,2025-12-07 13:07:57,61,Logout,S11E9CDAA6E6981A3,Normal,Normal
14069,2025-12-07 13:14:35,65,Login,S4635D22A7BE40393,Normal,Normal
14070,2025-12-07 13:16:33,65,Lihat Perkara,S4635D22A7BE40393,Normal,Normal
14071,2025-12-07 13:19:06,65,Cari Berkas,S4635D22A7BE40393,Normal,Normal
14072,2025-12-07 13:20:58,65,Logout,S4635D22A7BE40393,device_berubah,Low
14073,2025-12-07 14:15:14,45,Login,S5C784CA4F0E4CA0B,Normal,Normal
14074,2025-12-07 14:17:00,45,Lihat Perkara,S5C784CA4F0E4CA0B,Normal,Normal
14075,2025-12-07 14:19:46,45,Cari Berkas,S5C784CA4F0E4CA0B,Normal,Normal
14076,2025-12-07 14:20:10,45,Logout,S5C784CA4F0E4CA0B,Normal,Normal
14084,2025-12-08 03:01:07,6,Login,SE8161DEEAF7C02D9,login_luar_jam,Low
14085,2025-12-08 04:38:46,79,Login,S5BC69D21CF055EBE,login_luar_jam,Low
14086,2025-12-08 05:28:01,56,Login,S27D54AB086D66946,login_luar_jam,Low
14087,2025-12-08 08:07:09,66,Login,SD674998A6A97CBCE,aktivitas_terlalu_cepat,Medium
14088,2025-12-08 08:07:35,66,Lihat Perkara,SD674998A6A97CBCE,Normal,Normal
14089,2025-12-08 08:08:34,66,Cari Berkas,SD674998A6A97CBCE,Normal,Normal
14090,2025-12-08 08:10:52,66,Logout,SD674998A6A97CBCE,Normal,Normal
14091,2025-12-08 08:49:14,76,Login,S4A1954EC4A3FCFDA,Normal,Normal
14092,2025-12-08 08:51:54,76,Lihat Perkara,S4A1954EC4A3FCFDA,Normal,Normal
14093,2025-12-08 08:54:10,76,Cari Berkas,S4A1954EC4A3FCFDA,Normal,Normal
14094,2025-12-08 08:55:54,76,Logout,S4A1954EC4A3FCFDA,peminjaman_massal,High
14095,2025-12-08 10:10:15,77,Login,SE94F9C81F7C12030,aktivitas_terlalu_cepat,Medium
14096,2025-12-08 10:10:59,77,Lihat Perkara,SE94F9C81F7C12030,Normal,Normal
14097,2025-12-08 10:11:21,77,Cari Berkas,SE94F9C81F7C12030,Normal,Normal
14098,2025-12-08 10:12:36,77,Logout,SE94F9C81F7C12030,Normal,Normal
14099,2025-12-08 12:11:41,8,Login,SBF821BFBC2142C08,Normal,Normal
14100,2025-12-08 12:13:49,8,Lihat Perkara,SBF821BFBC2142C08,Normal,Normal
14101,2025-12-08 12:15:23,8,Cari Berkas,SBF821BFBC2142C08,ip_berubah,Low
14102,2025-12-08 12:18:13,8,Logout,SBF821BFBC2142C08,Normal,Normal
14103,2025-12-08 13:46:08,66,Login,SD1C735E7A6D7860B,Normal,Normal
14104,2025-12-08 13:48:15,66,Lihat Perkara,SD1C735E7A6D7860B,Normal,Normal
14105,2025-12-08 13:50:33,66,Cari Berkas,SD1C735E7A6D7860B,Normal,Normal
14106,2025-12-08 13:52:21,66,Logout,SD1C735E7A6D7860B,Normal,Normal
14107,2025-12-08 14:41:28,79,Lihat Perkara,S5BC69D21CF055EBE,Normal,Normal
14108,2025-12-08 14:43:32,79,Cari Berkas,S5BC69D21CF055EBE,Normal,Normal
14109,2025-12-08 14:45:39,79,Logout,S5BC69D21CF055EBE,Normal,Normal
14110,2025-12-08 16:01:17,6,Lihat Perkara,SE8161DEEAF7C02D9,ip_berubah,Low
14111,2025-12-08 16:02:54,6,Lihat Berkas,SE8161DEEAF7C02D9,Normal,Normal
14112,2025-12-08 16:04:44,6,Input Berkas,SE8161DEEAF7C02D9,Normal,Normal
14113,2025-12-08 16:05:09,6,Verifikasi,SE8161DEEAF7C02D9,Normal,Normal
14114,2025-12-08 16:06:45,6,Logout,SE8161DEEAF7C02D9,Normal,Normal
14115,2025-12-08 16:29:22,56,Lihat Perkara,S27D54AB086D66946,Normal,Normal
14116,2025-12-08 16:32:04,56,Cari Berkas,S27D54AB086D66946,Normal,Normal
14117,2025-12-08 16:33:16,56,Logout,S27D54AB086D66946,Normal,Normal
14122,2025-12-09 09:32:45,71,Login,S002EFE4422C495CE,peminjaman_massal,High
14123,2025-12-09 09:33:02,71,Lihat Perkara,S002EFE4422C495CE,peminjaman_massal,High
14124,2025-12-09 09:34:09,71,Cari Berkas,S002EFE4422C495CE,Normal,Normal
14125,2025-12-09 09:37:01,71,Logout,S002EFE4422C495CE,Normal,Normal
14126,2025-12-09 10:35:19,29,Login,SEF5E0D74FE2E7C0F,Normal,Normal
14127,2025-12-09 10:38:11,29,Lihat Perkara,SEF5E0D74FE2E7C0F,Normal,Normal
14128,2025-12-09 10:39:43,29,Cari Berkas,SEF5E0D74FE2E7C0F,ip_berubah,Low
14129,2025-12-09 10:41:07,29,Logout,SEF5E0D74FE2E7C0F,Normal,Normal
14134,2025-12-09 11:43:23,68,Login,S36CF94298657D8FF,Normal,Normal
14135,2025-12-09 11:44:20,68,Lihat Perkara,S36CF94298657D8FF,Normal,Normal
14136,2025-12-09 11:44:43,68,Cari Berkas,S36CF94298657D8FF,Normal,Normal
14137,2025-12-09 11:45:16,68,Logout,S36CF94298657D8FF,Normal,Normal
14138,2025-12-09 12:03:58,80,Login,S7B32AADB1F41C851,Normal,Normal
14139,2025-12-09 12:04:29,80,Lihat Perkara,S7B32AADB1F41C851,Normal,Normal
14140,2025-12-09 12:06:10,80,Cari Berkas,S7B32AADB1F41C851,Normal,Normal
14141,2025-12-09 12:06:43,80,Logout,S7B32AADB1F41C851,Normal,Normal
14146,2025-12-09 13:53:57,74,Login,S9C3EB2D591E1AA96,Normal,Normal
14147,2025-12-09 13:55:33,74,Lihat Perkara,S9C3EB2D591E1AA96,Normal,Normal
14148,2025-12-09 13:55:50,74,Cari Berkas,S9C3EB2D591E1AA96,Normal,Normal
14149,2025-12-09 13:58:06,74,Logout,S9C3EB2D591E1AA96,Normal,Normal
14154,2025-12-10 07:47:05,78,Login,S28E601302D238ED1,ip_berubah,Low
14155,2025-12-10 07:47:28,78,Lihat Perkara,S28E601302D238ED1,Normal,Normal
14158,2025-12-10 07:50:23,78,Cari Berkas,S28E601302D238ED1,Normal,Normal
14160,2025-12-10 07:52:06,78,Logout,S28E601302D238ED1,Normal,Normal
14166,2025-12-10 13:47:52,54,Login,SFEC21BBE66245BFA,Normal,Normal
14167,2025-12-10 13:49:54,54,Lihat Perkara,SFEC21BBE66245BFA,Normal,Normal
14168,2025-12-10 13:52:16,54,Lihat Berkas,SFEC21BBE66245BFA,Normal,Normal
14169,2025-12-10 13:54:21,54,Input Berkas,SFEC21BBE66245BFA,Normal,Normal
14170,2025-12-10 13:55:01,54,Verifikasi,SFEC21BBE66245BFA,peminjaman_massal,High
14171,2025-12-10 13:56:14,54,Logout,SFEC21BBE66245BFA,Normal,Normal
14176,2025-12-11 09:24:54,52,Login,S586528E6AFC5C20E,Normal,Normal
14177,2025-12-11 09:27:50,52,Lihat Perkara,S586528E6AFC5C20E,Normal,Normal
14178,2025-12-11 09:28:45,52,Cari Berkas,S586528E6AFC5C20E,Normal,Normal
14179,2025-12-11 09:31:03,52,Logout,S586528E6AFC5C20E,Normal,Normal
14180,2025-12-11 10:01:50,28,Login,SEE15FD4E04459990,Normal,Normal
14181,2025-12-11 10:02:57,28,Lihat Perkara,SEE15FD4E04459990,Normal,Normal
14182,2025-12-11 10:05:16,28,Cari Berkas,SEE15FD4E04459990,Normal,Normal
14183,2025-12-11 10:07:29,28,Logout,SEE15FD4E04459990,Normal,Normal
14190,2025-12-11 12:21:57,69,Login,S33A653ABBB5B7DED,Normal,Normal
14191,2025-12-11 12:23:04,69,Lihat Perkara,S33A653ABBB5B7DED,Normal,Normal
14192,2025-12-11 12:23:30,69,Cari Berkas,S33A653ABBB5B7DED,Normal,Normal
14193,2025-12-11 12:25:32,69,Logout,S33A653ABBB5B7DED,Normal,Normal
14194,2025-12-11 12:40:21,83,Login,SCD50883A9B1025A3,Normal,Normal
14195,2025-12-11 12:41:26,83,Lihat Perkara,SCD50883A9B1025A3,Normal,Normal
14196,2025-12-11 12:42:35,83,Cari Berkas,SCD50883A9B1025A3,Normal,Normal
14197,2025-12-11 12:45:30,83,Logout,SCD50883A9B1025A3,Normal,Normal
14198,2025-12-11 13:28:59,32,Login,S6E59AC18EAE8BA56,Normal,Normal
14199,2025-12-11 13:29:24,32,Lihat Perkara,S6E59AC18EAE8BA56,Normal,Normal
14200,2025-12-11 13:30:55,32,Cari Berkas,S6E59AC18EAE8BA56,device_berubah,Low
14201,2025-12-11 13:31:54,32,Logout,S6E59AC18EAE8BA56,Normal,Normal
14210,2025-12-12 05:04:33,49,Login,S75F13F4CA5FEFFCC,login_luar_jam,Low
14215,2025-12-12 07:56:34,70,Login,S4D7EB8B042A39FB9,Normal,Normal
14216,2025-12-12 07:57:03,70,Lihat Perkara,S4D7EB8B042A39FB9,Normal,Normal
14217,2025-12-12 07:59:47,70,Cari Berkas,S4D7EB8B042A39FB9,Normal,Normal
14218,2025-12-12 08:02:01,27,Login,SC8CEA36BDBD0C831,Normal,Normal
14219,2025-12-12 08:02:08,70,Logout,S4D7EB8B042A39FB9,Normal,Normal
14220,2025-12-12 08:02:20,27,Lihat Perkara,SC8CEA36BDBD0C831,Normal,Normal
14221,2025-12-12 08:04:16,27,Cari Berkas,SC8CEA36BDBD0C831,Normal,Normal
14222,2025-12-12 08:05:29,27,Logout,SC8CEA36BDBD0C831,Normal,Normal
14223,2025-12-12 08:13:00,29,Login,SE0EC2C75687403A0,Normal,Normal
14224,2025-12-12 08:15:58,29,Lihat Perkara,SE0EC2C75687403A0,Normal,Normal
14225,2025-12-12 08:17:35,29,Cari Berkas,SE0EC2C75687403A0,Normal,Normal
14226,2025-12-12 08:18:34,29,Logout,SE0EC2C75687403A0,Normal,Normal
14227,2025-12-12 09:44:25,28,Login,S126A9D3C89870D1B,Normal,Normal
14228,2025-12-12 09:45:25,28,Lihat Perkara,S126A9D3C89870D1B,Normal,Normal
14229,2025-12-12 09:46:31,28,Cari Berkas,S126A9D3C89870D1B,Normal,Normal
14230,2025-12-12 09:48:15,28,Logout,S126A9D3C89870D1B,Normal,Normal
14231,2025-12-12 13:07:26,49,Lihat Perkara,S75F13F4CA5FEFFCC,Normal,Normal
14232,2025-12-12 13:08:34,49,Cari Berkas,S75F13F4CA5FEFFCC,Normal,Normal
14233,2025-12-12 13:11:17,49,Logout,S75F13F4CA5FEFFCC,Normal,Normal
14234,2025-12-12 14:43:46,56,Login,S487F70F0E5E4B935,Normal,Normal
14235,2025-12-12 14:46:28,56,Lihat Perkara,S487F70F0E5E4B935,Normal,Normal
14236,2025-12-12 14:48:18,56,Cari Berkas,S487F70F0E5E4B935,Normal,Normal
14237,2025-12-12 14:50:44,56,Logout,S487F70F0E5E4B935,Normal,Normal
14242,2025-12-12 16:31:49,72,Login,S2B24EF63F6F32192,Normal,Normal
14243,2025-12-12 16:32:56,72,Lihat Perkara,S2B24EF63F6F32192,Normal,Normal
14244,2025-12-12 16:33:50,72,Cari Berkas,S2B24EF63F6F32192,Normal,Normal
14245,2025-12-12 16:34:19,72,Logout,S2B24EF63F6F32192,Normal,Normal
14246,2025-12-12 16:42:51,25,Login,S541CDFCDDA0D4A5F,Normal,Normal
14247,2025-12-12 16:44:38,25,Lihat Perkara,S541CDFCDDA0D4A5F,Normal,Normal
14248,2025-12-12 16:46:09,25,Cari Berkas,S541CDFCDDA0D4A5F,Normal,Normal
14249,2025-12-12 16:48:59,25,Logout,S541CDFCDDA0D4A5F,Normal,Normal
14250,2025-12-13 01:28:07,83,Login,S87330652DC01EF9D,login_luar_jam,Low
14251,2025-12-13 04:50:59,79,Login,S54597B42C28A9BE4,login_luar_jam,Low
14252,2025-12-13 05:26:24,65,Login,S0C880714837217E0,login_luar_jam,Low
14253,2025-12-13 07:30:21,76,Login,SAD8A19D7808E67C5,Normal,Normal
14254,2025-12-13 07:32:06,76,Lihat Perkara,SAD8A19D7808E67C5,Normal,Normal
14255,2025-12-13 07:33:41,76,Cari Berkas,SAD8A19D7808E67C5,Normal,Normal
14256,2025-12-13 07:36:40,76,Logout,SAD8A19D7808E67C5,Normal,Normal
14257,2025-12-13 07:52:48,79,Lihat Perkara,S54597B42C28A9BE4,Normal,Normal
14258,2025-12-13 07:54:58,79,Cari Berkas,S54597B42C28A9BE4,Normal,Normal
14259,2025-12-13 07:56:00,79,Logout,S54597B42C28A9BE4,Normal,Normal
14260,2025-12-13 09:28:25,60,Login,S220AE7A589DA9D78,Normal,Normal
14261,2025-12-13 09:30:22,60,Lihat Perkara,S220AE7A589DA9D78,Normal,Normal
14262,2025-12-13 09:31:08,60,Cari Berkas,S220AE7A589DA9D78,Normal,Normal
14263,2025-12-13 09:32:09,60,Logout,S220AE7A589DA9D78,Normal,Normal
14264,2025-12-13 10:06:23,18,Login,S0882DCAACCE5DC31,durasi_tidak_wajar,Medium
14265,2025-12-13 10:06:41,18,Lihat Perkara,S0882DCAACCE5DC31,Normal,Normal
14269,2025-12-13 10:09:08,18,Cari Berkas,S0882DCAACCE5DC31,Normal,Normal
14271,2025-12-13 10:11:43,18,Logout,S0882DCAACCE5DC31,Normal,Normal
14273,2025-12-13 10:38:20,26,Login,S9E3AE7EDE2FBDF5F,Normal,Normal
14274,2025-12-13 10:39:23,26,Lihat Perkara,S9E3AE7EDE2FBDF5F,Normal,Normal
14276,2025-12-13 10:40:56,26,Cari Berkas,S9E3AE7EDE2FBDF5F,Normal,Normal
14279,2025-12-13 10:41:53,26,Logout,S9E3AE7EDE2FBDF5F,Normal,Normal
14284,2025-12-13 12:27:40,65,Lihat Perkara,S0C880714837217E0,Normal,Normal
14285,2025-12-13 12:28:34,65,Cari Berkas,S0C880714837217E0,Normal,Normal
14286,2025-12-13 12:28:51,65,Logout,S0C880714837217E0,Normal,Normal
14287,2025-12-13 13:30:11,83,Lihat Perkara,S87330652DC01EF9D,Normal,Normal
14288,2025-12-13 13:32:10,83,Cari Berkas,S87330652DC01EF9D,Normal,Normal
14289,2025-12-13 13:34:09,83,Logout,S87330652DC01EF9D,Normal,Normal
14290,2025-12-13 14:43:26,83,Login,S690D40B14012B2A4,ip_berubah,Low
14291,2025-12-13 14:45:46,83,Lihat Perkara,S690D40B14012B2A4,Normal,Normal
14292,2025-12-13 14:48:32,83,Cari Berkas,S690D40B14012B2A4,Normal,Normal
14293,2025-12-13 14:51:03,83,Logout,S690D40B14012B2A4,Normal,Normal
14294,2025-12-13 16:39:50,81,Login,S8E144E1FB6B6815C,Normal,Normal
14295,2025-12-13 16:42:31,81,Lihat Perkara,S8E144E1FB6B6815C,Normal,Normal
14296,2025-12-13 16:45:10,81,Cari Berkas,S8E144E1FB6B6815C,Normal,Normal
14297,2025-12-13 16:46:44,81,Logout,S8E144E1FB6B6815C,Normal,Normal
14298,2025-12-14 00:21:37,64,Login,SAB3B4D37560C95EE,login_luar_jam,Low
14300,2025-12-14 03:51:59,35,Login,S51C30102AB582F1A,login_luar_jam,Low
14301,2025-12-14 03:55:39,49,Login,SDDCA24851B8D9838,login_luar_jam,Low
14302,2025-12-14 08:05:21,47,Login,SCFB068CF99C8BC55,Normal,Normal
14303,2025-12-14 08:06:25,47,Lihat Perkara,SCFB068CF99C8BC55,Normal,Normal
14304,2025-12-14 08:09:18,47,Cari Berkas,SCFB068CF99C8BC55,Normal,Normal
14305,2025-12-14 08:09:42,47,Logout,SCFB068CF99C8BC55,Normal,Normal
14306,2025-12-14 10:17:04,84,Login,S07048A39659A69E3,Normal,Normal
14307,2025-12-14 10:17:24,84,Dashboard,S07048A39659A69E3,Normal,Normal
14308,2025-12-14 10:18:32,84,Kelola User,S07048A39659A69E3,Normal,Normal
14309,2025-12-14 10:21:13,84,Kelola Kode Klasifikasi,S07048A39659A69E3,Normal,Normal
14310,2025-12-14 10:21:56,84,Logout,S07048A39659A69E3,Normal,Normal
14311,2025-12-14 11:32:48,29,Login,SE9FEDD4856847457,Normal,Normal
14312,2025-12-14 11:35:16,29,Lihat Perkara,SE9FEDD4856847457,Normal,Normal
14313,2025-12-14 11:35:56,29,Cari Berkas,SE9FEDD4856847457,Normal,Normal
14314,2025-12-14 11:37:20,29,Logout,SE9FEDD4856847457,Normal,Normal
14315,2025-12-14 12:32:38,55,Login,S91FDA27F4CBB7460,Normal,Normal
14316,2025-12-14 12:34:39,55,Lihat Perkara,S91FDA27F4CBB7460,Normal,Normal
14317,2025-12-14 12:36:17,55,Lihat Berkas,S91FDA27F4CBB7460,Normal,Normal
14318,2025-12-14 12:36:49,55,Input Berkas,S91FDA27F4CBB7460,Normal,Normal
14319,2025-12-14 12:39:28,55,Verifikasi,S91FDA27F4CBB7460,Normal,Normal
14320,2025-12-14 12:39:40,55,Logout,S91FDA27F4CBB7460,Normal,Normal
14321,2025-12-14 13:54:52,35,Lihat Perkara,S51C30102AB582F1A,Normal,Normal
14322,2025-12-14 13:57:01,35,Cari Berkas,S51C30102AB582F1A,Normal,Normal
14323,2025-12-14 13:57:11,35,Logout,S51C30102AB582F1A,Normal,Normal
14324,2025-12-14 14:22:29,64,Lihat Perkara,SAB3B4D37560C95EE,Normal,Normal
14325,2025-12-14 14:24:38,64,Cari Berkas,SAB3B4D37560C95EE,Normal,Normal
14326,2025-12-14 14:25:20,64,Logout,SAB3B4D37560C95EE,Normal,Normal
14331,2025-12-14 16:32:35,86,Login,S45DC5BE3B997F6EC,Normal,Normal
14332,2025-12-14 16:35:21,86,Lihat Perkara,S45DC5BE3B997F6EC,Normal,Normal
14333,2025-12-14 16:37:12,86,Cari Berkas,S45DC5BE3B997F6EC,Normal,Normal
14334,2025-12-14 16:38:42,86,Logout,S45DC5BE3B997F6EC,Normal,Normal
14337,2025-12-14 16:46:04,81,Login,SF0A9B97F7557C28C,Normal,Normal
14338,2025-12-14 16:46:52,81,Lihat Perkara,SF0A9B97F7557C28C,Normal,Normal
14340,2025-12-14 16:49:30,81,Cari Berkas,SF0A9B97F7557C28C,Normal,Normal
14341,2025-12-14 16:50:39,81,Logout,SF0A9B97F7557C28C,Normal,Normal
14342,2025-12-14 16:56:46,49,Lihat Perkara,SDDCA24851B8D9838,Normal,Normal
14343,2025-12-14 16:59:05,49,Cari Berkas,SDDCA24851B8D9838,Normal,Normal
14344,2025-12-14 17:00:47,49,Logout,SDDCA24851B8D9838,Normal,Normal
14345,2025-12-15 07:19:44,28,Login,SE84F52ADF60768A0,Normal,Normal
14346,2025-12-15 07:20:01,28,Lihat Perkara,SE84F52ADF60768A0,Normal,Normal
14347,2025-12-15 07:22:27,28,Cari Berkas,SE84F52ADF60768A0,Normal,Normal
14348,2025-12-15 07:25:22,28,Logout,SE84F52ADF60768A0,Normal,Normal
14349,2025-12-15 07:27:00,79,Login,S44B3725C567D8EB7,Normal,Normal
14350,2025-12-15 07:28:02,79,Lihat Perkara,S44B3725C567D8EB7,Normal,Normal
14351,2025-12-15 07:30:40,79,Cari Berkas,S44B3725C567D8EB7,Normal,Normal
14352,2025-12-15 07:30:52,79,Logout,S44B3725C567D8EB7,Normal,Normal
14353,2025-12-15 08:24:55,60,Login,SBEA346770ED70A30,Normal,Normal
14354,2025-12-15 08:27:51,60,Lihat Perkara,SBEA346770ED70A30,Normal,Normal
14355,2025-12-15 08:29:19,60,Cari Berkas,SBEA346770ED70A30,Normal,Normal
14356,2025-12-15 08:30:32,60,Logout,SBEA346770ED70A30,Normal,Normal
14357,2025-12-15 10:28:43,46,Login,SD659D69F4ECAD266,Normal,Normal
14358,2025-12-15 10:28:43,38,Login,SB2B97B7ABDB5F4E4,Normal,Normal
14359,2025-12-15 10:28:56,38,Lihat Perkara,SB2B97B7ABDB5F4E4,Normal,Normal
14360,2025-12-15 10:29:07,38,Cari Berkas,SB2B97B7ABDB5F4E4,Normal,Normal
14361,2025-12-15 10:29:26,46,Lihat Perkara,SD659D69F4ECAD266,Normal,Normal
14362,2025-12-15 10:30:55,46,Cari Berkas,SD659D69F4ECAD266,Normal,Normal
14363,2025-12-15 10:31:18,46,Logout,SD659D69F4ECAD266,Normal,Normal
14364,2025-12-15 10:31:20,38,Logout,SB2B97B7ABDB5F4E4,Normal,Normal
14365,2025-12-15 12:01:48,56,Login,S2A257ECC75FD7D83,Normal,Normal
14366,2025-12-15 12:03:24,56,Lihat Perkara,S2A257ECC75FD7D83,Normal,Normal
14367,2025-12-15 12:03:41,56,Cari Berkas,S2A257ECC75FD7D83,Normal,Normal
14368,2025-12-15 12:03:59,56,Logout,S2A257ECC75FD7D83,device_berubah,Low
14369,2025-12-15 12:43:28,33,Login,S8A240D57C42C40CE,Normal,Normal
14370,2025-12-15 12:43:39,33,Lihat Perkara,S8A240D57C42C40CE,Normal,Normal
14371,2025-12-15 12:46:25,33,Cari Berkas,S8A240D57C42C40CE,Normal,Normal
14372,2025-12-15 12:46:48,33,Logout,S8A240D57C42C40CE,device_berubah,Low
14373,2025-12-15 14:34:20,62,Login,SD29C0131D44260D2,Normal,Normal
14374,2025-12-15 14:34:48,62,Lihat Perkara,SD29C0131D44260D2,Normal,Normal
14375,2025-12-15 14:37:42,62,Cari Berkas,SD29C0131D44260D2,Normal,Normal
14376,2025-12-15 14:39:41,62,Logout,SD29C0131D44260D2,Normal,Normal
14377,2025-12-15 14:47:50,29,Login,S316B604263BC3F61,Normal,Normal
14378,2025-12-15 14:50:28,29,Lihat Perkara,S316B604263BC3F61,Normal,Normal
14379,2025-12-15 14:52:03,29,Cari Berkas,S316B604263BC3F61,Normal,Normal
14380,2025-12-15 14:52:18,29,Logout,S316B604263BC3F61,Normal,Normal
14381,2025-12-15 15:08:35,36,Login,SAE52793567DF7AD3,Normal,Normal
14382,2025-12-15 15:09:49,36,Lihat Perkara,SAE52793567DF7AD3,Normal,Normal
14383,2025-12-15 15:11:09,36,Cari Berkas,SAE52793567DF7AD3,Normal,Normal
14384,2025-12-15 15:12:02,36,Logout,SAE52793567DF7AD3,Normal,Normal
14389,2025-12-16 07:50:26,26,Login,SF49EE85FAFD580EB,Normal,Normal
14390,2025-12-16 07:50:49,26,Lihat Perkara,SF49EE85FAFD580EB,Normal,Normal
14391,2025-12-16 07:51:22,26,Cari Berkas,SF49EE85FAFD580EB,Normal,Normal
14392,2025-12-16 07:53:25,26,Logout,SF49EE85FAFD580EB,Normal,Normal
14393,2025-12-16 08:53:40,47,Login,SC45DAB85533C46B1,Normal,Normal
14394,2025-12-16 08:54:12,47,Lihat Perkara,SC45DAB85533C46B1,Normal,Normal
14395,2025-12-16 08:56:01,47,Cari Berkas,SC45DAB85533C46B1,Normal,Normal
14396,2025-12-16 08:56:11,47,Logout,SC45DAB85533C46B1,Normal,Normal
14401,2025-12-16 09:19:11,77,Login,S7EDD84838CD4E7BC,Normal,Normal
14402,2025-12-16 09:20:44,77,Lihat Perkara,S7EDD84838CD4E7BC,Normal,Normal
14403,2025-12-16 09:22:36,77,Cari Berkas,S7EDD84838CD4E7BC,Normal,Normal
14404,2025-12-16 09:24:54,77,Logout,S7EDD84838CD4E7BC,Normal,Normal
14405,2025-12-16 10:07:35,78,Login,S30432ECA591A6550,Normal,Normal
14406,2025-12-16 10:08:14,78,Lihat Perkara,S30432ECA591A6550,Normal,Normal
14407,2025-12-16 10:10:03,78,Cari Berkas,S30432ECA591A6550,Normal,Normal
14408,2025-12-16 10:11:09,78,Logout,S30432ECA591A6550,Normal,Normal
14409,2025-12-16 11:19:23,66,Login,S2FAD3D7EA4BFA846,Normal,Normal
14410,2025-12-16 11:21:07,66,Lihat Perkara,S2FAD3D7EA4BFA846,Normal,Normal
14411,2025-12-16 11:21:30,66,Cari Berkas,S2FAD3D7EA4BFA846,Normal,Normal
14412,2025-12-16 11:22:48,66,Logout,S2FAD3D7EA4BFA846,Normal,Normal
14413,2025-12-16 12:04:47,49,Login,SBEF200AAF114F774,Normal,Normal
14417,2025-12-16 12:07:03,49,Lihat Perkara,SBEF200AAF114F774,Normal,Normal
14419,2025-12-16 12:09:45,49,Cari Berkas,SBEF200AAF114F774,Normal,Normal
14420,2025-12-16 12:10:35,49,Logout,SBEF200AAF114F774,Normal,Normal
14427,2025-12-16 13:51:27,26,Login,S46F8A760658EDB83,ip_berubah,Low
14428,2025-12-16 13:51:56,26,Lihat Perkara,S46F8A760658EDB83,Normal,Normal
14429,2025-12-16 13:53:27,26,Cari Berkas,S46F8A760658EDB83,Normal,Normal
14430,2025-12-16 13:54:15,26,Logout,S46F8A760658EDB83,Normal,Normal
14431,2025-12-16 14:03:23,20,Login,SB6779A11E403999B,Normal,Normal
14432,2025-12-16 14:04:34,20,Lihat Perkara,SB6779A11E403999B,device_berubah,Low
14433,2025-12-16 14:05:37,20,Cari Berkas,SB6779A11E403999B,device_berubah,Low
14434,2025-12-16 14:08:23,20,Logout,SB6779A11E403999B,verifikasi_massal,High
14435,2025-12-17 00:34:25,65,Login,S3243CEE9FACD64F1,login_luar_jam,Low
14437,2025-12-17 09:05:57,21,Login,SB446BA8E8BF6D20F,Normal,Normal
14438,2025-12-17 09:07:03,45,Login,S7236B469706ECEF9,Normal,Normal
14439,2025-12-17 09:08:18,21,Lihat Perkara,SB446BA8E8BF6D20F,Normal,Normal
14440,2025-12-17 09:09:21,45,Lihat Perkara,S7236B469706ECEF9,Normal,Normal
14441,2025-12-17 09:10:27,21,Cari Berkas,SB446BA8E8BF6D20F,Normal,Normal
14442,2025-12-17 09:11:39,45,Cari Berkas,S7236B469706ECEF9,Normal,Normal
14443,2025-12-17 09:11:58,21,Logout,SB446BA8E8BF6D20F,Normal,Normal
14444,2025-12-17 09:13:35,45,Logout,S7236B469706ECEF9,Normal,Normal
14449,2025-12-17 12:28:07,34,Login,S20B6D43CFBF3A106,Normal,Normal
14450,2025-12-17 12:29:20,34,Lihat Perkara,S20B6D43CFBF3A106,Normal,Normal
14451,2025-12-17 12:31:43,34,Cari Berkas,S20B6D43CFBF3A106,Normal,Normal
14452,2025-12-17 12:33:42,34,Logout,S20B6D43CFBF3A106,Normal,Normal
14453,2025-12-17 12:37:09,65,Lihat Perkara,S3243CEE9FACD64F1,Normal,Normal
14454,2025-12-17 12:38:07,65,Cari Berkas,S3243CEE9FACD64F1,Normal,Normal
14455,2025-12-17 12:39:14,65,Logout,S3243CEE9FACD64F1,Normal,Normal
14456,2025-12-17 13:30:32,55,Login,SEF54489780FA07E3,Normal,Normal
14457,2025-12-17 13:32:41,55,Lihat Perkara,SEF54489780FA07E3,Normal,Normal
14458,2025-12-17 13:34:21,55,Lihat Berkas,SEF54489780FA07E3,Normal,Normal
14459,2025-12-17 13:36:20,55,Input Berkas,SEF54489780FA07E3,ip_berubah,Low
14460,2025-12-17 13:38:29,55,Verifikasi,SEF54489780FA07E3,ip_berubah,Low
14461,2025-12-17 13:40:26,55,Logout,SEF54489780FA07E3,Normal,Normal
14470,2025-12-17 14:48:34,58,Login,S4F844346A165C37D,Normal,Normal
14471,2025-12-17 14:51:20,58,Lihat Perkara,S4F844346A165C37D,Normal,Normal
14472,2025-12-17 14:52:01,58,Cari Berkas,S4F844346A165C37D,Normal,Normal
14473,2025-12-17 14:54:44,58,Logout,S4F844346A165C37D,Normal,Normal
14481,2025-12-18 08:49:12,86,Login,S92A9D0C76AE91BD9,Normal,Normal
14482,2025-12-18 08:51:46,86,Lihat Perkara,S92A9D0C76AE91BD9,Normal,Normal
14483,2025-12-18 08:54:45,86,Cari Berkas,S92A9D0C76AE91BD9,Normal,Normal
14484,2025-12-18 08:57:39,86,Logout,S92A9D0C76AE91BD9,Normal,Normal
14499,2025-12-18 14:42:19,31,Login,S188C49B2C8ABBF0D,Normal,Normal
14500,2025-12-18 14:43:21,31,Lihat Perkara,S188C49B2C8ABBF0D,Normal,Normal
14501,2025-12-18 14:43:41,31,Cari Berkas,S188C49B2C8ABBF0D,Normal,Normal
14502,2025-12-18 14:46:40,31,Logout,S188C49B2C8ABBF0D,Normal,Normal
14507,2025-12-18 16:26:09,26,Login,S20F23BB6557359F6,Normal,Normal
14508,2025-12-18 16:28:56,26,Lihat Perkara,S20F23BB6557359F6,Normal,Normal
14509,2025-12-18 16:30:03,26,Cari Berkas,S20F23BB6557359F6,Normal,Normal
14510,2025-12-18 16:30:56,26,Logout,S20F23BB6557359F6,Normal,Normal
14511,2025-12-19 00:21:41,63,Login,SBBE718354E8BF78A,login_luar_jam,Low
14512,2025-12-19 11:23:17,59,Login,S33E7754860776E15,Normal,Normal
14513,2025-12-19 11:24:19,59,Lihat Perkara,S33E7754860776E15,Normal,Normal
14514,2025-12-19 11:26:47,59,Cari Berkas,S33E7754860776E15,durasi_tidak_wajar,Medium
14515,2025-12-19 11:29:24,59,Logout,S33E7754860776E15,Normal,Normal
14520,2025-12-19 12:22:23,63,Lihat Perkara,SBBE718354E8BF78A,Normal,Normal
14521,2025-12-19 12:23:18,63,Cari Berkas,SBBE718354E8BF78A,aktivitas_terlalu_cepat,Medium
14522,2025-12-19 12:23:28,63,Logout,SBBE718354E8BF78A,Normal,Normal
14523,2025-12-19 13:27:05,67,Login,SA8D187A3354A922F,Normal,Normal
14524,2025-12-19 13:27:43,67,Lihat Perkara,SA8D187A3354A922F,Normal,Normal
14525,2025-12-19 13:28:18,67,Cari Berkas,SA8D187A3354A922F,Normal,Normal
14526,2025-12-19 13:28:34,67,Logout,SA8D187A3354A922F,Normal,Normal
14527,2025-12-19 14:24:02,34,Login,S524A16520958B354,Normal,Normal
14528,2025-12-19 14:24:13,34,Lihat Perkara,S524A16520958B354,Normal,Normal
14529,2025-12-19 14:25:31,34,Cari Berkas,S524A16520958B354,Normal,Normal
14530,2025-12-19 14:26:34,34,Logout,S524A16520958B354,Normal,Normal
14531,2025-12-19 14:55:52,28,Login,S52A6E3D4FE58A970,Normal,Normal
14532,2025-12-19 14:56:59,28,Lihat Perkara,S52A6E3D4FE58A970,Normal,Normal
14533,2025-12-19 14:57:52,28,Cari Berkas,S52A6E3D4FE58A970,Normal,Normal
14534,2025-12-19 14:58:24,28,Logout,S52A6E3D4FE58A970,ip_berubah,Low
14535,2025-12-19 16:45:29,67,Login,S8D4461C0822597CE,Normal,Normal
14536,2025-12-19 16:48:23,67,Lihat Perkara,S8D4461C0822597CE,Normal,Normal
14537,2025-12-19 16:50:53,67,Cari Berkas,S8D4461C0822597CE,Normal,Normal
14538,2025-12-19 16:52:50,67,Logout,S8D4461C0822597CE,Normal,Normal
14539,2025-12-20 03:09:19,23,Login,S9EA786BC6FDAB002,login_luar_jam,Low
14540,2025-12-20 04:56:24,49,Login,SCFFFDD05090513A7,login_luar_jam,Low
14541,2025-12-20 08:26:01,66,Login,S3A1D8916BA9B9531,Normal,Normal
14542,2025-12-20 08:27:39,66,Lihat Perkara,S3A1D8916BA9B9531,Normal,Normal
14543,2025-12-20 08:30:16,66,Cari Berkas,S3A1D8916BA9B9531,Normal,Normal
14544,2025-12-20 08:31:12,66,Logout,S3A1D8916BA9B9531,Normal,Normal
14545,2025-12-20 09:10:31,23,Lihat Perkara,S9EA786BC6FDAB002,Normal,Normal
14546,2025-12-20 09:13:08,23,Cari Berkas,S9EA786BC6FDAB002,Normal,Normal
14547,2025-12-20 09:14:51,23,Logout,S9EA786BC6FDAB002,Normal,Normal
14556,2025-12-20 11:34:01,35,Login,SE9D18A0269E42251,Normal,Normal
14557,2025-12-20 11:36:26,35,Lihat Perkara,SE9D18A0269E42251,Normal,Normal
14558,2025-12-20 11:38:46,35,Cari Berkas,SE9D18A0269E42251,Normal,Normal
14559,2025-12-20 11:39:14,35,Logout,SE9D18A0269E42251,Normal,Normal
14560,2025-12-20 13:57:19,49,Lihat Perkara,SCFFFDD05090513A7,device_berubah,Low
14561,2025-12-20 13:59:33,49,Cari Berkas,SCFFFDD05090513A7,Normal,Normal
14562,2025-12-20 14:01:54,49,Logout,SCFFFDD05090513A7,Normal,Normal
14567,2025-12-20 14:56:37,48,Login,S1DCA52F8C3BB526B,Normal,Normal
14568,2025-12-20 14:59:22,48,Lihat Perkara,S1DCA52F8C3BB526B,Normal,Normal
14569,2025-12-20 15:00:33,48,Lihat Berkas,S1DCA52F8C3BB526B,Normal,Normal
14570,2025-12-20 15:02:31,48,Input Berkas,S1DCA52F8C3BB526B,Normal,Normal
14571,2025-12-20 15:04:50,48,Verifikasi,S1DCA52F8C3BB526B,Normal,Normal
14572,2025-12-20 15:05:48,48,Logout,S1DCA52F8C3BB526B,Normal,Normal
14573,2025-12-20 15:07:15,39,Login,S5AB445AC569C16BA,Normal,Normal
14574,2025-12-20 15:07:28,39,Lihat Perkara,S5AB445AC569C16BA,Normal,Normal
14575,2025-12-20 15:09:42,39,Cari Berkas,S5AB445AC569C16BA,Normal,Normal
14576,2025-12-20 15:11:45,39,Logout,S5AB445AC569C16BA,Normal,Normal
14581,2025-12-20 16:56:26,85,Login,S93CDFCE8EF69E085,Normal,Normal
14582,2025-12-20 16:57:52,85,Lihat Perkara,S93CDFCE8EF69E085,verifikasi_massal,High
14583,2025-12-20 17:00:23,85,Lihat Berkas,S93CDFCE8EF69E085,Normal,Normal
14584,2025-12-20 17:03:21,85,Input Berkas,S93CDFCE8EF69E085,Normal,Normal
14585,2025-12-20 17:04:47,85,Verifikasi,S93CDFCE8EF69E085,Normal,Normal
14586,2025-12-20 17:05:22,85,Logout,S93CDFCE8EF69E085,Normal,Normal
14591,2025-12-21 10:00:48,34,Login,S2E4BEBC429890880,Normal,Normal
14592,2025-12-21 10:02:50,34,Lihat Perkara,S2E4BEBC429890880,Normal,Normal
14593,2025-12-21 10:03:11,34,Cari Berkas,S2E4BEBC429890880,Normal,Normal
14594,2025-12-21 10:05:06,34,Logout,S2E4BEBC429890880,Normal,Normal
14595,2025-12-21 11:09:28,26,Login,SF423731FB6A16E80,Normal,Normal
14596,2025-12-21 11:10:04,26,Lihat Perkara,SF423731FB6A16E80,Normal,Normal
14597,2025-12-21 11:10:45,26,Cari Berkas,SF423731FB6A16E80,Normal,Normal
14598,2025-12-21 11:11:35,26,Logout,SF423731FB6A16E80,device_berubah,Low
14610,2025-12-21 13:59:59,19,Login,SFF2868C3C210735D,Normal,Normal
14611,2025-12-21 14:02:21,19,Lihat Perkara,SFF2868C3C210735D,Normal,Normal
14612,2025-12-21 14:03:03,19,Cari Berkas,SFF2868C3C210735D,Normal,Normal
14613,2025-12-21 14:03:27,19,Logout,SFF2868C3C210735D,Normal,Normal
14614,2025-12-21 14:57:12,75,Login,SE4923E6FC3947D86,Normal,Normal
14615,2025-12-21 14:59:46,75,Lihat Perkara,SE4923E6FC3947D86,Normal,Normal
14616,2025-12-21 15:00:58,75,Cari Berkas,SE4923E6FC3947D86,Normal,Normal
14617,2025-12-21 15:03:25,75,Logout,SE4923E6FC3947D86,Normal,Normal
14623,2025-12-22 08:11:01,19,Login,S503314B1609CF7AF,Normal,Normal
14624,2025-12-22 08:11:43,19,Lihat Perkara,S503314B1609CF7AF,Normal,Normal
14625,2025-12-22 08:12:08,19,Cari Berkas,S503314B1609CF7AF,Normal,Normal
14626,2025-12-22 08:14:11,19,Logout,S503314B1609CF7AF,Normal,Normal
14627,2025-12-22 08:51:06,33,Login,S668F503265125D2E,Normal,Normal
14628,2025-12-22 08:51:59,33,Lihat Perkara,S668F503265125D2E,Normal,Normal
14629,2025-12-22 08:52:25,33,Cari Berkas,S668F503265125D2E,Normal,Normal
14630,2025-12-22 08:54:08,33,Logout,S668F503265125D2E,Normal,Normal
14631,2025-12-22 12:03:55,62,Login,S32D157A8439037E8,Normal,Normal
14632,2025-12-22 12:05:10,62,Lihat Perkara,S32D157A8439037E8,device_berubah,Low
14633,2025-12-22 12:07:37,62,Cari Berkas,S32D157A8439037E8,Normal,Normal
14634,2025-12-22 12:08:33,62,Logout,S32D157A8439037E8,Normal,Normal
14638,2025-12-22 14:39:57,79,Login,S577CB0AC399388F9,Normal,Normal
14639,2025-12-22 14:41:07,79,Lihat Perkara,S577CB0AC399388F9,peminjaman_massal,High
14640,2025-12-22 14:43:50,79,Cari Berkas,S577CB0AC399388F9,Normal,Normal
14641,2025-12-22 14:46:30,79,Logout,S577CB0AC399388F9,Normal,Normal
14642,2025-12-22 15:42:23,38,Login,S3E2DDE07F877389B,Normal,Normal
14643,2025-12-22 15:44:34,38,Lihat Perkara,S3E2DDE07F877389B,Normal,Normal
14644,2025-12-22 15:45:06,38,Cari Berkas,S3E2DDE07F877389B,Normal,Normal
14645,2025-12-22 15:47:34,38,Logout,S3E2DDE07F877389B,Normal,Normal
14646,2025-12-23 08:14:00,23,Login,SD9E9960D59308BC8,Normal,Normal
14647,2025-12-23 08:16:38,23,Lihat Perkara,SD9E9960D59308BC8,Normal,Normal
14648,2025-12-23 08:19:11,23,Cari Berkas,SD9E9960D59308BC8,Normal,Normal
14649,2025-12-23 08:19:36,23,Logout,SD9E9960D59308BC8,Normal,Normal
14650,2025-12-23 08:47:16,50,Login,S7DDAC1B6D7C4CAED,Normal,Normal
14651,2025-12-23 08:48:24,50,Lihat Perkara,S7DDAC1B6D7C4CAED,Normal,Normal
14652,2025-12-23 08:49:08,50,Cari Berkas,S7DDAC1B6D7C4CAED,Normal,Normal
14653,2025-12-23 08:50:34,50,Logout,S7DDAC1B6D7C4CAED,Normal,Normal
14654,2025-12-23 10:27:26,39,Login,S8B42A74516C63710,Normal,Normal
14655,2025-12-23 10:30:01,39,Lihat Perkara,S8B42A74516C63710,aktivitas_terlalu_cepat,Medium
14656,2025-12-23 10:31:12,39,Cari Berkas,S8B42A74516C63710,Normal,Normal
14657,2025-12-23 10:32:23,39,Logout,S8B42A74516C63710,Normal,Normal
14658,2025-12-23 10:46:55,53,Login,S0F042C41DE547AFA,Normal,Normal
14659,2025-12-23 10:49:07,53,Lihat Perkara,S0F042C41DE547AFA,Normal,Normal
14660,2025-12-23 10:49:35,53,Cari Berkas,S0F042C41DE547AFA,Normal,Normal
14661,2025-12-23 10:51:13,53,Logout,S0F042C41DE547AFA,Normal,Normal
14666,2025-12-23 12:14:10,45,Login,SC8C85AD682CBCDC7,Normal,Normal
14667,2025-12-23 12:15:49,19,Login,S3178BDBBDF7FACAC,Normal,Normal
14668,2025-12-23 12:17:09,19,Lihat Perkara,S3178BDBBDF7FACAC,Normal,Normal
14669,2025-12-23 12:17:10,45,Lihat Perkara,SC8C85AD682CBCDC7,Normal,Normal
14670,2025-12-23 12:17:26,19,Cari Berkas,S3178BDBBDF7FACAC,Normal,Normal
14671,2025-12-23 12:17:32,45,Cari Berkas,SC8C85AD682CBCDC7,Normal,Normal
14672,2025-12-23 12:19:19,45,Logout,SC8C85AD682CBCDC7,Normal,Normal
14673,2025-12-23 12:20:01,19,Logout,S3178BDBBDF7FACAC,Normal,Normal
14678,2025-12-23 14:33:13,18,Login,SB6F957DCAB6DA9AB,Normal,Normal
14679,2025-12-23 14:35:43,18,Lihat Perkara,SB6F957DCAB6DA9AB,Normal,Normal
14680,2025-12-23 14:36:10,18,Cari Berkas,SB6F957DCAB6DA9AB,Normal,Normal
14681,2025-12-23 14:36:30,18,Logout,SB6F957DCAB6DA9AB,Normal,Normal
14682,2025-12-23 14:50:27,18,Login,S93DC8EEA3E8EE36A,Normal,Normal
14683,2025-12-23 14:52:09,18,Lihat Perkara,S93DC8EEA3E8EE36A,Normal,Normal
14684,2025-12-23 14:53:11,18,Cari Berkas,S93DC8EEA3E8EE36A,Normal,Normal
14685,2025-12-23 14:53:43,18,Logout,S93DC8EEA3E8EE36A,Normal,Normal
14706,2025-12-24 10:16:40,21,Login,S034A3C955F2E69B8,Normal,Normal
14707,2025-12-24 10:19:22,21,Lihat Perkara,S034A3C955F2E69B8,Normal,Normal
14708,2025-12-24 10:22:14,21,Cari Berkas,S034A3C955F2E69B8,Normal,Normal
14709,2025-12-24 10:24:53,21,Logout,S034A3C955F2E69B8,Normal,Normal
14710,2025-12-24 10:39:25,79,Login,SB56D9E50E0567141,Normal,Normal
14711,2025-12-24 10:42:11,79,Lihat Perkara,SB56D9E50E0567141,Normal,Normal
14712,2025-12-24 10:45:10,79,Cari Berkas,SB56D9E50E0567141,Normal,Normal
14713,2025-12-24 10:45:22,79,Logout,SB56D9E50E0567141,Normal,Normal
14714,2025-12-24 11:00:29,31,Login,SAE17B72B223632F2,Normal,Normal
14715,2025-12-24 11:01:47,31,Lihat Perkara,SAE17B72B223632F2,Normal,Normal
14716,2025-12-24 11:04:34,31,Cari Berkas,SAE17B72B223632F2,Normal,Normal
14717,2025-12-24 11:07:14,31,Logout,SAE17B72B223632F2,device_berubah,Low
14718,2025-12-24 13:20:36,44,Login,SDFDE1F7FE7B1B73A,Normal,Normal
14719,2025-12-24 13:20:54,44,Lihat Perkara,SDFDE1F7FE7B1B73A,Normal,Normal
14720,2025-12-24 13:22:15,44,Cari Berkas,SDFDE1F7FE7B1B73A,Normal,Normal
14721,2025-12-24 13:24:11,44,Logout,SDFDE1F7FE7B1B73A,Normal,Normal
14722,2025-12-24 14:20:43,58,Login,S4CC6E7F6F2AC68BF,Normal,Normal
14723,2025-12-24 14:22:48,58,Lihat Perkara,S4CC6E7F6F2AC68BF,Normal,Normal
14724,2025-12-24 14:24:21,58,Cari Berkas,S4CC6E7F6F2AC68BF,Normal,Normal
14725,2025-12-24 14:27:03,58,Logout,S4CC6E7F6F2AC68BF,Normal,Normal
14730,2025-12-24 15:49:26,51,Login,SE17F29E170286046,Normal,Normal
14731,2025-12-24 15:50:07,51,Lihat Perkara,SE17F29E170286046,Normal,Normal
14732,2025-12-24 15:50:24,51,Cari Berkas,SE17F29E170286046,Normal,Normal
14733,2025-12-24 15:53:15,51,Logout,SE17F29E170286046,Normal,Normal
14734,2025-12-24 16:24:24,47,Login,S1E1F86F795EDE22D,Normal,Normal
14736,2025-12-24 16:26:39,47,Lihat Perkara,S1E1F86F795EDE22D,Normal,Normal
14737,2025-12-24 16:27:33,47,Cari Berkas,S1E1F86F795EDE22D,Normal,Normal
14740,2025-12-24 16:29:38,47,Logout,S1E1F86F795EDE22D,Normal,Normal
14742,2025-12-25 04:44:01,81,Login,SB0309AAF85EA16E0,login_luar_jam,Low
14743,2025-12-25 07:23:57,57,Login,SD47EBB90C79E46AE,Normal,Normal
14744,2025-12-25 07:24:49,57,Lihat Perkara,SD47EBB90C79E46AE,Normal,Normal
14745,2025-12-25 07:26:31,57,Cari Berkas,SD47EBB90C79E46AE,Normal,Normal
14746,2025-12-25 07:27:52,57,Logout,SD47EBB90C79E46AE,Normal,Normal
14747,2025-12-25 07:59:45,40,Login,S7EEDC1CA22409062,Normal,Normal
14748,2025-12-25 08:00:34,40,Lihat Perkara,S7EEDC1CA22409062,Normal,Normal
14749,2025-12-25 08:01:36,40,Cari Berkas,S7EEDC1CA22409062,Normal,Normal
14750,2025-12-25 08:02:11,40,Logout,S7EEDC1CA22409062,Normal,Normal
14751,2025-12-25 08:09:38,20,Login,S58330B306C776E95,Normal,Normal
14752,2025-12-25 08:12:06,20,Lihat Perkara,S58330B306C776E95,Normal,Normal
14753,2025-12-25 08:12:31,20,Cari Berkas,S58330B306C776E95,Normal,Normal
14754,2025-12-25 08:12:58,20,Logout,S58330B306C776E95,Normal,Normal
14755,2025-12-25 08:46:01,81,Lihat Perkara,SB0309AAF85EA16E0,Normal,Normal
14756,2025-12-25 08:49:00,81,Cari Berkas,SB0309AAF85EA16E0,Normal,Normal
14757,2025-12-25 08:50:13,81,Logout,SB0309AAF85EA16E0,Normal,Normal
14760,2025-12-25 09:06:48,44,Login,S71D5A861B6BD6DBE,Normal,Normal
14762,2025-12-25 09:07:23,44,Lihat Perkara,S71D5A861B6BD6DBE,Normal,Normal
14763,2025-12-25 09:08:15,44,Cari Berkas,S71D5A861B6BD6DBE,Normal,Normal
14764,2025-12-25 09:09:00,44,Logout,S71D5A861B6BD6DBE,Normal,Normal
14766,2025-12-25 11:31:28,82,Login,SF378CB94478B2F00,Normal,Normal
14767,2025-12-25 11:33:12,82,Lihat Perkara,SF378CB94478B2F00,Normal,Normal
14768,2025-12-25 11:35:17,82,Cari Berkas,SF378CB94478B2F00,Normal,Normal
14769,2025-12-25 11:38:05,82,Logout,SF378CB94478B2F00,peminjaman_massal,High
14780,2025-12-26 02:07:11,22,Login,S026B5383A301EC03,login_luar_jam,Low
14781,2025-12-26 08:39:14,71,Login,S59DD9452694E69C3,Normal,Normal
14782,2025-12-26 08:39:50,63,Login,S7688A5FA99CFBD97,Normal,Normal
14783,2025-12-26 08:39:54,71,Lihat Perkara,S59DD9452694E69C3,Normal,Normal
14784,2025-12-26 08:42:10,63,Lihat Perkara,S7688A5FA99CFBD97,Normal,Normal
14785,2025-12-26 08:42:15,71,Cari Berkas,S59DD9452694E69C3,Normal,Normal
14786,2025-12-26 08:42:41,63,Cari Berkas,S7688A5FA99CFBD97,Normal,Normal
14787,2025-12-26 08:44:06,63,Logout,S7688A5FA99CFBD97,Normal,Normal
14788,2025-12-26 08:44:14,71,Logout,S59DD9452694E69C3,Normal,Normal
14789,2025-12-26 08:50:46,8,Login,SEB1CDB377D8A9290,Normal,Normal
14790,2025-12-26 08:53:29,8,Lihat Perkara,SEB1CDB377D8A9290,aktivitas_terlalu_cepat,Medium
14791,2025-12-26 08:55:27,8,Cari Berkas,SEB1CDB377D8A9290,Normal,Normal
14792,2025-12-26 08:55:58,8,Logout,SEB1CDB377D8A9290,Normal,Normal
14793,2025-12-26 10:07:42,22,Lihat Perkara,S026B5383A301EC03,Normal,Normal
14794,2025-12-26 10:09:59,22,Cari Berkas,S026B5383A301EC03,Normal,Normal
14795,2025-12-26 10:12:00,22,Logout,S026B5383A301EC03,Normal,Normal
14800,2025-12-26 12:50:25,44,Login,SB200B6A25053A5EE,Normal,Normal
14801,2025-12-26 12:50:37,44,Lihat Perkara,SB200B6A25053A5EE,Normal,Normal
14802,2025-12-26 12:53:04,44,Cari Berkas,SB200B6A25053A5EE,Normal,Normal
14803,2025-12-26 12:53:39,44,Logout,SB200B6A25053A5EE,Normal,Normal
14808,2025-12-26 14:21:42,20,Login,S641B6DE86420FCC9,Normal,Normal
14809,2025-12-26 14:24:36,20,Lihat Perkara,S641B6DE86420FCC9,durasi_tidak_wajar,Medium
14810,2025-12-26 14:26:52,20,Cari Berkas,S641B6DE86420FCC9,Normal,Normal
14811,2025-12-26 14:28:51,20,Logout,S641B6DE86420FCC9,Normal,Normal
14816,2025-12-27 01:30:25,71,Login,S8B10550CD5704F32,login_luar_jam,Low
14829,2025-12-27 12:33:11,71,Lihat Perkara,S8B10550CD5704F32,Normal,Normal
14830,2025-12-27 12:36:08,71,Cari Berkas,S8B10550CD5704F32,Normal,Normal
14831,2025-12-27 12:38:33,71,Logout,S8B10550CD5704F32,Normal,Normal
14836,2025-12-27 15:39:31,83,Login,SB8EBCF0CA9454557,Normal,Normal
14837,2025-12-27 15:42:03,83,Lihat Perkara,SB8EBCF0CA9454557,Normal,Normal
14838,2025-12-27 15:43:28,83,Cari Berkas,SB8EBCF0CA9454557,Normal,Normal
14839,2025-12-27 15:44:17,83,Logout,SB8EBCF0CA9454557,Normal,Normal
14848,2025-12-27 16:53:25,38,Login,S7200950976879DCF,ip_berubah,Low
14849,2025-12-27 16:55:56,38,Lihat Perkara,S7200950976879DCF,Normal,Normal
14850,2025-12-27 16:58:23,38,Cari Berkas,S7200950976879DCF,Normal,Normal
14851,2025-12-27 16:59:18,38,Logout,S7200950976879DCF,Normal,Normal
14852,2025-12-28 00:52:45,82,Login,S24E8315162B7F150,login_luar_jam,Low
14853,2025-12-28 09:54:56,78,Login,S73F833D35DB58CDC,Normal,Normal
14854,2025-12-28 09:57:39,78,Lihat Perkara,S73F833D35DB58CDC,Normal,Normal
14855,2025-12-28 09:58:26,78,Cari Berkas,S73F833D35DB58CDC,Normal,Normal
14856,2025-12-28 10:01:25,78,Logout,S73F833D35DB58CDC,Normal,Normal
14857,2025-12-28 10:45:34,76,Login,S114E16D5F2128A48,Normal,Normal
14858,2025-12-28 10:47:10,76,Lihat Perkara,S114E16D5F2128A48,Normal,Normal
14859,2025-12-28 10:48:13,76,Cari Berkas,S114E16D5F2128A48,Normal,Normal
14860,2025-12-28 10:50:43,76,Logout,S114E16D5F2128A48,Normal,Normal
14861,2025-12-28 11:41:19,42,Login,SCF9072F12D3AC36B,Normal,Normal
14862,2025-12-28 11:41:36,42,Lihat Perkara,SCF9072F12D3AC36B,peminjaman_massal,High
14863,2025-12-28 11:43:06,42,Cari Berkas,SCF9072F12D3AC36B,ip_berubah,Low
14864,2025-12-28 11:43:42,42,Logout,SCF9072F12D3AC36B,ip_berubah,Low
14865,2025-12-28 12:14:32,59,Login,S49B9E124A30BD3B5,Normal,Normal
14866,2025-12-28 12:14:42,59,Lihat Perkara,S49B9E124A30BD3B5,durasi_tidak_wajar,Medium
14867,2025-12-28 12:15:16,59,Cari Berkas,S49B9E124A30BD3B5,Normal,Normal
14868,2025-12-28 12:16:13,59,Logout,S49B9E124A30BD3B5,Normal,Normal
14869,2025-12-28 12:53:43,82,Lihat Perkara,S24E8315162B7F150,Normal,Normal
14870,2025-12-28 12:54:26,82,Cari Berkas,S24E8315162B7F150,Normal,Normal
14871,2025-12-28 12:55:08,82,Logout,S24E8315162B7F150,Normal,Normal
14872,2025-12-28 13:17:00,42,Login,SB0B561E7C580424F,Normal,Normal
14873,2025-12-28 13:17:41,42,Lihat Perkara,SB0B561E7C580424F,Normal,Normal
14874,2025-12-28 13:17:57,42,Cari Berkas,SB0B561E7C580424F,Normal,Normal
14875,2025-12-28 13:18:48,42,Logout,SB0B561E7C580424F,Normal,Normal
14876,2025-12-28 13:29:26,64,Login,S5E9975464BB90CEF,Normal,Normal
14877,2025-12-28 13:30:54,64,Lihat Perkara,S5E9975464BB90CEF,Normal,Normal
14878,2025-12-28 13:32:21,64,Cari Berkas,S5E9975464BB90CEF,Normal,Normal
14879,2025-12-28 13:33:07,64,Logout,S5E9975464BB90CEF,Normal,Normal
14880,2025-12-28 14:34:03,67,Login,S92B9AD7B9D829658,Normal,Normal
14881,2025-12-28 14:34:38,67,Lihat Perkara,S92B9AD7B9D829658,Normal,Normal
14882,2025-12-28 14:35:37,67,Cari Berkas,S92B9AD7B9D829658,Normal,Normal
14883,2025-12-28 14:36:18,67,Logout,S92B9AD7B9D829658,Normal,Normal
14884,2025-12-28 16:12:46,47,Login,SE9F502A099472966,Normal,Normal
14885,2025-12-28 16:14:45,47,Lihat Perkara,SE9F502A099472966,Normal,Normal
14886,2025-12-28 16:15:03,47,Cari Berkas,SE9F502A099472966,Normal,Normal
14887,2025-12-28 16:17:43,47,Logout,SE9F502A099472966,Normal,Normal
14888,2025-12-28 16:28:52,77,Login,S4D01562AEB7FB6F8,Normal,Normal
14889,2025-12-28 16:30:25,77,Lihat Perkara,S4D01562AEB7FB6F8,Normal,Normal
14890,2025-12-28 16:32:41,77,Cari Berkas,S4D01562AEB7FB6F8,Normal,Normal
14891,2025-12-28 16:34:59,77,Logout,S4D01562AEB7FB6F8,Normal,Normal
14892,2025-12-29 07:21:36,82,Login,S534B3DBB7A14330B,Normal,Normal
14893,2025-12-29 07:23:29,82,Lihat Perkara,S534B3DBB7A14330B,Normal,Normal
14894,2025-12-29 07:25:42,82,Cari Berkas,S534B3DBB7A14330B,Normal,Normal
14895,2025-12-29 07:27:58,82,Logout,S534B3DBB7A14330B,Normal,Normal
14896,2025-12-29 07:54:59,86,Login,S0B6189C4844AA5C9,Normal,Normal
14897,2025-12-29 07:55:42,49,Login,S7671A0DD2DE2279C,Normal,Normal
14898,2025-12-29 07:56:27,49,Lihat Perkara,S7671A0DD2DE2279C,Normal,Normal
14899,2025-12-29 07:56:35,86,Lihat Perkara,S0B6189C4844AA5C9,Normal,Normal
14900,2025-12-29 07:56:54,49,Cari Berkas,S7671A0DD2DE2279C,device_berubah,Low
14901,2025-12-29 07:57:45,86,Cari Berkas,S0B6189C4844AA5C9,verifikasi_massal,High
14902,2025-12-29 07:58:32,49,Logout,S7671A0DD2DE2279C,Normal,Normal
14903,2025-12-29 07:59:57,86,Logout,S0B6189C4844AA5C9,Normal,Normal
14904,2025-12-29 08:34:19,78,Login,SCCB49D2D92ABE1CB,Normal,Normal
14905,2025-12-29 08:34:29,78,Lihat Perkara,SCCB49D2D92ABE1CB,Normal,Normal
14906,2025-12-29 08:34:41,78,Cari Berkas,SCCB49D2D92ABE1CB,Normal,Normal
14907,2025-12-29 08:36:19,78,Logout,SCCB49D2D92ABE1CB,Normal,Normal
14908,2025-12-29 10:55:22,32,Login,S42ECF21C6D39B326,Normal,Normal
14909,2025-12-29 10:58:05,32,Lihat Perkara,S42ECF21C6D39B326,Normal,Normal
14910,2025-12-29 10:59:07,32,Cari Berkas,S42ECF21C6D39B326,Normal,Normal
14911,2025-12-29 11:00:07,32,Logout,S42ECF21C6D39B326,Normal,Normal
14916,2025-12-29 13:59:08,61,Login,S961B7C53FE212F5B,Normal,Normal
14917,2025-12-29 14:01:47,61,Lihat Perkara,S961B7C53FE212F5B,Normal,Normal
14918,2025-12-29 14:02:25,61,Cari Berkas,S961B7C53FE212F5B,Normal,Normal
14919,2025-12-29 14:04:00,61,Logout,S961B7C53FE212F5B,Normal,Normal
14920,2025-12-29 14:52:01,73,Login,SBDCDDAAB68228D75,Normal,Normal
14921,2025-12-29 14:53:11,73,Lihat Perkara,SBDCDDAAB68228D75,Normal,Normal
14922,2025-12-29 14:54:13,59,Login,SCFFC019F33CB47F4,Normal,Normal
14923,2025-12-29 14:54:39,73,Cari Berkas,SBDCDDAAB68228D75,Normal,Normal
14924,2025-12-29 14:55:37,59,Lihat Perkara,SCFFC019F33CB47F4,Normal,Normal
14925,2025-12-29 14:56:09,59,Cari Berkas,SCFFC019F33CB47F4,Normal,Normal
14926,2025-12-29 14:56:12,73,Logout,SBDCDDAAB68228D75,Normal,Normal
14927,2025-12-29 14:58:07,59,Logout,SCFFC019F33CB47F4,Normal,Normal
14928,2025-12-30 00:23:08,62,Login,S4B9F16007DCE18B0,login_luar_jam,Low
14929,2025-12-30 06:46:08,24,Login,S2A2994AE1074B2E4,login_luar_jam,Low
14930,2025-12-30 07:07:46,47,Login,S016672213063AE7F,Normal,Normal
14931,2025-12-30 07:10:23,47,Lihat Perkara,S016672213063AE7F,Normal,Normal
14932,2025-12-30 07:12:46,47,Cari Berkas,S016672213063AE7F,Normal,Normal
14933,2025-12-30 07:13:26,47,Logout,S016672213063AE7F,Normal,Normal
14934,2025-12-30 07:38:35,53,Login,S02267D71E13F53BD,Normal,Normal
14935,2025-12-30 07:39:40,53,Lihat Perkara,S02267D71E13F53BD,Normal,Normal
14936,2025-12-30 07:40:30,53,Cari Berkas,S02267D71E13F53BD,Normal,Normal
14937,2025-12-30 07:42:40,53,Logout,S02267D71E13F53BD,Normal,Normal
14938,2025-12-30 09:04:08,45,Login,SF1B894B71BD5F014,Normal,Normal
14941,2025-12-30 09:06:15,45,Lihat Perkara,SF1B894B71BD5F014,Normal,Normal
14942,2025-12-30 09:07:12,45,Cari Berkas,SF1B894B71BD5F014,Normal,Normal
14944,2025-12-30 09:08:08,45,Logout,SF1B894B71BD5F014,Normal,Normal
14946,2025-12-30 09:20:47,83,Login,S4184D045C4C1E376,Normal,Normal
14947,2025-12-30 09:21:29,83,Lihat Perkara,S4184D045C4C1E376,Normal,Normal
14948,2025-12-30 09:23:28,83,Cari Berkas,S4184D045C4C1E376,Normal,Normal
14949,2025-12-30 09:24:22,83,Logout,S4184D045C4C1E376,Normal,Normal
14950,2025-12-30 10:47:14,24,Lihat Perkara,S2A2994AE1074B2E4,Normal,Normal
14951,2025-12-30 10:47:29,24,Cari Berkas,S2A2994AE1074B2E4,Normal,Normal
14952,2025-12-30 10:48:10,24,Logout,S2A2994AE1074B2E4,Normal,Normal
14953,2025-12-30 12:24:39,62,Lihat Perkara,S4B9F16007DCE18B0,Normal,Normal
14954,2025-12-30 12:25:27,62,Cari Berkas,S4B9F16007DCE18B0,Normal,Normal
14955,2025-12-30 12:25:52,62,Logout,S4B9F16007DCE18B0,Normal,Normal
14956,2025-12-30 14:01:55,46,Login,SD8311287B5DDE115,verifikasi_massal,High
14957,2025-12-30 14:02:24,46,Lihat Perkara,SD8311287B5DDE115,Normal,Normal
14958,2025-12-30 14:04:40,46,Cari Berkas,SD8311287B5DDE115,Normal,Normal
14959,2025-12-30 14:04:58,46,Logout,SD8311287B5DDE115,ip_berubah,Low
14960,2025-12-30 14:40:45,61,Login,SAC30211D9482E11E,Normal,Normal
14961,2025-12-30 14:42:35,61,Lihat Perkara,SAC30211D9482E11E,Normal,Normal
14962,2025-12-30 14:42:55,61,Cari Berkas,SAC30211D9482E11E,Normal,Normal
14963,2025-12-30 14:44:33,61,Logout,SAC30211D9482E11E,Normal,Normal
14964,2025-12-30 14:54:13,19,Login,S281ACA54A1FD0742,peminjaman_massal,High
14965,2025-12-30 14:57:09,19,Lihat Perkara,S281ACA54A1FD0742,Normal,Normal
14966,2025-12-30 14:58:38,19,Cari Berkas,S281ACA54A1FD0742,Normal,Normal
14967,2025-12-30 15:01:24,19,Logout,S281ACA54A1FD0742,device_berubah,Low
14968,2025-12-31 06:29:24,71,Login,S9442AE6B5B330F17,login_luar_jam,Low
14969,2025-12-31 07:54:32,51,Login,S01C363CD7ADD3695,Normal,Normal
14970,2025-12-31 07:54:42,51,Lihat Perkara,S01C363CD7ADD3695,Normal,Normal
14971,2025-12-31 07:55:27,51,Cari Berkas,S01C363CD7ADD3695,Normal,Normal
14972,2025-12-31 07:57:24,51,Logout,S01C363CD7ADD3695,Normal,Normal
14973,2025-12-31 08:32:26,45,Login,S4FA6897EB96F5266,aktivitas_terlalu_cepat,Medium
14974,2025-12-31 08:35:24,45,Lihat Perkara,S4FA6897EB96F5266,Normal,Normal
14975,2025-12-31 08:38:07,45,Cari Berkas,S4FA6897EB96F5266,Normal,Normal
14976,2025-12-31 08:40:43,45,Logout,S4FA6897EB96F5266,Normal,Normal
14977,2025-12-31 10:10:09,53,Login,S28524385D9F2DD0D,Normal,Normal
14978,2025-12-31 10:11:51,53,Lihat Perkara,S28524385D9F2DD0D,Normal,Normal
14979,2025-12-31 10:14:11,53,Cari Berkas,S28524385D9F2DD0D,Normal,Normal
14980,2025-12-31 10:15:18,53,Logout,S28524385D9F2DD0D,Normal,Normal
14981,2025-12-31 10:45:26,24,Login,S1F99EADD6596D05E,Normal,Normal
14982,2025-12-31 10:46:03,24,Lihat Perkara,S1F99EADD6596D05E,Normal,Normal
14983,2025-12-31 10:48:16,24,Cari Berkas,S1F99EADD6596D05E,Normal,Normal
14984,2025-12-31 10:50:21,24,Logout,S1F99EADD6596D05E,Normal,Normal
14985,2025-12-31 14:21:58,40,Login,S172DC64717E6AE99,verifikasi_massal,High
14986,2025-12-31 14:23:15,40,Lihat Perkara,S172DC64717E6AE99,Normal,Normal
14987,2025-12-31 14:24:02,40,Cari Berkas,S172DC64717E6AE99,Normal,Normal
14988,2025-12-31 14:25:39,40,Logout,S172DC64717E6AE99,Normal,Normal
14997,2025-12-31 16:30:25,71,Lihat Perkara,S9442AE6B5B330F17,Normal,Normal
14998,2025-12-31 16:33:24,71,Cari Berkas,S9442AE6B5B330F17,Normal,Normal
14999,2025-12-31 16:34:24,71,Logout,S9442AE6B5B330F17,Normal,Normal
