user_id,activity,status,device,ip_address,duration_ms,object_count,hour,day_of_week,source_type,source_id,candidate_type,anomaly_type,severity,mutated_features,num_mutated_features,source_record_id
31.0,Akses Berkas,Berhasil,Android,Public IP Address,6.461468176353717,2.19722457733622,16,0,SYNTHETIC,synth_9514,ANOMALY,external_ip_single_probe,Mild,ip_address,1,synth_9514
20.0,Akses Berkas,Berhasil,iOS,Public IP Address,6.951772164398911,1.3862943611198906,16,0,SYNTHETIC,synth_9510,ANOMALY,external_ip_single_probe,Mild,ip_address,1,synth_9510
33.0,Kelola Perkara,Berhasil,PC Windows,Public IP Address,8.566364235422688,2.19722457733622,16,6,SYNTHETIC,synth_7939,ANOMALY,external_ip_single_probe,Mild,ip_address,1,synth_7939
83.0,Login,Berhasil,PC Windows,Public IP Address,7.430114138561801,0.6931471805599453,14,4,SYNTHETIC,synth_7860,ANOMALY,external_ip_single_probe,Mild,ip_address,1,synth_7860
22.0,Kelola Perkara,Berhasil,PC Windows,Public IP Address,7.869783902530146,2.19722457733622,23,0,SYNTHETIC,synth_1209,ANOMALY,external_ip_single_probe,Mild,ip_address,1,synth_1209
63.0,Login,Gagal,iOS,Public IP Address,7.377133712833954,0.6931471805599453,17,4,SYNTHETIC,synth_6421,ANOMALY,external_ip_single_probe,Mild,ip_address,1,synth_6421
36.0,Logout,Berhasil,PC Windows,Public IP Address,7.226209010100671,0.6931471805599453,22,6,SYNTHETIC,synth_7733,ANOMALY,external_ip_single_probe,Mild,ip_address,1,synth_7733
50.0,Akses Berkas,Berhasil,PC Windows,Public IP Address,6.516193076042964,2.079441541679836,20,2,SYNTHETIC,synth_3209,ANOMALY,external_ip_single_probe,Mild,ip_address,1,synth_3209
64.0,Logout,Berhasil,PC Windows,Public IP Address,5.575949103146316,0.6931471805599453,23,5,SYNTHETIC,synth_186,ANOMALY,external_ip_single_probe,Mild,ip_address,1,synth_186
82.0,Kelola Perkara,Berhasil,Android,Public IP Address,6.410174881966167,1.6094379124341005,18,3,SYNTHETIC,synth_12544,ANOMALY,external_ip_single_probe,Mild,ip_address,1,synth_12544
54.0,Logout,Berhasil,PC Windows,Public IP Address,7.147559271189454,0.6931471805599453,15,3,SYNTHETIC,synth_4185,ANOMALY,external_ip_single_probe,Mild,ip_address,1,synth_4185
57.0,Kelola Perkara,Berhasil,PC Windows,Public IP Address,8.17103418920548,2.3978952727983707,18,4,SYNTHETIC,synth_8575,ANOMALY,external_ip_single_probe,Mild,ip_address,1,synth_8575
41.0,Logout,Berhasil,PC Windows,Public IP Address,6.522092798170152,0.6931471805599453,15,3,SYNTHETIC,synth_11017,ANOMALY,external_ip_single_probe,Mild,ip_address,1,synth_11017
1.0,Kelola Sarana,Berhasil,Unknown Device,Public IP Address,0.0,0.6931471805599453,4,3,REAL_DB,real_db_95,ANOMALY,external_ip_single_probe,Mild,ip_address,1,real_db_95
55.0,Logout,Berhasil,PC Windows,Public IP Address,7.258412150595307,0.6931471805599453,16,5,SYNTHETIC,synth_9987,ANOMALY,external_ip_single_probe,Mild,ip_address,1,synth_9987
35.0,Login,Gagal,PC Windows,Public IP Address,6.901737206656574,0.6931471805599453,18,5,SYNTHETIC,synth_14557,ANOMALY,external_ip_single_probe,Mild,ip_address,1,synth_14557
19.0,Logout,Berhasil,iOS,Public IP Address,6.668228248417403,0.6931471805599453,15,6,SYNTHETIC,synth_6203,ANOMALY,external_ip_single_probe,Mild,ip_address,1,synth_6203
53.0,Logout,Berhasil,PC Windows,Public IP Address,7.144407180321139,0.6931471805599453,23,6,SYNTHETIC,synth_1159,ANOMALY,external_ip_single_probe,Mild,ip_address,1,synth_1159
59.0,Akses Berkas,Berhasil,PC Windows,Public IP Address,7.404887575616125,2.3978952727983707,15,6,SYNTHETIC,synth_9482,ANOMALY,external_ip_single_probe,Mild,ip_address,1,synth_9482
66.0,Login,Berhasil,PC Windows,Public IP Address,6.496774990185863,0.6931471805599453,15,2,SYNTHETIC,synth_6586,ANOMALY,external_ip_single_probe,Mild,ip_address,1,synth_6586
36.0,Akses Berkas,Berhasil,PC Windows,Public IP Address,7.768110378525988,1.6094379124341005,19,6,SYNTHETIC,synth_5609,ANOMALY,external_ip_single_probe,Mild,ip_address,1,synth_5609
44.0,Logout,Berhasil,iOS,Public IP Address,7.065613363597717,0.6931471805599453,22,0,SYNTHETIC,synth_1767,ANOMALY,external_ip_single_probe,Mild,ip_address,1,synth_1767
41.0,Kelola Perkara,Berhasil,PC Windows,Public IP Address,8.137103389639302,1.0986122886681098,15,5,SYNTHETIC,synth_8260,ANOMALY,external_ip_single_probe,Mild,ip_address,1,synth_8260
30.0,Logout,Berhasil,PC Windows,Public IP Address,7.217443431696533,0.6931471805599453,17,3,SYNTHETIC,synth_3873,ANOMALY,external_ip_single_probe,Mild,ip_address,1,synth_3873
23.0,Logout,Berhasil,PC Windows,Public IP Address,7.281385663570282,0.6931471805599453,23,2,SYNTHETIC,synth_9345,ANOMALY,external_ip_single_probe,Mild,ip_address,1,synth_9345
70.0,Akses Berkas,Berhasil,iOS,Public IP Address,6.859614903654202,1.791759469228055,14,2,SYNTHETIC,synth_8734,ANOMALY,external_ip_single_probe,Mild,ip_address,1,synth_8734
63.0,Logout,Berhasil,iOS,Public IP Address,6.726233402358747,0.6931471805599453,17,3,SYNTHETIC,synth_1004,ANOMALY,external_ip_single_probe,Mild,ip_address,1,synth_1004
50.0,Logout,Berhasil,PC Windows,Public IP Address,7.059617628291383,0.6931471805599453,20,3,SYNTHETIC,synth_14206,ANOMALY,external_ip_single_probe,Mild,ip_address,1,synth_14206
52.0,Login,Berhasil,PC Windows,Public IP Address,6.715383386334681,0.6931471805599453,14,3,SYNTHETIC,synth_1263,ANOMALY,external_ip_single_probe,Mild,ip_address,1,synth_1263
33.0,Kelola Perkara,Berhasil,PC Windows,Public IP Address,8.698681067461614,1.0986122886681098,20,6,SYNTHETIC,synth_3461,ANOMALY,external_ip_single_probe,Mild,ip_address,1,synth_3461
63.0,Kelola Perkara,Berhasil,iOS,Public IP Address,8.356789669923213,1.0986122886681098,23,3,SYNTHETIC,synth_9397,ANOMALY,external_ip_single_probe,Mild,ip_address,1,synth_9397
54.0,Kelola Perkara,Berhasil,PC Windows,Public IP Address,8.617219505483362,2.19722457733622,17,0,SYNTHETIC,synth_12442,ANOMALY,external_ip_single_probe,Mild,ip_address,1,synth_12442
64.0,Akses Berkas,Berhasil,PC Windows,Public IP Address,8.67060073804555,1.791759469228055,19,1,SYNTHETIC,synth_13582,ANOMALY,external_ip_single_probe,Mild,ip_address,1,synth_13582
46.0,Kelola Perkara,Berhasil,PC Windows,Public IP Address,7.648739788956242,1.9459101490553128,23,3,SYNTHETIC,synth_1890,ANOMALY,external_ip_single_probe,Mild,ip_address,1,synth_1890
66.0,Kelola Perkara,Berhasil,PC Windows,Public IP Address,6.47543271670409,2.302585092994046,14,5,SYNTHETIC,synth_9697,ANOMALY,external_ip_single_probe,Mild,ip_address,1,synth_9697
86.0,Logout,Berhasil,Android,Public IP Address,6.902742737158593,0.6931471805599453,15,0,SYNTHETIC,synth_8675,ANOMALY,external_ip_single_probe,Mild,ip_address,1,synth_8675
55.0,Verifikasi,Berhasil,PC Windows,Public IP Address,7.207118856207756,1.791759469228055,23,6,SYNTHETIC,synth_1150,ANOMALY,external_ip_single_probe,Mild,ip_address,1,synth_1150
63.0,Kelola Perkara,Berhasil,iOS,Public IP Address,8.53050420547591,1.9459101490553128,20,1,SYNTHETIC,synth_9556,ANOMALY,external_ip_single_probe,Mild,ip_address,1,synth_9556
1.0,Laporan & Anomali,Berhasil,PC Windows,Public IP Address,7.7284157798410416,1.0986122886681098,14,3,SYNTHETIC,synth_13366,ANOMALY,external_ip_single_probe,Mild,ip_address,1,synth_13366
25.0,Login,Berhasil,iOS,Public IP Address,7.262628600974241,0.6931471805599453,23,2,SYNTHETIC,synth_1526,ANOMALY,external_ip_single_probe,Mild,ip_address,1,synth_1526
79.0,Kelola Perkara,Berhasil,iOS,Public IP Address,7.142036574706803,1.0986122886681098,21,3,SYNTHETIC,synth_12282,ANOMALY,external_ip_single_probe,Mild,ip_address,1,synth_12282
75.0,Login,Gagal,PC Windows,Public IP Address,7.2640301428995295,0.6931471805599453,22,3,SYNTHETIC,synth_2729,ANOMALY,external_ip_single_probe,Mild,ip_address,1,synth_2729
20.0,Login,Berhasil,iOS,Public IP Address,6.81783057145415,0.6931471805599453,23,4,SYNTHETIC,synth_11085,ANOMALY,external_ip_single_probe,Mild,ip_address,1,synth_11085
75.0,Logout,Berhasil,PC Windows,Public IP Address,7.150701457592526,0.6931471805599453,23,2,SYNTHETIC,synth_8470,ANOMALY,external_ip_single_probe,Mild,ip_address,1,synth_8470
53.0,Kelola Perkara,Berhasil,PC Windows,Public IP Address,8.292798858200374,0.6931471805599453,22,4,SYNTHETIC,synth_12601,ANOMALY,external_ip_single_probe,Mild,ip_address,1,synth_12601
70.0,Kelola Perkara,Berhasil,iOS,Public IP Address,8.564649132572534,2.19722457733622,19,0,SYNTHETIC,synth_8939,ANOMALY,external_ip_single_probe,Mild,ip_address,1,synth_8939
50.0,Logout,Berhasil,PC Windows,Public IP Address,6.535241271013659,0.6931471805599453,14,6,SYNTHETIC,synth_8900,ANOMALY,external_ip_single_probe,Mild,ip_address,1,synth_8900
53.0,Kelola Perkara,Berhasil,PC Windows,Public IP Address,7.273786317844895,0.6931471805599453,15,4,SYNTHETIC,synth_10573,ANOMALY,external_ip_single_probe,Mild,ip_address,1,synth_10573
29.0,Akses Berkas,Berhasil,PC Windows,Public IP Address,7.487173694213739,1.0986122886681098,22,3,SYNTHETIC,synth_11660,ANOMALY,external_ip_single_probe,Mild,ip_address,1,synth_11660
26.0,Kelola Perkara,Berhasil,iOS,Public IP Address,6.778784897685177,2.3978952727983707,22,4,SYNTHETIC,synth_12321,ANOMALY,external_ip_single_probe,Mild,ip_address,1,synth_12321
20.0,Login,Berhasil,iOS,Public IP Address,7.412160334945205,0.6931471805599453,19,0,SYNTHETIC,synth_7478,ANOMALY,external_ip_single_probe,Mild,ip_address,1,synth_7478
48.0,Login,Gagal,PC Windows,Public IP Address,5.808142489980444,0.6931471805599453,20,5,SYNTHETIC,synth_10288,ANOMALY,external_ip_single_probe,Mild,ip_address,1,synth_10288
62.0,Logout,Berhasil,PC Windows,Public IP Address,6.3818160174060985,0.6931471805599453,15,5,SYNTHETIC,synth_4760,ANOMALY,external_ip_single_probe,Mild,ip_address,1,synth_4760
29.0,Akses Berkas,Berhasil,PC Windows,Public IP Address,8.683554728631462,2.079441541679836,20,5,SYNTHETIC,synth_1369,ANOMALY,external_ip_single_probe,Mild,ip_address,1,synth_1369
29.0,Logout,Berhasil,PC Windows,Public IP Address,5.552959584921617,0.6931471805599453,19,0,SYNTHETIC,synth_12132,ANOMALY,external_ip_single_probe,Mild,ip_address,1,synth_12132
60.0,Login,Berhasil,PC Windows,Public IP Address,7.59488438721652,0.6931471805599453,22,2,SYNTHETIC,synth_5467,ANOMALY,external_ip_single_probe,Mild,ip_address,1,synth_5467
34.0,Akses Berkas,Berhasil,PC Windows,Public IP Address,8.346404870435956,2.3978952727983707,15,6,SYNTHETIC,synth_8288,ANOMALY,external_ip_single_probe,Mild,ip_address,1,synth_8288
27.0,Login,Berhasil,PC Windows,Public IP Address,7.30854279753919,0.6931471805599453,22,3,SYNTHETIC,synth_11312,ANOMALY,external_ip_single_probe,Mild,ip_address,1,synth_11312
84.0,Laporan & Anomali,Berhasil,PC Windows,Public IP Address,8.197538739721184,1.3862943611198906,17,4,SYNTHETIC,synth_5004,ANOMALY,external_ip_single_probe,Mild,ip_address,1,synth_5004
55.0,Logout,Berhasil,PC Windows,Public IP Address,5.891644211825772,0.6931471805599453,17,0,SYNTHETIC,synth_9766,ANOMALY,external_ip_single_probe,Mild,ip_address,1,synth_9766
1.0,Akses Berkas,Berhasil,Unknown Device,Public IP Address,0.0,0.6931471805599453,18,6,REAL_DB,real_db_402,ANOMALY,external_ip_single_probe,Mild,ip_address,1,real_db_402
68.0,Akses Berkas,Berhasil,PC Windows,Public IP Address,8.67470962929122,0.6931471805599453,16,4,SYNTHETIC,synth_10233,ANOMALY,external_ip_single_probe,Mild,ip_address,1,synth_10233
82.0,Logout,Berhasil,Android,Public IP Address,6.597145701886651,0.6931471805599453,21,2,SYNTHETIC,synth_10755,ANOMALY,external_ip_single_probe,Mild,ip_address,1,synth_10755
6.0,Login,Berhasil,PC Windows,Public IP Address,5.8664680569332965,0.6931471805599453,23,5,SYNTHETIC,synth_3705,ANOMALY,external_ip_single_probe,Mild,ip_address,1,synth_3705
36.0,Login,Berhasil,PC Windows,Public IP Address,7.163946684342547,0.6931471805599453,17,3,SYNTHETIC,synth_2714,ANOMALY,external_ip_single_probe,Mild,ip_address,1,synth_2714
65.0,Logout,Berhasil,PC Windows,Public IP Address,7.182352111885263,0.6931471805599453,14,1,SYNTHETIC,synth_13033,ANOMALY,external_ip_single_probe,Mild,ip_address,1,synth_13033
55.0,Kelola Berkas,Berhasil,PC Windows,Public IP Address,8.716535732544495,1.0986122886681098,16,6,SYNTHETIC,synth_7949,ANOMALY,external_ip_single_probe,Mild,ip_address,1,synth_7949
52.0,Logout,Berhasil,PC Windows,Public IP Address,6.778784897685177,0.6931471805599453,18,4,SYNTHETIC,synth_2748,ANOMALY,external_ip_single_probe,Mild,ip_address,1,synth_2748
51.0,Akses Berkas,Berhasil,PC Windows,Public IP Address,7.587817219993427,2.19722457733622,15,6,SYNTHETIC,synth_2526,ANOMALY,external_ip_single_probe,Mild,ip_address,1,synth_2526
54.0,Akses Berkas,Berhasil,PC Windows,Public IP Address,8.24800570160062,2.079441541679836,18,5,SYNTHETIC,synth_7053,ANOMALY,external_ip_single_probe,Mild,ip_address,1,synth_7053
54.0,Akses Berkas,Berhasil,PC Windows,Public IP Address,8.484049972822984,1.9459101490553128,21,3,SYNTHETIC,synth_4698,ANOMALY,external_ip_single_probe,Mild,ip_address,1,synth_4698
52.0,Logout,Berhasil,PC Windows,Public IP Address,6.456769655572163,0.6931471805599453,18,5,SYNTHETIC,synth_10844,ANOMALY,external_ip_single_probe,Mild,ip_address,1,synth_10844
73.0,Kelola Perkara,Berhasil,Android,Public IP Address,8.637462023807181,1.0986122886681098,21,2,SYNTHETIC,synth_2932,ANOMALY,external_ip_single_probe,Mild,ip_address,1,synth_2932
28.0,Logout,Berhasil,iOS,Public IP Address,6.679599185844383,0.6931471805599453,18,5,SYNTHETIC,synth_6735,ANOMALY,external_ip_single_probe,Mild,ip_address,1,synth_6735
22.0,Login,Berhasil,PC Windows,Public IP Address,7.055312843339752,0.6931471805599453,19,4,SYNTHETIC,synth_4483,ANOMALY,external_ip_single_probe,Mild,ip_address,1,synth_4483
78.0,Logout,Berhasil,iOS,Public IP Address,6.875232087276577,0.6931471805599453,14,1,SYNTHETIC,synth_4603,ANOMALY,external_ip_single_probe,Mild,ip_address,1,synth_4603
1.0,Kelola User,Berhasil,PC Windows,Public IP Address,8.549660381553739,0.6931471805599453,19,4,SYNTHETIC,synth_8587,ANOMALY,external_ip_single_probe,Mild,ip_address,1,synth_8587
44.0,Login,Berhasil,iOS,Public IP Address,6.3835066348840055,0.6931471805599453,14,5,SYNTHETIC,synth_9978,ANOMALY,external_ip_single_probe,Mild,ip_address,1,synth_9978
48.0,Logout,Berhasil,PC Windows,Public IP Address,7.262628600974241,0.6931471805599453,19,3,SYNTHETIC,synth_1551,ANOMALY,external_ip_single_probe,Mild,ip_address,1,synth_1551
45.0,Login,Berhasil,PC Windows,Public IP Address,7.585281078639126,0.6931471805599453,19,6,SYNTHETIC,synth_10647,ANOMALY,external_ip_single_probe,Mild,ip_address,1,synth_10647
40.0,Kelola Perkara,Berhasil,Android,Public IP Address,8.304247465078474,2.3978952727983707,14,5,SYNTHETIC,synth_6438,ANOMALY,external_ip_single_probe,Mild,ip_address,1,synth_6438
18.0,Logout,Berhasil,PC Windows,Public IP Address,7.066466970136958,0.6931471805599453,18,0,SYNTHETIC,synth_3105,ANOMALY,external_ip_single_probe,Mild,ip_address,1,synth_3105
64.0,Akses Berkas,Berhasil,PC Windows,Public IP Address,6.594413459749778,2.19722457733622,15,4,SYNTHETIC,synth_2195,ANOMALY,external_ip_single_probe,Mild,ip_address,1,synth_2195
38.0,Login,Berhasil,PC Windows,Public IP Address,5.961005339623274,0.6931471805599453,14,6,SYNTHETIC,synth_189,ANOMALY,external_ip_single_probe,Mild,ip_address,1,synth_189
37.0,Kelola Perkara,Berhasil,PC Windows,Public IP Address,7.455876687491824,1.791759469228055,14,0,SYNTHETIC,synth_8006,ANOMALY,external_ip_single_probe,Mild,ip_address,1,synth_8006
69.0,Akses Berkas,Berhasil,PC Windows,Public IP Address,8.134174272137903,1.791759469228055,19,1,SYNTHETIC,synth_6890,ANOMALY,external_ip_single_probe,Mild,ip_address,1,synth_6890
64.0,Kelola Perkara,Berhasil,PC Windows,Public IP Address,8.258940462988459,2.302585092994046,20,0,SYNTHETIC,synth_3493,ANOMALY,external_ip_single_probe,Mild,ip_address,1,synth_3493
50.0,Login,Berhasil,PC Windows,Public IP Address,6.903747257584598,0.6931471805599453,20,2,SYNTHETIC,synth_3207,ANOMALY,external_ip_single_probe,Mild,ip_address,1,synth_3207
18.0,Kelola Perkara,Berhasil,PC Windows,Public IP Address,8.65084957622891,2.302585092994046,22,6,SYNTHETIC,synth_11140,ANOMALY,external_ip_single_probe,Mild,ip_address,1,synth_11140
28.0,Kelola Perkara,Berhasil,iOS,Public IP Address,8.363342466597977,0.6931471805599453,21,0,SYNTHETIC,synth_6861,ANOMALY,external_ip_single_probe,Mild,ip_address,1,synth_6861
85.0,Login,Berhasil,PC Windows,Public IP Address,7.428333194190806,0.6931471805599453,17,2,SYNTHETIC,synth_9589,ANOMALY,external_ip_single_probe,Mild,ip_address,1,synth_9589
85.0,Akses Berkas,Berhasil,PC Windows,Public IP Address,8.39728289474368,2.3978952727983707,22,6,SYNTHETIC,synth_8921,ANOMALY,external_ip_single_probe,Mild,ip_address,1,synth_8921
36.0,Akses Berkas,Berhasil,PC Windows,Public IP Address,8.574140471857987,2.3978952727983707,19,4,SYNTHETIC,synth_14799,ANOMALY,external_ip_single_probe,Mild,ip_address,1,synth_14799
40.0,Akses Berkas,Berhasil,Android,Public IP Address,8.613956859848546,2.302585092994046,15,4,SYNTHETIC,synth_5800,ANOMALY,external_ip_single_probe,Mild,ip_address,1,synth_5800
67.0,Akses Berkas,Berhasil,PC Windows,Public IP Address,7.085901464365611,1.9459101490553128,23,5,SYNTHETIC,synth_9733,ANOMALY,external_ip_single_probe,Mild,ip_address,1,synth_9733
78.0,Akses Berkas,Berhasil,iOS,Public IP Address,8.37378460812088,2.079441541679836,15,5,SYNTHETIC,synth_1960,ANOMALY,external_ip_single_probe,Mild,ip_address,1,synth_1960
55.0,Verifikasi,Berhasil,PC Windows,Public IP Address,7.621195162809845,1.791759469228055,14,4,SYNTHETIC,synth_9917,ANOMALY,external_ip_single_probe,Mild,ip_address,1,synth_9917
55.0,Akses Berkas,Berhasil,PC Windows,Public IP Address,8.561784074744113,1.0986122886681098,15,5,SYNTHETIC,synth_12626,ANOMALY,external_ip_single_probe,Mild,ip_address,1,synth_12626
84.0,Laporan & Anomali,Berhasil,PC Windows,Public IP Address,8.544808358449211,1.3862943611198906,14,3,SYNTHETIC,synth_11596,ANOMALY,external_ip_single_probe,Mild,ip_address,1,synth_11596
8.0,Akses Berkas,Berhasil,PC Windows,Public IP Address,8.22282213081366,1.3862943611198906,23,3,SYNTHETIC,synth_5247,ANOMALY,external_ip_single_probe,Mild,ip_address,1,synth_5247
38.0,Logout,Berhasil,PC Windows,Public IP Address,6.423246963533519,0.6931471805599453,22,1,SYNTHETIC,synth_10456,ANOMALY,external_ip_single_probe,Mild,ip_address,1,synth_10456
54.0,Logout,Berhasil,PC Windows,Public IP Address,7.218176838403408,0.6931471805599453,17,0,SYNTHETIC,synth_12446,ANOMALY,external_ip_single_probe,Mild,ip_address,1,synth_12446
50.0,Logout,Berhasil,PC Windows,Public IP Address,5.365976015021851,0.6931471805599453,15,4,SYNTHETIC,synth_10230,ANOMALY,external_ip_single_probe,Mild,ip_address,1,synth_10230
20.0,Kelola Perkara,Berhasil,iOS,Public IP Address,7.8407064517494,1.6094379124341005,17,5,SYNTHETIC,synth_3347,ANOMALY,external_ip_single_probe,Mild,ip_address,1,synth_3347
52.0,Akses Berkas,Berhasil,PC Windows,Public IP Address,6.7912214627261855,2.302585092994046,17,4,SYNTHETIC,synth_12302,ANOMALY,external_ip_single_probe,Mild,ip_address,1,synth_12302
48.0,Login,Berhasil,PC Windows,Public IP Address,6.932447891572509,0.6931471805599453,21,0,SYNTHETIC,synth_2065,ANOMALY,external_ip_single_probe,Mild,ip_address,1,synth_2065
63.0,Login,Berhasil,iOS,Public IP Address,7.257002707092073,0.6931471805599453,19,1,SYNTHETIC,synth_10711,ANOMALY,external_ip_single_probe,Mild,ip_address,1,synth_10711
50.0,Login,Berhasil,PC Windows,Public IP Address,6.815639990074331,0.6931471805599453,17,1,SYNTHETIC,synth_2104,ANOMALY,external_ip_single_probe,Mild,ip_address,1,synth_2104
1.0,Kelola Perkara,Berhasil,Unknown Device,Public IP Address,0.0,0.6931471805599453,6,3,REAL_DB,real_db_130,ANOMALY,external_ip_single_probe,Mild,ip_address,1,real_db_130
68.0,Kelola Perkara,Berhasil,PC Windows,Public IP Address,8.22764270790443,1.3862943611198906,23,4,SYNTHETIC,synth_12006,ANOMALY,external_ip_single_probe,Mild,ip_address,1,synth_12006
48.0,Login,Berhasil,PC Windows,Public IP Address,6.966024187106113,0.6931471805599453,14,5,SYNTHETIC,synth_12614,ANOMALY,external_ip_single_probe,Mild,ip_address,1,synth_12614
48.0,Kelola Perkara,Berhasil,PC Windows,Public IP Address,8.41316512099219,1.9459101490553128,18,2,SYNTHETIC,synth_4143,ANOMALY,external_ip_single_probe,Mild,ip_address,1,synth_4143
8.0,Login,Gagal,PC Windows,Public IP Address,6.71901315438526,0.6931471805599453,18,6,SYNTHETIC,synth_5349,ANOMALY,external_ip_single_probe,Mild,ip_address,1,synth_5349
42.0,Logout,Berhasil,Android,Public IP Address,7.120444372392488,0.6931471805599453,18,5,SYNTHETIC,synth_1984,ANOMALY,external_ip_single_probe,Mild,ip_address,1,synth_1984
29.0,Logout,Berhasil,PC Windows,Public IP Address,5.926926025970411,0.6931471805599453,18,3,SYNTHETIC,synth_4684,ANOMALY,external_ip_single_probe,Mild,ip_address,1,synth_4684
58.0,Kelola Perkara,Berhasil,PC Windows,Public IP Address,7.982074875081202,0.6931471805599453,22,2,SYNTHETIC,synth_10164,ANOMALY,external_ip_single_probe,Mild,ip_address,1,synth_10164
33.0,Kelola Perkara,Berhasil,PC Windows,Public IP Address,7.827639546366422,1.791759469228055,21,6,SYNTHETIC,synth_508,ANOMALY,external_ip_single_probe,Mild,ip_address,1,synth_508
18.0,Login,Berhasil,PC Windows,Public IP Address,6.593044534142437,0.6931471805599453,21,5,SYNTHETIC,synth_10010,ANOMALY,external_ip_single_probe,Mild,ip_address,1,synth_10010
48.0,Verifikasi,Gagal,PC Windows,Public IP Address,7.350516171833998,2.302585092994046,14,3,SYNTHETIC,synth_10765,ANOMALY,external_ip_single_probe,Mild,ip_address,1,synth_10765
40.0,Logout,Berhasil,Android,Public IP Address,6.601230118728877,0.6931471805599453,21,0,SYNTHETIC,synth_8039,ANOMALY,external_ip_single_probe,Mild,ip_address,1,synth_8039
55.0,Login,Berhasil,PC Windows,Public IP Address,7.436617265234227,0.6931471805599453,14,4,SYNTHETIC,synth_402,ANOMALY,external_ip_single_probe,Mild,ip_address,1,synth_402
60.0,Kelola Perkara,Berhasil,PC Windows,Public IP Address,7.315218389752975,2.079441541679836,23,3,SYNTHETIC,synth_394,ANOMALY,external_ip_single_probe,Mild,ip_address,1,synth_394
64.0,Login,Berhasil,PC Windows,Public IP Address,6.324358962381311,0.6931471805599453,22,4,SYNTHETIC,synth_5303,ANOMALY,external_ip_single_probe,Mild,ip_address,1,synth_5303
68.0,Kelola Perkara,Berhasil,PC Windows,Public IP Address,8.606851063346772,0.6931471805599453,18,5,SYNTHETIC,synth_1350,ANOMALY,external_ip_single_probe,Mild,ip_address,1,synth_1350
55.0,Akses Berkas,Berhasil,PC Windows,Public IP Address,8.81818627792769,1.9459101490553128,22,4,SYNTHETIC,synth_13208,ANOMALY,external_ip_single_probe,Mild,ip_address,1,synth_13208
31.0,Akses Berkas,Berhasil,Android,Public IP Address,8.515992470839718,2.19722457733622,14,5,SYNTHETIC,synth_3680,ANOMALY,external_ip_single_probe,Mild,ip_address,1,synth_3680
18.0,Login,Berhasil,PC Windows,Public IP Address,7.355641102974253,0.6931471805599453,19,1,SYNTHETIC,synth_8072,ANOMALY,external_ip_single_probe,Mild,ip_address,1,synth_8072
84.0,Laporan & Anomali,Berhasil,PC Windows,Public IP Address,8.003028666384733,2.302585092994046,15,0,SYNTHETIC,synth_13543,ANOMALY,external_ip_single_probe,Mild,ip_address,1,synth_13543
70.0,Logout,Berhasil,iOS,Public IP Address,7.275172319452771,0.6931471805599453,14,6,SYNTHETIC,synth_2810,ANOMALY,external_ip_single_probe,Mild,ip_address,1,synth_2810
26.0,Logout,Berhasil,iOS,Public IP Address,5.918893854273146,0.6931471805599453,23,5,SYNTHETIC,synth_4283,ANOMALY,external_ip_single_probe,Mild,ip_address,1,synth_4283
70.0,Logout,Berhasil,iOS,Public IP Address,7.144407180321139,0.6931471805599453,21,5,SYNTHETIC,synth_1374,ANOMALY,external_ip_single_probe,Mild,ip_address,1,synth_1374
66.0,Logout,Berhasil,PC Windows,Public IP Address,7.166265974133638,0.6931471805599453,14,5,SYNTHETIC,synth_9699,ANOMALY,external_ip_single_probe,Mild,ip_address,1,synth_9699
1.0,Kelola User,Berhasil,PC Windows,Public IP Address,7.9391588179567965,2.3978952727983707,22,3,SYNTHETIC,synth_1885,ANOMALY,external_ip_single_probe,Mild,ip_address,1,synth_1885
57.0,Logout,Berhasil,PC Windows,Public IP Address,5.855071922202427,0.6931471805599453,19,3,SYNTHETIC,synth_3254,ANOMALY,external_ip_single_probe,Mild,ip_address,1,synth_3254
61.0,Akses Berkas,Berhasil,Android,Public IP Address,7.001245622069476,2.3978952727983707,15,5,SYNTHETIC,synth_3340,ANOMALY,external_ip_single_probe,Mild,ip_address,1,synth_3340
61.0,Logout,Berhasil,Android,Public IP Address,6.812345094177479,0.6931471805599453,21,0,SYNTHETIC,synth_14920,ANOMALY,external_ip_single_probe,Mild,ip_address,1,synth_14920
33.0,Kelola Perkara,Berhasil,PC Windows,Public IP Address,8.502079553606189,1.9459101490553128,15,3,SYNTHETIC,synth_3863,ANOMALY,external_ip_single_probe,Mild,ip_address,1,synth_3863
84.0,Laporan & Anomali,Berhasil,PC Windows,Public IP Address,7.729735331385051,1.6094379124341005,14,0,SYNTHETIC,synth_814,ANOMALY,external_ip_single_probe,Mild,ip_address,1,synth_814
40.0,Logout,Berhasil,Android,Public IP Address,6.621405651764134,0.6931471805599453,20,4,SYNTHETIC,synth_5280,ANOMALY,external_ip_single_probe,Mild,ip_address,1,synth_5280
47.0,Akses Berkas,Berhasil,PC Windows,Public IP Address,6.945051063725834,1.9459101490553128,20,4,SYNTHETIC,synth_7035,ANOMALY,external_ip_single_probe,Mild,ip_address,1,synth_7035
63.0,Logout,Berhasil,iOS,Public IP Address,7.292337176173877,0.6931471805599453,21,3,SYNTHETIC,synth_13165,ANOMALY,external_ip_single_probe,Mild,ip_address,1,synth_13165
81.0,Logout,Berhasil,PC Windows,Public IP Address,7.23561914106675,0.6931471805599453,15,2,SYNTHETIC,synth_313,ANOMALY,external_ip_single_probe,Mild,ip_address,1,synth_313
82.0,Logout,Berhasil,Android,Public IP Address,6.822197390620491,0.6931471805599453,20,2,SYNTHETIC,synth_10155,ANOMALY,external_ip_single_probe,Mild,ip_address,1,synth_10155
58.0,Akses Berkas,Berhasil,PC Windows,Public IP Address,8.39840965542627,2.302585092994046,14,0,SYNTHETIC,synth_12104,ANOMALY,external_ip_single_probe,Mild,ip_address,1,synth_12104
82.0,Akses Berkas,Berhasil,Android,Public IP Address,7.904334842085095,1.3862943611198906,20,3,SYNTHETIC,synth_9633,ANOMALY,external_ip_single_probe,Mild,ip_address,1,synth_9633
29.0,Logout,Berhasil,PC Windows,Public IP Address,6.849066282633458,0.6931471805599453,22,0,SYNTHETIC,synth_3127,ANOMALY,external_ip_single_probe,Mild,ip_address,1,synth_3127
48.0,Akses Berkas,Berhasil,PC Windows,Public IP Address,8.445911989411274,0.6931471805599453,20,2,SYNTHETIC,synth_2927,ANOMALY,external_ip_single_probe,Mild,ip_address,1,synth_2927
56.0,Kelola Perkara,Berhasil,PC Windows,Public IP Address,7.3864708488298945,1.791759469228055,20,2,SYNTHETIC,synth_1245,ANOMALY,external_ip_single_probe,Mild,ip_address,1,synth_1245
26.0,Logout,Berhasil,iOS,Public IP Address,6.639875833826536,0.6931471805599453,18,1,SYNTHETIC,synth_4873,ANOMALY,external_ip_single_probe,Mild,ip_address,1,synth_4873
19.0,Kelola Perkara,Berhasil,iOS,Public IP Address,7.59337419312129,1.3862943611198906,14,5,SYNTHETIC,synth_3673,ANOMALY,external_ip_single_probe,Mild,ip_address,1,synth_3673
49.0,Kelola Perkara,Berhasil,Virtual Machine,Private Network 192.168.x.x,7.329093736246592,2.079441541679836,0,4,SYNTHETIC,synth_8534,ANOMALY,unusual_device_single,Mild,device,1,synth_8534
46.0,Logout,Berhasil,Virtual Machine,Private Network 192.168.x.x,6.769641976852503,0.6931471805599453,18,3,SYNTHETIC,synth_1541,ANOMALY,unusual_device_single,Mild,device,1,synth_1541
22.0,Akses Berkas,Berhasil,Virtual Machine,Private Network 192.168.x.x,6.679599185844383,2.19722457733622,20,4,SYNTHETIC,synth_7366,ANOMALY,unusual_device_single,Mild,device,1,synth_7366
76.0,Logout,Berhasil,Virtual Machine,Private Network 192.168.x.x,6.230481447578482,0.6931471805599453,19,3,SYNTHETIC,synth_12550,ANOMALY,unusual_device_single,Mild,device,1,synth_12550
67.0,Kelola Perkara,Berhasil,Virtual Machine,Private Network 192.168.x.x,8.682029433869172,1.791759469228055,21,3,SYNTHETIC,synth_13651,ANOMALY,unusual_device_single,Mild,device,1,synth_13651
34.0,Logout,Berhasil,Virtual Machine,Private Network 192.168.x.x,6.587550014824796,0.6931471805599453,21,1,SYNTHETIC,synth_6314,ANOMALY,unusual_device_single,Mild,device,1,synth_6314
21.0,Akses Berkas,Berhasil,Virtual Machine,Private Network 192.168.x.x,8.266935347610456,1.791759469228055,14,3,SYNTHETIC,synth_13136,ANOMALY,unusual_device_single,Mild,device,1,synth_13136
82.0,Logout,Berhasil,Virtual Machine,Private Network 192.168.x.x,7.132497551660044,0.6931471805599453,23,3,SYNTHETIC,synth_6400,ANOMALY,unusual_device_single,Mild,device,1,synth_6400
57.0,Logout,Berhasil,Virtual Machine,Private Network 192.168.x.x,7.038783541388542,0.6931471805599453,23,1,SYNTHETIC,synth_13607,ANOMALY,unusual_device_single,Mild,device,1,synth_13607
41.0,Kelola Perkara,Berhasil,Virtual Machine,Private Network 192.168.x.x,7.044905117129371,1.6094379124341005,23,2,SYNTHETIC,synth_7276,ANOMALY,unusual_device_single,Mild,device,1,synth_7276
62.0,Login,Berhasil,Virtual Machine,Private Network 192.168.x.x,7.389563953677635,0.6931471805599453,23,3,SYNTHETIC,synth_8824,ANOMALY,unusual_device_single,Mild,device,1,synth_8824
28.0,Logout,Berhasil,Virtual Machine,Private Network 192.168.x.x,5.860786223465865,0.6931471805599453,17,3,SYNTHETIC,synth_5480,ANOMALY,unusual_device_single,Mild,device,1,synth_5480
26.0,Kelola Perkara,Berhasil,Virtual Machine,Private Network 192.168.x.x,8.448700194970938,1.791759469228055,22,4,SYNTHETIC,synth_2482,ANOMALY,unusual_device_single,Mild,device,1,synth_2482
47.0,Kelola Perkara,Berhasil,Virtual Machine,Private Network 192.168.x.x,8.604654467186231,2.19722457733622,14,1,SYNTHETIC,synth_5406,ANOMALY,unusual_device_single,Mild,device,1,synth_5406
61.0,Logout,Berhasil,Virtual Machine,Private Network 192.168.x.x,6.806829360392176,0.6931471805599453,20,5,SYNTHETIC,synth_3398,ANOMALY,unusual_device_single,Mild,device,1,synth_3398
60.0,Logout,Berhasil,Virtual Machine,Private Network 192.168.x.x,6.333279628139691,0.6931471805599453,18,6,SYNTHETIC,synth_2542,ANOMALY,unusual_device_single,Mild,device,1,synth_2542
33.0,Kelola Perkara,Berhasil,Virtual Machine,Private Network 192.168.x.x,7.201170883281678,2.19722457733622,21,2,SYNTHETIC,synth_38,ANOMALY,unusual_device_single,Mild,device,1,synth_38
43.0,Logout,Berhasil,Virtual Machine,Private Network 192.168.x.x,6.692083742506628,0.6931471805599453,16,5,SYNTHETIC,synth_442,ANOMALY,unusual_device_single,Mild,device,1,synth_442
26.0,Logout,Berhasil,Virtual Machine,Private Network 192.168.x.x,7.258412150595307,0.6931471805599453,20,0,SYNTHETIC,synth_13846,ANOMALY,unusual_device_single,Mild,device,1,synth_13846
62.0,Akses Berkas,Berhasil,Virtual Machine,Private Network 192.168.x.x,8.513185170018698,2.302585092994046,14,0,SYNTHETIC,synth_4342,ANOMALY,unusual_device_single,Mild,device,1,synth_4342
51.0,Kelola Perkara,Berhasil,Virtual Machine,Private Network 192.168.x.x,8.674880467251832,2.079441541679836,17,0,SYNTHETIC,synth_7140,ANOMALY,unusual_device_single,Mild,device,1,synth_7140
55.0,Akses Berkas,Berhasil,Virtual Machine,Private Network 192.168.x.x,7.8804263442924,1.0986122886681098,16,6,SYNTHETIC,synth_7948,ANOMALY,unusual_device_single,Mild,device,1,synth_7948
85.0,Verifikasi,Berhasil,Virtual Machine,Private Network 192.168.x.x,8.813438494528507,1.3862943611198906,14,1,SYNTHETIC,synth_2351,ANOMALY,unusual_device_single,Mild,device,1,synth_2351
6.0,Login,Berhasil,Virtual Machine,Private Network 192.168.x.x,7.387090235656757,0.6931471805599453,18,1,SYNTHETIC,synth_12165,ANOMALY,unusual_device_single,Mild,device,1,synth_12165
80.0,Logout,Berhasil,Virtual Machine,Private Network 192.168.x.x,6.139884552226255,0.6931471805599453,19,4,SYNTHETIC,synth_3947,ANOMALY,unusual_device_single,Mild,device,1,synth_3947
25.0,Logout,Berhasil,Virtual Machine,Private Network 192.168.x.x,6.967909201801884,0.6931471805599453,22,1,SYNTHETIC,synth_10455,ANOMALY,unusual_device_single,Mild,device,1,synth_10455
32.0,Akses Berkas,Berhasil,Virtual Machine,Private Network 192.168.x.x,8.464635940677562,1.791759469228055,21,2,SYNTHETIC,synth_11009,ANOMALY,unusual_device_single,Mild,device,1,synth_11009
65.0,Kelola Perkara,Berhasil,Virtual Machine,Private Network 192.168.x.x,7.036148493750536,2.3978952727983707,22,2,SYNTHETIC,synth_3584,ANOMALY,unusual_device_single,Mild,device,1,synth_3584
82.0,Login,Berhasil,Virtual Machine,Private Network 192.168.x.x,7.187657164114956,0.6931471805599453,19,1,SYNTHETIC,synth_6571,ANOMALY,unusual_device_single,Mild,device,1,synth_6571
30.0,Login,Berhasil,Virtual Machine,Private Network 192.168.x.x,7.395721608602045,0.6931471805599453,14,1,SYNTHETIC,synth_13328,ANOMALY,unusual_device_single,Mild,device,1,synth_13328
57.0,Akses Berkas,Berhasil,Virtual Machine,Private Network 192.168.x.x,8.490438454107418,1.3862943611198906,22,6,SYNTHETIC,synth_10063,ANOMALY,unusual_device_single,Mild,device,1,synth_10063
62.0,Logout,Berhasil,Virtual Machine,Private Network 192.168.x.x,7.313220387090301,0.6931471805599453,21,3,SYNTHETIC,synth_110,ANOMALY,unusual_device_single,Mild,device,1,synth_110
68.0,Akses Berkas,Berhasil,Virtual Machine,Private Network 192.168.x.x,7.1308988302963465,1.0986122886681098,20,6,SYNTHETIC,synth_11467,ANOMALY,unusual_device_single,Mild,device,1,synth_11467
73.0,Logout,Berhasil,Virtual Machine,Private Network 192.168.x.x,6.738152494595957,0.6931471805599453,22,3,SYNTHETIC,synth_13966,ANOMALY,unusual_device_single,Mild,device,1,synth_13966
79.0,Kelola Perkara,Berhasil,Virtual Machine,Private Network 192.168.x.x,8.170468578330674,1.3862943611198906,22,3,SYNTHETIC,synth_113,ANOMALY,unusual_device_single,Mild,device,1,synth_113
18.0,Kelola Perkara,Berhasil,Virtual Machine,Private Network 192.168.x.x,6.745236349484363,1.9459101490553128,21,0,SYNTHETIC,synth_2581,ANOMALY,unusual_device_single,Mild,device,1,synth_2581
41.0,Login,Berhasil,Virtual Machine,Private Network 192.168.x.x,6.51025834052315,0.6931471805599453,17,4,SYNTHETIC,synth_2205,ANOMALY,unusual_device_single,Mild,device,1,synth_2205
23.0,Kelola Perkara,Berhasil,Virtual Machine,Private Network 192.168.x.x,6.391917113392602,2.3978952727983707,18,3,SYNTHETIC,synth_9058,ANOMALY,unusual_device_single,Mild,device,1,synth_9058
1.0,Login,Berhasil,Virtual Machine,Localhost / Loopback,0.0,0.6931471805599453,3,6,REAL_DB,real_db_344,ANOMALY,unusual_device_single,Mild,device,1,real_db_344
37.0,Logout,Berhasil,Virtual Machine,Private Network 192.168.x.x,5.831882477283517,0.6931471805599453,20,4,SYNTHETIC,synth_1926,ANOMALY,unusual_device_single,Mild,device,1,synth_1926
69.0,Login,Berhasil,Virtual Machine,Private Network 192.168.x.x,7.283448228756631,0.6931471805599453,17,1,SYNTHETIC,synth_5664,ANOMALY,unusual_device_single,Mild,device,1,synth_5664
58.0,Login,Berhasil,Virtual Machine,Private Network 192.168.x.x,7.425953657077541,0.6931471805599453,22,2,SYNTHETIC,synth_13912,ANOMALY,unusual_device_single,Mild,device,1,synth_13912
82.0,Kelola Perkara,Berhasil,Virtual Machine,Private Network 192.168.x.x,7.914617709040679,1.3862943611198906,23,1,SYNTHETIC,synth_9566,ANOMALY,unusual_device_single,Mild,device,1,synth_9566
38.0,Kelola Perkara,Berhasil,Virtual Machine,Private Network 192.168.x.x,6.9957661563048505,2.079441541679836,16,5,SYNTHETIC,synth_12348,ANOMALY,unusual_device_single,Mild,device,1,synth_12348
41.0,Akses Berkas,Berhasil,Virtual Machine,Private Network 192.168.x.x,7.447751280047908,1.0986122886681098,18,1,SYNTHETIC,synth_9830,ANOMALY,unusual_device_single,Mild,device,1,synth_9830
63.0,Kelola Perkara,Berhasil,Virtual Machine,Private Network 192.168.x.x,7.2875606403097235,2.302585092994046,17,3,SYNTHETIC,synth_9050,ANOMALY,unusual_device_single,Mild,device,1,synth_9050
1.0,Login,Berhasil,Virtual Machine,Localhost / Loopback,0.0,0.6931471805599453,3,0,REAL_DB,real_db_58,ANOMALY,unusual_device_single,Mild,device,1,real_db_58
45.0,Akses Berkas,Berhasil,Virtual Machine,Private Network 192.168.x.x,7.620705086838262,0.6931471805599453,23,1,SYNTHETIC,synth_7221,ANOMALY,unusual_device_single,Mild,device,1,synth_7221
73.0,Kelola Perkara,Berhasil,Virtual Machine,Private Network 192.168.x.x,6.411818267709897,1.6094379124341005,22,4,SYNTHETIC,synth_10822,ANOMALY,unusual_device_single,Mild,device,1,synth_10822
66.0,Akses Berkas,Berhasil,Virtual Machine,Private Network 192.168.x.x,8.386400901166214,1.6094379124341005,14,4,SYNTHETIC,synth_12294,ANOMALY,unusual_device_single,Mild,device,1,synth_12294
33.0,Akses Berkas,Berhasil,Virtual Machine,Private Network 192.168.x.x,7.029087564149662,2.302585092994046,18,4,SYNTHETIC,synth_2743,ANOMALY,unusual_device_single,Mild,device,1,synth_2743
64.0,Logout,Berhasil,Virtual Machine,Private Network 192.168.x.x,6.082218910376446,0.6931471805599453,20,2,SYNTHETIC,synth_2924,ANOMALY,unusual_device_single,Mild,device,1,synth_2924
54.0,Kelola Berkas,Gagal,Virtual Machine,Private Network 192.168.x.x,9.27977314669152,1.3862943611198906,14,0,SYNTHETIC,synth_11159,ANOMALY,unusual_device_single,Mild,device,1,synth_11159
54.0,Verifikasi,Berhasil,Virtual Machine,Private Network 192.168.x.x,8.871645667501872,1.0986122886681098,23,2,SYNTHETIC,synth_4444,ANOMALY,unusual_device_single,Mild,device,1,synth_4444
73.0,Logout,Berhasil,Virtual Machine,Private Network 192.168.x.x,6.884486652042782,0.6931471805599453,20,3,SYNTHETIC,synth_3891,ANOMALY,unusual_device_single,Mild,device,1,synth_3891
40.0,Akses Berkas,Berhasil,Virtual Machine,Private Network 192.168.x.x,8.09101504171053,2.079441541679836,22,5,SYNTHETIC,synth_13475,ANOMALY,unusual_device_single,Mild,device,1,synth_13475
43.0,Kelola Perkara,Berhasil,Virtual Machine,Private Network 192.168.x.x,8.660254034256889,2.079441541679836,20,5,SYNTHETIC,synth_6455,ANOMALY,unusual_device_single,Mild,device,1,synth_6455
69.0,Logout,Berhasil,Virtual Machine,Private Network 192.168.x.x,6.478509642208569,0.6931471805599453,16,6,SYNTHETIC,synth_3997,ANOMALY,unusual_device_single,Mild,device,1,synth_3997
26.0,Kelola Perkara,Berhasil,Virtual Machine,Private Network 192.168.x.x,7.145984467714388,1.791759469228055,18,1,SYNTHETIC,synth_4871,ANOMALY,unusual_device_single,Mild,device,1,synth_4871
22.0,Logout,Berhasil,Virtual Machine,Private Network 192.168.x.x,7.313886831633462,0.6931471805599453,18,3,SYNTHETIC,synth_6365,ANOMALY,unusual_device_single,Mild,device,1,synth_6365
68.0,Akses Berkas,Berhasil,Virtual Machine,Private Network 192.168.x.x,8.039157390473237,1.6094379124341005,14,3,SYNTHETIC,synth_1536,ANOMALY,unusual_device_single,Mild,device,1,synth_1536
58.0,Login,Berhasil,Virtual Machine,Private Network 192.168.x.x,7.395721608602045,0.6931471805599453,20,0,SYNTHETIC,synth_13007,ANOMALY,unusual_device_single,Mild,device,1,synth_13007
48.0,Logout,Berhasil,Virtual Machine,Private Network 192.168.x.x,6.659293919683638,0.6931471805599453,20,2,SYNTHETIC,synth_10481,ANOMALY,unusual_device_single,Mild,device,1,synth_10481
29.0,Logout,Berhasil,Virtual Machine,Private Network 192.168.x.x,7.091742115095153,0.6931471805599453,22,3,SYNTHETIC,synth_11661,ANOMALY,unusual_device_single,Mild,device,1,synth_11661
28.0,Kelola Perkara,Berhasil,Virtual Machine,Private Network 192.168.x.x,7.502186486602924,2.3978952727983707,18,2,SYNTHETIC,synth_4636,ANOMALY,unusual_device_single,Mild,device,1,synth_4636
70.0,Login,Berhasil,Virtual Machine,Private Network 192.168.x.x,6.063785208687608,0.6931471805599453,16,5,SYNTHETIC,synth_8263,ANOMALY,unusual_device_single,Mild,device,1,synth_8263
54.0,Kelola Berkas,Berhasil,Virtual Machine,Private Network 192.168.x.x,8.1797604936999,1.9459101490553128,21,5,SYNTHETIC,synth_9729,ANOMALY,unusual_device_single,Mild,device,1,synth_9729
19.0,Logout,Berhasil,Virtual Machine,Private Network 192.168.x.x,7.307202314764738,0.6931471805599453,17,1,SYNTHETIC,synth_1219,ANOMALY,unusual_device_single,Mild,device,1,synth_1219
85.0,Logout,Berhasil,Virtual Machine,Private Network 192.168.x.x,6.502790045915623,0.6931471805599453,21,6,SYNTHETIC,synth_519,ANOMALY,unusual_device_single,Mild,device,1,synth_519
18.0,Logout,Berhasil,Virtual Machine,Private Network 192.168.x.x,6.541029999189903,0.6931471805599453,15,3,SYNTHETIC,synth_12816,ANOMALY,unusual_device_single,Mild,device,1,synth_12816
23.0,Kelola Perkara,Berhasil,Virtual Machine,Private Network 192.168.x.x,7.724888439323074,2.19722457733622,17,6,SYNTHETIC,synth_13516,ANOMALY,unusual_device_single,Mild,device,1,synth_13516
29.0,Kelola Perkara,Berhasil,Virtual Machine,Private Network 192.168.x.x,8.437933510430605,1.0986122886681098,18,4,SYNTHETIC,synth_3292,ANOMALY,unusual_device_single,Mild,device,1,synth_3292
50.0,Akses Berkas,Berhasil,Virtual Machine,Private Network 192.168.x.x,8.09040229659332,0.6931471805599453,21,3,SYNTHETIC,synth_3901,ANOMALY,unusual_device_single,Mild,device,1,synth_3901
59.0,Login,Berhasil,Virtual Machine,Private Network 192.168.x.x,7.553810852008231,0.6931471805599453,23,1,SYNTHETIC,synth_14151,ANOMALY,unusual_device_single,Mild,device,1,synth_14151
30.0,Logout,Berhasil,Virtual Machine,Private Network 192.168.x.x,7.004881989712859,0.6931471805599453,16,5,SYNTHETIC,synth_3693,ANOMALY,unusual_device_single,Mild,device,1,synth_3693
76.0,Login,Berhasil,Virtual Machine,Private Network 192.168.x.x,7.580699752224563,0.6931471805599453,16,1,SYNTHETIC,synth_9543,ANOMALY,unusual_device_single,Mild,device,1,synth_9543
27.0,Login,Berhasil,Virtual Machine,Private Network 192.168.x.x,6.776506992372183,0.6931471805599453,21,1,SYNTHETIC,synth_4113,ANOMALY,unusual_device_single,Mild,device,1,synth_4113
65.0,Akses Berkas,Berhasil,Virtual Machine,Private Network 192.168.x.x,8.54849804124465,1.0986122886681098,21,0,SYNTHETIC,synth_3767,ANOMALY,unusual_device_single,Mild,device,1,synth_3767
6.0,Login,Berhasil,Virtual Machine,Localhost / Loopback,0.0,0.6931471805599453,9,2,REAL_DB,real_db_242,ANOMALY,unusual_device_single,Mild,device,1,real_db_242
58.0,Akses Berkas,Berhasil,Virtual Machine,Private Network 192.168.x.x,8.063692634269517,2.3978952727983707,19,3,SYNTHETIC,synth_12279,ANOMALY,unusual_device_single,Mild,device,1,synth_12279
77.0,Akses Berkas,Berhasil,Virtual Machine,Private Network 192.168.x.x,8.35490952835879,2.3978952727983707,19,0,SYNTHETIC,synth_13554,ANOMALY,unusual_device_single,Mild,device,1,synth_13554
49.0,Login,Berhasil,Virtual Machine,Private Network 192.168.x.x,6.028278520230698,0.6931471805599453,20,3,SYNTHETIC,synth_11040,ANOMALY,unusual_device_single,Mild,device,1,synth_11040
73.0,Akses Berkas,Berhasil,Virtual Machine,Private Network 192.168.x.x,7.710653323501202,0.6931471805599453,14,6,SYNTHETIC,synth_5577,ANOMALY,unusual_device_single,Mild,device,1,synth_5577
54.0,Kelola Berkas,Berhasil,Virtual Machine,Private Network 192.168.x.x,8.58615939588096,1.0986122886681098,17,0,SYNTHETIC,synth_12444,ANOMALY,unusual_device_single,Mild,device,1,synth_12444
25.0,Kelola Perkara,Berhasil,Virtual Machine,Private Network 192.168.x.x,7.447751280047908,1.9459101490553128,17,2,SYNTHETIC,synth_10137,ANOMALY,unusual_device_single,Mild,device,1,synth_10137
56.0,Akses Berkas,Berhasil,Virtual Machine,Private Network 192.168.x.x,7.71333788887187,1.3862943611198906,17,3,SYNTHETIC,synth_11626,ANOMALY,unusual_device_single,Mild,device,1,synth_11626
35.0,Login,Berhasil,Virtual Machine,Private Network 192.168.x.x,6.539585955617669,0.6931471805599453,22,0,SYNTHETIC,synth_2588,ANOMALY,unusual_device_single,Mild,device,1,synth_2588
55.0,Kelola Perkara,Berhasil,Virtual Machine,Private Network 192.168.x.x,8.532869670801245,0.6931471805599453,20,2,SYNTHETIC,synth_14458,ANOMALY,unusual_device_single,Mild,device,1,synth_14458
71.0,Login,Berhasil,Virtual Machine,Private Network 192.168.x.x,6.52649485957079,0.6931471805599453,23,6,SYNTHETIC,synth_1693,ANOMALY,unusual_device_single,Mild,device,1,synth_1693
66.0,Akses Berkas,Berhasil,Virtual Machine,Private Network 192.168.x.x,8.007700012884026,1.3862943611198906,15,6,SYNTHETIC,synth_201,ANOMALY,unusual_device_single,Mild,device,1,synth_201
75.0,Logout,Berhasil,Virtual Machine,Private Network 192.168.x.x,6.20455776256869,0.6931471805599453,21,6,SYNTHETIC,synth_11792,ANOMALY,unusual_device_single,Mild,device,1,synth_11792
48.0,Logout,Berhasil,Virtual Machine,Private Network 192.168.x.x,6.577861357721047,0.6931471805599453,17,3,SYNTHETIC,synth_1862,ANOMALY,unusual_device_single,Mild,device,1,synth_1862
34.0,Logout,Berhasil,Virtual Machine,Private Network 192.168.x.x,6.042632833682381,0.6931471805599453,19,2,SYNTHETIC,synth_14453,ANOMALY,unusual_device_single,Mild,device,1,synth_14453
22.0,Logout,Berhasil,Virtual Machine,Private Network 192.168.x.x,6.930494765951626,0.6931471805599453,21,4,SYNTHETIC,synth_7044,ANOMALY,unusual_device_single,Mild,device,1,synth_7044
62.0,Kelola Perkara,Berhasil,Virtual Machine,Private Network 192.168.x.x,8.516593011344206,2.19722457733622,20,2,SYNTHETIC,synth_6943,ANOMALY,unusual_device_single,Mild,device,1,synth_6943
78.0,Login,Gagal,Virtual Machine,Private Network 192.168.x.x,7.31986492980897,0.6931471805599453,14,2,SYNTHETIC,synth_6910,ANOMALY,unusual_device_single,Mild,device,1,synth_6910
79.0,Login,Berhasil,Virtual Machine,Private Network 192.168.x.x,7.493317248862145,0.6931471805599453,19,0,SYNTHETIC,synth_9528,ANOMALY,unusual_device_single,Mild,device,1,synth_9528
55.0,Akses Berkas,Berhasil,Virtual Machine,Private Network 192.168.x.x,8.781248333236862,0.6931471805599453,14,1,SYNTHETIC,synth_2610,ANOMALY,unusual_device_single,Mild,device,1,synth_2610
8.0,Peminjaman,Berhasil,Virtual Machine,Localhost / Loopback,0.0,0.6931471805599453,7,3,REAL_DB,real_db_176,ANOMALY,unusual_device_single,Mild,device,1,real_db_176
59.0,Kelola Perkara,Berhasil,Virtual Machine,Private Network 192.168.x.x,8.55756708555451,2.302585092994046,16,3,SYNTHETIC,synth_10513,ANOMALY,unusual_device_single,Mild,device,1,synth_10513
37.0,Akses Berkas,Berhasil,Virtual Machine,Private Network 192.168.x.x,7.638679823876112,1.6094379124341005,18,5,SYNTHETIC,synth_13752,ANOMALY,unusual_device_single,Mild,device,1,synth_13752
64.0,Logout,Berhasil,Virtual Machine,Private Network 192.168.x.x,5.899897353582492,0.6931471805599453,21,6,SYNTHETIC,synth_8918,ANOMALY,unusual_device_single,Mild,device,1,synth_8918
48.0,Logout,Berhasil,Virtual Machine,Private Network 192.168.x.x,5.594711379601839,0.6931471805599453,14,0,SYNTHETIC,synth_1715,ANOMALY,unusual_device_single,Mild,device,1,synth_1715
43.0,Logout,Berhasil,Virtual Machine,Private Network 192.168.x.x,7.158513997329321,0.6931471805599453,20,0,SYNTHETIC,synth_8698,ANOMALY,unusual_device_single,Mild,device,1,synth_8698
45.0,Login,Berhasil,Virtual Machine,Private Network 192.168.x.x,7.051855622955894,0.6931471805599453,23,2,SYNTHETIC,synth_6060,ANOMALY,unusual_device_single,Mild,device,1,synth_6060
54.0,Verifikasi,Berhasil,Virtual Machine,Private Network 192.168.x.x,8.236420527265391,2.3978952727983707,15,3,SYNTHETIC,synth_5475,ANOMALY,unusual_device_single,Mild,device,1,synth_5475
18.0,Logout,Berhasil,Virtual Machine,Private Network 192.168.x.x,6.648984550024776,0.6931471805599453,20,6,SYNTHETIC,synth_506,ANOMALY,unusual_device_single,Mild,device,1,synth_506
69.0,Logout,Berhasil,Virtual Machine,Private Network 192.168.x.x,6.400257445308821,0.6931471805599453,17,1,SYNTHETIC,synth_5670,ANOMALY,unusual_device_single,Mild,device,1,synth_5670
64.0,Logout,Berhasil,Virtual Machine,Private Network 192.168.x.x,6.733401891837359,0.6931471805599453,20,5,SYNTHETIC,synth_10008,ANOMALY,unusual_device_single,Mild,device,1,synth_10008
37.0,Logout,Berhasil,Virtual Machine,Private Network 192.168.x.x,6.78897174299217,0.6931471805599453,15,6,SYNTHETIC,synth_4305,ANOMALY,unusual_device_single,Mild,device,1,synth_4305
77.0,Kelola Perkara,Berhasil,Virtual Machine,Private Network 192.168.x.x,8.248529124800218,2.3978952727983707,17,4,SYNTHETIC,synth_2468,ANOMALY,unusual_device_single,Mild,device,1,synth_2468
38.0,Akses Berkas,Berhasil,Virtual Machine,Private Network 192.168.x.x,8.558527054909215,1.6094379124341005,17,0,SYNTHETIC,synth_540,ANOMALY,unusual_device_single,Mild,device,1,synth_540
23.0,Logout,Berhasil,Virtual Machine,Private Network 192.168.x.x,6.059123195581797,0.6931471805599453,19,5,SYNTHETIC,synth_3378,ANOMALY,unusual_device_single,Mild,device,1,synth_3378
76.0,Login,Berhasil,Virtual Machine,Private Network 192.168.x.x,7.162397497355718,0.6931471805599453,15,2,SYNTHETIC,synth_1805,ANOMALY,unusual_device_single,Mild,device,1,synth_1805
34.0,Akses Berkas,Berhasil,Virtual Machine,Private Network 192.168.x.x,8.486940148245216,2.19722457733622,21,3,SYNTHETIC,synth_670,ANOMALY,unusual_device_single,Mild,device,1,synth_670
36.0,Login,Berhasil,Virtual Machine,Private Network 192.168.x.x,6.536691597591305,0.6931471805599453,21,2,SYNTHETIC,synth_3852,ANOMALY,unusual_device_single,Mild,device,1,synth_3852
26.0,Akses Berkas,Berhasil,Virtual Machine,Private Network 192.168.x.x,7.708410667257367,0.6931471805599453,14,6,SYNTHETIC,synth_12056,ANOMALY,unusual_device_single,Mild,device,1,synth_12056
84.0,Kelola User,Berhasil,Virtual Machine,Private Network 192.168.x.x,8.650149418664864,2.302585092994046,16,0,SYNTHETIC,synth_11165,ANOMALY,unusual_device_single,Mild,device,1,synth_11165
73.0,Akses Berkas,Berhasil,Virtual Machine,Private Network 192.168.x.x,6.812345094177479,1.791759469228055,16,6,SYNTHETIC,synth_5903,ANOMALY,unusual_device_single,Mild,device,1,synth_5903
50.0,Kelola Perkara,Berhasil,Virtual Machine,Private Network 192.168.x.x,7.865955413933502,1.791759469228055,19,6,SYNTHETIC,synth_501,ANOMALY,unusual_device_single,Mild,device,1,synth_501
81.0,Logout,Berhasil,Virtual Machine,Private Network 192.168.x.x,6.684611727667927,0.6931471805599453,21,2,SYNTHETIC,synth_8139,ANOMALY,unusual_device_single,Mild,device,1,synth_8139
6.0,Verifikasi,Berhasil,Virtual Machine,Private Network 192.168.x.x,9.208538750029554,1.6094379124341005,15,2,SYNTHETIC,synth_8434,ANOMALY,unusual_device_single,Mild,device,1,synth_8434
71.0,Akses Berkas,Berhasil,Virtual Machine,Private Network 192.168.x.x,8.226038429485484,1.3862943611198906,20,4,SYNTHETIC,synth_5537,ANOMALY,unusual_device_single,Mild,device,1,synth_5537
24.0,Kelola Perkara,Berhasil,Virtual Machine,Private Network 192.168.x.x,8.676757761087575,1.6094379124341005,15,3,SYNTHETIC,synth_7280,ANOMALY,unusual_device_single,Mild,device,1,synth_7280
45.0,Kelola Perkara,Berhasil,Virtual Machine,Private Network 192.168.x.x,7.674152921281675,1.0986122886681098,23,4,SYNTHETIC,synth_2220,ANOMALY,unusual_device_single,Mild,device,1,synth_2220
83.0,Kelola Perkara,Berhasil,Virtual Machine,Private Network 192.168.x.x,7.877017895622398,2.079441541679836,20,1,SYNTHETIC,synth_6006,ANOMALY,unusual_device_single,Mild,device,1,synth_6006
56.0,Login,Berhasil,Virtual Machine,Private Network 192.168.x.x,6.8966943316227125,0.6931471805599453,16,4,SYNTHETIC,synth_6687,ANOMALY,unusual_device_single,Mild,device,1,synth_6687
46.0,Kelola Perkara,Berhasil,Virtual Machine,Private Network 192.168.x.x,8.458928283284262,1.9459101490553128,21,1,SYNTHETIC,synth_14958,ANOMALY,unusual_device_single,Mild,device,1,synth_14958
42.0,Akses Berkas,Berhasil,Virtual Machine,Private Network 192.168.x.x,7.502738210754851,1.3862943611198906,23,2,SYNTHETIC,synth_4658,ANOMALY,unusual_device_single,Mild,device,1,synth_4658
6.0,Login,Berhasil,Virtual Machine,Localhost / Loopback,0.0,0.6931471805599453,22,0,REAL_DB,real_db_237,ANOMALY,unusual_device_single,Mild,device,1,real_db_237
85.0,Logout,Berhasil,Virtual Machine,Private Network 192.168.x.x,7.035268599281097,0.6931471805599453,21,1,SYNTHETIC,synth_5694,ANOMALY,unusual_device_single,Mild,device,1,synth_5694
47.0,Logout,Berhasil,Virtual Machine,Private Network 192.168.x.x,7.036148493750536,0.6931471805599453,19,1,SYNTHETIC,synth_4877,ANOMALY,unusual_device_single,Mild,device,1,synth_4877
37.0,Kelola Perkara,Berhasil,Virtual Machine,Private Network 192.168.x.x,8.580543506917,1.3862943611198906,18,2,SYNTHETIC,synth_13100,ANOMALY,unusual_device_single,Mild,device,1,synth_13100
23.0,Akses Berkas,Berhasil,Virtual Machine,Private Network 192.168.x.x,8.112527763478637,1.6094379124341005,15,1,SYNTHETIC,synth_6302,ANOMALY,unusual_device_single,Mild,device,1,synth_6302
28.0,Kelola Perkara,Berhasil,Virtual Machine,Private Network 192.168.x.x,7.752335163302292,0.6931471805599453,22,0,SYNTHETIC,synth_853,ANOMALY,unusual_device_single,Mild,device,1,synth_853
8.0,Login,Berhasil,Virtual Machine,Localhost / Loopback,0.0,0.6931471805599453,9,3,REAL_DB,real_db_199,ANOMALY,unusual_device_single,Mild,device,1,real_db_199
48.0,Kelola Berkas,Berhasil,Virtual Machine,Private Network 192.168.x.x,7.892452043520352,2.302585092994046,22,2,SYNTHETIC,synth_10490,ANOMALY,unusual_device_single,Mild,device,1,synth_10490
47.0,Kelola Perkara,Berhasil,Virtual Machine,Private Network 192.168.x.x,8.456593569287309,1.0986122886681098,15,6,SYNTHETIC,synth_14304,ANOMALY,unusual_device_single,Mild,device,1,synth_14304
55.0,Kelola Berkas,Berhasil,Virtual Machine,Private Network 192.168.x.x,8.90910013492555,2.19722457733622,20,0,SYNTHETIC,synth_6853,ANOMALY,unusual_device_single,Mild,device,1,synth_6853
55.0,Logout,Berhasil,Virtual Machine,Private Network 192.168.x.x,6.236369590203704,0.6931471805599453,16,2,SYNTHETIC,synth_7548,ANOMALY,unusual_device_single,Mild,device,1,synth_7548
57.0,Login,Berhasil,Virtual Machine,Private Network 192.168.x.x,6.091309882077698,0.6931471805599453,14,4,SYNTHETIC,synth_6405,ANOMALY,unusual_device_single,Mild,device,1,synth_6405
58.0,Kelola Perkara,Berhasil,Virtual Machine,Private Network 192.168.x.x,7.313220387090301,1.9459101490553128,23,4,SYNTHETIC,synth_2750,ANOMALY,unusual_device_single,Mild,device,1,synth_2750
78.0,Login,Gagal,Virtual Machine,Private Network 192.168.x.x,6.677083461247136,0.6931471805599453,14,4,SYNTHETIC,synth_10567,ANOMALY,unusual_device_single,Mild,device,1,synth_10567
68.0,Logout,Berhasil,Virtual Machine,Private Network 192.168.x.x,5.513428746164983,0.6931471805599453,23,4,SYNTHETIC,synth_4748,ANOMALY,unusual_device_single,Mild,device,1,synth_4748
32.0,Akses Berkas,Berhasil,Virtual Machine,Private Network 192.168.x.x,8.163371316459912,2.302585092994046,20,5,SYNTHETIC,synth_453,ANOMALY,unusual_device_single,Mild,device,1,synth_453
71.0,Login,Berhasil,Virtual Machine,Private Network 192.168.x.x,6.9985096422506015,0.6931471805599453,18,2,SYNTHETIC,synth_6333,ANOMALY,unusual_device_single,Mild,device,1,synth_6333
78.0,Login,Berhasil,Virtual Machine,Private Network 192.168.x.x,6.1779441140506,0.6931471805599453,18,6,SYNTHETIC,synth_1669,ANOMALY,unusual_device_single,Mild,device,1,synth_1669
83.0,Kelola Perkara,Berhasil,Virtual Machine,Private Network 192.168.x.x,8.644178203170727,2.079441541679836,17,2,SYNTHETIC,synth_8110,ANOMALY,unusual_device_single,Mild,device,1,synth_8110
53.0,Akses Berkas,Berhasil,Virtual Machine,Private Network 192.168.x.x,7.971085753505607,2.3978952727983707,18,6,SYNTHETIC,synth_5087,ANOMALY,unusual_device_single,Mild,device,1,synth_5087
56.0,Kelola Perkara,Berhasil,Virtual Machine,Private Network 192.168.x.x,8.628376720376853,1.3862943611198906,19,2,SYNTHETIC,synth_8121,ANOMALY,unusual_device_single,Mild,device,1,synth_8121
61.0,Kelola User,Berhasil,Android,Private Network 192.168.x.x,6.354370040797351,0.6931471805599453,0,4,SYNTHETIC,synth_7355,ANOMALY,offhours_sensitive_access,Moderate,"hour,activity",2,synth_7355
29.0,Kelola User,Berhasil,PC Windows,Private Network 192.168.x.x,8.376781037699493,1.9459101490553128,0,3,SYNTHETIC,synth_13647,ANOMALY,offhours_sensitive_access,Moderate,"hour,activity",2,synth_13647
1.0,Kelola User,Berhasil,PC Windows,Private Network 192.168.x.x,7.334329350300536,1.0986122886681098,5,4,SYNTHETIC,synth_4709,ANOMALY,offhours_sensitive_access,Moderate,"hour,activity",2,synth_4709
48.0,Kelola User,Berhasil,PC Windows,Private Network 192.168.x.x,9.321613374385612,2.302585092994046,2,1,SYNTHETIC,synth_3136,ANOMALY,offhours_sensitive_access,Moderate,"hour,activity",2,synth_3136
67.0,Kelola User,Berhasil,PC Windows,Private Network 192.168.x.x,6.133398042996649,0.6931471805599453,1,3,SYNTHETIC,synth_1856,ANOMALY,offhours_sensitive_access,Moderate,"hour,activity",2,synth_1856
55.0,Kelola User,Gagal,PC Windows,Private Network 192.168.x.x,7.429520842786462,0.6931471805599453,1,5,SYNTHETIC,synth_2785,ANOMALY,offhours_sensitive_access,Moderate,"hour,activity",2,synth_2785
23.0,Kelola User,Berhasil,PC Windows,Private Network 192.168.x.x,7.10002716662926,2.302585092994046,1,2,SYNTHETIC,synth_8095,ANOMALY,offhours_sensitive_access,Moderate,"hour,activity",2,synth_8095
25.0,Kelola User,Berhasil,iOS,Private Network 192.168.x.x,8.18423477409482,1.791759469228055,5,5,SYNTHETIC,synth_5548,ANOMALY,offhours_sensitive_access,Moderate,"hour,activity",2,synth_5548
85.0,Kelola User,Gagal,PC Windows,Private Network 192.168.x.x,7.318539548567902,1.6094379124341005,0,2,SYNTHETIC,synth_1252,ANOMALY,offhours_sensitive_access,Moderate,"hour,activity",2,synth_1252
49.0,Kelola User,Berhasil,PC Windows,Private Network 192.168.x.x,7.249925536717988,0.6931471805599453,5,2,SYNTHETIC,synth_6612,ANOMALY,offhours_sensitive_access,Moderate,"hour,activity",2,synth_6612
61.0,Kelola User,Berhasil,Android,Private Network 192.168.x.x,8.37655086161377,2.302585092994046,5,4,SYNTHETIC,synth_3300,ANOMALY,offhours_sensitive_access,Moderate,"hour,activity",2,synth_3300
24.0,Kelola User,Berhasil,iOS,Private Network 192.168.x.x,7.049254841255837,0.6931471805599453,4,1,SYNTHETIC,synth_14953,ANOMALY,offhours_sensitive_access,Moderate,"hour,activity",2,synth_14953
26.0,Kelola User,Berhasil,iOS,Private Network 192.168.x.x,7.0825485693553,0.6931471805599453,0,5,SYNTHETIC,synth_14274,ANOMALY,offhours_sensitive_access,Moderate,"hour,activity",2,synth_14274
63.0,Kelola User,Berhasil,iOS,Private Network 192.168.x.x,7.583756300707112,0.6931471805599453,4,3,SYNTHETIC,synth_1002,ANOMALY,offhours_sensitive_access,Moderate,"hour,activity",2,synth_1002
65.0,Kelola User,Berhasil,PC Windows,Private Network 192.168.x.x,6.403574197934815,0.6931471805599453,3,3,SYNTHETIC,synth_8197,ANOMALY,offhours_sensitive_access,Moderate,"hour,activity",2,synth_8197
27.0,Kelola User,Berhasil,PC Windows,Private Network 192.168.x.x,8.230044310126114,1.0986122886681098,0,3,SYNTHETIC,synth_8796,ANOMALY,offhours_sensitive_access,Moderate,"hour,activity",2,synth_8796
18.0,Kelola User,Berhasil,PC Windows,Private Network 192.168.x.x,6.4457198193855785,0.6931471805599453,0,2,SYNTHETIC,synth_1514,ANOMALY,offhours_sensitive_access,Moderate,"hour,activity",2,synth_1514
45.0,Kelola User,Berhasil,PC Windows,Private Network 192.168.x.x,7.749753406274437,2.079441541679836,0,3,SYNTHETIC,synth_11629,ANOMALY,offhours_sensitive_access,Moderate,"hour,activity",2,synth_11629
86.0,Kelola User,Berhasil,Android,Private Network 192.168.x.x,7.945201132412759,1.791759469228055,1,2,SYNTHETIC,synth_11898,ANOMALY,offhours_sensitive_access,Moderate,"hour,activity",2,synth_11898
58.0,Kelola User,Berhasil,PC Windows,Private Network 192.168.x.x,6.865891074883439,1.791759469228055,1,6,SYNTHETIC,synth_3724,ANOMALY,offhours_sensitive_access,Moderate,"hour,activity",2,synth_3724
68.0,Kelola User,Gagal,PC Windows,Private Network 192.168.x.x,6.910750787961936,0.6931471805599453,4,2,SYNTHETIC,synth_6954,ANOMALY,offhours_sensitive_access,Moderate,"hour,activity",2,synth_6954
77.0,Kelola User,Berhasil,PC Windows,Private Network 192.168.x.x,6.618738983517219,0.6931471805599453,4,4,SYNTHETIC,synth_7894,ANOMALY,offhours_sensitive_access,Moderate,"hour,activity",2,synth_7894
63.0,Kelola User,Berhasil,iOS,Private Network 192.168.x.x,6.90875477931522,1.3862943611198906,0,5,SYNTHETIC,synth_2774,ANOMALY,offhours_sensitive_access,Moderate,"hour,activity",2,synth_2774
77.0,Kelola User,Berhasil,PC Windows,Private Network 192.168.x.x,8.28121766128665,2.3978952727983707,4,0,SYNTHETIC,synth_13293,ANOMALY,offhours_sensitive_access,Moderate,"hour,activity",2,synth_13293
20.0,Kelola User,Berhasil,iOS,Private Network 192.168.x.x,8.644706511715198,2.19722457733622,1,5,SYNTHETIC,synth_14824,ANOMALY,offhours_sensitive_access,Moderate,"hour,activity",2,synth_14824
6.0,Kelola User,Berhasil,Unknown Device,Localhost / Loopback,0.0,0.6931471805599453,5,3,REAL_DB,real_db_148,ANOMALY,offhours_sensitive_access,Moderate,"hour,activity",2,real_db_148
31.0,Kelola User,Berhasil,Android,Private Network 192.168.x.x,8.567315800819449,1.791759469228055,5,4,SYNTHETIC,synth_9122,ANOMALY,offhours_sensitive_access,Moderate,"hour,activity",2,synth_9122
18.0,Kelola User,Berhasil,PC Windows,Private Network 192.168.x.x,5.808142489980444,0.6931471805599453,5,0,SYNTHETIC,synth_10404,ANOMALY,offhours_sensitive_access,Moderate,"hour,activity",2,synth_10404
41.0,Kelola User,Berhasil,PC Windows,Private Network 192.168.x.x,8.39615486303918,2.3978952727983707,4,6,SYNTHETIC,synth_2276,ANOMALY,offhours_sensitive_access,Moderate,"hour,activity",2,synth_2276
73.0,Kelola User,Berhasil,Android,Private Network 192.168.x.x,5.831882477283517,0.6931471805599453,3,1,SYNTHETIC,synth_10933,ANOMALY,offhours_sensitive_access,Moderate,"hour,activity",2,synth_10933
6.0,Kelola User,Berhasil,Unknown Device,Localhost / Loopback,0.0,0.6931471805599453,1,3,REAL_DB,real_db_168,ANOMALY,offhours_sensitive_access,Moderate,"hour,activity",2,real_db_168
84.0,Kelola User,Berhasil,Unknown Device,Localhost / Loopback,0.0,0.6931471805599453,3,1,REAL_DB,real_db_253,ANOMALY,offhours_sensitive_access,Moderate,"hour,activity",2,real_db_253
57.0,Kelola User,Berhasil,PC Windows,Private Network 192.168.x.x,7.298445101508147,0.6931471805599453,4,6,SYNTHETIC,synth_8911,ANOMALY,offhours_sensitive_access,Moderate,"hour,activity",2,synth_8911
18.0,Kelola User,Berhasil,PC Windows,Private Network 192.168.x.x,7.318539548567902,0.6931471805599453,2,1,SYNTHETIC,synth_14679,ANOMALY,offhours_sensitive_access,Moderate,"hour,activity",2,synth_14679
64.0,Kelola User,Berhasil,PC Windows,Private Network 192.168.x.x,6.380122536899765,0.6931471805599453,0,5,SYNTHETIC,synth_2768,ANOMALY,offhours_sensitive_access,Moderate,"hour,activity",2,synth_2768
65.0,Kelola User,Berhasil,PC Windows,Private Network 192.168.x.x,7.767687277186908,1.9459101490553128,1,0,SYNTHETIC,synth_11202,ANOMALY,offhours_sensitive_access,Moderate,"hour,activity",2,synth_11202
42.0,Kelola User,Berhasil,Android,Private Network 192.168.x.x,8.697679732264463,2.3978952727983707,5,0,SYNTHETIC,synth_1167,ANOMALY,offhours_sensitive_access,Moderate,"hour,activity",2,synth_1167
6.0,Kelola User,Berhasil,PC Windows,Private Network 192.168.x.x,9.368881400104732,2.079441541679836,3,5,SYNTHETIC,synth_12926,ANOMALY,offhours_sensitive_access,Moderate,"hour,activity",2,synth_12926
84.0,Kelola User,Berhasil,PC Windows,Private Network 192.168.x.x,8.662504922576291,1.3862943611198906,2,6,SYNTHETIC,synth_3436,ANOMALY,offhours_sensitive_access,Moderate,"hour,activity",2,synth_3436
54.0,Kelola User,Berhasil,PC Windows,Private Network 192.168.x.x,6.214608098422191,0.6931471805599453,2,5,SYNTHETIC,synth_4288,ANOMALY,offhours_sensitive_access,Moderate,"hour,activity",2,synth_4288
45.0,Kelola User,Berhasil,PC Windows,Private Network 192.168.x.x,7.826044013518965,2.302585092994046,1,3,SYNTHETIC,synth_13967,ANOMALY,offhours_sensitive_access,Moderate,"hour,activity",2,synth_13967
66.0,Kelola User,Berhasil,PC Windows,Private Network 192.168.x.x,8.630878955820053,1.0986122886681098,1,0,SYNTHETIC,synth_10089,ANOMALY,offhours_sensitive_access,Moderate,"hour,activity",2,synth_10089
84.0,Kelola User,Berhasil,PC Windows,Private Network 192.168.x.x,7.570443252057374,0.6931471805599453,2,2,SYNTHETIC,synth_6048,ANOMALY,offhours_sensitive_access,Moderate,"hour,activity",2,synth_6048
43.0,Kelola User,Gagal,iOS,Private Network 192.168.x.x,6.660575149839686,0.6931471805599453,0,4,SYNTHETIC,synth_9082,ANOMALY,offhours_sensitive_access,Moderate,"hour,activity",2,synth_9082
73.0,Kelola User,Berhasil,Android,Private Network 192.168.x.x,5.783825182329737,0.6931471805599453,0,1,SYNTHETIC,synth_10694,ANOMALY,offhours_sensitive_access,Moderate,"hour,activity",2,synth_10694
8.0,Kelola User,Berhasil,PC Windows,Private Network 192.168.x.x,7.418180822726788,0.6931471805599453,3,6,SYNTHETIC,synth_13509,ANOMALY,offhours_sensitive_access,Moderate,"hour,activity",2,synth_13509
72.0,Kelola User,Berhasil,Android,Private Network 192.168.x.x,6.86171134048073,1.9459101490553128,0,1,SYNTHETIC,synth_14697,ANOMALY,offhours_sensitive_access,Moderate,"hour,activity",2,synth_14697
81.0,Kelola User,Berhasil,PC Windows,Private Network 192.168.x.x,8.603737792816423,1.6094379124341005,2,4,SYNTHETIC,synth_3317,ANOMALY,offhours_sensitive_access,Moderate,"hour,activity",2,synth_3317
39.0,Kelola User,Berhasil,PC Windows,Private Network 192.168.x.x,6.345636360828596,0.6931471805599453,2,4,SYNTHETIC,synth_2226,ANOMALY,offhours_sensitive_access,Moderate,"hour,activity",2,synth_2226
28.0,Kelola User,Berhasil,iOS,Private Network 192.168.x.x,8.434463543817241,2.302585092994046,4,0,SYNTHETIC,synth_5967,ANOMALY,offhours_sensitive_access,Moderate,"hour,activity",2,synth_5967
20.0,Kelola User,Berhasil,iOS,Private Network 192.168.x.x,6.674561391814426,0.6931471805599453,2,4,SYNTHETIC,synth_7643,ANOMALY,offhours_sensitive_access,Moderate,"hour,activity",2,synth_7643
58.0,Kelola User,Berhasil,PC Windows,Private Network 192.168.x.x,7.199678345691172,0.6931471805599453,0,0,SYNTHETIC,synth_12705,ANOMALY,offhours_sensitive_access,Moderate,"hour,activity",2,synth_12705
43.0,Kelola User,Berhasil,iOS,Private Network 192.168.x.x,7.552237287560802,0.6931471805599453,5,1,SYNTHETIC,synth_6900,ANOMALY,offhours_sensitive_access,Moderate,"hour,activity",2,synth_6900
34.0,Kelola User,Berhasil,PC Windows,Private Network 192.168.x.x,6.992096427415888,0.6931471805599453,3,4,SYNTHETIC,synth_13432,ANOMALY,offhours_sensitive_access,Moderate,"hour,activity",2,synth_13432
46.0,Kelola User,Berhasil,PC Windows,Private Network 192.168.x.x,6.703188113240863,0.6931471805599453,4,4,SYNTHETIC,synth_1607,ANOMALY,offhours_sensitive_access,Moderate,"hour,activity",2,synth_1607
6.0,Kelola User,Berhasil,PC Windows,Private Network 192.168.x.x,8.525161361065415,1.791759469228055,0,4,SYNTHETIC,synth_3276,ANOMALY,offhours_sensitive_access,Moderate,"hour,activity",2,synth_3276
51.0,Kelola User,Berhasil,PC Windows,Private Network 192.168.x.x,8.122371243406553,2.302585092994046,3,0,SYNTHETIC,synth_7466,ANOMALY,offhours_sensitive_access,Moderate,"hour,activity",2,synth_7466
58.0,Kelola User,Berhasil,PC Windows,Private Network 192.168.x.x,8.65032450401942,2.3978952727983707,0,6,SYNTHETIC,synth_6192,ANOMALY,offhours_sensitive_access,Moderate,"hour,activity",2,synth_6192
49.0,Kelola User,Gagal,PC Windows,Private Network 192.168.x.x,7.216709486709457,0.6931471805599453,4,3,SYNTHETIC,synth_2407,ANOMALY,offhours_sensitive_access,Moderate,"hour,activity",2,synth_2407
55.0,Kelola User,Berhasil,PC Windows,Private Network 192.168.x.x,5.998936561946683,0.6931471805599453,2,6,SYNTHETIC,synth_5895,ANOMALY,offhours_sensitive_access,Moderate,"hour,activity",2,synth_5895
69.0,Kelola User,Berhasil,PC Windows,Private Network 192.168.x.x,8.574518258035507,2.3978952727983707,5,2,SYNTHETIC,synth_2677,ANOMALY,offhours_sensitive_access,Moderate,"hour,activity",2,synth_2677
39.0,Kelola User,Berhasil,PC Windows,Private Network 192.168.x.x,8.367764677924308,0.6931471805599453,4,0,SYNTHETIC,synth_4045,ANOMALY,offhours_sensitive_access,Moderate,"hour,activity",2,synth_4045
49.0,Kelola User,Berhasil,PC Windows,Private Network 192.168.x.x,7.057036981697891,0.6931471805599453,2,0,SYNTHETIC,synth_12991,ANOMALY,offhours_sensitive_access,Moderate,"hour,activity",2,synth_12991
36.0,Kelola User,Berhasil,PC Windows,Private Network 192.168.x.x,8.335191583433202,1.791759469228055,4,6,SYNTHETIC,synth_5608,ANOMALY,offhours_sensitive_access,Moderate,"hour,activity",2,synth_5608
73.0,Kelola User,Berhasil,Android,Private Network 192.168.x.x,7.473069088032197,0.6931471805599453,1,6,SYNTHETIC,synth_197,ANOMALY,offhours_sensitive_access,Moderate,"hour,activity",2,synth_197
55.0,Kelola User,Berhasil,PC Windows,Private Network 192.168.x.x,5.983936280687191,0.6931471805599453,5,6,SYNTHETIC,synth_5890,ANOMALY,offhours_sensitive_access,Moderate,"hour,activity",2,synth_5890
48.0,Kelola User,Berhasil,PC Windows,Private Network 192.168.x.x,7.232010331664759,0.6931471805599453,0,5,SYNTHETIC,synth_14573,ANOMALY,offhours_sensitive_access,Moderate,"hour,activity",2,synth_14573
66.0,Kelola User,Berhasil,PC Windows,Private Network 192.168.x.x,6.5998704992128365,0.6931471805599453,0,3,SYNTHETIC,synth_12808,ANOMALY,offhours_sensitive_access,Moderate,"hour,activity",2,synth_12808
72.0,Kelola User,Berhasil,Android,Private Network 192.168.x.x,5.996452088619021,0.6931471805599453,5,5,SYNTHETIC,synth_13248,ANOMALY,offhours_sensitive_access,Moderate,"hour,activity",2,synth_13248
45.0,Kelola User,Berhasil,PC Windows,Private Network 192.168.x.x,6.354370040797351,1.6094379124341005,1,3,SYNTHETIC,synth_11630,ANOMALY,offhours_sensitive_access,Moderate,"hour,activity",2,synth_11630
8.0,Kelola User,Berhasil,PC Windows,Private Network 192.168.x.x,8.349957272040324,1.9459101490553128,2,0,SYNTHETIC,synth_10410,ANOMALY,offhours_sensitive_access,Moderate,"hour,activity",2,synth_10410
51.0,Kelola User,Berhasil,PC Windows,Private Network 192.168.x.x,7.205635176410364,0.6931471805599453,0,5,SYNTHETIC,synth_5333,ANOMALY,offhours_sensitive_access,Moderate,"hour,activity",2,synth_5333
46.0,Kelola User,Berhasil,PC Windows,Private Network 192.168.x.x,6.683360945766275,0.6931471805599453,1,6,SYNTHETIC,synth_1652,ANOMALY,offhours_sensitive_access,Moderate,"hour,activity",2,synth_1652
77.0,Kelola User,Berhasil,PC Windows,Private Network 192.168.x.x,7.422971251049421,1.9459101490553128,0,4,SYNTHETIC,synth_7342,ANOMALY,offhours_sensitive_access,Moderate,"hour,activity",2,synth_7342
54.0,Kelola User,Berhasil,PC Windows,Private Network 192.168.x.x,7.310550158534422,0.6931471805599453,3,3,SYNTHETIC,synth_70,ANOMALY,offhours_sensitive_access,Moderate,"hour,activity",2,synth_70
31.0,Kelola User,Berhasil,Android,Private Network 192.168.x.x,6.285998094508865,0.6931471805599453,2,6,SYNTHETIC,synth_7725,ANOMALY,offhours_sensitive_access,Moderate,"hour,activity",2,synth_7725
37.0,Kelola User,Berhasil,PC Windows,Private Network 192.168.x.x,7.556427969440253,2.079441541679836,3,3,SYNTHETIC,synth_10529,ANOMALY,offhours_sensitive_access,Moderate,"hour,activity",2,synth_10529
18.0,Kelola User,Berhasil,PC Windows,Private Network 192.168.x.x,7.258412150595307,0.6931471805599453,5,3,SYNTHETIC,synth_3906,ANOMALY,offhours_sensitive_access,Moderate,"hour,activity",2,synth_3906
74.0,Kelola User,Berhasil,PC Windows,Private Network 192.168.x.x,7.231287004327616,0.6931471805599453,2,0,SYNTHETIC,synth_1191,ANOMALY,offhours_sensitive_access,Moderate,"hour,activity",2,synth_1191
55.0,Kelola User,Berhasil,PC Windows,Private Network 192.168.x.x,7.113142108707088,0.6931471805599453,1,6,SYNTHETIC,synth_1146,ANOMALY,offhours_sensitive_access,Moderate,"hour,activity",2,synth_1146
39.0,Kelola User,Berhasil,PC Windows,Private Network 192.168.x.x,6.999422467507961,0.6931471805599453,2,4,SYNTHETIC,synth_4991,ANOMALY,offhours_sensitive_access,Moderate,"hour,activity",2,synth_4991
76.0,Kelola User,Berhasil,iOS,Private Network 192.168.x.x,7.979338895262328,2.19722457733622,2,2,SYNTHETIC,synth_2153,ANOMALY,offhours_sensitive_access,Moderate,"hour,activity",2,synth_2153
55.0,Kelola User,Berhasil,PC Windows,Private Network 192.168.x.x,7.665284718471351,2.19722457733622,1,4,SYNTHETIC,synth_12895,ANOMALY,offhours_sensitive_access,Moderate,"hour,activity",2,synth_12895
39.0,Kelola User,Berhasil,PC Windows,Private Network 192.168.x.x,8.453827315794417,0.6931471805599453,5,1,SYNTHETIC,synth_2636,ANOMALY,offhours_sensitive_access,Moderate,"hour,activity",2,synth_2636
21.0,Kelola User,Berhasil,PC Windows,Private Network 192.168.x.x,7.923710333969238,2.3978952727983707,2,1,SYNTHETIC,synth_4609,ANOMALY,offhours_sensitive_access,Moderate,"hour,activity",2,synth_4609
86.0,Kelola User,Berhasil,Android,Private Network 192.168.x.x,8.07961802938984,1.3862943611198906,5,1,SYNTHETIC,synth_8057,ANOMALY,offhours_sensitive_access,Moderate,"hour,activity",2,synth_8057
68.0,Kelola User,Berhasil,PC Windows,Private Network 192.168.x.x,8.36264243156764,1.0986122886681098,5,4,SYNTHETIC,synth_4746,ANOMALY,offhours_sensitive_access,Moderate,"hour,activity",2,synth_4746
66.0,Kelola User,Berhasil,PC Windows,Private Network 192.168.x.x,6.706862336602747,0.6931471805599453,5,6,SYNTHETIC,synth_7703,ANOMALY,offhours_sensitive_access,Moderate,"hour,activity",2,synth_7703
40.0,Kelola User,Berhasil,Android,Private Network 192.168.x.x,7.1693500166706,0.6931471805599453,0,6,SYNTHETIC,synth_12096,ANOMALY,offhours_sensitive_access,Moderate,"hour,activity",2,synth_12096
1.0,Kelola User,Berhasil,PC Windows,Private Network 192.168.x.x,7.85979918056211,1.9459101490553128,4,0,SYNTHETIC,synth_2844,ANOMALY,offhours_sensitive_access,Moderate,"hour,activity",2,synth_2844
55.0,Kelola User,Berhasil,PC Windows,Private Network 192.168.x.x,9.245707515813471,0.6931471805599453,5,2,SYNTHETIC,synth_12221,ANOMALY,offhours_sensitive_access,Moderate,"hour,activity",2,synth_12221
58.0,Kelola User,Berhasil,PC Windows,Private Network 192.168.x.x,7.1592919047975645,0.6931471805599453,1,3,SYNTHETIC,synth_4454,ANOMALY,offhours_sensitive_access,Moderate,"hour,activity",2,synth_4454
70.0,Kelola User,Berhasil,iOS,Private Network 192.168.x.x,8.142354276849835,1.9459101490553128,4,4,SYNTHETIC,synth_13410,ANOMALY,offhours_sensitive_access,Moderate,"hour,activity",2,synth_13410
24.0,Kelola User,Berhasil,iOS,Private Network 192.168.x.x,6.785587645007929,0.6931471805599453,5,4,SYNTHETIC,synth_12863,ANOMALY,offhours_sensitive_access,Moderate,"hour,activity",2,synth_12863
62.0,Kelola User,Berhasil,PC Windows,Private Network 192.168.x.x,6.851184927493743,1.3862943611198906,1,2,SYNTHETIC,synth_3837,ANOMALY,offhours_sensitive_access,Moderate,"hour,activity",2,synth_3837
21.0,Kelola User,Berhasil,PC Windows,Private Network 192.168.x.x,7.455298485683291,1.9459101490553128,1,1,SYNTHETIC,synth_13569,ANOMALY,offhours_sensitive_access,Moderate,"hour,activity",2,synth_13569
69.0,Kelola User,Berhasil,PC Windows,Private Network 192.168.x.x,7.045776576879511,0.6931471805599453,3,5,SYNTHETIC,synth_4290,ANOMALY,offhours_sensitive_access,Moderate,"hour,activity",2,synth_4290
72.0,Kelola User,Berhasil,Android,Private Network 192.168.x.x,7.716906135298388,1.6094379124341005,3,2,SYNTHETIC,synth_646,ANOMALY,offhours_sensitive_access,Moderate,"hour,activity",2,synth_646
6.0,Kelola User,Berhasil,Unknown Device,Localhost / Loopback,0.0,0.6931471805599453,2,6,REAL_DB,real_db_358,ANOMALY,offhours_sensitive_access,Moderate,"hour,activity",2,real_db_358
49.0,Kelola User,Berhasil,PC Windows,Private Network 192.168.x.x,8.65259782842244,1.3862943611198906,5,6,SYNTHETIC,synth_8905,ANOMALY,offhours_sensitive_access,Moderate,"hour,activity",2,synth_8905
47.0,Kelola User,Berhasil,PC Windows,Private Network 192.168.x.x,8.010359588919783,1.791759469228055,5,5,SYNTHETIC,synth_5880,ANOMALY,offhours_sensitive_access,Moderate,"hour,activity",2,synth_5880
22.0,Kelola User,Berhasil,PC Windows,Private Network 192.168.x.x,7.115582126184454,0.6931471805599453,4,2,SYNTHETIC,synth_11579,ANOMALY,offhours_sensitive_access,Moderate,"hour,activity",2,synth_11579
33.0,Kelola User,Berhasil,PC Windows,Private Network 192.168.x.x,8.353261499733874,1.3862943611198906,1,3,SYNTHETIC,synth_10778,ANOMALY,offhours_sensitive_access,Moderate,"hour,activity",2,synth_10778
57.0,Kelola User,Berhasil,PC Windows,Private Network 192.168.x.x,7.750614732770409,1.3862943611198906,5,0,SYNTHETIC,synth_11516,ANOMALY,offhours_sensitive_access,Moderate,"hour,activity",2,synth_11516
24.0,Kelola User,Berhasil,iOS,Private Network 192.168.x.x,7.0192966537150445,0.6931471805599453,2,4,SYNTHETIC,synth_7015,ANOMALY,offhours_sensitive_access,Moderate,"hour,activity",2,synth_7015
74.0,Kelola User,Berhasil,PC Windows,Private Network 192.168.x.x,6.366470447731438,0.6931471805599453,0,6,SYNTHETIC,synth_10641,ANOMALY,offhours_sensitive_access,Moderate,"hour,activity",2,synth_10641
28.0,Kelola User,Berhasil,iOS,Private Network 192.168.x.x,8.249836485425702,2.079441541679836,1,5,SYNTHETIC,synth_12380,ANOMALY,offhours_sensitive_access,Moderate,"hour,activity",2,synth_12380
84.0,Kelola User,Berhasil,PC Windows,Private Network 192.168.x.x,7.322510433997394,0.6931471805599453,0,6,SYNTHETIC,synth_9751,ANOMALY,offhours_sensitive_access,Moderate,"hour,activity",2,synth_9751
1.0,Kelola User,Berhasil,PC Windows,Private Network 192.168.x.x,7.218176838403408,0.6931471805599453,2,5,SYNTHETIC,synth_12351,ANOMALY,offhours_sensitive_access,Moderate,"hour,activity",2,synth_12351
32.0,Kelola User,Berhasil,PC Windows,Private Network 192.168.x.x,8.51959031601596,1.791759469228055,3,2,SYNTHETIC,synth_14164,ANOMALY,offhours_sensitive_access,Moderate,"hour,activity",2,synth_14164
77.0,Kelola User,Berhasil,PC Windows,Private Network 192.168.x.x,6.059123195581797,0.6931471805599453,2,4,SYNTHETIC,synth_9095,ANOMALY,offhours_sensitive_access,Moderate,"hour,activity",2,synth_9095
76.0,Kelola User,Berhasil,iOS,Private Network 192.168.x.x,7.507141079727608,0.6931471805599453,0,4,SYNTHETIC,synth_5827,ANOMALY,offhours_sensitive_access,Moderate,"hour,activity",2,synth_5827
84.0,Kelola User,Berhasil,PC Windows,Private Network 192.168.x.x,8.847934753328465,1.6094379124341005,1,3,SYNTHETIC,synth_11604,ANOMALY,offhours_sensitive_access,Moderate,"hour,activity",2,synth_11604
41.0,Kelola User,Berhasil,PC Windows,Private Network 192.168.x.x,8.430545384690566,2.302585092994046,4,4,SYNTHETIC,synth_9924,ANOMALY,offhours_sensitive_access,Moderate,"hour,activity",2,synth_9924
39.0,Kelola User,Berhasil,PC Windows,Private Network 192.168.x.x,8.108021221376747,1.3862943611198906,5,4,SYNTHETIC,synth_4993,ANOMALY,offhours_sensitive_access,Moderate,"hour,activity",2,synth_4993
45.0,Kelola User,Berhasil,PC Windows,Private Network 192.168.x.x,6.434546518787453,0.6931471805599453,2,5,SYNTHETIC,synth_5867,ANOMALY,offhours_sensitive_access,Moderate,"hour,activity",2,synth_5867
77.0,Kelola User,Berhasil,PC Windows,Private Network 192.168.x.x,6.889591308354466,1.6094379124341005,1,2,SYNTHETIC,synth_12520,ANOMALY,offhours_sensitive_access,Moderate,"hour,activity",2,synth_12520
85.0,Kelola User,Berhasil,PC Windows,Private Network 192.168.x.x,6.07073772800249,0.6931471805599453,5,2,SYNTHETIC,synth_3188,ANOMALY,offhours_sensitive_access,Moderate,"hour,activity",2,synth_3188
65.0,Kelola User,Berhasil,PC Windows,Private Network 192.168.x.x,7.742835955430749,2.19722457733622,3,1,SYNTHETIC,synth_2619,ANOMALY,offhours_sensitive_access,Moderate,"hour,activity",2,synth_2619
42.0,Kelola User,Berhasil,Android,Private Network 192.168.x.x,7.549609165154532,0.6931471805599453,3,4,SYNTHETIC,synth_13198,ANOMALY,offhours_sensitive_access,Moderate,"hour,activity",2,synth_13198
32.0,Kelola User,Berhasil,PC Windows,Private Network 192.168.x.x,6.68586094706836,0.6931471805599453,5,1,SYNTHETIC,synth_11544,ANOMALY,offhours_sensitive_access,Moderate,"hour,activity",2,synth_11544
24.0,Kelola User,Berhasil,iOS,Private Network 192.168.x.x,7.2078598714324755,0.6931471805599453,3,0,SYNTHETIC,synth_828,ANOMALY,offhours_sensitive_access,Moderate,"hour,activity",2,synth_828
29.0,Kelola User,Berhasil,PC Windows,Private Network 192.168.x.x,7.149916836132109,0.6931471805599453,1,6,SYNTHETIC,synth_12420,ANOMALY,offhours_sensitive_access,Moderate,"hour,activity",2,synth_12420
21.0,Kelola User,Berhasil,PC Windows,Private Network 192.168.x.x,6.263398262591624,0.6931471805599453,2,2,SYNTHETIC,synth_11,ANOMALY,offhours_sensitive_access,Moderate,"hour,activity",2,synth_11
38.0,Kelola User,Gagal,PC Windows,Private Network 192.168.x.x,6.740519359606223,0.6931471805599453,1,3,SYNTHETIC,synth_3895,ANOMALY,offhours_sensitive_access,Moderate,"hour,activity",2,synth_3895
6.0,Kelola User,Berhasil,Unknown Device,Localhost / Loopback,0.0,0.6931471805599453,1,3,REAL_DB,real_db_157,ANOMALY,offhours_sensitive_access,Moderate,"hour,activity",2,real_db_157
21.0,Kelola User,Berhasil,PC Windows,Private Network 192.168.x.x,8.620471540869739,2.19722457733622,5,5,SYNTHETIC,synth_3344,ANOMALY,offhours_sensitive_access,Moderate,"hour,activity",2,synth_3344
1.0,Kelola User,Berhasil,Unknown Device,Localhost / Loopback,0.0,0.6931471805599453,4,6,REAL_DB,real_db_374,ANOMALY,offhours_sensitive_access,Moderate,"hour,activity",2,real_db_374
36.0,Kelola User,Berhasil,PC Windows,Private Network 192.168.x.x,7.291656209174461,0.6931471805599453,4,0,SYNTHETIC,synth_5397,ANOMALY,offhours_sensitive_access,Moderate,"hour,activity",2,synth_5397
25.0,Kelola User,Berhasil,iOS,Private Network 192.168.x.x,8.138856750696325,1.3862943611198906,2,2,SYNTHETIC,synth_9612,ANOMALY,offhours_sensitive_access,Moderate,"hour,activity",2,synth_9612
25.0,Kelola User,Berhasil,iOS,Private Network 192.168.x.x,8.658519127506672,2.302585092994046,5,5,SYNTHETIC,synth_2506,ANOMALY,offhours_sensitive_access,Moderate,"hour,activity",2,synth_2506
74.0,Kelola User,Berhasil,PC Windows,Private Network 192.168.x.x,7.508787170634276,0.6931471805599453,4,0,SYNTHETIC,synth_6520,ANOMALY,offhours_sensitive_access,Moderate,"hour,activity",2,synth_6520
58.0,Kelola User,Berhasil,PC Windows,Private Network 192.168.x.x,6.419994928147142,0.6931471805599453,3,6,SYNTHETIC,synth_7086,ANOMALY,offhours_sensitive_access,Moderate,"hour,activity",2,synth_7086
25.0,Kelola User,Berhasil,iOS,Private Network 192.168.x.x,7.470793774195062,0.6931471805599453,4,2,SYNTHETIC,synth_10136,ANOMALY,offhours_sensitive_access,Moderate,"hour,activity",2,synth_10136
40.0,Kelola User,Berhasil,Android,Private Network 192.168.x.x,7.2078598714324755,0.6931471805599453,3,3,SYNTHETIC,synth_7599,ANOMALY,offhours_sensitive_access,Moderate,"hour,activity",2,synth_7599
54.0,Kelola User,Berhasil,PC Windows,Private Network 192.168.x.x,6.831953565565855,0.6931471805599453,2,2,SYNTHETIC,synth_13621,ANOMALY,offhours_sensitive_access,Moderate,"hour,activity",2,synth_13621
85.0,Kelola User,Berhasil,PC Windows,Private Network 192.168.x.x,7.900636613018005,2.19722457733622,1,6,SYNTHETIC,synth_11473,ANOMALY,offhours_sensitive_access,Moderate,"hour,activity",2,synth_11473
80.0,Kelola User,Berhasil,PC Windows,Private Network 192.168.x.x,8.371242135931933,1.3862943611198906,1,1,SYNTHETIC,synth_896,ANOMALY,offhours_sensitive_access,Moderate,"hour,activity",2,synth_896
39.0,Kelola User,Berhasil,PC Windows,Private Network 192.168.x.x,6.90975328164481,0.6931471805599453,4,5,SYNTHETIC,synth_4265,ANOMALY,offhours_sensitive_access,Moderate,"hour,activity",2,synth_4265
55.0,Kelola User,Berhasil,PC Windows,Private Network 192.168.x.x,7.68017564043659,1.6094379124341005,3,4,SYNTHETIC,synth_4739,ANOMALY,offhours_sensitive_access,Moderate,"hour,activity",2,synth_4739
61.0,Kelola User,Berhasil,Android,Private Network 192.168.x.x,7.15305163493748,0.6931471805599453,0,0,SYNTHETIC,synth_7126,ANOMALY,offhours_sensitive_access,Moderate,"hour,activity",2,synth_7126
55.0,Kelola User,Berhasil,PC Windows,Private Network 192.168.x.x,7.554858521040676,0.6931471805599453,0,6,SYNTHETIC,synth_3086,ANOMALY,offhours_sensitive_access,Moderate,"hour,activity",2,synth_3086
37.0,Kelola User,Berhasil,PC Windows,Private Network 192.168.x.x,8.414938957377482,2.302585092994046,0,2,SYNTHETIC,synth_6040,ANOMALY,offhours_sensitive_access,Moderate,"hour,activity",2,synth_6040
47.0,Kelola User,Berhasil,PC Windows,Private Network 192.168.x.x,8.635687085464026,0.6931471805599453,1,5,SYNTHETIC,synth_5569,ANOMALY,offhours_sensitive_access,Moderate,"hour,activity",2,synth_5569
61.0,Kelola User,Berhasil,Android,Private Network 192.168.x.x,8.161660452056282,1.791759469228055,5,1,SYNTHETIC,synth_10439,ANOMALY,offhours_sensitive_access,Moderate,"hour,activity",2,synth_10439
70.0,Kelola User,Berhasil,iOS,Private Network 192.168.x.x,6.812345094177479,1.0986122886681098,1,1,SYNTHETIC,synth_1493,ANOMALY,offhours_sensitive_access,Moderate,"hour,activity",2,synth_1493
69.0,Kelola User,Berhasil,PC Windows,Private Network 192.168.x.x,6.338594078203183,0.6931471805599453,5,4,SYNTHETIC,synth_9961,ANOMALY,offhours_sensitive_access,Moderate,"hour,activity",2,synth_9961
84.0,Kelola User,Berhasil,PC Windows,Private Network 192.168.x.x,6.620073206530356,0.6931471805599453,3,1,SYNTHETIC,synth_13038,ANOMALY,offhours_sensitive_access,Moderate,"hour,activity",2,synth_13038
61.0,Kelola User,Berhasil,Android,Private Network 192.168.x.x,6.731018100482083,0.6931471805599453,4,4,SYNTHETIC,synth_10817,ANOMALY,offhours_sensitive_access,Moderate,"hour,activity",2,synth_10817
18.0,Kelola User,Berhasil,PC Windows,Private Network 192.168.x.x,7.940583827104244,2.3978952727983707,0,1,SYNTHETIC,synth_923,ANOMALY,offhours_sensitive_access,Moderate,"hour,activity",2,synth_923
79.0,Kelola User,Berhasil,iOS,Private Network 192.168.x.x,8.680162019694377,2.079441541679836,3,4,SYNTHETIC,synth_10791,ANOMALY,offhours_sensitive_access,Moderate,"hour,activity",2,synth_10791
86.0,Kelola User,Berhasil,Android,Private Network 192.168.x.x,7.99260665240021,1.0986122886681098,3,0,SYNTHETIC,synth_12708,ANOMALY,offhours_sensitive_access,Moderate,"hour,activity",2,synth_12708
67.0,Kelola User,Berhasil,PC Windows,Private Network 192.168.x.x,5.58724865840025,0.6931471805599453,4,1,SYNTHETIC,synth_2356,ANOMALY,offhours_sensitive_access,Moderate,"hour,activity",2,synth_2356
8.0,Kelola User,Berhasil,PC Windows,Private Network 192.168.x.x,7.167809184316444,0.6931471805599453,3,6,SYNTHETIC,synth_3457,ANOMALY,offhours_sensitive_access,Moderate,"hour,activity",2,synth_3457
48.0,Kelola User,Berhasil,PC Windows,Private Network 192.168.x.x,7.355641102974253,0.6931471805599453,4,6,SYNTHETIC,synth_3439,ANOMALY,offhours_sensitive_access,Moderate,"hour,activity",2,synth_3439
6.0,Kelola User,Berhasil,Unknown Device,Localhost / Loopback,0.0,0.6931471805599453,2,0,REAL_DB,real_db_77,ANOMALY,offhours_sensitive_access,Moderate,"hour,activity",2,real_db_77
60.0,Kelola User,Berhasil,PC Windows,Private Network 192.168.x.x,7.001245622069476,0.6931471805599453,4,6,SYNTHETIC,synth_9491,ANOMALY,offhours_sensitive_access,Moderate,"hour,activity",2,synth_9491
38.0,Kelola User,Berhasil,PC Windows,Private Network 192.168.x.x,6.340359303727752,0.6931471805599453,0,2,SYNTHETIC,synth_9329,ANOMALY,offhours_sensitive_access,Moderate,"hour,activity",2,synth_9329
54.0,Kelola User,Berhasil,PC Windows,Private Network 192.168.x.x,8.604104563405533,1.3862943611198906,5,4,SYNTHETIC,synth_9933,ANOMALY,offhours_sensitive_access,Moderate,"hour,activity",2,synth_9933
36.0,Kelola User,Berhasil,PC Windows,Private Network 192.168.x.x,7.623153068476902,2.3978952727983707,5,6,SYNTHETIC,synth_11119,ANOMALY,offhours_sensitive_access,Moderate,"hour,activity",2,synth_11119
84.0,Kelola User,Berhasil,PC Windows,Private Network 192.168.x.x,6.6293632534374485,0.6931471805599453,0,6,SYNTHETIC,synth_13500,ANOMALY,offhours_sensitive_access,Moderate,"hour,activity",2,synth_13500
39.0,Kelola User,Berhasil,PC Windows,Private Network 192.168.x.x,5.968707559985366,0.6931471805599453,5,2,SYNTHETIC,synth_8772,ANOMALY,offhours_sensitive_access,Moderate,"hour,activity",2,synth_8772
48.0,Kelola User,Berhasil,PC Windows,Private Network 192.168.x.x,9.177817180270624,1.791759469228055,4,2,SYNTHETIC,synth_10479,ANOMALY,offhours_sensitive_access,Moderate,"hour,activity",2,synth_10479
64.0,Kelola User,Berhasil,PC Windows,Private Network 192.168.x.x,7.31986492980897,2.079441541679836,2,2,SYNTHETIC,synth_2922,ANOMALY,offhours_sensitive_access,Moderate,"hour,activity",2,synth_2922
18.0,Kelola User,Berhasil,PC Windows,Private Network 192.168.x.x,8.53030683056162,1.791759469228055,5,0,SYNTHETIC,synth_12122,ANOMALY,offhours_sensitive_access,Moderate,"hour,activity",2,synth_12122
73.0,Kelola User,Berhasil,Android,Private Network 192.168.x.x,7.2078598714324755,1.0986122886681098,2,2,SYNTHETIC,synth_10983,ANOMALY,offhours_sensitive_access,Moderate,"hour,activity",2,synth_10983
63.0,Kelola User,Berhasil,iOS,Private Network 192.168.x.x,7.023758954738443,1.3862943611198906,0,6,SYNTHETIC,synth_9185,ANOMALY,offhours_sensitive_access,Moderate,"hour,activity",2,synth_9185
54.0,Kelola User,Berhasil,PC Windows,Private Network 192.168.x.x,8.647168267837984,0.6931471805599453,2,5,SYNTHETIC,synth_10298,ANOMALY,offhours_sensitive_access,Moderate,"hour,activity",2,synth_10298
66.0,Kelola User,Berhasil,PC Windows,Private Network 192.168.x.x,7.441906728051625,0.6931471805599453,3,3,SYNTHETIC,synth_6088,ANOMALY,offhours_sensitive_access,Moderate,"hour,activity",2,synth_6088
51.0,Kelola User,Berhasil,PC Windows,Private Network 192.168.x.x,8.031385330625534,1.0986122886681098,1,4,SYNTHETIC,synth_6693,ANOMALY,offhours_sensitive_access,Moderate,"hour,activity",2,synth_6693
47.0,Kelola User,Berhasil,PC Windows,Private Network 192.168.x.x,7.182352111885263,2.079441541679836,3,5,SYNTHETIC,synth_3392,ANOMALY,offhours_sensitive_access,Moderate,"hour,activity",2,synth_3392
63.0,Kelola User,Berhasil,iOS,Private Network 192.168.x.x,7.127693699347399,2.302585092994046,0,3,SYNTHETIC,synth_3909,ANOMALY,offhours_sensitive_access,Moderate,"hour,activity",2,synth_3909
1.0,Kelola User,Berhasil,PC Windows,Private Network 192.168.x.x,7.284134806195205,0.6931471805599453,5,0,SYNTHETIC,synth_3483,ANOMALY,offhours_sensitive_access,Moderate,"hour,activity",2,synth_3483
46.0,Kelola User,Berhasil,PC Windows,Private Network 192.168.x.x,7.0431599159883405,0.6931471805599453,5,4,SYNTHETIC,synth_11971,ANOMALY,offhours_sensitive_access,Moderate,"hour,activity",2,synth_11971
49.0,Kelola User,Berhasil,PC Windows,Private Network 192.168.x.x,8.207946941048617,0.6931471805599453,2,2,SYNTHETIC,synth_11253,ANOMALY,offhours_sensitive_access,Moderate,"hour,activity",2,synth_11253
48.0,Kelola User,Berhasil,PC Windows,Private Network 192.168.x.x,7.646831391430482,2.302585092994046,4,1,SYNTHETIC,synth_9802,ANOMALY,offhours_sensitive_access,Moderate,"hour,activity",2,synth_9802
63.0,Kelola User,Berhasil,iOS,Private Network 192.168.x.x,7.040536390215956,0.6931471805599453,1,3,SYNTHETIC,synth_14777,ANOMALY,offhours_sensitive_access,Moderate,"hour,activity",2,synth_14777
27.0,Kelola User,Berhasil,PC Windows,Private Network 192.168.x.x,7.180831199044556,1.9459101490553128,4,2,SYNTHETIC,synth_13116,ANOMALY,offhours_sensitive_access,Moderate,"hour,activity",2,synth_13116
21.0,Kelola User,Berhasil,PC Windows,Private Network 192.168.x.x,7.8156105320351905,2.302585092994046,0,4,SYNTHETIC,synth_11334,ANOMALY,offhours_sensitive_access,Moderate,"hour,activity",2,synth_11334
22.0,Kelola User,Berhasil,PC Windows,Private Network 192.168.x.x,7.387090235656757,0.6931471805599453,5,1,SYNTHETIC,synth_4084,ANOMALY,offhours_sensitive_access,Moderate,"hour,activity",2,synth_4084
23.0,Kelola User,Berhasil,PC Windows,Private Network 192.168.x.x,7.3987862754199485,1.3862943611198906,2,1,SYNTHETIC,synth_7532,ANOMALY,offhours_sensitive_access,Moderate,"hour,activity",2,synth_7532
18.0,Kelola User,Berhasil,PC Windows,Private Network 192.168.x.x,5.808142489980444,0.6931471805599453,5,2,SYNTHETIC,synth_12541,ANOMALY,offhours_sensitive_access,Moderate,"hour,activity",2,synth_12541
18.0,Kelola User,Berhasil,PC Windows,Private Network 192.168.x.x,8.697846691109495,1.9459101490553128,4,5,SYNTHETIC,synth_1343,ANOMALY,offhours_sensitive_access,Moderate,"hour,activity",2,synth_1343
37.0,Kelola User,Berhasil,PC Windows,Private Network 192.168.x.x,6.920671504248683,0.6931471805599453,4,6,SYNTHETIC,synth_4306,ANOMALY,offhours_sensitive_access,Moderate,"hour,activity",2,synth_4306
58.0,Kelola User,Berhasil,PC Windows,Private Network 192.168.x.x,8.479906606630221,2.19722457733622,1,4,SYNTHETIC,synth_2751,ANOMALY,offhours_sensitive_access,Moderate,"hour,activity",2,synth_2751
53.0,Kelola User,Berhasil,PC Windows,Private Network 192.168.x.x,8.288785810426928,2.302585092994046,1,5,SYNTHETIC,synth_5311,ANOMALY,offhours_sensitive_access,Moderate,"hour,activity",2,synth_5311
29.0,Kelola User,Berhasil,PC Windows,Private Network 192.168.x.x,7.31455283232408,2.19722457733622,2,5,SYNTHETIC,synth_3400,ANOMALY,offhours_sensitive_access,Moderate,"hour,activity",2,synth_3400
8.0,Kelola User,Berhasil,PC Windows,Private Network 192.168.x.x,8.017637159908478,1.9459101490553128,1,4,SYNTHETIC,synth_12846,ANOMALY,offhours_sensitive_access,Moderate,"hour,activity",2,synth_12846
74.0,Kelola User,Berhasil,PC Windows,Private Network 192.168.x.x,8.025843344150903,2.302585092994046,4,5,SYNTHETIC,synth_9165,ANOMALY,offhours_sensitive_access,Moderate,"hour,activity",2,synth_9165
8.0,Kelola User,Berhasil,Unknown Device,Localhost / Loopback,0.0,0.6931471805599453,4,2,REAL_DB,real_db_333,ANOMALY,offhours_sensitive_access,Moderate,"hour,activity",2,real_db_333
55.0,Kelola User,Berhasil,PC Windows,Private Network 192.168.x.x,7.504391559161238,0.6931471805599453,0,4,SYNTHETIC,synth_6681,ANOMALY,offhours_sensitive_access,Moderate,"hour,activity",2,synth_6681
53.0,Kelola User,Berhasil,PC Windows,Private Network 192.168.x.x,7.190676034332207,0.6931471805599453,4,0,SYNTHETIC,synth_4576,ANOMALY,offhours_sensitive_access,Moderate,"hour,activity",2,synth_4576
52.0,Kelola User,Berhasil,PC Windows,Private Network 192.168.x.x,7.513709247839705,0.6931471805599453,2,3,SYNTHETIC,synth_8177,ANOMALY,offhours_sensitive_access,Moderate,"hour,activity",2,synth_8177
47.0,Kelola User,Berhasil,PC Windows,Private Network 192.168.x.x,8.646113971483077,2.19722457733622,3,5,SYNTHETIC,synth_6746,ANOMALY,offhours_sensitive_access,Moderate,"hour,activity",2,synth_6746
20.0,Kelola User,Berhasil,iOS,Private Network 192.168.x.x,8.560252680876685,1.9459101490553128,0,2,SYNTHETIC,synth_4935,ANOMALY,offhours_sensitive_access,Moderate,"hour,activity",2,synth_4935
51.0,Kelola User,Berhasil,PC Windows,Private Network 192.168.x.x,7.132497551660044,0.6931471805599453,0,6,SYNTHETIC,synth_11788,ANOMALY,offhours_sensitive_access,Moderate,"hour,activity",2,synth_11788
28.0,Kelola User,Berhasil,iOS,Private Network 192.168.x.x,8.651898894268529,1.6094379124341005,2,4,SYNTHETIC,synth_6153,ANOMALY,offhours_sensitive_access,Moderate,"hour,activity",2,synth_6153
85.0,Kelola User,Berhasil,PC Windows,Private Network 192.168.x.x,8.585785982881848,2.302585092994046,2,4,SYNTHETIC,synth_11328,ANOMALY,offhours_sensitive_access,Moderate,"hour,activity",2,synth_11328
57.0,Kelola User,Berhasil,PC Windows,Private Network 192.168.x.x,7.542213463193403,0.6931471805599453,1,2,SYNTHETIC,synth_4138,ANOMALY,offhours_sensitive_access,Moderate,"hour,activity",2,synth_4138
33.0,Kelola User,Berhasil,PC Windows,Private Network 192.168.x.x,6.480044561926653,0.6931471805599453,0,4,SYNTHETIC,synth_9428,ANOMALY,offhours_sensitive_access,Moderate,"hour,activity",2,synth_9428
61.0,Kelola User,Berhasil,Android,Private Network 192.168.x.x,6.663132695990803,0.6931471805599453,1,4,SYNTHETIC,synth_10797,ANOMALY,offhours_sensitive_access,Moderate,"hour,activity",2,synth_10797
26.0,Kelola User,Berhasil,iOS,Private Network 192.168.x.x,6.759255270663693,0.6931471805599453,4,4,SYNTHETIC,synth_4482,ANOMALY,offhours_sensitive_access,Moderate,"hour,activity",2,synth_4482
57.0,Kelola User,Berhasil,PC Windows,Private Network 192.168.x.x,8.32093496888341,2.19722457733622,0,4,SYNTHETIC,synth_6406,ANOMALY,offhours_sensitive_access,Moderate,"hour,activity",2,synth_6406
20.0,Kelola User,Berhasil,iOS,Private Network 192.168.x.x,7.703910209616311,1.9459101490553128,0,5,SYNTHETIC,synth_3037,ANOMALY,offhours_sensitive_access,Moderate,"hour,activity",2,synth_3037
62.0,Kelola User,Berhasil,PC Windows,Private Network 192.168.x.x,5.814130531825066,0.6931471805599453,5,6,SYNTHETIC,synth_6249,ANOMALY,offhours_sensitive_access,Moderate,"hour,activity",2,synth_6249
76.0,Kelola User,Berhasil,iOS,Private Network 192.168.x.x,6.8679744089702925,0.6931471805599453,3,0,SYNTHETIC,synth_10919,ANOMALY,offhours_sensitive_access,Moderate,"hour,activity",2,synth_10919
78.0,Kelola User,Berhasil,iOS,Private Network 192.168.x.x,7.696212639346407,2.19722457733622,0,6,SYNTHETIC,synth_2265,ANOMALY,offhours_sensitive_access,Moderate,"hour,activity",2,synth_2265
64.0,Kelola User,Berhasil,PC Windows,Private Network 192.168.x.x,8.638348312972704,2.19722457733622,4,5,SYNTHETIC,synth_11387,ANOMALY,offhours_sensitive_access,Moderate,"hour,activity",2,synth_11387
79.0,Kelola User,Berhasil,iOS,Private Network 192.168.x.x,7.951559331155252,1.9459101490553128,1,6,SYNTHETIC,synth_1414,ANOMALY,offhours_sensitive_access,Moderate,"hour,activity",2,synth_1414
54.0,Kelola User,Berhasil,PC Windows,Private Network 192.168.x.x,8.315077007294104,1.9459101490553128,1,0,SYNTHETIC,synth_826,ANOMALY,offhours_sensitive_access,Moderate,"hour,activity",2,synth_826
38.0,Kelola User,Berhasil,PC Windows,Private Network 192.168.x.x,7.069874128458572,2.19722457733622,5,5,SYNTHETIC,synth_14850,ANOMALY,offhours_sensitive_access,Moderate,"hour,activity",2,synth_14850
60.0,Kelola User,Berhasil,PC Windows,Private Network 192.168.x.x,8.256347772918016,2.19722457733622,3,5,SYNTHETIC,synth_10275,ANOMALY,offhours_sensitive_access,Moderate,"hour,activity",2,synth_10275
48.0,Kelola User,Berhasil,PC Windows,Private Network 192.168.x.x,7.242082359256962,2.302585092994046,4,1,SYNTHETIC,synth_5684,ANOMALY,offhours_sensitive_access,Moderate,"hour,activity",2,synth_5684
69.0,Kelola User,Berhasil,PC Windows,Private Network 192.168.x.x,7.408530566894626,1.3862943611198906,1,5,SYNTHETIC,synth_13485,ANOMALY,offhours_sensitive_access,Moderate,"hour,activity",2,synth_13485
34.0,Kelola User,Berhasil,PC Windows,Private Network 192.168.x.x,6.522092798170152,0.6931471805599453,2,6,SYNTHETIC,synth_14595,ANOMALY,offhours_sensitive_access,Moderate,"hour,activity",2,synth_14595
62.0,Kelola User,Berhasil,PC Windows,Private Network 192.168.x.x,7.117205503164344,0.6931471805599453,4,2,SYNTHETIC,synth_6945,ANOMALY,offhours_sensitive_access,Moderate,"hour,activity",2,synth_6945
65.0,Kelola User,Berhasil,PC Windows,Private Network 192.168.x.x,6.736966958001855,0.6931471805599453,4,3,SYNTHETIC,synth_11657,ANOMALY,offhours_sensitive_access,Moderate,"hour,activity",2,synth_11657
42.0,Kelola User,Berhasil,Android,Private Network 192.168.x.x,7.476472381163905,2.079441541679836,3,6,SYNTHETIC,synth_3983,ANOMALY,offhours_sensitive_access,Moderate,"hour,activity",2,synth_3983
30.0,Kelola User,Berhasil,PC Windows,Private Network 192.168.x.x,7.266128779556451,0.6931471805599453,1,2,SYNTHETIC,synth_10140,ANOMALY,offhours_sensitive_access,Moderate,"hour,activity",2,synth_10140
79.0,Kelola User,Berhasil,iOS,Private Network 192.168.x.x,8.39615486303918,1.6094379124341005,4,6,SYNTHETIC,synth_3999,ANOMALY,offhours_sensitive_access,Moderate,"hour,activity",2,synth_3999
38.0,Kelola User,Berhasil,PC Windows,Private Network 192.168.x.x,8.136518252115291,1.9459101490553128,5,0,SYNTHETIC,synth_6873,ANOMALY,offhours_sensitive_access,Moderate,"hour,activity",2,synth_6873
6.0,Kelola User,Berhasil,Unknown Device,Localhost / Loopback,0.0,0.6931471805599453,5,3,REAL_DB,real_db_173,ANOMALY,offhours_sensitive_access,Moderate,"hour,activity",2,real_db_173
47.0,Kelola User,Berhasil,PC Windows,Private Network 192.168.x.x,6.052089168924417,0.6931471805599453,1,2,SYNTHETIC,synth_14741,ANOMALY,offhours_sensitive_access,Moderate,"hour,activity",2,synth_14741
61.0,Kelola User,Berhasil,Android,Private Network 192.168.x.x,7.597897950521784,0.6931471805599453,5,2,SYNTHETIC,synth_10165,ANOMALY,offhours_sensitive_access,Moderate,"hour,activity",2,synth_10165
34.0,Kelola User,Berhasil,PC Windows,Private Network 192.168.x.x,8.144098463338524,2.079441541679836,2,6,SYNTHETIC,synth_11446,ANOMALY,offhours_sensitive_access,Moderate,"hour,activity",2,synth_11446
43.0,Kelola User,Berhasil,iOS,Private Network 192.168.x.x,7.097548850614793,2.079441541679836,3,0,SYNTHETIC,synth_12977,ANOMALY,offhours_sensitive_access,Moderate,"hour,activity",2,synth_12977
46.0,Kelola User,Berhasil,PC Windows,Private Network 192.168.x.x,6.26530121273771,0.6931471805599453,5,2,SYNTHETIC,synth_7256,ANOMALY,offhours_sensitive_access,Moderate,"hour,activity",2,synth_7256
1.0,Kelola User,Berhasil,PC Windows,Private Network 192.168.x.x,7.133295954896068,0.6931471805599453,5,3,SYNTHETIC,synth_1883,ANOMALY,offhours_sensitive_access,Moderate,"hour,activity",2,synth_1883
57.0,Kelola User,Gagal,PC Windows,Private Network 192.168.x.x,7.032624261028007,0.6931471805599453,2,6,SYNTHETIC,synth_12682,ANOMALY,offhours_sensitive_access,Moderate,"hour,activity",2,synth_12682
66.0,Kelola User,Berhasil,PC Windows,Private Network 192.168.x.x,6.082218910376446,0.6931471805599453,3,5,SYNTHETIC,synth_11743,ANOMALY,offhours_sensitive_access,Moderate,"hour,activity",2,synth_11743
63.0,Kelola User,Berhasil,iOS,Private Network 192.168.x.x,7.2875606403097235,0.6931471805599453,4,3,SYNTHETIC,synth_14780,ANOMALY,offhours_sensitive_access,Moderate,"hour,activity",2,synth_14780
73.0,Kelola User,Berhasil,Android,Private Network 192.168.x.x,8.007700012884026,2.079441541679836,3,1,SYNTHETIC,synth_7528,ANOMALY,offhours_sensitive_access,Moderate,"hour,activity",2,synth_7528
46.0,Kelola User,Berhasil,PC Windows,Private Network 192.168.x.x,7.418780882750794,1.791759469228055,0,3,SYNTHETIC,synth_1540,ANOMALY,offhours_sensitive_access,Moderate,"hour,activity",2,synth_1540
22.0,Kelola User,Berhasil,PC Windows,Private Network 192.168.x.x,5.805134968916488,0.6931471805599453,1,4,SYNTHETIC,synth_689,ANOMALY,offhours_sensitive_access,Moderate,"hour,activity",2,synth_689
44.0,Kelola User,Berhasil,iOS,Private Network 192.168.x.x,6.951772164398911,0.6931471805599453,1,4,SYNTHETIC,synth_5790,ANOMALY,offhours_sensitive_access,Moderate,"hour,activity",2,synth_5790
69.0,Kelola User,Berhasil,PC Windows,Private Network 192.168.x.x,6.729824070489475,0.6931471805599453,0,2,SYNTHETIC,synth_1828,ANOMALY,offhours_sensitive_access,Moderate,"hour,activity",2,synth_1828
6.0,Kelola User,Berhasil,Unknown Device,Localhost / Loopback,0.0,0.6931471805599453,2,1,REAL_DB,real_db_248,ANOMALY,offhours_sensitive_access,Moderate,"hour,activity",2,real_db_248
69.0,Kelola User,Berhasil,PC Windows,Private Network 192.168.x.x,6.628041376179533,0.6931471805599453,0,5,SYNTHETIC,synth_1134,ANOMALY,offhours_sensitive_access,Moderate,"hour,activity",2,synth_1134
6.0,Kelola User,Berhasil,PC Windows,Private Network 192.168.x.x,6.799055862058796,0.6931471805599453,4,2,SYNTHETIC,synth_10980,ANOMALY,offhours_sensitive_access,Moderate,"hour,activity",2,synth_10980
68.0,Kelola User,Berhasil,PC Windows,Private Network 192.168.x.x,8.628018746505122,1.791759469228055,4,4,SYNTHETIC,synth_11065,ANOMALY,offhours_sensitive_access,Moderate,"hour,activity",2,synth_11065
43.0,Kelola User,Berhasil,iOS,Private Network 192.168.x.x,6.1224928095143865,0.6931471805599453,1,6,SYNTHETIC,synth_3731,ANOMALY,offhours_sensitive_access,Moderate,"hour,activity",2,synth_3731
79.0,Kelola User,Berhasil,iOS,Private Network 192.168.x.x,6.643789733147672,2.302585092994046,4,6,SYNTHETIC,synth_7998,ANOMALY,offhours_sensitive_access,Moderate,"hour,activity",2,synth_7998
22.0,Kelola User,Berhasil,PC Windows,Private Network 192.168.x.x,6.84587987526405,0.6931471805599453,1,6,SYNTHETIC,synth_7077,ANOMALY,offhours_sensitive_access,Moderate,"hour,activity",2,synth_7077
70.0,Kelola User,Berhasil,iOS,Private Network 192.168.x.x,8.522180732927277,0.6931471805599453,0,5,SYNTHETIC,synth_12387,ANOMALY,offhours_sensitive_access,Moderate,"hour,activity",2,synth_12387
47.0,Kelola User,Berhasil,PC Windows,Private Network 192.168.x.x,8.65591111072806,1.0986122886681098,0,2,SYNTHETIC,synth_9872,ANOMALY,offhours_sensitive_access,Moderate,"hour,activity",2,synth_9872
19.0,Kelola User,Berhasil,iOS,Private Network 192.168.x.x,8.27614021955846,2.079441541679836,5,6,SYNTHETIC,synth_12955,ANOMALY,offhours_sensitive_access,Moderate,"hour,activity",2,synth_12955
86.0,Kelola User,Berhasil,Android,Private Network 192.168.x.x,8.584290934948731,2.302585092994046,5,4,SYNTHETIC,synth_11974,ANOMALY,offhours_sensitive_access,Moderate,"hour,activity",2,synth_11974
69.0,Kelola User,Berhasil,PC Windows,Private Network 192.168.x.x,7.973844375944687,2.302585092994046,0,4,SYNTHETIC,synth_4240,ANOMALY,offhours_sensitive_access,Moderate,"hour,activity",2,synth_4240
8.0,Kelola User,Berhasil,PC Windows,Private Network 192.168.x.x,7.653494909661253,2.19722457733622,1,0,SYNTHETIC,synth_7744,ANOMALY,offhours_sensitive_access,Moderate,"hour,activity",2,synth_7744
47.0,Kelola User,Berhasil,PC Windows,Private Network 192.168.x.x,6.610696044717759,1.6094379124341005,0,4,SYNTHETIC,synth_9946,ANOMALY,offhours_sensitive_access,Moderate,"hour,activity",2,synth_9946
80.0,Logout,Berhasil,PC Windows,Public IP Address,7.294377299288821,0.6931471805599453,0,0,SYNTHETIC,synth_2324,ANOMALY,offhours_external_login,Moderate,"hour,ip_address",2,synth_2324
39.0,Logout,Berhasil,PC Windows,Public IP Address,7.176254532017144,0.6931471805599453,2,2,SYNTHETIC,synth_11013,ANOMALY,offhours_external_login,Moderate,"hour,ip_address",2,synth_11013
76.0,Kelola Perkara,Berhasil,iOS,Public IP Address,6.746412128573375,1.6094379124341005,0,1,SYNTHETIC,synth_880,ANOMALY,offhours_external_login,Moderate,"hour,ip_address",2,synth_880
45.0,Akses Berkas,Berhasil,PC Windows,Public IP Address,8.6164953924901,1.3862943611198906,4,4,SYNTHETIC,synth_5262,ANOMALY,offhours_external_login,Moderate,"hour,ip_address",2,synth_5262
19.0,Kelola Perkara,Berhasil,iOS,Public IP Address,7.416979621381154,2.302585092994046,1,5,SYNTHETIC,synth_12046,ANOMALY,offhours_external_login,Moderate,"hour,ip_address",2,synth_12046
68.0,Kelola Perkara,Berhasil,PC Windows,Public IP Address,8.417814747435958,2.19722457733622,2,1,SYNTHETIC,synth_4857,ANOMALY,offhours_external_login,Moderate,"hour,ip_address",2,synth_4857
23.0,Kelola Perkara,Berhasil,PC Windows,Public IP Address,8.24301946898925,2.3978952727983707,5,1,SYNTHETIC,synth_5994,ANOMALY,offhours_external_login,Moderate,"hour,ip_address",2,synth_5994
65.0,Kelola Perkara,Berhasil,PC Windows,Public IP Address,7.767687277186908,1.6094379124341005,3,2,SYNTHETIC,synth_11557,ANOMALY,offhours_external_login,Moderate,"hour,ip_address",2,synth_11557
86.0,Akses Berkas,Berhasil,Android,Public IP Address,7.80057265467065,2.19722457733622,1,6,SYNTHETIC,synth_14334,ANOMALY,offhours_external_login,Moderate,"hour,ip_address",2,synth_14334
76.0,Login,Berhasil,iOS,Public IP Address,7.395107546562485,0.6931471805599453,4,0,SYNTHETIC,synth_8001,ANOMALY,offhours_external_login,Moderate,"hour,ip_address",2,synth_8001
76.0,Akses Berkas,Berhasil,iOS,Public IP Address,6.752270376141742,0.6931471805599453,1,2,SYNTHETIC,synth_12773,ANOMALY,offhours_external_login,Moderate,"hour,ip_address",2,synth_12773
48.0,Akses Berkas,Berhasil,PC Windows,Public IP Address,8.36450810375059,2.302585092994046,5,5,SYNTHETIC,synth_9454,ANOMALY,offhours_external_login,Moderate,"hour,ip_address",2,synth_9454
38.0,Akses Berkas,Berhasil,PC Windows,Public IP Address,7.8351837552667485,1.6094379124341005,4,5,SYNTHETIC,synth_4527,ANOMALY,offhours_external_login,Moderate,"hour,ip_address",2,synth_4527
6.0,Kelola Berkas,Gagal,PC Windows,Public IP Address,9.300820725104558,1.3862943611198906,4,4,SYNTHETIC,synth_11992,ANOMALY,offhours_external_login,Moderate,"hour,ip_address",2,synth_11992
18.0,Logout,Berhasil,PC Windows,Public IP Address,6.0867747269123065,0.6931471805599453,3,5,SYNTHETIC,synth_3353,ANOMALY,offhours_external_login,Moderate,"hour,ip_address",2,synth_3353
6.0,Kelola Sarana,Berhasil,Unknown Device,Public IP Address,0.0,0.6931471805599453,1,3,REAL_DB,real_db_155,ANOMALY,offhours_external_login,Moderate,"hour,ip_address",2,real_db_155
24.0,Kelola Perkara,Berhasil,iOS,Public IP Address,6.693323668269949,2.3978952727983707,3,4,SYNTHETIC,synth_10236,ANOMALY,offhours_external_login,Moderate,"hour,ip_address",2,synth_10236
21.0,Kelola Perkara,Berhasil,PC Windows,Public IP Address,8.639764743804419,2.079441541679836,3,4,SYNTHETIC,synth_11725,ANOMALY,offhours_external_login,Moderate,"hour,ip_address",2,synth_11725
33.0,Logout,Berhasil,PC Windows,Public IP Address,6.606650186198215,0.6931471805599453,1,5,SYNTHETIC,synth_5872,ANOMALY,offhours_external_login,Moderate,"hour,ip_address",2,synth_5872
18.0,Kelola Perkara,Berhasil,PC Windows,Public IP Address,8.189244525735901,1.9459101490553128,0,2,SYNTHETIC,synth_5726,ANOMALY,offhours_external_login,Moderate,"hour,ip_address",2,synth_5726
77.0,Logout,Berhasil,PC Windows,Public IP Address,5.746203190540153,0.6931471805599453,0,0,SYNTHETIC,synth_6519,ANOMALY,offhours_external_login,Moderate,"hour,ip_address",2,synth_6519
52.0,Kelola Perkara,Berhasil,PC Windows,Public IP Address,6.391917113392602,1.791759469228055,5,4,SYNTHETIC,synth_428,ANOMALY,offhours_external_login,Moderate,"hour,ip_address",2,synth_428
55.0,Akses Berkas,Berhasil,PC Windows,Public IP Address,8.794824928014517,1.791759469228055,3,0,SYNTHETIC,synth_6852,ANOMALY,offhours_external_login,Moderate,"hour,ip_address",2,synth_6852
1.0,Verifikasi,Berhasil,PC Windows,Public IP Address,0.0,0.6931471805599453,2,6,REAL_DB,real_db_376,ANOMALY,offhours_external_login,Moderate,"hour,ip_address",2,real_db_376
22.0,Login,Berhasil,PC Windows,Public IP Address,5.950642552587727,0.6931471805599453,3,4,SYNTHETIC,synth_8850,ANOMALY,offhours_external_login,Moderate,"hour,ip_address",2,synth_8850
37.0,Kelola Perkara,Berhasil,PC Windows,Public IP Address,7.162397497355718,2.079441541679836,3,0,SYNTHETIC,synth_3099,ANOMALY,offhours_external_login,Moderate,"hour,ip_address",2,synth_3099
59.0,Kelola Perkara,Berhasil,PC Windows,Public IP Address,8.489410810403786,2.3978952727983707,3,2,SYNTHETIC,synth_3841,ANOMALY,offhours_external_login,Moderate,"hour,ip_address",2,synth_3841
55.0,Akses Berkas,Berhasil,PC Windows,Public IP Address,7.992268643270745,2.3978952727983707,5,4,SYNTHETIC,synth_1581,ANOMALY,offhours_external_login,Moderate,"hour,ip_address",2,synth_1581
85.0,Logout,Berhasil,PC Windows,Public IP Address,6.238324625039508,0.6931471805599453,0,6,SYNTHETIC,synth_2007,ANOMALY,offhours_external_login,Moderate,"hour,ip_address",2,synth_2007
48.0,Kelola Perkara,Berhasil,PC Windows,Public IP Address,7.084226422097916,0.6931471805599453,5,3,SYNTHETIC,synth_1899,ANOMALY,offhours_external_login,Moderate,"hour,ip_address",2,synth_1899
48.0,Akses Berkas,Berhasil,PC Windows,Public IP Address,8.199189359078067,2.302585092994046,5,3,SYNTHETIC,synth_1859,ANOMALY,offhours_external_login,Moderate,"hour,ip_address",2,synth_1859
56.0,Akses Berkas,Berhasil,PC Windows,Public IP Address,8.379997952238393,2.3978952727983707,5,2,SYNTHETIC,synth_2401,ANOMALY,offhours_external_login,Moderate,"hour,ip_address",2,synth_2401
21.0,Login,Berhasil,PC Windows,Public IP Address,7.123672785204607,0.6931471805599453,0,3,SYNTHETIC,synth_8502,ANOMALY,offhours_external_login,Moderate,"hour,ip_address",2,synth_8502
64.0,Akses Berkas,Berhasil,PC Windows,Public IP Address,8.517992871586802,1.3862943611198906,0,5,SYNTHETIC,synth_2767,ANOMALY,offhours_external_login,Moderate,"hour,ip_address",2,synth_2767
48.0,Verifikasi,Gagal,PC Windows,Public IP Address,8.95364003713313,0.6931471805599453,3,4,SYNTHETIC,synth_2999,ANOMALY,offhours_external_login,Moderate,"hour,ip_address",2,synth_2999
61.0,Login,Berhasil,Android,Public IP Address,7.387090235656757,0.6931471805599453,5,6,SYNTHETIC,synth_13265,ANOMALY,offhours_external_login,Moderate,"hour,ip_address",2,synth_13265
73.0,Login,Berhasil,Android,Public IP Address,7.060476365999801,0.6931471805599453,2,1,SYNTHETIC,synth_5146,ANOMALY,offhours_external_login,Moderate,"hour,ip_address",2,synth_5146
53.0,Logout,Berhasil,PC Windows,Public IP Address,6.104793232414985,0.6931471805599453,0,0,SYNTHETIC,synth_3097,ANOMALY,offhours_external_login,Moderate,"hour,ip_address",2,synth_3097
31.0,Kelola Perkara,Berhasil,Android,Public IP Address,7.447751280047908,2.3978952727983707,1,4,SYNTHETIC,synth_6133,ANOMALY,offhours_external_login,Moderate,"hour,ip_address",2,synth_6133
1.0,Peminjaman,Berhasil,Unknown Device,Public IP Address,0.0,0.6931471805599453,1,3,REAL_DB,real_db_135,ANOMALY,offhours_external_login,Moderate,"hour,ip_address",2,real_db_135
22.0,Kelola Perkara,Berhasil,PC Windows,Public IP Address,6.811244378601294,1.0986122886681098,1,2,SYNTHETIC,synth_1519,ANOMALY,offhours_external_login,Moderate,"hour,ip_address",2,synth_1519
40.0,Kelola Perkara,Berhasil,Android,Public IP Address,8.378390788535778,1.0986122886681098,4,0,SYNTHETIC,synth_13855,ANOMALY,offhours_external_login,Moderate,"hour,ip_address",2,synth_13855
84.0,Peminjaman,Berhasil,Unknown Device,Public IP Address,0.0,0.6931471805599453,3,1,REAL_DB,real_db_313,ANOMALY,offhours_external_login,Moderate,"hour,ip_address",2,real_db_313
72.0,Kelola Perkara,Berhasil,Android,Public IP Address,8.422003004412488,2.3978952727983707,1,2,SYNTHETIC,synth_7541,ANOMALY,offhours_external_login,Moderate,"hour,ip_address",2,synth_7541
39.0,Login,Gagal,PC Windows,Public IP Address,7.536363938404511,0.6931471805599453,3,4,SYNTHETIC,synth_4221,ANOMALY,offhours_external_login,Moderate,"hour,ip_address",2,synth_4221
26.0,Akses Berkas,Berhasil,iOS,Public IP Address,7.1929342212158,2.079441541679836,1,3,SYNTHETIC,synth_8202,ANOMALY,offhours_external_login,Moderate,"hour,ip_address",2,synth_8202
46.0,Akses Berkas,Berhasil,PC Windows,Public IP Address,7.900266036767701,1.9459101490553128,2,3,SYNTHETIC,synth_2178,ANOMALY,offhours_external_login,Moderate,"hour,ip_address",2,synth_2178
26.0,Login,Berhasil,iOS,Public IP Address,6.848005274576363,0.6931471805599453,3,2,SYNTHETIC,synth_6597,ANOMALY,offhours_external_login,Moderate,"hour,ip_address",2,synth_6597
36.0,Kelola Perkara,Berhasil,PC Windows,Public IP Address,7.236339342754344,1.0986122886681098,1,0,SYNTHETIC,synth_5398,ANOMALY,offhours_external_login,Moderate,"hour,ip_address",2,synth_5398
34.0,Login,Berhasil,PC Windows,Public IP Address,7.564238475170491,0.6931471805599453,0,4,SYNTHETIC,synth_14528,ANOMALY,offhours_external_login,Moderate,"hour,ip_address",2,synth_14528
43.0,Akses Berkas,Berhasil,iOS,Public IP Address,7.025538314638521,2.3978952727983707,3,2,SYNTHETIC,synth_14465,ANOMALY,offhours_external_login,Moderate,"hour,ip_address",2,synth_14465
36.0,Login,Berhasil,PC Windows,Public IP Address,6.052089168924417,0.6931471805599453,4,2,SYNTHETIC,synth_4420,ANOMALY,offhours_external_login,Moderate,"hour,ip_address",2,synth_4420
84.0,Logout,Berhasil,PC Windows,Public IP Address,6.849066282633458,0.6931471805599453,0,0,SYNTHETIC,synth_815,ANOMALY,offhours_external_login,Moderate,"hour,ip_address",2,synth_815
55.0,Akses Berkas,Berhasil,PC Windows,Public IP Address,6.860663671448287,1.0986122886681098,0,1,SYNTHETIC,synth_9561,ANOMALY,offhours_external_login,Moderate,"hour,ip_address",2,synth_9561
77.0,Logout,Berhasil,PC Windows,Public IP Address,7.009408932708637,0.6931471805599453,5,3,SYNTHETIC,synth_7299,ANOMALY,offhours_external_login,Moderate,"hour,ip_address",2,synth_7299
21.0,Akses Berkas,Berhasil,PC Windows,Public IP Address,7.202661196523238,2.19722457733622,4,3,SYNTHETIC,synth_11020,ANOMALY,offhours_external_login,Moderate,"hour,ip_address",2,synth_11020
33.0,Kelola Perkara,Berhasil,PC Windows,Public IP Address,8.390949464841986,2.3978952727983707,0,1,SYNTHETIC,synth_589,ANOMALY,offhours_external_login,Moderate,"hour,ip_address",2,synth_589
66.0,Kelola Perkara,Berhasil,PC Windows,Public IP Address,8.217708406845306,2.19722457733622,0,0,SYNTHETIC,synth_9218,ANOMALY,offhours_external_login,Moderate,"hour,ip_address",2,synth_9218
34.0,Kelola Perkara,Berhasil,PC Windows,Public IP Address,8.487558386286548,1.0986122886681098,1,0,SYNTHETIC,synth_9231,ANOMALY,offhours_external_login,Moderate,"hour,ip_address",2,synth_9231
66.0,Logout,Berhasil,PC Windows,Public IP Address,6.0330862217988015,0.6931471805599453,1,4,SYNTHETIC,synth_4752,ANOMALY,offhours_external_login,Moderate,"hour,ip_address",2,synth_4752
50.0,Login,Berhasil,PC Windows,Public IP Address,6.591673732008658,0.6931471805599453,3,5,SYNTHETIC,synth_1113,ANOMALY,offhours_external_login,Moderate,"hour,ip_address",2,synth_1113
77.0,Akses Berkas,Berhasil,PC Windows,Public IP Address,7.909489492673759,2.3978952727983707,3,0,SYNTHETIC,synth_8050,ANOMALY,offhours_external_login,Moderate,"hour,ip_address",2,synth_8050
70.0,Logout,Berhasil,iOS,Public IP Address,6.766191714660351,0.6931471805599453,3,1,SYNTHETIC,synth_9276,ANOMALY,offhours_external_login,Moderate,"hour,ip_address",2,synth_9276
73.0,Kelola Perkara,Berhasil,Android,Public IP Address,8.593413217327646,2.3978952727983707,1,0,SYNTHETIC,synth_14922,ANOMALY,offhours_external_login,Moderate,"hour,ip_address",2,synth_14922
39.0,Kelola Perkara,Berhasil,PC Windows,Public IP Address,8.015987811027237,1.6094379124341005,3,4,SYNTHETIC,synth_4473,ANOMALY,offhours_external_login,Moderate,"hour,ip_address",2,synth_4473
48.0,Verifikasi,Berhasil,PC Windows,Public IP Address,8.04237800517328,1.0986122886681098,0,6,SYNTHETIC,synth_7716,ANOMALY,offhours_external_login,Moderate,"hour,ip_address",2,synth_7716
84.0,Login,Berhasil,PC Windows,Public IP Address,7.108244139731541,0.6931471805599453,1,5,SYNTHETIC,synth_11425,ANOMALY,offhours_external_login,Moderate,"hour,ip_address",2,synth_11425
75.0,Logout,Berhasil,PC Windows,Public IP Address,7.155396301896734,0.6931471805599453,3,3,SYNTHETIC,synth_2971,ANOMALY,offhours_external_login,Moderate,"hour,ip_address",2,synth_2971
24.0,Kelola Perkara,Berhasil,iOS,Public IP Address,8.556029215201436,2.079441541679836,0,2,SYNTHETIC,synth_979,ANOMALY,offhours_external_login,Moderate,"hour,ip_address",2,synth_979
48.0,Kelola Perkara,Berhasil,PC Windows,Public IP Address,6.826545223556594,1.0986122886681098,3,1,SYNTHETIC,synth_7789,ANOMALY,offhours_external_login,Moderate,"hour,ip_address",2,synth_7789
35.0,Login,Berhasil,PC Windows,Public IP Address,6.499787040655854,0.6931471805599453,2,4,SYNTHETIC,synth_7344,ANOMALY,offhours_external_login,Moderate,"hour,ip_address",2,synth_7344
54.0,Kelola Perkara,Berhasil,PC Windows,Public IP Address,7.532623618788788,1.9459101490553128,3,2,SYNTHETIC,synth_13876,ANOMALY,offhours_external_login,Moderate,"hour,ip_address",2,synth_13876
64.0,Akses Berkas,Berhasil,PC Windows,Public IP Address,8.15162164696975,2.302585092994046,2,0,SYNTHETIC,synth_8959,ANOMALY,offhours_external_login,Moderate,"hour,ip_address",2,synth_8959
24.0,Logout,Berhasil,iOS,Public IP Address,6.513230110912307,0.6931471805599453,3,1,SYNTHETIC,synth_599,ANOMALY,offhours_external_login,Moderate,"hour,ip_address",2,synth_599
67.0,Login,Berhasil,PC Windows,Public IP Address,7.562161631225652,0.6931471805599453,5,4,SYNTHETIC,synth_5251,ANOMALY,offhours_external_login,Moderate,"hour,ip_address",2,synth_5251
84.0,Logout,Berhasil,PC Windows,Public IP Address,6.9726062513017535,0.6931471805599453,5,3,SYNTHETIC,synth_11597,ANOMALY,offhours_external_login,Moderate,"hour,ip_address",2,synth_11597
38.0,Akses Berkas,Berhasil,PC Windows,Public IP Address,8.571113033405668,2.079441541679836,4,4,SYNTHETIC,synth_12583,ANOMALY,offhours_external_login,Moderate,"hour,ip_address",2,synth_12583
77.0,Kelola Perkara,Berhasil,PC Windows,Public IP Address,7.16703787691222,2.079441541679836,5,3,SYNTHETIC,synth_6080,ANOMALY,offhours_external_login,Moderate,"hour,ip_address",2,synth_6080
52.0,Akses Berkas,Berhasil,PC Windows,Public IP Address,8.012018239159062,1.3862943611198906,5,2,SYNTHETIC,synth_3570,ANOMALY,offhours_external_login,Moderate,"hour,ip_address",2,synth_3570
77.0,Login,Berhasil,PC Windows,Public IP Address,5.988961416889864,0.6931471805599453,3,5,SYNTHETIC,synth_7386,ANOMALY,offhours_external_login,Moderate,"hour,ip_address",2,synth_7386
65.0,Akses Berkas,Berhasil,PC Windows,Public IP Address,8.055475141757274,2.19722457733622,1,0,SYNTHETIC,synth_1424,ANOMALY,offhours_external_login,Moderate,"hour,ip_address",2,synth_1424
52.0,Login,Gagal,PC Windows,Public IP Address,6.80903930604298,0.6931471805599453,1,2,SYNTHETIC,synth_6043,ANOMALY,offhours_external_login,Moderate,"hour,ip_address",2,synth_6043
86.0,Logout,Berhasil,Android,Public IP Address,6.089044875446846,0.6931471805599453,2,4,SYNTHETIC,synth_11995,ANOMALY,offhours_external_login,Moderate,"hour,ip_address",2,synth_11995
41.0,Login,Berhasil,PC Windows,Public IP Address,7.40671073017764,0.6931471805599453,1,0,SYNTHETIC,synth_9539,ANOMALY,offhours_external_login,Moderate,"hour,ip_address",2,synth_9539
21.0,Logout,Berhasil,PC Windows,Public IP Address,6.293419278846481,0.6931471805599453,0,3,SYNTHETIC,synth_11936,ANOMALY,offhours_external_login,Moderate,"hour,ip_address",2,synth_11936
22.0,Akses Berkas,Berhasil,PC Windows,Public IP Address,7.729295674310482,1.0986122886681098,4,1,SYNTHETIC,synth_9808,ANOMALY,offhours_external_login,Moderate,"hour,ip_address",2,synth_9808
85.0,Login,Berhasil,PC Windows,Public IP Address,7.566828479208331,0.6931471805599453,5,3,SYNTHETIC,synth_14771,ANOMALY,offhours_external_login,Moderate,"hour,ip_address",2,synth_14771
23.0,Kelola Perkara,Berhasil,PC Windows,Public IP Address,7.804659297056102,1.9459101490553128,4,6,SYNTHETIC,synth_12433,ANOMALY,offhours_external_login,Moderate,"hour,ip_address",2,synth_12433
69.0,Logout,Berhasil,PC Windows,Public IP Address,6.690842277418564,0.6931471805599453,0,6,SYNTHETIC,synth_10338,ANOMALY,offhours_external_login,Moderate,"hour,ip_address",2,synth_10338
62.0,Kelola Perkara,Berhasil,PC Windows,Public IP Address,7.263329617476836,1.6094379124341005,5,4,SYNTHETIC,synth_13424,ANOMALY,offhours_external_login,Moderate,"hour,ip_address",2,synth_13424
31.0,Akses Berkas,Berhasil,Android,Public IP Address,8.375629627094451,2.302585092994046,2,6,SYNTHETIC,synth_11771,ANOMALY,offhours_external_login,Moderate,"hour,ip_address",2,synth_11771
29.0,Login,Berhasil,PC Windows,Public IP Address,7.040536390215956,0.6931471805599453,0,2,SYNTHETIC,synth_10175,ANOMALY,offhours_external_login,Moderate,"hour,ip_address",2,synth_10175
83.0,Kelola Perkara,Berhasil,PC Windows,Public IP Address,7.528331766707247,1.0986122886681098,0,5,SYNTHETIC,synth_14292,ANOMALY,offhours_external_login,Moderate,"hour,ip_address",2,synth_14292
83.0,Logout,Berhasil,PC Windows,Public IP Address,6.9985096422506015,0.6931471805599453,4,1,SYNTHETIC,synth_10416,ANOMALY,offhours_external_login,Moderate,"hour,ip_address",2,synth_10416
45.0,Kelola Perkara,Berhasil,PC Windows,Public IP Address,6.26530121273771,2.19722457733622,3,6,SYNTHETIC,synth_14075,ANOMALY,offhours_external_login,Moderate,"hour,ip_address",2,synth_14075
86.0,Kelola Perkara,Berhasil,Android,Public IP Address,6.842683282238422,2.079441541679836,4,6,SYNTHETIC,synth_3987,ANOMALY,offhours_external_login,Moderate,"hour,ip_address",2,synth_3987
6.0,Logout,Berhasil,PC Windows,Public IP Address,5.983936280687191,0.6931471805599453,4,1,SYNTHETIC,synth_4093,ANOMALY,offhours_external_login,Moderate,"hour,ip_address",2,synth_4093
74.0,Login,Berhasil,PC Windows,Public IP Address,7.421177528595393,0.6931471805599453,1,6,SYNTHETIC,synth_10638,ANOMALY,offhours_external_login,Moderate,"hour,ip_address",2,synth_10638
19.0,Login,Berhasil,iOS,Public IP Address,5.945420608606575,0.6931471805599453,0,6,SYNTHETIC,synth_1673,ANOMALY,offhours_external_login,Moderate,"hour,ip_address",2,synth_1673
43.0,Kelola Perkara,Berhasil,iOS,Public IP Address,8.246695943718557,1.9459101490553128,4,4,SYNTHETIC,synth_1036,ANOMALY,offhours_external_login,Moderate,"hour,ip_address",2,synth_1036
1.0,Kelola Perkara,Berhasil,Unknown Device,Public IP Address,0.0,0.6931471805599453,0,3,REAL_DB,real_db_120,ANOMALY,offhours_external_login,Moderate,"hour,ip_address",2,real_db_120
65.0,Kelola Perkara,Berhasil,PC Windows,Public IP Address,8.465057436995709,2.19722457733622,1,2,SYNTHETIC,synth_13905,ANOMALY,offhours_external_login,Moderate,"hour,ip_address",2,synth_13905
59.0,Kelola Perkara,Berhasil,PC Windows,Public IP Address,8.274357006756292,2.3978952727983707,0,4,SYNTHETIC,synth_6148,ANOMALY,offhours_external_login,Moderate,"hour,ip_address",2,synth_6148
8.0,Login,Berhasil,PC Windows,Public IP Address,7.00669522683704,0.6931471805599453,4,5,SYNTHETIC,synth_13736,ANOMALY,offhours_external_login,Moderate,"hour,ip_address",2,synth_13736
20.0,Kelola Perkara,Berhasil,iOS,Public IP Address,7.313220387090301,1.9459101490553128,0,6,SYNTHETIC,synth_8299,ANOMALY,offhours_external_login,Moderate,"hour,ip_address",2,synth_8299
57.0,Logout,Berhasil,PC Windows,Public IP Address,6.81783057145415,0.6931471805599453,5,0,SYNTHETIC,synth_6871,ANOMALY,offhours_external_login,Moderate,"hour,ip_address",2,synth_6871
51.0,Logout,Berhasil,PC Windows,Public IP Address,6.92951677076365,0.6931471805599453,1,1,SYNTHETIC,synth_4863,ANOMALY,offhours_external_login,Moderate,"hour,ip_address",2,synth_4863
32.0,Akses Berkas,Berhasil,PC Windows,Public IP Address,7.013915474810528,0.6931471805599453,3,4,SYNTHETIC,synth_6146,ANOMALY,offhours_external_login,Moderate,"hour,ip_address",2,synth_6146
23.0,Akses Berkas,Berhasil,PC Windows,Public IP Address,8.67965211911394,1.6094379124341005,0,0,SYNTHETIC,synth_4588,ANOMALY,offhours_external_login,Moderate,"hour,ip_address",2,synth_4588
37.0,Logout,Berhasil,PC Windows,Public IP Address,6.51471269087253,0.6931471805599453,4,5,SYNTHETIC,synth_6175,ANOMALY,offhours_external_login,Moderate,"hour,ip_address",2,synth_6175
51.0,Login,Gagal,PC Windows,Public IP Address,7.561121589530238,0.6931471805599453,1,4,SYNTHETIC,synth_431,ANOMALY,offhours_external_login,Moderate,"hour,ip_address",2,synth_431
49.0,Login,Berhasil,PC Windows,Public IP Address,7.095064377287131,0.6931471805599453,4,3,SYNTHETIC,synth_7576,ANOMALY,offhours_external_login,Moderate,"hour,ip_address",2,synth_7576
57.0,Logout,Berhasil,PC Windows,Public IP Address,6.331501849893691,0.6931471805599453,4,4,SYNTHETIC,synth_8551,ANOMALY,offhours_external_login,Moderate,"hour,ip_address",2,synth_8551
30.0,Kelola Perkara,Berhasil,PC Windows,Public IP Address,8.390949464841986,1.9459101490553128,0,2,SYNTHETIC,synth_4126,ANOMALY,offhours_external_login,Moderate,"hour,ip_address",2,synth_4126
44.0,Logout,Berhasil,iOS,Public IP Address,6.54534966033442,0.6931471805599453,4,4,SYNTHETIC,synth_2204,ANOMALY,offhours_external_login,Moderate,"hour,ip_address",2,synth_2204
77.0,Akses Berkas,Berhasil,PC Windows,Public IP Address,7.8009820712577405,0.6931471805599453,0,3,SYNTHETIC,synth_11038,ANOMALY,offhours_external_login,Moderate,"hour,ip_address",2,synth_11038
86.0,Akses Berkas,Berhasil,Android,Public IP Address,6.851184927493743,1.6094379124341005,3,6,SYNTHETIC,synth_2016,ANOMALY,offhours_external_login,Moderate,"hour,ip_address",2,synth_2016
61.0,Login,Berhasil,Android,Public IP Address,7.268223021159565,0.6931471805599453,5,2,SYNTHETIC,synth_341,ANOMALY,offhours_external_login,Moderate,"hour,ip_address",2,synth_341
83.0,Kelola Perkara,Berhasil,PC Windows,Public IP Address,8.155936337972394,1.9459101490553128,4,1,SYNTHETIC,synth_2892,ANOMALY,offhours_external_login,Moderate,"hour,ip_address",2,synth_2892
18.0,Kelola Perkara,Berhasil,PC Windows,Public IP Address,8.156223323194624,2.302585092994046,4,2,SYNTHETIC,synth_4425,ANOMALY,offhours_external_login,Moderate,"hour,ip_address",2,synth_4425
77.0,Kelola Perkara,Berhasil,PC Windows,Public IP Address,8.649623978596727,1.791759469228055,4,3,SYNTHETIC,synth_350,ANOMALY,offhours_external_login,Moderate,"hour,ip_address",2,synth_350
71.0,Akses Berkas,Berhasil,PC Windows,Public IP Address,7.378383712996714,1.791759469228055,2,5,SYNTHETIC,synth_14831,ANOMALY,offhours_external_login,Moderate,"hour,ip_address",2,synth_14831
49.0,Login,Berhasil,PC Windows,Public IP Address,7.016609683894219,0.6931471805599453,2,3,SYNTHETIC,synth_11941,ANOMALY,offhours_external_login,Moderate,"hour,ip_address",2,synth_11941
28.0,Kelola Perkara,Berhasil,iOS,Public IP Address,8.35936910622267,2.079441541679836,1,4,SYNTHETIC,synth_399,ANOMALY,offhours_external_login,Moderate,"hour,ip_address",2,synth_399
52.0,Logout,Berhasil,PC Windows,Public IP Address,7.266128779556451,0.6931471805599453,5,3,SYNTHETIC,synth_667,ANOMALY,offhours_external_login,Moderate,"hour,ip_address",2,synth_667
18.0,Akses Berkas,Berhasil,PC Windows,Public IP Address,7.834788107388194,1.791759469228055,5,4,SYNTHETIC,synth_11062,ANOMALY,offhours_external_login,Moderate,"hour,ip_address",2,synth_11062
85.0,Kelola Perkara,Berhasil,PC Windows,Public IP Address,7.112327444710911,1.791759469228055,2,5,SYNTHETIC,synth_6184,ANOMALY,offhours_external_login,Moderate,"hour,ip_address",2,synth_6184
60.0,Logout,Berhasil,PC Windows,Public IP Address,7.192182058713246,0.6931471805599453,1,3,SYNTHETIC,synth_4664,ANOMALY,offhours_external_login,Moderate,"hour,ip_address",2,synth_4664
41.0,Logout,Berhasil,PC Windows,Public IP Address,7.198931240688173,0.6931471805599453,2,0,SYNTHETIC,synth_528,ANOMALY,offhours_external_login,Moderate,"hour,ip_address",2,synth_528
18.0,Akses Berkas,Berhasil,PC Windows,Public IP Address,7.592366128519796,1.6094379124341005,3,3,SYNTHETIC,synth_2697,ANOMALY,offhours_external_login,Moderate,"hour,ip_address",2,synth_2697
70.0,Kelola Perkara,Berhasil,iOS,Public IP Address,7.99260665240021,1.6094379124341005,1,4,SYNTHETIC,synth_14217,ANOMALY,offhours_external_login,Moderate,"hour,ip_address",2,synth_14217
32.0,Logout,Berhasil,PC Windows,Public IP Address,5.996452088619021,0.6931471805599453,5,4,SYNTHETIC,synth_12873,ANOMALY,offhours_external_login,Moderate,"hour,ip_address",2,synth_12873
34.0,Logout,Berhasil,PC Windows,Public IP Address,7.094234845924755,0.6931471805599453,5,6,SYNTHETIC,synth_13264,ANOMALY,offhours_external_login,Moderate,"hour,ip_address",2,synth_13264
18.0,Logout,Berhasil,PC Windows,Public IP Address,5.375278407684165,0.6931471805599453,2,0,SYNTHETIC,synth_10407,ANOMALY,offhours_external_login,Moderate,"hour,ip_address",2,synth_10407
74.0,Akses Berkas,Berhasil,PC Windows,Public IP Address,7.404279118037268,1.9459101490553128,3,0,SYNTHETIC,synth_6858,ANOMALY,offhours_external_login,Moderate,"hour,ip_address",2,synth_6858
81.0,Kelola Perkara,Berhasil,PC Windows,Public IP Address,8.489410810403786,1.3862943611198906,2,3,SYNTHETIC,synth_5502,ANOMALY,offhours_external_login,Moderate,"hour,ip_address",2,synth_5502
82.0,Login,Berhasil,Android,Public IP Address,6.486160788944089,0.6931471805599453,0,4,SYNTHETIC,synth_7356,ANOMALY,offhours_external_login,Moderate,"hour,ip_address",2,synth_7356
65.0,Akses Berkas,Berhasil,PC Windows,Public IP Address,8.130942302231878,2.079441541679836,0,6,SYNTHETIC,synth_7728,ANOMALY,offhours_external_login,Moderate,"hour,ip_address",2,synth_7728
42.0,Login,Berhasil,Android,Public IP Address,7.5485559791698735,0.6931471805599453,3,0,SYNTHETIC,synth_1720,ANOMALY,offhours_external_login,Moderate,"hour,ip_address",2,synth_1720
63.0,Login,Berhasil,iOS,Public IP Address,7.077498053569231,0.6931471805599453,4,4,SYNTHETIC,synth_12875,ANOMALY,offhours_external_login,Moderate,"hour,ip_address",2,synth_12875
70.0,Login,Gagal,iOS,Public IP Address,7.205635176410364,0.6931471805599453,4,4,SYNTHETIC,synth_12883,ANOMALY,offhours_external_login,Moderate,"hour,ip_address",2,synth_12883
31.0,Logout,Berhasil,Android,Public IP Address,6.745236349484363,0.6931471805599453,0,0,SYNTHETIC,synth_3764,ANOMALY,offhours_external_login,Moderate,"hour,ip_address",2,synth_3764
48.0,Verifikasi,Berhasil,PC Windows,Public IP Address,8.651024539049757,1.0986122886681098,0,2,SYNTHETIC,synth_4146,ANOMALY,offhours_external_login,Moderate,"hour,ip_address",2,synth_4146
73.0,Kelola Perkara,Berhasil,Android,Public IP Address,8.4040244933106,1.6094379124341005,4,4,SYNTHETIC,synth_9102,ANOMALY,offhours_external_login,Moderate,"hour,ip_address",2,synth_9102
81.0,Logout,Berhasil,PC Windows,Public IP Address,5.8522024797744745,0.6931471805599453,1,4,SYNTHETIC,synth_11688,ANOMALY,offhours_external_login,Moderate,"hour,ip_address",2,synth_11688
63.0,Login,Berhasil,iOS,Public IP Address,7.202661196523238,0.6931471805599453,4,1,SYNTHETIC,synth_9555,ANOMALY,offhours_external_login,Moderate,"hour,ip_address",2,synth_9555
79.0,Logout,Berhasil,iOS,Public IP Address,7.1770187659099,0.6931471805599453,2,1,SYNTHETIC,synth_9572,ANOMALY,offhours_external_login,Moderate,"hour,ip_address",2,synth_9572
6.0,Akses Berkas,Berhasil,Unknown Device,Public IP Address,0.0,0.6931471805599453,1,6,REAL_DB,real_db_389,ANOMALY,offhours_external_login,Moderate,"hour,ip_address",2,real_db_389
23.0,Kelola Perkara,Berhasil,PC Windows,Public IP Address,8.340694647925071,2.19722457733622,2,5,SYNTHETIC,synth_4273,ANOMALY,offhours_external_login,Moderate,"hour,ip_address",2,synth_4273
36.0,Logout,Berhasil,PC Windows,Public IP Address,6.683360945766275,0.6931471805599453,0,0,SYNTHETIC,synth_14385,ANOMALY,offhours_external_login,Moderate,"hour,ip_address",2,synth_14385
34.0,Kelola Perkara,Berhasil,PC Windows,Public IP Address,8.191740021277457,2.19722457733622,1,4,SYNTHETIC,synth_4226,ANOMALY,offhours_external_login,Moderate,"hour,ip_address",2,synth_4226
81.0,Login,Gagal,PC Windows,Public IP Address,6.643789733147672,0.6931471805599453,2,0,SYNTHETIC,synth_11168,ANOMALY,offhours_external_login,Moderate,"hour,ip_address",2,synth_11168
42.0,Login,Berhasil,Android,Public IP Address,6.921658184151129,0.6931471805599453,2,1,SYNTHETIC,synth_273,ANOMALY,offhours_external_login,Moderate,"hour,ip_address",2,synth_273
84.0,Laporan & Anomali,Berhasil,PC Windows,Public IP Address,8.843470781627381,2.3978952727983707,1,5,SYNTHETIC,synth_6452,ANOMALY,offhours_external_login,Moderate,"hour,ip_address",2,synth_6452
66.0,Akses Berkas,Berhasil,PC Windows,Public IP Address,6.965080345601407,1.0986122886681098,3,2,SYNTHETIC,synth_8425,ANOMALY,offhours_external_login,Moderate,"hour,ip_address",2,synth_8425
24.0,Kelola Perkara,Berhasil,iOS,Public IP Address,8.188966863648876,2.079441541679836,4,6,SYNTHETIC,synth_11434,ANOMALY,offhours_external_login,Moderate,"hour,ip_address",2,synth_11434
36.0,Logout,Berhasil,PC Windows,Public IP Address,6.091309882077698,0.6931471805599453,5,2,SYNTHETIC,synth_8421,ANOMALY,offhours_external_login,Moderate,"hour,ip_address",2,synth_8421
74.0,Akses Berkas,Berhasil,PC Windows,Public IP Address,8.449556542700426,2.19722457733622,2,5,SYNTHETIC,synth_771,ANOMALY,offhours_external_login,Moderate,"hour,ip_address",2,synth_771
34.0,Login,Berhasil,PC Windows,Public IP Address,7.510430556378006,0.6931471805599453,4,4,SYNTHETIC,synth_1322,ANOMALY,offhours_external_login,Moderate,"hour,ip_address",2,synth_1322
57.0,Logout,Berhasil,PC Windows,Public IP Address,6.826545223556594,0.6931471805599453,5,6,SYNTHETIC,synth_12079,ANOMALY,offhours_external_login,Moderate,"hour,ip_address",2,synth_12079
39.0,Login,Berhasil,PC Windows,Public IP Address,6.871091294610546,0.6931471805599453,4,6,SYNTHETIC,synth_11479,ANOMALY,offhours_external_login,Moderate,"hour,ip_address",2,synth_11479
68.0,Akses Berkas,Berhasil,PC Windows,Public IP Address,7.650644551436897,2.079441541679836,0,6,SYNTHETIC,synth_4564,ANOMALY,offhours_external_login,Moderate,"hour,ip_address",2,synth_4564
63.0,Login,Berhasil,iOS,Public IP Address,6.889591308354466,0.6931471805599453,5,2,SYNTHETIC,synth_1817,ANOMALY,offhours_external_login,Moderate,"hour,ip_address",2,synth_1817
39.0,Kelola Perkara,Berhasil,PC Windows,Public IP Address,8.08825472712243,0.6931471805599453,4,0,SYNTHETIC,synth_4044,ANOMALY,offhours_external_login,Moderate,"hour,ip_address",2,synth_4044
1.0,Kelola Berkas,Berhasil,Unknown Device,Public IP Address,0.0,0.6931471805599453,2,3,REAL_DB,real_db_133,ANOMALY,offhours_external_login,Moderate,"hour,ip_address",2,real_db_133
1.0,Kelola User,Berhasil,PC Windows,Public IP Address,8.752581469146884,2.079441541679836,5,2,SYNTHETIC,synth_2377,ANOMALY,offhours_external_login,Moderate,"hour,ip_address",2,synth_2377
66.0,Kelola Perkara,Berhasil,PC Windows,Public IP Address,8.45553053102413,2.19722457733622,0,2,SYNTHETIC,synth_4417,ANOMALY,offhours_external_login,Moderate,"hour,ip_address",2,synth_4417
37.0,Logout,Berhasil,PC Windows,Public IP Address,6.968850378341948,0.6931471805599453,1,1,SYNTHETIC,synth_571,ANOMALY,offhours_external_login,Moderate,"hour,ip_address",2,synth_571
78.0,Kelola Perkara,Berhasil,iOS,Public IP Address,6.238324625039508,2.19722457733622,2,3,SYNTHETIC,synth_77,ANOMALY,offhours_external_login,Moderate,"hour,ip_address",2,synth_77
55.0,Akses Berkas,Berhasil,PC Windows,Public IP Address,7.96311205897929,1.6094379124341005,0,0,SYNTHETIC,synth_7152,ANOMALY,offhours_external_login,Moderate,"hour,ip_address",2,synth_7152
45.0,Akses Berkas,Berhasil,PC Windows,Public IP Address,6.61472560020376,2.302585092994046,0,3,SYNTHETIC,synth_6980,ANOMALY,offhours_external_login,Moderate,"hour,ip_address",2,synth_6980
66.0,Kelola Perkara,Berhasil,PC Windows,Public IP Address,7.213768308118642,0.6931471805599453,5,0,SYNTHETIC,synth_9208,ANOMALY,offhours_external_login,Moderate,"hour,ip_address",2,synth_9208
75.0,Akses Berkas,Berhasil,PC Windows,Public IP Address,8.441822884391462,2.302585092994046,4,2,SYNTHETIC,synth_4162,ANOMALY,offhours_external_login,Moderate,"hour,ip_address",2,synth_4162
28.0,Akses Berkas,Berhasil,iOS,Public IP Address,8.344980368770571,1.9459101490553128,1,0,SYNTHETIC,synth_2307,ANOMALY,offhours_external_login,Moderate,"hour,ip_address",2,synth_2307
80.0,Akses Berkas,Berhasil,PC Windows,Public IP Address,8.286521373681236,1.9459101490553128,2,4,SYNTHETIC,synth_3946,ANOMALY,offhours_external_login,Moderate,"hour,ip_address",2,synth_3946
75.0,Kelola Perkara,Berhasil,PC Windows,Public IP Address,6.626717749249025,1.6094379124341005,2,5,SYNTHETIC,synth_11374,ANOMALY,offhours_external_login,Moderate,"hour,ip_address",2,synth_11374
29.0,Kelola Perkara,Berhasil,PC Windows,Public IP Address,7.48605261786314,1.9459101490553128,4,2,SYNTHETIC,synth_11891,ANOMALY,offhours_external_login,Moderate,"hour,ip_address",2,synth_11891
59.0,Login,Gagal,PC Windows,Public IP Address,5.780743515792329,0.6931471805599453,1,0,SYNTHETIC,synth_9239,ANOMALY,offhours_external_login,Moderate,"hour,ip_address",2,synth_9239
65.0,Login,Berhasil,PC Windows,Public IP Address,6.8001700683022,0.6931471805599453,5,5,SYNTHETIC,synth_12009,ANOMALY,offhours_external_login,Moderate,"hour,ip_address",2,synth_12009
64.0,Login,Berhasil,PC Windows,Public IP Address,7.553810852008231,0.6931471805599453,2,6,SYNTHETIC,synth_12403,ANOMALY,offhours_external_login,Moderate,"hour,ip_address",2,synth_12403
70.0,Login,Berhasil,iOS,Public IP Address,7.478169694159785,0.6931471805599453,1,1,SYNTHETIC,synth_1491,ANOMALY,offhours_external_login,Moderate,"hour,ip_address",2,synth_1491
28.0,Login,Berhasil,iOS,Public IP Address,7.347299700743164,0.6931471805599453,5,2,SYNTHETIC,synth_3582,ANOMALY,offhours_external_login,Moderate,"hour,ip_address",2,synth_3582
6.0,Verifikasi,Berhasil,PC Windows,Public IP Address,9.05543941075822,2.302585092994046,5,2,SYNTHETIC,synth_6327,ANOMALY,offhours_external_login,Moderate,"hour,ip_address",2,synth_6327
6.0,Login,Gagal,PC Windows,Public IP Address,7.367708572374371,0.6931471805599453,2,2,SYNTHETIC,synth_48,ANOMALY,offhours_external_login,Moderate,"hour,ip_address",2,synth_48
78.0,Logout,Berhasil,iOS,Public IP Address,6.779921907472252,0.6931471805599453,4,0,SYNTHETIC,synth_3775,ANOMALY,offhours_external_login,Moderate,"hour,ip_address",2,synth_3775
85.0,Logout,Berhasil,PC Windows,Public IP Address,7.064759027791802,0.6931471805599453,3,4,SYNTHETIC,synth_1953,ANOMALY,offhours_external_login,Moderate,"hour,ip_address",2,synth_1953
49.0,Logout,Berhasil,PC Windows,Public IP Address,6.161207321695077,0.6931471805599453,2,3,SYNTHETIC,synth_11284,ANOMALY,offhours_external_login,Moderate,"hour,ip_address",2,synth_11284
61.0,Kelola Perkara,Berhasil,Android,Public IP Address,8.623892810075294,2.079441541679836,0,2,SYNTHETIC,synth_1799,ANOMALY,offhours_external_login,Moderate,"hour,ip_address",2,synth_1799
81.0,Logout,Berhasil,PC Windows,Public IP Address,7.013915474810528,0.6931471805599453,0,5,SYNTHETIC,synth_14298,ANOMALY,offhours_external_login,Moderate,"hour,ip_address",2,synth_14298
40.0,Login,Berhasil,Android,Public IP Address,5.8805329864007,0.6931471805599453,5,0,SYNTHETIC,synth_6837,ANOMALY,offhours_external_login,Moderate,"hour,ip_address",2,synth_6837
79.0,Logout,Berhasil,iOS,Public IP Address,6.645090969505644,0.6931471805599453,3,2,SYNTHETIC,synth_9584,ANOMALY,offhours_external_login,Moderate,"hour,ip_address",2,synth_9584
72.0,Kelola Perkara,Berhasil,Android,Public IP Address,8.296297112642508,1.3862943611198906,2,3,SYNTHETIC,synth_13953,ANOMALY,offhours_external_login,Moderate,"hour,ip_address",2,synth_13953
51.0,Login,Berhasil,PC Windows,Public IP Address,7.150701457592526,0.6931471805599453,0,3,SYNTHETIC,synth_8181,ANOMALY,offhours_external_login,Moderate,"hour,ip_address",2,synth_8181
24.0,Logout,Berhasil,iOS,Public IP Address,7.256297239690681,0.6931471805599453,0,0,SYNTHETIC,synth_12713,ANOMALY,offhours_external_login,Moderate,"hour,ip_address",2,synth_12713
44.0,Akses Berkas,Berhasil,iOS,Public IP Address,8.356554845453426,2.302585092994046,2,0,SYNTHETIC,synth_8951,ANOMALY,offhours_external_login,Moderate,"hour,ip_address",2,synth_8951
20.0,Akses Berkas,Berhasil,iOS,Public IP Address,8.603554357064281,1.3862943611198906,1,6,SYNTHETIC,synth_1663,ANOMALY,offhours_external_login,Moderate,"hour,ip_address",2,synth_1663
54.0,Logout,Berhasil,PC Windows,Public IP Address,7.30854279753919,0.6931471805599453,5,2,SYNTHETIC,synth_14172,ANOMALY,offhours_external_login,Moderate,"hour,ip_address",2,synth_14172
74.0,Logout,Berhasil,PC Windows,Public IP Address,6.650279048587422,0.6931471805599453,2,1,SYNTHETIC,synth_14150,ANOMALY,offhours_external_login,Moderate,"hour,ip_address",2,synth_14150
44.0,Kelola Perkara,Berhasil,iOS,Public IP Address,8.608860379942062,1.0986122886681098,1,3,SYNTHETIC,synth_8193,ANOMALY,offhours_external_login,Moderate,"hour,ip_address",2,synth_8193
86.0,Kelola Perkara,Berhasil,Android,Public IP Address,6.259581464064923,1.0986122886681098,5,0,SYNTHETIC,synth_2336,ANOMALY,offhours_external_login,Moderate,"hour,ip_address",2,synth_2336
29.0,Logout,Berhasil,PC Windows,Public IP Address,7.150701457592526,0.6931471805599453,3,1,SYNTHETIC,synth_4866,ANOMALY,offhours_external_login,Moderate,"hour,ip_address",2,synth_4866
6.0,Akses Berkas,Berhasil,PC Windows,Public IP Address,7.744569809354496,1.6094379124341005,4,0,SYNTHETIC,synth_6534,ANOMALY,offhours_external_login,Moderate,"hour,ip_address",2,synth_6534
71.0,Logout,Berhasil,PC Windows,Public IP Address,7.262628600974241,0.6931471805599453,5,1,SYNTHETIC,synth_8403,ANOMALY,offhours_external_login,Moderate,"hour,ip_address",2,synth_8403
69.0,Kelola Perkara,Berhasil,PC Windows,Public IP Address,8.234830280442056,2.19722457733622,3,5,SYNTHETIC,synth_4292,ANOMALY,offhours_external_login,Moderate,"hour,ip_address",2,synth_4292
20.0,Kelola Perkara,Berhasil,iOS,Public IP Address,8.013674142832684,1.791759469228055,4,1,SYNTHETIC,synth_11848,ANOMALY,offhours_external_login,Moderate,"hour,ip_address",2,synth_11848
37.0,Login,Berhasil,PC Windows,Public IP Address,6.944087208229528,0.6931471805599453,0,6,SYNTHETIC,synth_5611,ANOMALY,offhours_external_login,Moderate,"hour,ip_address",2,synth_5611
55.0,Verifikasi,Gagal,PC Windows,Public IP Address,9.209039526243137,0.6931471805599453,0,1,SYNTHETIC,synth_9826,ANOMALY,offhours_external_login,Moderate,"hour,ip_address",2,synth_9826
44.0,Kelola Perkara,Berhasil,iOS,Public IP Address,8.42463920980563,0.6931471805599453,0,2,SYNTHETIC,synth_8737,ANOMALY,offhours_external_login,Moderate,"hour,ip_address",2,synth_8737
45.0,Logout,Berhasil,PC Windows,Public IP Address,6.163314804034641,0.6931471805599453,5,2,SYNTHETIC,synth_14977,ANOMALY,offhours_external_login,Moderate,"hour,ip_address",2,synth_14977
79.0,Login,Berhasil,iOS,Public IP Address,7.392647520721623,0.6931471805599453,1,5,SYNTHETIC,synth_1382,ANOMALY,offhours_external_login,Moderate,"hour,ip_address",2,synth_1382
31.0,Logout,Berhasil,Android,Public IP Address,6.873163834212518,0.6931471805599453,4,1,SYNTHETIC,synth_3811,ANOMALY,offhours_external_login,Moderate,"hour,ip_address",2,synth_3811
35.0,Akses Berkas,Berhasil,PC Windows,Public IP Address,8.145549631783584,2.19722457733622,0,0,SYNTHETIC,synth_2590,ANOMALY,offhours_external_login,Moderate,"hour,ip_address",2,synth_2590
76.0,Login,Berhasil,iOS,Public IP Address,6.536691597591305,0.6931471805599453,2,2,SYNTHETIC,synth_14475,ANOMALY,offhours_external_login,Moderate,"hour,ip_address",2,synth_14475
77.0,Logout,Berhasil,PC Windows,Public IP Address,6.326149473155099,0.6931471805599453,4,3,SYNTHETIC,synth_6083,ANOMALY,offhours_external_login,Moderate,"hour,ip_address",2,synth_6083
48.0,Logout,Berhasil,PC Windows,Public IP Address,6.597145701886651,0.6931471805599453,4,1,SYNTHETIC,synth_9278,ANOMALY,offhours_external_login,Moderate,"hour,ip_address",2,synth_9278
44.0,Kelola Perkara,Berhasil,iOS,Public IP Address,6.698268054115413,2.19722457733622,1,1,SYNTHETIC,synth_2605,ANOMALY,offhours_external_login,Moderate,"hour,ip_address",2,synth_2605
76.0,Login,Berhasil,iOS,Public IP Address,7.587310506022615,0.6931471805599453,3,4,SYNTHETIC,synth_12849,ANOMALY,offhours_external_login,Moderate,"hour,ip_address",2,synth_12849
53.0,Kelola Perkara,Berhasil,PC Windows,Public IP Address,7.978996370854115,0.6931471805599453,1,2,SYNTHETIC,synth_8149,ANOMALY,offhours_external_login,Moderate,"hour,ip_address",2,synth_8149
30.0,Kelola Perkara,Berhasil,PC Windows,Public IP Address,6.717804695023691,1.3862943611198906,0,4,SYNTHETIC,synth_4465,ANOMALY,offhours_external_login,Moderate,"hour,ip_address",2,synth_4465
54.0,Kelola Perkara,Berhasil,PC Windows,Public IP Address,8.498010371999463,1.791759469228055,2,6,SYNTHETIC,synth_240,ANOMALY,offhours_external_login,Moderate,"hour,ip_address",2,synth_240
49.0,Logout,Berhasil,PC Windows,Public IP Address,7.060476365999801,0.6931471805599453,2,4,SYNTHETIC,synth_12612,ANOMALY,offhours_external_login,Moderate,"hour,ip_address",2,synth_12612
26.0,Logout,Berhasil,iOS,Public IP Address,6.75110146893676,0.6931471805599453,0,6,SYNTHETIC,synth_13256,ANOMALY,offhours_external_login,Moderate,"hour,ip_address",2,synth_13256
30.0,Logout,Berhasil,PC Windows,Public IP Address,7.123672785204607,0.6931471805599453,2,5,SYNTHETIC,synth_7064,ANOMALY,offhours_external_login,Moderate,"hour,ip_address",2,synth_7064
80.0,Logout,Berhasil,PC Windows,Public IP Address,6.785587645007929,0.6931471805599453,1,5,SYNTHETIC,synth_11751,ANOMALY,offhours_external_login,Moderate,"hour,ip_address",2,synth_11751
28.0,Login,Berhasil,iOS,Public IP Address,7.434257382133135,0.6931471805599453,5,3,SYNTHETIC,synth_4966,ANOMALY,offhours_external_login,Moderate,"hour,ip_address",2,synth_4966
43.0,Logout,Berhasil,iOS,Public IP Address,6.677083461247136,0.6931471805599453,1,2,SYNTHETIC,synth_957,ANOMALY,offhours_external_login,Moderate,"hour,ip_address",2,synth_957
84.0,Kelola User,Berhasil,PC Windows,Public IP Address,7.789454566086673,1.6094379124341005,5,6,SYNTHETIC,synth_4028,ANOMALY,offhours_external_login,Moderate,"hour,ip_address",2,synth_4028
1.0,Kelola Perkara,Berhasil,Unknown Device,Public IP Address,0.0,0.6931471805599453,0,3,REAL_DB,real_db_106,ANOMALY,offhours_external_login,Moderate,"hour,ip_address",2,real_db_106
50.0,Kelola Perkara,Berhasil,PC Windows,Public IP Address,8.016977746762262,1.9459101490553128,2,4,SYNTHETIC,synth_9079,ANOMALY,offhours_external_login,Moderate,"hour,ip_address",2,synth_9079
60.0,Logout,Berhasil,PC Windows,Public IP Address,7.217443431696533,0.6931471805599453,4,0,SYNTHETIC,synth_4586,ANOMALY,offhours_external_login,Moderate,"hour,ip_address",2,synth_4586
46.0,Login,Berhasil,PC Windows,Public IP Address,6.911747300251674,0.6931471805599453,3,1,SYNTHETIC,synth_3820,ANOMALY,offhours_external_login,Moderate,"hour,ip_address",2,synth_3820
52.0,Login,Berhasil,PC Windows,Public IP Address,7.351799869057777,0.6931471805599453,4,4,SYNTHETIC,synth_13187,ANOMALY,offhours_external_login,Moderate,"hour,ip_address",2,synth_13187
36.0,Kelola Perkara,Berhasil,PC Windows,Public IP Address,8.557182839632397,2.19722457733622,5,0,SYNTHETIC,synth_6273,ANOMALY,offhours_external_login,Moderate,"hour,ip_address",2,synth_6273
19.0,Login,Berhasil,iOS,Public IP Address,6.988413181999592,0.6931471805599453,1,1,SYNTHETIC,synth_12738,ANOMALY,offhours_external_login,Moderate,"hour,ip_address",2,synth_12738
76.0,Logout,Berhasil,iOS,Public IP Address,6.617402977974478,0.6931471805599453,1,4,SYNTHETIC,synth_9957,ANOMALY,offhours_external_login,Moderate,"hour,ip_address",2,synth_9957
66.0,Logout,Berhasil,PC Windows,Public IP Address,5.308267697401205,0.6931471805599453,1,6,SYNTHETIC,synth_204,ANOMALY,offhours_external_login,Moderate,"hour,ip_address",2,synth_204
54.0,Akses Berkas,Berhasil,PC Windows,Public IP Address,8.586905803827538,2.302585092994046,1,5,SYNTHETIC,synth_6728,ANOMALY,offhours_external_login,Moderate,"hour,ip_address",2,synth_6728
55.0,Verifikasi,Gagal,PC Windows,Public IP Address,8.518991573357617,1.9459101490553128,3,2,SYNTHETIC,synth_317,ANOMALY,offhours_external_login,Moderate,"hour,ip_address",2,synth_317
72.0,Akses Berkas,Berhasil,Android,Public IP Address,6.343880434126331,1.6094379124341005,0,5,SYNTHETIC,synth_3374,ANOMALY,offhours_external_login,Moderate,"hour,ip_address",2,synth_3374
36.0,Kelola Perkara,Berhasil,PC Windows,Public IP Address,8.302265794873367,1.791759469228055,1,6,SYNTHETIC,synth_6756,ANOMALY,offhours_external_login,Moderate,"hour,ip_address",2,synth_6756
22.0,Akses Berkas,Berhasil,PC Windows,Public IP Address,8.605020901781758,1.0986122886681098,5,2,SYNTHETIC,synth_3197,ANOMALY,offhours_external_login,Moderate,"hour,ip_address",2,synth_3197
6.0,Kelola Berkas,Berhasil,PC Windows,Public IP Address,9.392495248213038,2.3978952727983707,2,1,SYNTHETIC,synth_4091,ANOMALY,offhours_external_login,Moderate,"hour,ip_address",2,synth_4091
65.0,Login,Berhasil,PC Windows,Public IP Address,7.375882148215011,0.6931471805599453,3,0,SYNTHETIC,synth_7156,ANOMALY,offhours_external_login,Moderate,"hour,ip_address",2,synth_7156
73.0,Logout,Berhasil,Android,Public IP Address,6.659293919683638,0.6931471805599453,5,2,SYNTHETIC,synth_8120,ANOMALY,offhours_external_login,Moderate,"hour,ip_address",2,synth_8120
71.0,Logout,Berhasil,PC Windows,Public IP Address,6.870053411798126,0.6931471805599453,5,5,SYNTHETIC,synth_5063,ANOMALY,offhours_external_login,Moderate,"hour,ip_address",2,synth_5063
56.0,Logout,Berhasil,PC Windows,Public IP Address,6.513230110912307,0.6931471805599453,1,4,SYNTHETIC,synth_7006,ANOMALY,offhours_external_login,Moderate,"hour,ip_address",2,synth_7006
29.0,Login,Berhasil,PC Windows,Public IP Address,6.7912214627261855,0.6931471805599453,2,3,SYNTHETIC,synth_13646,ANOMALY,offhours_external_login,Moderate,"hour,ip_address",2,synth_13646
82.0,Akses Berkas,Berhasil,Android,Public IP Address,8.423541635334782,0.6931471805599453,1,2,SYNTHETIC,synth_10754,ANOMALY,offhours_external_login,Moderate,"hour,ip_address",2,synth_10754
47.0,Logout,Berhasil,PC Windows,Public IP Address,6.46302945692067,0.6931471805599453,5,0,SYNTHETIC,synth_1763,ANOMALY,offhours_external_login,Moderate,"hour,ip_address",2,synth_1763
6.0,Verifikasi,Berhasil,PC Windows,Public IP Address,7.281385663570282,1.6094379124341005,0,1,SYNTHETIC,synth_14426,ANOMALY,offhours_external_login,Moderate,"hour,ip_address",2,synth_14426
20.0,Kelola Perkara,Gagal,Virtual Machine,Private Network 192.168.x.x,13.0,1.3862943611198906,17,3,SYNTHETIC,synth_653,ANOMALY,scripted_rapid_failure,Moderate,"status,duration_ms,device",3,synth_653
45.0,Login,Gagal,Virtual Machine,Private Network 192.168.x.x,2.0,0.6931471805599453,15,1,SYNTHETIC,synth_12146,ANOMALY,scripted_rapid_failure,Moderate,"status,duration_ms,device",3,synth_12146
54.0,Akses Berkas,Gagal,Virtual Machine,Private Network 192.168.x.x,16.0,2.3978952727983707,23,6,SYNTHETIC,synth_241,ANOMALY,scripted_rapid_failure,Moderate,"status,duration_ms,device",3,synth_241
32.0,Kelola Perkara,Gagal,Virtual Machine,Private Network 192.168.x.x,8.0,1.791759469228055,20,3,SYNTHETIC,synth_5770,ANOMALY,scripted_rapid_failure,Moderate,"status,duration_ms,device",3,synth_5770
66.0,Kelola Perkara,Gagal,Virtual Machine,Private Network 192.168.x.x,7.0,0.6931471805599453,15,6,SYNTHETIC,synth_7433,ANOMALY,scripted_rapid_failure,Moderate,"status,duration_ms,device",3,synth_7433
54.0,Kelola Berkas,Gagal,Virtual Machine,Private Network 192.168.x.x,15.0,2.302585092994046,20,3,SYNTHETIC,synth_4690,ANOMALY,scripted_rapid_failure,Moderate,"status,duration_ms,device",3,synth_4690
84.0,Kelola User,Gagal,Virtual Machine,Private Network 192.168.x.x,12.0,1.9459101490553128,20,6,SYNTHETIC,synth_10046,ANOMALY,scripted_rapid_failure,Moderate,"status,duration_ms,device",3,synth_10046
46.0,Akses Berkas,Gagal,Virtual Machine,Private Network 192.168.x.x,10.0,1.791759469228055,17,5,SYNTHETIC,synth_1095,ANOMALY,scripted_rapid_failure,Moderate,"status,duration_ms,device",3,synth_1095
30.0,Logout,Gagal,Virtual Machine,Private Network 192.168.x.x,8.0,0.6931471805599453,15,0,SYNTHETIC,synth_3760,ANOMALY,scripted_rapid_failure,Moderate,"status,duration_ms,device",3,synth_3760
56.0,Kelola Perkara,Gagal,Virtual Machine,Private Network 192.168.x.x,8.0,1.0986122886681098,20,2,SYNTHETIC,synth_13890,ANOMALY,scripted_rapid_failure,Moderate,"status,duration_ms,device",3,synth_13890
77.0,Login,Gagal,Virtual Machine,Private Network 192.168.x.x,1.0,0.6931471805599453,14,0,SYNTHETIC,synth_13291,ANOMALY,scripted_rapid_failure,Moderate,"status,duration_ms,device",3,synth_13291
73.0,Kelola Perkara,Gagal,Virtual Machine,Private Network 192.168.x.x,7.0,2.19722457733622,23,1,SYNTHETIC,synth_9841,ANOMALY,scripted_rapid_failure,Moderate,"status,duration_ms,device",3,synth_9841
57.0,Akses Berkas,Gagal,Virtual Machine,Private Network 192.168.x.x,13.0,1.6094379124341005,14,5,SYNTHETIC,synth_11364,ANOMALY,scripted_rapid_failure,Moderate,"status,duration_ms,device",3,synth_11364
25.0,Akses Berkas,Gagal,Virtual Machine,Private Network 192.168.x.x,11.0,1.6094379124341005,23,4,SYNTHETIC,synth_14027,ANOMALY,scripted_rapid_failure,Moderate,"status,duration_ms,device",3,synth_14027
55.0,Logout,Gagal,Virtual Machine,Private Network 192.168.x.x,9.0,0.6931471805599453,22,1,SYNTHETIC,synth_9564,ANOMALY,scripted_rapid_failure,Moderate,"status,duration_ms,device",3,synth_9564
85.0,Logout,Gagal,Virtual Machine,Private Network 192.168.x.x,3.0,0.6931471805599453,21,2,SYNTHETIC,synth_4655,ANOMALY,scripted_rapid_failure,Moderate,"status,duration_ms,device",3,synth_4655
84.0,Kelola Perkara,Gagal,Virtual Machine,Localhost / Loopback,9.0,0.6931471805599453,15,1,REAL_DB,real_db_279,ANOMALY,scripted_rapid_failure,Moderate,"status,duration_ms,device",3,real_db_279
61.0,Logout,Gagal,Virtual Machine,Private Network 192.168.x.x,12.0,0.6931471805599453,16,5,SYNTHETIC,synth_9991,ANOMALY,scripted_rapid_failure,Moderate,"status,duration_ms,device",3,synth_9991
1.0,Login,Gagal,Virtual Machine,Private Network 192.168.x.x,17.0,0.6931471805599453,20,6,SYNTHETIC,synth_8306,ANOMALY,scripted_rapid_failure,Moderate,"status,duration_ms,device",3,synth_8306
29.0,Logout,Gagal,Virtual Machine,Private Network 192.168.x.x,13.0,0.6931471805599453,14,2,SYNTHETIC,synth_13611,ANOMALY,scripted_rapid_failure,Moderate,"status,duration_ms,device",3,synth_13611
52.0,Login,Gagal,Virtual Machine,Private Network 192.168.x.x,18.0,0.6931471805599453,21,6,SYNTHETIC,synth_7448,ANOMALY,scripted_rapid_failure,Moderate,"status,duration_ms,device",3,synth_7448
26.0,Kelola Perkara,Gagal,Virtual Machine,Private Network 192.168.x.x,11.0,2.19722457733622,16,3,SYNTHETIC,synth_8809,ANOMALY,scripted_rapid_failure,Moderate,"status,duration_ms,device",3,synth_8809
55.0,Kelola Perkara,Gagal,Virtual Machine,Private Network 192.168.x.x,1.0,1.6094379124341005,17,1,SYNTHETIC,synth_9821,ANOMALY,scripted_rapid_failure,Moderate,"status,duration_ms,device",3,synth_9821
29.0,Login,Gagal,Virtual Machine,Private Network 192.168.x.x,4.0,0.6931471805599453,21,6,SYNTHETIC,synth_7972,ANOMALY,scripted_rapid_failure,Moderate,"status,duration_ms,device",3,synth_7972
24.0,Logout,Gagal,Virtual Machine,Private Network 192.168.x.x,9.0,0.6931471805599453,17,5,SYNTHETIC,synth_9158,ANOMALY,scripted_rapid_failure,Moderate,"status,duration_ms,device",3,synth_9158
18.0,Akses Berkas,Gagal,Virtual Machine,Private Network 192.168.x.x,6.0,1.0986122886681098,17,1,SYNTHETIC,synth_6561,ANOMALY,scripted_rapid_failure,Moderate,"status,duration_ms,device",3,synth_6561
25.0,Akses Berkas,Gagal,Virtual Machine,Private Network 192.168.x.x,19.0,1.0986122886681098,14,4,SYNTHETIC,synth_8839,ANOMALY,scripted_rapid_failure,Moderate,"status,duration_ms,device",3,synth_8839
20.0,Login,Gagal,Virtual Machine,Private Network 192.168.x.x,9.0,0.6931471805599453,23,2,SYNTHETIC,synth_4934,ANOMALY,scripted_rapid_failure,Moderate,"status,duration_ms,device",3,synth_4934
32.0,Akses Berkas,Gagal,Virtual Machine,Private Network 192.168.x.x,2.0,1.6094379124341005,21,0,SYNTHETIC,synth_3119,ANOMALY,scripted_rapid_failure,Moderate,"status,duration_ms,device",3,synth_3119
84.0,Laporan & Anomali,Gagal,Virtual Machine,Private Network 192.168.x.x,4.0,1.6094379124341005,23,5,SYNTHETIC,synth_11426,ANOMALY,scripted_rapid_failure,Moderate,"status,duration_ms,device",3,synth_11426
30.0,Logout,Gagal,Virtual Machine,Private Network 192.168.x.x,20.0,0.6931471805599453,17,0,SYNTHETIC,synth_10915,ANOMALY,scripted_rapid_failure,Moderate,"status,duration_ms,device",3,synth_10915
56.0,Kelola Perkara,Gagal,Virtual Machine,Private Network 192.168.x.x,14.0,2.302585092994046,20,6,SYNTHETIC,synth_7102,ANOMALY,scripted_rapid_failure,Moderate,"status,duration_ms,device",3,synth_7102
77.0,Login,Gagal,Virtual Machine,Private Network 192.168.x.x,12.0,0.6931471805599453,20,3,SYNTHETIC,synth_11036,ANOMALY,scripted_rapid_failure,Moderate,"status,duration_ms,device",3,synth_11036
86.0,Kelola Perkara,Gagal,Virtual Machine,Private Network 192.168.x.x,11.0,2.302585092994046,17,2,SYNTHETIC,synth_3191,ANOMALY,scripted_rapid_failure,Moderate,"status,duration_ms,device",3,synth_3191
72.0,Akses Berkas,Gagal,Virtual Machine,Private Network 192.168.x.x,14.0,2.3978952727983707,16,4,SYNTHETIC,synth_7614,ANOMALY,scripted_rapid_failure,Moderate,"status,duration_ms,device",3,synth_7614
49.0,Logout,Gagal,Virtual Machine,Private Network 192.168.x.x,20.0,0.6931471805599453,20,1,SYNTHETIC,synth_13060,ANOMALY,scripted_rapid_failure,Moderate,"status,duration_ms,device",3,synth_13060
27.0,Kelola Perkara,Gagal,Virtual Machine,Private Network 192.168.x.x,17.0,1.0986122886681098,21,1,SYNTHETIC,synth_4114,ANOMALY,scripted_rapid_failure,Moderate,"status,duration_ms,device",3,synth_4114
71.0,Login,Gagal,Virtual Machine,Private Network 192.168.x.x,4.0,0.6931471805599453,18,5,SYNTHETIC,synth_1983,ANOMALY,scripted_rapid_failure,Moderate,"status,duration_ms,device",3,synth_1983
59.0,Kelola Perkara,Gagal,Virtual Machine,Private Network 192.168.x.x,13.0,2.079441541679836,15,6,SYNTHETIC,synth_9481,ANOMALY,scripted_rapid_failure,Moderate,"status,duration_ms,device",3,synth_9481
69.0,Logout,Gagal,Virtual Machine,Private Network 192.168.x.x,19.0,0.6931471805599453,23,0,SYNTHETIC,synth_8956,ANOMALY,scripted_rapid_failure,Moderate,"status,duration_ms,device",3,synth_8956
83.0,Kelola Perkara,Gagal,Virtual Machine,Private Network 192.168.x.x,7.0,2.3978952727983707,18,6,SYNTHETIC,synth_7965,ANOMALY,scripted_rapid_failure,Moderate,"status,duration_ms,device",3,synth_7965
68.0,Akses Berkas,Gagal,Virtual Machine,Private Network 192.168.x.x,9.0,2.079441541679836,18,1,SYNTHETIC,synth_14137,ANOMALY,scripted_rapid_failure,Moderate,"status,duration_ms,device",3,synth_14137
37.0,Logout,Gagal,Virtual Machine,Private Network 192.168.x.x,2.0,0.6931471805599453,19,2,SYNTHETIC,synth_4914,ANOMALY,scripted_rapid_failure,Moderate,"status,duration_ms,device",3,synth_4914
65.0,Logout,Gagal,Virtual Machine,Private Network 192.168.x.x,14.0,0.6931471805599453,21,0,SYNTHETIC,synth_3768,ANOMALY,scripted_rapid_failure,Moderate,"status,duration_ms,device",3,synth_3768
44.0,Akses Berkas,Gagal,Virtual Machine,Private Network 192.168.x.x,1.0,1.9459101490553128,15,4,SYNTHETIC,synth_10787,ANOMALY,scripted_rapid_failure,Moderate,"status,duration_ms,device",3,synth_10787
36.0,Kelola Perkara,Gagal,Virtual Machine,Private Network 192.168.x.x,17.0,1.3862943611198906,15,3,SYNTHETIC,synth_6960,ANOMALY,scripted_rapid_failure,Moderate,"status,duration_ms,device",3,synth_6960
54.0,Kelola Perkara,Gagal,Virtual Machine,Private Network 192.168.x.x,18.0,1.0986122886681098,23,2,SYNTHETIC,synth_6643,ANOMALY,scripted_rapid_failure,Moderate,"status,duration_ms,device",3,synth_6643
23.0,Login,Gagal,Virtual Machine,Private Network 192.168.x.x,7.0,0.6931471805599453,17,2,SYNTHETIC,synth_8451,ANOMALY,scripted_rapid_failure,Moderate,"status,duration_ms,device",3,synth_8451
49.0,Akses Berkas,Gagal,Virtual Machine,Private Network 192.168.x.x,12.0,2.079441541679836,23,3,SYNTHETIC,synth_4976,ANOMALY,scripted_rapid_failure,Moderate,"status,duration_ms,device",3,synth_4976
37.0,Kelola Perkara,Gagal,Virtual Machine,Private Network 192.168.x.x,14.0,1.3862943611198906,17,5,SYNTHETIC,synth_14276,ANOMALY,scripted_rapid_failure,Moderate,"status,duration_ms,device",3,synth_14276
52.0,Kelola Perkara,Gagal,Virtual Machine,Private Network 192.168.x.x,3.0,2.079441541679836,17,2,SYNTHETIC,synth_3569,ANOMALY,scripted_rapid_failure,Moderate,"status,duration_ms,device",3,synth_3569
28.0,Kelola Perkara,Gagal,Virtual Machine,Private Network 192.168.x.x,11.0,1.3862943611198906,22,4,SYNTHETIC,synth_3018,ANOMALY,scripted_rapid_failure,Moderate,"status,duration_ms,device",3,synth_3018
32.0,Login,Gagal,Virtual Machine,Private Network 192.168.x.x,20.0,0.6931471805599453,23,1,SYNTHETIC,synth_8084,ANOMALY,scripted_rapid_failure,Moderate,"status,duration_ms,device",3,synth_8084
42.0,Kelola Perkara,Gagal,Virtual Machine,Private Network 192.168.x.x,11.0,1.791759469228055,21,6,SYNTHETIC,synth_516,ANOMALY,scripted_rapid_failure,Moderate,"status,duration_ms,device",3,synth_516
86.0,Kelola Perkara,Gagal,Virtual Machine,Private Network 192.168.x.x,4.0,0.6931471805599453,15,0,SYNTHETIC,synth_8673,ANOMALY,scripted_rapid_failure,Moderate,"status,duration_ms,device",3,synth_8673
45.0,Login,Gagal,Virtual Machine,Private Network 192.168.x.x,10.0,0.6931471805599453,14,6,SYNTHETIC,synth_193,ANOMALY,scripted_rapid_failure,Moderate,"status,duration_ms,device",3,synth_193
6.0,Login,Gagal,Virtual Machine,Private Network 192.168.x.x,17.0,0.6931471805599453,21,5,SYNTHETIC,synth_1125,ANOMALY,scripted_rapid_failure,Moderate,"status,duration_ms,device",3,synth_1125
22.0,Login,Gagal,Virtual Machine,Private Network 192.168.x.x,10.0,0.6931471805599453,18,6,SYNTHETIC,synth_10335,ANOMALY,scripted_rapid_failure,Moderate,"status,duration_ms,device",3,synth_10335
71.0,Akses Berkas,Gagal,Virtual Machine,Private Network 192.168.x.x,14.0,0.6931471805599453,14,4,SYNTHETIC,synth_126,ANOMALY,scripted_rapid_failure,Moderate,"status,duration_ms,device",3,synth_126
79.0,Kelola Perkara,Gagal,Virtual Machine,Private Network 192.168.x.x,11.0,0.6931471805599453,23,6,SYNTHETIC,synth_7997,ANOMALY,scripted_rapid_failure,Moderate,"status,duration_ms,device",3,synth_7997
63.0,Logout,Gagal,Virtual Machine,Private Network 192.168.x.x,13.0,0.6931471805599453,20,6,SYNTHETIC,synth_9186,ANOMALY,scripted_rapid_failure,Moderate,"status,duration_ms,device",3,synth_9186
81.0,Logout,Gagal,Virtual Machine,Private Network 192.168.x.x,10.0,0.6931471805599453,19,2,SYNTHETIC,synth_8131,ANOMALY,scripted_rapid_failure,Moderate,"status,duration_ms,device",3,synth_8131
36.0,Logout,Gagal,Virtual Machine,Private Network 192.168.x.x,18.0,0.6931471805599453,14,6,SYNTHETIC,synth_6758,ANOMALY,scripted_rapid_failure,Moderate,"status,duration_ms,device",3,synth_6758
77.0,Logout,Gagal,Virtual Machine,Private Network 192.168.x.x,5.0,0.6931471805599453,22,2,SYNTHETIC,synth_1844,ANOMALY,scripted_rapid_failure,Moderate,"status,duration_ms,device",3,synth_1844
57.0,Akses Berkas,Gagal,Virtual Machine,Private Network 192.168.x.x,7.0,1.791759469228055,21,5,SYNTHETIC,synth_5873,ANOMALY,scripted_rapid_failure,Moderate,"status,duration_ms,device",3,synth_5873
86.0,Login,Gagal,Virtual Machine,Private Network 192.168.x.x,14.0,0.6931471805599453,18,5,SYNTHETIC,synth_4521,ANOMALY,scripted_rapid_failure,Moderate,"status,duration_ms,device",3,synth_4521
43.0,Logout,Gagal,Virtual Machine,Private Network 192.168.x.x,13.0,0.6931471805599453,21,3,SYNTHETIC,synth_2448,ANOMALY,scripted_rapid_failure,Moderate,"status,duration_ms,device",3,synth_2448
43.0,Kelola Perkara,Gagal,Virtual Machine,Private Network 192.168.x.x,6.0,2.19722457733622,22,2,SYNTHETIC,synth_42,ANOMALY,scripted_rapid_failure,Moderate,"status,duration_ms,device",3,synth_42
65.0,Logout,Gagal,Virtual Machine,Private Network 192.168.x.x,20.0,0.6931471805599453,21,1,SYNTHETIC,synth_4406,ANOMALY,scripted_rapid_failure,Moderate,"status,duration_ms,device",3,synth_4406
56.0,Logout,Gagal,Virtual Machine,Private Network 192.168.x.x,19.0,0.6931471805599453,16,3,SYNTHETIC,synth_4678,ANOMALY,scripted_rapid_failure,Moderate,"status,duration_ms,device",3,synth_4678
49.0,Login,Gagal,Virtual Machine,Private Network 192.168.x.x,10.0,0.6931471805599453,14,3,SYNTHETIC,synth_54,ANOMALY,scripted_rapid_failure,Moderate,"status,duration_ms,device",3,synth_54
1.0,Kelola User,Gagal,Virtual Machine,Private Network 192.168.x.x,13.0,2.302585092994046,18,1,SYNTHETIC,synth_7199,ANOMALY,scripted_rapid_failure,Moderate,"status,duration_ms,device",3,synth_7199
35.0,Kelola Perkara,Gagal,Virtual Machine,Private Network 192.168.x.x,18.0,2.19722457733622,19,1,SYNTHETIC,synth_6575,ANOMALY,scripted_rapid_failure,Moderate,"status,duration_ms,device",3,synth_6575
55.0,Kelola Perkara,Gagal,Virtual Machine,Private Network 192.168.x.x,1.0,1.791759469228055,16,3,SYNTHETIC,synth_8803,ANOMALY,scripted_rapid_failure,Moderate,"status,duration_ms,device",3,synth_8803
86.0,Login,Gagal,Virtual Machine,Private Network 192.168.x.x,10.0,0.6931471805599453,16,1,SYNTHETIC,synth_6555,ANOMALY,scripted_rapid_failure,Moderate,"status,duration_ms,device",3,synth_6555
40.0,Logout,Gagal,Virtual Machine,Private Network 192.168.x.x,10.0,0.6931471805599453,21,5,SYNTHETIC,synth_2780,ANOMALY,scripted_rapid_failure,Moderate,"status,duration_ms,device",3,synth_2780
1.0,Logout,Gagal,Virtual Machine,Private Network 192.168.x.x,7.0,0.6931471805599453,14,2,SYNTHETIC,synth_2379,ANOMALY,scripted_rapid_failure,Moderate,"status,duration_ms,device",3,synth_2379
80.0,Kelola Perkara,Gagal,Virtual Machine,Private Network 192.168.x.x,14.0,2.3978952727983707,19,4,SYNTHETIC,synth_6707,ANOMALY,scripted_rapid_failure,Moderate,"status,duration_ms,device",3,synth_6707
20.0,Login,Gagal,Virtual Machine,Private Network 192.168.x.x,19.0,0.6931471805599453,14,0,SYNTHETIC,synth_4039,ANOMALY,scripted_rapid_failure,Moderate,"status,duration_ms,device",3,synth_4039
23.0,Akses Berkas,Gagal,Virtual Machine,Private Network 192.168.x.x,20.0,2.3978952727983707,22,3,SYNTHETIC,synth_13660,ANOMALY,scripted_rapid_failure,Moderate,"status,duration_ms,device",3,synth_13660
79.0,Kelola Perkara,Gagal,Virtual Machine,Private Network 192.168.x.x,11.0,2.19722457733622,14,2,SYNTHETIC,synth_5164,ANOMALY,scripted_rapid_failure,Moderate,"status,duration_ms,device",3,synth_5164
65.0,Login,Gagal,Virtual Machine,Private Network 192.168.x.x,15.0,0.6931471805599453,19,1,SYNTHETIC,synth_10707,ANOMALY,scripted_rapid_failure,Moderate,"status,duration_ms,device",3,synth_10707
44.0,Login,Gagal,Virtual Machine,Private Network 192.168.x.x,15.0,0.6931471805599453,17,4,SYNTHETIC,synth_2201,ANOMALY,scripted_rapid_failure,Moderate,"status,duration_ms,device",3,synth_2201
40.0,Kelola Perkara,Gagal,Virtual Machine,Private Network 192.168.x.x,15.0,1.9459101490553128,20,0,SYNTHETIC,synth_9536,ANOMALY,scripted_rapid_failure,Moderate,"status,duration_ms,device",3,synth_9536
54.0,Logout,Gagal,Virtual Machine,Private Network 192.168.x.x,7.0,0.6931471805599453,17,1,SYNTHETIC,synth_7189,ANOMALY,scripted_rapid_failure,Moderate,"status,duration_ms,device",3,synth_7189
78.0,Akses Berkas,Gagal,Virtual Machine,Private Network 192.168.x.x,17.0,0.6931471805599453,22,0,SYNTHETIC,synth_3774,ANOMALY,scripted_rapid_failure,Moderate,"status,duration_ms,device",3,synth_3774
26.0,Akses Berkas,Gagal,Virtual Machine,Private Network 192.168.x.x,16.0,2.079441541679836,21,3,SYNTHETIC,synth_1554,ANOMALY,scripted_rapid_failure,Moderate,"status,duration_ms,device",3,synth_1554
64.0,Logout,Gagal,Virtual Machine,Private Network 192.168.x.x,6.0,0.6931471805599453,18,2,SYNTHETIC,synth_963,ANOMALY,scripted_rapid_failure,Moderate,"status,duration_ms,device",3,synth_963
52.0,Logout,Gagal,Virtual Machine,Private Network 192.168.x.x,3.0,0.6931471805599453,22,5,SYNTHETIC,synth_8633,ANOMALY,scripted_rapid_failure,Moderate,"status,duration_ms,device",3,synth_8633
78.0,Kelola Perkara,Gagal,Virtual Machine,Private Network 192.168.x.x,10.0,2.3978952727983707,23,1,SYNTHETIC,synth_8405,ANOMALY,scripted_rapid_failure,Moderate,"status,duration_ms,device",3,synth_8405
59.0,Akses Berkas,Gagal,Virtual Machine,Private Network 192.168.x.x,17.0,1.0986122886681098,16,3,SYNTHETIC,synth_3245,ANOMALY,scripted_rapid_failure,Moderate,"status,duration_ms,device",3,synth_3245
39.0,Logout,Gagal,Virtual Machine,Private Network 192.168.x.x,20.0,0.6931471805599453,15,0,SYNTHETIC,synth_4046,ANOMALY,scripted_rapid_failure,Moderate,"status,duration_ms,device",3,synth_4046
32.0,Login,Gagal,Virtual Machine,Private Network 192.168.x.x,11.0,0.6931471805599453,14,0,SYNTHETIC,synth_10073,ANOMALY,scripted_rapid_failure,Moderate,"status,duration_ms,device",3,synth_10073
78.0,Login,Gagal,Virtual Machine,Private Network 192.168.x.x,3.0,0.6931471805599453,17,6,SYNTHETIC,synth_2264,ANOMALY,scripted_rapid_failure,Moderate,"status,duration_ms,device",3,synth_2264
84.0,Laporan & Anomali,Gagal,Virtual Machine,Private Network 192.168.x.x,8.0,1.791759469228055,16,6,SYNTHETIC,synth_3435,ANOMALY,scripted_rapid_failure,Moderate,"status,duration_ms,device",3,synth_3435
21.0,Akses Berkas,Gagal,Virtual Machine,Private Network 192.168.x.x,10.0,1.3862943611198906,19,4,SYNTHETIC,synth_10597,ANOMALY,scripted_rapid_failure,Moderate,"status,duration_ms,device",3,synth_10597
1.0,Kelola Sarana,Gagal,Virtual Machine,Localhost / Loopback,8.0,0.6931471805599453,5,3,REAL_DB,real_db_99,ANOMALY,scripted_rapid_failure,Moderate,"status,duration_ms,device",3,real_db_99
59.0,Login,Gagal,Virtual Machine,Private Network 192.168.x.x,7.0,0.6931471805599453,20,4,SYNTHETIC,synth_14003,ANOMALY,scripted_rapid_failure,Moderate,"status,duration_ms,device",3,synth_14003
48.0,Akses Berkas,Gagal,Virtual Machine,Private Network 192.168.x.x,5.0,2.079441541679836,18,3,SYNTHETIC,synth_14187,ANOMALY,scripted_rapid_failure,Moderate,"status,duration_ms,device",3,synth_14187
6.0,Verifikasi,Gagal,Virtual Machine,Private Network 192.168.x.x,1.0,2.19722457733622,21,5,SYNTHETIC,synth_1129,ANOMALY,scripted_rapid_failure,Moderate,"status,duration_ms,device",3,synth_1129
57.0,Login,Gagal,Virtual Machine,Private Network 192.168.x.x,2.0,0.6931471805599453,22,0,SYNTHETIC,synth_6868,ANOMALY,scripted_rapid_failure,Moderate,"status,duration_ms,device",3,synth_6868
80.0,Logout,Gagal,Virtual Machine,Private Network 192.168.x.x,8.0,0.6931471805599453,20,6,SYNTHETIC,synth_2546,ANOMALY,scripted_rapid_failure,Moderate,"status,duration_ms,device",3,synth_2546
47.0,Logout,Gagal,Virtual Machine,Private Network 192.168.x.x,16.0,0.6931471805599453,15,2,SYNTHETIC,synth_7808,ANOMALY,scripted_rapid_failure,Moderate,"status,duration_ms,device",3,synth_7808
52.0,Akses Berkas,Gagal,Virtual Machine,Private Network 192.168.x.x,20.0,1.791759469228055,23,6,SYNTHETIC,synth_1697,ANOMALY,scripted_rapid_failure,Moderate,"status,duration_ms,device",3,synth_1697
77.0,Logout,Gagal,Virtual Machine,Private Network 192.168.x.x,3.0,0.6931471805599453,16,2,SYNTHETIC,synth_2906,ANOMALY,scripted_rapid_failure,Moderate,"status,duration_ms,device",3,synth_2906
49.0,Login,Gagal,Virtual Machine,Private Network 192.168.x.x,15.0,0.6931471805599453,14,4,SYNTHETIC,synth_9919,ANOMALY,scripted_rapid_failure,Moderate,"status,duration_ms,device",3,synth_9919
63.0,Akses Berkas,Gagal,Virtual Machine,Private Network 192.168.x.x,14.0,2.079441541679836,21,2,SYNTHETIC,synth_2942,ANOMALY,scripted_rapid_failure,Moderate,"status,duration_ms,device",3,synth_2942
53.0,Login,Gagal,Virtual Machine,Private Network 192.168.x.x,19.0,0.6931471805599453,14,3,SYNTHETIC,synth_10503,ANOMALY,scripted_rapid_failure,Moderate,"status,duration_ms,device",3,synth_10503
80.0,Kelola Perkara,Gagal,Virtual Machine,Private Network 192.168.x.x,7.0,2.302585092994046,20,1,SYNTHETIC,synth_12180,ANOMALY,scripted_rapid_failure,Moderate,"status,duration_ms,device",3,synth_12180
84.0,Kelola User,Gagal,Virtual Machine,Localhost / Loopback,13.0,0.6931471805599453,15,1,REAL_DB,real_db_252,ANOMALY,scripted_rapid_failure,Moderate,"status,duration_ms,device",3,real_db_252
86.0,Kelola Perkara,Gagal,Virtual Machine,Private Network 192.168.x.x,16.0,2.3978952727983707,21,6,SYNTHETIC,synth_2288,ANOMALY,scripted_rapid_failure,Moderate,"status,duration_ms,device",3,synth_2288
20.0,Kelola Perkara,Gagal,Virtual Machine,Private Network 192.168.x.x,13.0,1.9459101490553128,23,0,SYNTHETIC,synth_2340,ANOMALY,scripted_rapid_failure,Moderate,"status,duration_ms,device",3,synth_2340
29.0,Login,Gagal,Virtual Machine,Private Network 192.168.x.x,8.0,0.6931471805599453,23,0,SYNTHETIC,synth_8368,ANOMALY,scripted_rapid_failure,Moderate,"status,duration_ms,device",3,synth_8368
40.0,Kelola Perkara,Gagal,Virtual Machine,Private Network 192.168.x.x,5.0,0.6931471805599453,20,6,SYNTHETIC,synth_5358,ANOMALY,scripted_rapid_failure,Moderate,"status,duration_ms,device",3,synth_5358
28.0,Logout,Gagal,Virtual Machine,Private Network 192.168.x.x,1.0,0.6931471805599453,18,0,SYNTHETIC,synth_13831,ANOMALY,scripted_rapid_failure,Moderate,"status,duration_ms,device",3,synth_13831
21.0,Akses Berkas,Gagal,Virtual Machine,Private Network 192.168.x.x,4.0,1.6094379124341005,18,1,SYNTHETIC,synth_11857,ANOMALY,scripted_rapid_failure,Moderate,"status,duration_ms,device",3,synth_11857
32.0,Akses Berkas,Gagal,Virtual Machine,Private Network 192.168.x.x,14.0,2.302585092994046,22,1,SYNTHETIC,synth_594,ANOMALY,scripted_rapid_failure,Moderate,"status,duration_ms,device",3,synth_594
44.0,Logout,Gagal,Virtual Machine,Private Network 192.168.x.x,8.0,0.6931471805599453,16,6,SYNTHETIC,synth_10887,ANOMALY,scripted_rapid_failure,Moderate,"status,duration_ms,device",3,synth_10887
37.0,Kelola Perkara,Gagal,Virtual Machine,Private Network 192.168.x.x,6.0,1.0986122886681098,21,4,SYNTHETIC,synth_8591,ANOMALY,scripted_rapid_failure,Moderate,"status,duration_ms,device",3,synth_8591
82.0,Kelola Perkara,Gagal,Virtual Machine,Private Network 192.168.x.x,17.0,1.0986122886681098,19,5,SYNTHETIC,synth_10634,ANOMALY,scripted_rapid_failure,Moderate,"status,duration_ms,device",3,synth_10634
42.0,Logout,Gagal,Virtual Machine,Private Network 192.168.x.x,15.0,0.6931471805599453,16,0,SYNTHETIC,synth_3478,ANOMALY,scripted_rapid_failure,Moderate,"status,duration_ms,device",3,synth_3478
41.0,Logout,Gagal,Virtual Machine,Private Network 192.168.x.x,2.0,0.6931471805599453,21,6,SYNTHETIC,synth_6503,ANOMALY,scripted_rapid_failure,Moderate,"status,duration_ms,device",3,synth_6503
1.0,Login,Gagal,Virtual Machine,Localhost / Loopback,18.0,0.6931471805599453,3,6,REAL_DB,real_db_342,ANOMALY,scripted_rapid_failure,Moderate,"status,duration_ms,device",3,real_db_342
67.0,Kelola Perkara,Gagal,Virtual Machine,Private Network 192.168.x.x,8.0,0.6931471805599453,23,3,SYNTHETIC,synth_5238,ANOMALY,scripted_rapid_failure,Moderate,"status,duration_ms,device",3,synth_5238
69.0,Login,Gagal,Virtual Machine,Private Network 192.168.x.x,4.0,0.6931471805599453,22,4,SYNTHETIC,synth_6714,ANOMALY,scripted_rapid_failure,Moderate,"status,duration_ms,device",3,synth_6714
6.0,Kelola Perkara,Gagal,Virtual Machine,Private Network 192.168.x.x,15.0,2.079441541679836,23,0,SYNTHETIC,synth_9248,ANOMALY,scripted_rapid_failure,Moderate,"status,duration_ms,device",3,synth_9248
76.0,Kelola Perkara,Gagal,Virtual Machine,Private Network 192.168.x.x,5.0,1.3862943611198906,21,4,SYNTHETIC,synth_11346,ANOMALY,scripted_rapid_failure,Moderate,"status,duration_ms,device",3,synth_11346
45.0,Kelola Perkara,Gagal,Virtual Machine,Private Network 192.168.x.x,15.0,2.19722457733622,23,1,SYNTHETIC,synth_7220,ANOMALY,scripted_rapid_failure,Moderate,"status,duration_ms,device",3,synth_7220
63.0,Kelola Perkara,Gagal,Virtual Machine,Private Network 192.168.x.x,17.0,2.19722457733622,15,4,SYNTHETIC,synth_14785,ANOMALY,scripted_rapid_failure,Moderate,"status,duration_ms,device",3,synth_14785
47.0,Login,Gagal,Virtual Machine,Private Network 192.168.x.x,18.0,0.6931471805599453,14,6,SYNTHETIC,synth_2257,ANOMALY,scripted_rapid_failure,Moderate,"status,duration_ms,device",3,synth_2257
28.0,Logout,Gagal,Virtual Machine,Private Network 192.168.x.x,20.0,0.6931471805599453,17,4,SYNTHETIC,synth_8561,ANOMALY,scripted_rapid_failure,Moderate,"status,duration_ms,device",3,synth_8561
6.0,Login,Gagal,Virtual Machine,Private Network 192.168.x.x,11.0,0.6931471805599453,16,5,SYNTHETIC,synth_9708,ANOMALY,scripted_rapid_failure,Moderate,"status,duration_ms,device",3,synth_9708
6.0,Akses Berkas,Gagal,Virtual Machine,Private Network 192.168.x.x,15.0,1.6094379124341005,17,3,SYNTHETIC,synth_13380,ANOMALY,scripted_rapid_failure,Moderate,"status,duration_ms,device",3,synth_13380
55.0,Verifikasi,Gagal,Virtual Machine,Private Network 192.168.x.x,20.0,2.3978952727983707,14,6,SYNTHETIC,synth_5889,ANOMALY,scripted_rapid_failure,Moderate,"status,duration_ms,device",3,synth_5889
86.0,Logout,Gagal,Virtual Machine,Private Network 192.168.x.x,17.0,0.6931471805599453,21,5,SYNTHETIC,synth_2246,ANOMALY,scripted_rapid_failure,Moderate,"status,duration_ms,device",3,synth_2246
56.0,Kelola Perkara,Gagal,Virtual Machine,Private Network 192.168.x.x,14.0,2.3978952727983707,14,1,SYNTHETIC,synth_3514,ANOMALY,scripted_rapid_failure,Moderate,"status,duration_ms,device",3,synth_3514
86.0,Logout,Gagal,Virtual Machine,Private Network 192.168.x.x,18.0,0.6931471805599453,15,2,SYNTHETIC,synth_10733,ANOMALY,scripted_rapid_failure,Moderate,"status,duration_ms,device",3,synth_10733
84.0,Kelola User,Gagal,Virtual Machine,Private Network 192.168.x.x,15.0,1.3862943611198906,22,0,SYNTHETIC,synth_13017,ANOMALY,scripted_rapid_failure,Moderate,"status,duration_ms,device",3,synth_13017
56.0,Logout,Gagal,Virtual Machine,Private Network 192.168.x.x,6.0,0.6931471805599453,19,3,SYNTHETIC,synth_1282,ANOMALY,scripted_rapid_failure,Moderate,"status,duration_ms,device",3,synth_1282
21.0,Kelola Perkara,Gagal,Virtual Machine,Private Network 192.168.x.x,16.0,1.9459101490553128,21,3,SYNTHETIC,synth_11934,ANOMALY,scripted_rapid_failure,Moderate,"status,duration_ms,device",3,synth_11934
77.0,Logout,Gagal,Virtual Machine,Private Network 192.168.x.x,15.0,0.6931471805599453,19,2,SYNTHETIC,synth_12522,ANOMALY,scripted_rapid_failure,Moderate,"status,duration_ms,device",3,synth_12522
61.0,Akses Berkas,Gagal,Virtual Machine,Private Network 192.168.x.x,9.0,2.19722457733622,19,4,SYNTHETIC,synth_3301,ANOMALY,scripted_rapid_failure,Moderate,"status,duration_ms,device",3,synth_3301
24.0,Login,Gagal,Virtual Machine,Private Network 192.168.x.x,8.0,0.6931471805599453,14,1,SYNTHETIC,synth_4076,ANOMALY,scripted_rapid_failure,Moderate,"status,duration_ms,device",3,synth_4076
51.0,Login,Gagal,Virtual Machine,Private Network 192.168.x.x,9.0,0.6931471805599453,16,1,SYNTHETIC,synth_10934,ANOMALY,scripted_rapid_failure,Moderate,"status,duration_ms,device",3,synth_10934
76.0,Akses Berkas,Gagal,Virtual Machine,Private Network 192.168.x.x,17.0,2.3978952727983707,20,4,SYNTHETIC,synth_5291,ANOMALY,scripted_rapid_failure,Moderate,"status,duration_ms,device",3,synth_5291
53.0,Logout,Gagal,Virtual Machine,Private Network 192.168.x.x,16.0,0.6931471805599453,17,4,SYNTHETIC,synth_7871,ANOMALY,scripted_rapid_failure,Moderate,"status,duration_ms,device",3,synth_7871
56.0,Akses Berkas,Gagal,Virtual Machine,Private Network 192.168.x.x,8.0,2.302585092994046,16,1,SYNTHETIC,synth_5654,ANOMALY,scripted_rapid_failure,Moderate,"status,duration_ms,device",3,synth_5654
27.0,Logout,Gagal,Virtual Machine,Private Network 192.168.x.x,9.0,0.6931471805599453,16,6,SYNTHETIC,synth_6762,ANOMALY,scripted_rapid_failure,Moderate,"status,duration_ms,device",3,synth_6762
22.0,Akses Berkas,Gagal,Virtual Machine,Private Network 192.168.x.x,15.0,2.302585092994046,23,2,SYNTHETIC,synth_8473,ANOMALY,scripted_rapid_failure,Moderate,"status,duration_ms,device",3,synth_8473
26.0,Akses Berkas,Gagal,Virtual Machine,Private Network 192.168.x.x,3.0,2.302585092994046,20,2,SYNTHETIC,synth_6948,ANOMALY,scripted_rapid_failure,Moderate,"status,duration_ms,device",3,synth_6948
23.0,Kelola Perkara,Gagal,Virtual Machine,Private Network 192.168.x.x,10.0,1.3862943611198906,16,2,SYNTHETIC,synth_11248,ANOMALY,scripted_rapid_failure,Moderate,"status,duration_ms,device",3,synth_11248
84.0,Login,Gagal,Virtual Machine,Private Network 192.168.x.x,8.0,0.6931471805599453,22,4,SYNTHETIC,synth_8858,ANOMALY,scripted_rapid_failure,Moderate,"status,duration_ms,device",3,synth_8858
65.0,Logout,Gagal,Virtual Machine,Private Network 192.168.x.x,9.0,0.6931471805599453,18,4,SYNTHETIC,synth_422,ANOMALY,scripted_rapid_failure,Moderate,"status,duration_ms,device",3,synth_422
75.0,Akses Berkas,Gagal,Virtual Machine,Private Network 192.168.x.x,11.0,1.9459101490553128,15,0,SYNTHETIC,synth_1718,ANOMALY,scripted_rapid_failure,Moderate,"status,duration_ms,device",3,synth_1718
1.0,Kelola Perkara,Gagal,Virtual Machine,Localhost / Loopback,11.0,0.6931471805599453,5,3,REAL_DB,real_db_112,ANOMALY,scripted_rapid_failure,Moderate,"status,duration_ms,device",3,real_db_112
1.0,Kelola User,Gagal,Virtual Machine,Localhost / Loopback,18.0,0.6931471805599453,7,3,REAL_DB,real_db_186,ANOMALY,scripted_rapid_failure,Moderate,"status,duration_ms,device",3,real_db_186
47.0,Akses Berkas,Gagal,Virtual Machine,Private Network 192.168.x.x,3.0,2.19722457733622,23,2,SYNTHETIC,synth_8158,ANOMALY,scripted_rapid_failure,Moderate,"status,duration_ms,device",3,synth_8158
34.0,Kelola Perkara,Gagal,Virtual Machine,Private Network 192.168.x.x,5.0,1.3862943611198906,18,4,SYNTHETIC,synth_11707,ANOMALY,scripted_rapid_failure,Moderate,"status,duration_ms,device",3,synth_11707
54.0,Kelola Berkas,Gagal,Virtual Machine,Private Network 192.168.x.x,5.0,2.302585092994046,19,6,SYNTHETIC,synth_2011,ANOMALY,scripted_rapid_failure,Moderate,"status,duration_ms,device",3,synth_2011
20.0,Akses Berkas,Gagal,Virtual Machine,Private Network 192.168.x.x,8.0,2.302585092994046,17,5,SYNTHETIC,synth_3348,ANOMALY,scripted_rapid_failure,Moderate,"status,duration_ms,device",3,synth_3348
20.0,Kelola Perkara,Gagal,Virtual Machine,Private Network 192.168.x.x,13.0,2.302585092994046,16,6,SYNTHETIC,synth_1662,ANOMALY,scripted_rapid_failure,Moderate,"status,duration_ms,device",3,synth_1662
82.0,Logout,Gagal,Virtual Machine,Private Network 192.168.x.x,5.0,0.6931471805599453,15,5,SYNTHETIC,synth_3685,ANOMALY,scripted_rapid_failure,Moderate,"status,duration_ms,device",3,synth_3685
78.0,Login,Gagal,Virtual Machine,Private Network 192.168.x.x,7.0,0.6931471805599453,20,5,SYNTHETIC,synth_6464,ANOMALY,scripted_rapid_failure,Moderate,"status,duration_ms,device",3,synth_6464
35.0,Kelola Perkara,Gagal,Virtual Machine,Private Network 192.168.x.x,3.0,1.3862943611198906,16,5,SYNTHETIC,synth_13729,ANOMALY,scripted_rapid_failure,Moderate,"status,duration_ms,device",3,synth_13729
1.0,Akses Berkas,Gagal,Virtual Machine,Localhost / Loopback,14.0,0.6931471805599453,18,6,REAL_DB,real_db_405,ANOMALY,scripted_rapid_failure,Moderate,"status,duration_ms,device",3,real_db_405
47.0,Akses Berkas,Gagal,Virtual Machine,Private Network 192.168.x.x,14.0,0.6931471805599453,15,2,SYNTHETIC,synth_2382,ANOMALY,scripted_rapid_failure,Moderate,"status,duration_ms,device",3,synth_2382
59.0,Akses Berkas,Gagal,Virtual Machine,Private Network 192.168.x.x,11.0,2.079441541679836,20,1,SYNTHETIC,synth_12185,ANOMALY,scripted_rapid_failure,Moderate,"status,duration_ms,device",3,synth_12185
57.0,Kelola Perkara,Gagal,Virtual Machine,Private Network 192.168.x.x,18.0,2.3978952727983707,16,6,SYNTHETIC,synth_5588,ANOMALY,scripted_rapid_failure,Moderate,"status,duration_ms,device",3,synth_5588
39.0,Kelola Perkara,Gagal,Virtual Machine,Private Network 192.168.x.x,15.0,1.0986122886681098,17,3,SYNTHETIC,synth_2719,ANOMALY,scripted_rapid_failure,Moderate,"status,duration_ms,device",3,synth_2719
35.0,Kelola Perkara,Gagal,Virtual Machine,Private Network 192.168.x.x,14.0,1.6094379124341005,22,5,SYNTHETIC,synth_7682,ANOMALY,scripted_rapid_failure,Moderate,"status,duration_ms,device",3,synth_7682
51.0,Login,Gagal,Virtual Machine,Private Network 192.168.x.x,2.0,0.6931471805599453,15,0,SYNTHETIC,synth_7460,ANOMALY,scripted_rapid_failure,Moderate,"status,duration_ms,device",3,synth_7460
21.0,Akses Berkas,Gagal,Virtual Machine,Private Network 192.168.x.x,7.0,2.302585092994046,18,0,SYNTHETIC,synth_7476,ANOMALY,scripted_rapid_failure,Moderate,"status,duration_ms,device",3,synth_7476
85.0,Login,Gagal,Virtual Machine,Private Network 192.168.x.x,14.0,0.6931471805599453,18,5,SYNTHETIC,synth_1353,ANOMALY,scripted_rapid_failure,Moderate,"status,duration_ms,device",3,synth_1353
73.0,Logout,Gagal,Virtual Machine,Private Network 192.168.x.x,13.0,0.6931471805599453,20,1,SYNTHETIC,synth_2114,ANOMALY,scripted_rapid_failure,Moderate,"status,duration_ms,device",3,synth_2114
37.0,Logout,Gagal,Virtual Machine,Private Network 192.168.x.x,19.0,0.6931471805599453,18,1,SYNTHETIC,synth_9286,ANOMALY,scripted_rapid_failure,Moderate,"status,duration_ms,device",3,synth_9286
36.0,Akses Berkas,Gagal,Virtual Machine,Private Network 192.168.x.x,1.0,1.791759469228055,19,2,SYNTHETIC,synth_13883,ANOMALY,scripted_rapid_failure,Moderate,"status,duration_ms,device",3,synth_13883
29.0,Logout,Gagal,Virtual Machine,Private Network 192.168.x.x,19.0,0.6931471805599453,20,6,SYNTHETIC,synth_4810,ANOMALY,scripted_rapid_failure,Moderate,"status,duration_ms,device",3,synth_4810
6.0,Logout,Gagal,Virtual Machine,Private Network 192.168.x.x,13.0,0.6931471805599453,23,0,SYNTHETIC,synth_4595,ANOMALY,scripted_rapid_failure,Moderate,"status,duration_ms,device",3,synth_4595
83.0,Logout,Gagal,Virtual Machine,Private Network 192.168.x.x,16.0,0.6931471805599453,22,1,SYNTHETIC,synth_5446,ANOMALY,scripted_rapid_failure,Moderate,"status,duration_ms,device",3,synth_5446
23.0,Logout,Gagal,Virtual Machine,Private Network 192.168.x.x,1.0,0.6931471805599453,18,3,SYNTHETIC,synth_9060,ANOMALY,scripted_rapid_failure,Moderate,"status,duration_ms,device",3,synth_9060
67.0,Kelola Perkara,Gagal,Virtual Machine,Private Network 192.168.x.x,12.0,2.302585092994046,17,1,SYNTHETIC,synth_4366,ANOMALY,scripted_rapid_failure,Moderate,"status,duration_ms,device",3,synth_4366
67.0,Akses Berkas,Gagal,Virtual Machine,Private Network 192.168.x.x,10.0,1.0986122886681098,21,3,SYNTHETIC,synth_9637,ANOMALY,scripted_rapid_failure,Moderate,"status,duration_ms,device",3,synth_9637
27.0,Login,Gagal,Virtual Machine,Private Network 192.168.x.x,13.0,0.6931471805599453,15,5,SYNTHETIC,synth_4250,ANOMALY,scripted_rapid_failure,Moderate,"status,duration_ms,device",3,synth_4250
68.0,Logout,Gagal,Virtual Machine,Private Network 192.168.x.x,14.0,0.6931471805599453,20,3,SYNTHETIC,synth_3610,ANOMALY,scripted_rapid_failure,Moderate,"status,duration_ms,device",3,synth_3610
82.0,Akses Berkas,Gagal,Virtual Machine,Private Network 192.168.x.x,18.0,2.302585092994046,19,3,SYNTHETIC,synth_5209,ANOMALY,scripted_rapid_failure,Moderate,"status,duration_ms,device",3,synth_5209
64.0,Kelola Perkara,Gagal,Virtual Machine,Private Network 192.168.x.x,18.0,2.302585092994046,15,2,SYNTHETIC,synth_7802,ANOMALY,scripted_rapid_failure,Moderate,"status,duration_ms,device",3,synth_7802
43.0,Kelola Perkara,Gagal,Virtual Machine,Private Network 192.168.x.x,20.0,1.791759469228055,22,3,SYNTHETIC,synth_5234,ANOMALY,scripted_rapid_failure,Moderate,"status,duration_ms,device",3,synth_5234
63.0,Logout,Gagal,Virtual Machine,Private Network 192.168.x.x,8.0,0.6931471805599453,17,4,SYNTHETIC,synth_6424,ANOMALY,scripted_rapid_failure,Moderate,"status,duration_ms,device",3,synth_6424
54.0,Kelola Perkara,Gagal,Virtual Machine,Private Network 192.168.x.x,16.0,2.19722457733622,17,3,SYNTHETIC,synth_11292,ANOMALY,scripted_rapid_failure,Moderate,"status,duration_ms,device",3,synth_11292
51.0,Kelola Perkara,Gagal,Virtual Machine,Private Network 192.168.x.x,8.0,1.6094379124341005,15,3,SYNTHETIC,synth_13375,ANOMALY,scripted_rapid_failure,Moderate,"status,duration_ms,device",3,synth_13375
45.0,Akses Berkas,Gagal,Virtual Machine,Private Network 192.168.x.x,9.0,2.19722457733622,14,4,SYNTHETIC,synth_7338,ANOMALY,scripted_rapid_failure,Moderate,"status,duration_ms,device",3,synth_7338
64.0,Akses Berkas,Gagal,Virtual Machine,Private Network 192.168.x.x,14.0,1.6094379124341005,23,5,SYNTHETIC,synth_185,ANOMALY,scripted_rapid_failure,Moderate,"status,duration_ms,device",3,synth_185
25.0,Kelola Perkara,Gagal,Virtual Machine,Private Network 192.168.x.x,16.0,2.302585092994046,21,1,SYNTHETIC,synth_9288,ANOMALY,scripted_rapid_failure,Moderate,"status,duration_ms,device",3,synth_9288
78.0,Kelola Perkara,Gagal,Virtual Machine,Private Network 192.168.x.x,1.0,2.302585092994046,22,1,SYNTHETIC,synth_1789,ANOMALY,scripted_rapid_failure,Moderate,"status,duration_ms,device",3,synth_1789
50.0,Logout,Gagal,Virtual Machine,Private Network 192.168.x.x,13.0,0.6931471805599453,16,2,SYNTHETIC,synth_323,ANOMALY,scripted_rapid_failure,Moderate,"status,duration_ms,device",3,synth_323
1.0,Login,Gagal,Virtual Machine,Private Network 192.168.x.x,11.0,0.6931471805599453,23,6,SYNTHETIC,synth_3747,ANOMALY,scripted_rapid_failure,Moderate,"status,duration_ms,device",3,synth_3747
8.0,Login,Gagal,Virtual Machine,Private Network 192.168.x.x,13.0,0.6931471805599453,15,4,SYNTHETIC,synth_14790,ANOMALY,scripted_rapid_failure,Moderate,"status,duration_ms,device",3,synth_14790
37.0,Logout,Gagal,Virtual Machine,Private Network 192.168.x.x,6.0,0.6931471805599453,22,5,SYNTHETIC,synth_5328,ANOMALY,scripted_rapid_failure,Moderate,"status,duration_ms,device",3,synth_5328
42.0,Akses Berkas,Gagal,Virtual Machine,Private Network 192.168.x.x,15.0,1.0986122886681098,14,3,SYNTHETIC,synth_10759,ANOMALY,scripted_rapid_failure,Moderate,"status,duration_ms,device",3,synth_10759
47.0,Logout,Gagal,Virtual Machine,Private Network 192.168.x.x,5.0,0.6931471805599453,20,4,SYNTHETIC,synth_7036,ANOMALY,scripted_rapid_failure,Moderate,"status,duration_ms,device",3,synth_7036
51.0,Login,Gagal,Virtual Machine,Private Network 192.168.x.x,20.0,0.6931471805599453,17,0,SYNTHETIC,synth_6842,ANOMALY,scripted_rapid_failure,Moderate,"status,duration_ms,device",3,synth_6842
1.0,Keamanan & 2FA,Gagal,Virtual Machine,Localhost / Loopback,18.0,0.6931471805599453,5,0,REAL_DB,real_db_67,ANOMALY,scripted_rapid_failure,Moderate,"status,duration_ms,device",3,real_db_67
61.0,Akses Berkas,Gagal,Virtual Machine,Private Network 192.168.x.x,1.0,1.3862943611198906,15,4,SYNTHETIC,synth_10801,ANOMALY,scripted_rapid_failure,Moderate,"status,duration_ms,device",3,synth_10801
86.0,Akses Berkas,Gagal,Virtual Machine,Private Network 192.168.x.x,13.0,1.791759469228055,14,0,SYNTHETIC,synth_2832,ANOMALY,scripted_rapid_failure,Moderate,"status,duration_ms,device",3,synth_2832
49.0,Logout,Gagal,Virtual Machine,Private Network 192.168.x.x,19.0,0.6931471805599453,19,5,SYNTHETIC,synth_10848,ANOMALY,scripted_rapid_failure,Moderate,"status,duration_ms,device",3,synth_10848
38.0,Kelola Perkara,Gagal,Virtual Machine,Private Network 192.168.x.x,19.0,1.3862943611198906,16,5,SYNTHETIC,synth_7654,ANOMALY,scripted_rapid_failure,Moderate,"status,duration_ms,device",3,synth_7654
33.0,Login,Gagal,Virtual Machine,Private Network 192.168.x.x,1.0,0.6931471805599453,14,0,SYNTHETIC,synth_9757,ANOMALY,scripted_rapid_failure,Moderate,"status,duration_ms,device",3,synth_9757
61.0,Kelola Perkara,Gagal,Virtual Machine,Private Network 192.168.x.x,3.0,1.791759469228055,21,1,SYNTHETIC,synth_10438,ANOMALY,scripted_rapid_failure,Moderate,"status,duration_ms,device",3,synth_10438
43.0,Login,Gagal,Virtual Machine,Private Network 192.168.x.x,14.0,0.6931471805599453,22,0,SYNTHETIC,synth_8364,ANOMALY,scripted_rapid_failure,Moderate,"status,duration_ms,device",3,synth_8364
57.0,Logout,Gagal,Virtual Machine,Private Network 192.168.x.x,5.0,0.6931471805599453,17,3,SYNTHETIC,synth_6357,ANOMALY,scripted_rapid_failure,Moderate,"status,duration_ms,device",3,synth_6357
55.0,Akses Berkas,Gagal,Virtual Machine,Private Network 192.168.x.x,15.0,0.6931471805599453,19,0,SYNTHETIC,synth_10384,ANOMALY,scripted_rapid_failure,Moderate,"status,duration_ms,device",3,synth_10384
8.0,Logout,Gagal,Virtual Machine,Private Network 192.168.x.x,6.0,0.6931471805599453,19,6,SYNTHETIC,synth_5352,ANOMALY,scripted_rapid_failure,Moderate,"status,duration_ms,device",3,synth_5352
81.0,Logout,Gagal,Virtual Machine,Private Network 192.168.x.x,2.0,0.6931471805599453,17,5,SYNTHETIC,synth_5055,ANOMALY,scripted_rapid_failure,Moderate,"status,duration_ms,device",3,synth_5055
83.0,Logout,Gagal,Virtual Machine,Private Network 192.168.x.x,9.0,0.6931471805599453,17,2,SYNTHETIC,synth_8112,ANOMALY,scripted_rapid_failure,Moderate,"status,duration_ms,device",3,synth_8112
83.0,Login,Gagal,Virtual Machine,Private Network 192.168.x.x,13.0,0.6931471805599453,17,3,SYNTHETIC,synth_2421,ANOMALY,scripted_rapid_failure,Moderate,"status,duration_ms,device",3,synth_2421
26.0,Login,Gagal,Virtual Machine,Private Network 192.168.x.x,11.0,0.6931471805599453,20,2,SYNTHETIC,synth_9331,ANOMALY,scripted_rapid_failure,Moderate,"status,duration_ms,device",3,synth_9331
55.0,Logout,Gagal,Virtual Machine,Private Network 192.168.x.x,7.0,0.6931471805599453,18,1,SYNTHETIC,synth_2642,ANOMALY,scripted_rapid_failure,Moderate,"status,duration_ms,device",3,synth_2642
19.0,Login,Gagal,Virtual Machine,Private Network 192.168.x.x,15.0,0.6931471805599453,18,3,SYNTHETIC,synth_12275,ANOMALY,scripted_rapid_failure,Moderate,"status,duration_ms,device",3,synth_12275
59.0,Akses Berkas,Gagal,Virtual Machine,Private Network 192.168.x.x,11.0,1.6094379124341005,17,5,SYNTHETIC,synth_4519,ANOMALY,scripted_rapid_failure,Moderate,"status,duration_ms,device",3,synth_4519
84.0,Verifikasi,Gagal,Virtual Machine,Localhost / Loopback,11.0,0.6931471805599453,15,1,REAL_DB,real_db_283,ANOMALY,scripted_rapid_failure,Moderate,"status,duration_ms,device",3,real_db_283
69.0,Login,Gagal,Virtual Machine,Private Network 192.168.x.x,13.0,0.6931471805599453,23,5,SYNTHETIC,synth_5571,ANOMALY,scripted_rapid_failure,Moderate,"status,duration_ms,device",3,synth_5571
36.0,Logout,Gagal,Virtual Machine,Private Network 192.168.x.x,9.0,0.6931471805599453,18,4,SYNTHETIC,synth_10241,ANOMALY,scripted_rapid_failure,Moderate,"status,duration_ms,device",3,synth_10241
86.0,Kelola Perkara,Gagal,Virtual Machine,Private Network 192.168.x.x,14.0,0.6931471805599453,16,6,SYNTHETIC,synth_10330,ANOMALY,scripted_rapid_failure,Moderate,"status,duration_ms,device",3,synth_10330
32.0,Kelola Perkara,Gagal,Virtual Machine,Private Network 192.168.x.x,9.0,1.0986122886681098,20,1,SYNTHETIC,synth_11541,ANOMALY,scripted_rapid_failure,Moderate,"status,duration_ms,device",3,synth_11541
83.0,Akses Berkas,Gagal,Virtual Machine,Private Network 192.168.x.x,3.0,1.9459101490553128,21,5,SYNTHETIC,synth_14293,ANOMALY,scripted_rapid_failure,Moderate,"status,duration_ms,device",3,synth_14293
22.0,Akses Berkas,Gagal,Virtual Machine,Private Network 192.168.x.x,16.0,1.3862943611198906,19,4,SYNTHETIC,synth_4485,ANOMALY,scripted_rapid_failure,Moderate,"status,duration_ms,device",3,synth_4485
45.0,Login,Gagal,Virtual Machine,Private Network 192.168.x.x,1.0,0.6931471805599453,22,4,SYNTHETIC,synth_8246,ANOMALY,scripted_rapid_failure,Moderate,"status,duration_ms,device",3,synth_8246
55.0,Kelola Perkara,Gagal,Virtual Machine,Private Network 192.168.x.x,18.0,2.3978952727983707,16,3,SYNTHETIC,synth_4670,ANOMALY,scripted_rapid_failure,Moderate,"status,duration_ms,device",3,synth_4670
48.0,Kelola Perkara,Gagal,Virtual Machine,Private Network 192.168.x.x,2.0,2.3978952727983707,22,2,SYNTHETIC,synth_10487,ANOMALY,scripted_rapid_failure,Moderate,"status,duration_ms,device",3,synth_10487
20.0,Akses Berkas,Gagal,Virtual Machine,Private Network 192.168.x.x,12.0,0.6931471805599453,21,4,SYNTHETIC,synth_14811,ANOMALY,scripted_rapid_failure,Moderate,"status,duration_ms,device",3,synth_14811
77.0,Login,Gagal,Virtual Machine,Private Network 192.168.x.x,8.0,0.6931471805599453,17,1,SYNTHETIC,synth_272,ANOMALY,scripted_rapid_failure,Moderate,"status,duration_ms,device",3,synth_272
24.0,Login,Gagal,Virtual Machine,Private Network 192.168.x.x,3.0,0.6931471805599453,22,1,SYNTHETIC,synth_13065,ANOMALY,scripted_rapid_failure,Moderate,"status,duration_ms,device",3,synth_13065
78.0,Akses Berkas,Gagal,Virtual Machine,Private Network 192.168.x.x,2.0,1.3862943611198906,22,1,SYNTHETIC,synth_1790,ANOMALY,scripted_rapid_failure,Moderate,"status,duration_ms,device",3,synth_1790
54.0,Login,Gagal,Virtual Machine,Private Network 192.168.x.x,1.0,0.6931471805599453,23,2,SYNTHETIC,synth_13616,ANOMALY,scripted_rapid_failure,Moderate,"status,duration_ms,device",3,synth_13616
60.0,Login,Gagal,Virtual Machine,Private Network 192.168.x.x,8.0,0.6931471805599453,19,6,SYNTHETIC,synth_4800,ANOMALY,scripted_rapid_failure,Moderate,"status,duration_ms,device",3,synth_4800
68.0,Login,Gagal,Virtual Machine,Private Network 192.168.x.x,7.0,0.6931471805599453,19,2,SYNTHETIC,synth_6337,ANOMALY,scripted_rapid_failure,Moderate,"status,duration_ms,device",3,synth_6337
63.0,Login,Gagal,Virtual Machine,Private Network 192.168.x.x,1.0,0.6931471805599453,23,0,SYNTHETIC,synth_564,ANOMALY,scripted_rapid_failure,Moderate,"status,duration_ms,device",3,synth_564
6.0,Akses Berkas,Gagal,Virtual Machine,Private Network 192.168.x.x,20.0,2.302585092994046,19,5,SYNTHETIC,synth_12925,ANOMALY,scripted_rapid_failure,Moderate,"status,duration_ms,device",3,synth_12925
36.0,Akses Berkas,Gagal,Virtual Machine,Private Network 192.168.x.x,5.0,2.3978952727983707,18,4,SYNTHETIC,synth_10240,ANOMALY,scripted_rapid_failure,Moderate,"status,duration_ms,device",3,synth_10240
45.0,Logout,Gagal,Virtual Machine,Private Network 192.168.x.x,8.0,0.6931471805599453,21,1,SYNTHETIC,synth_10725,ANOMALY,scripted_rapid_failure,Moderate,"status,duration_ms,device",3,synth_10725
49.0,Logout,Gagal,Virtual Machine,Private Network 192.168.x.x,5.0,0.6931471805599453,20,4,SYNTHETIC,synth_14234,ANOMALY,scripted_rapid_failure,Moderate,"status,duration_ms,device",3,synth_14234
48.0,Akses Berkas,Gagal,Virtual Machine,Private Network 192.168.x.x,16.0,2.302585092994046,19,6,SYNTHETIC,synth_13275,ANOMALY,scripted_rapid_failure,Moderate,"status,duration_ms,device",3,synth_13275
50.0,Logout,Gagal,Virtual Machine,Private Network 192.168.x.x,4.0,0.6931471805599453,16,0,SYNTHETIC,synth_12112,ANOMALY,scripted_rapid_failure,Moderate,"status,duration_ms,device",3,synth_12112
45.0,Logout,Gagal,Virtual Machine,Private Network 192.168.x.x,19.0,0.6931471805599453,19,1,SYNTHETIC,synth_14673,ANOMALY,scripted_rapid_failure,Moderate,"status,duration_ms,device",3,synth_14673
33.0,Kelola Perkara,Gagal,Virtual Machine,Private Network 192.168.x.x,7.0,1.791759469228055,20,5,SYNTHETIC,synth_5870,ANOMALY,scripted_rapid_failure,Moderate,"status,duration_ms,device",3,synth_5870
31.0,Akses Berkas,Gagal,Virtual Machine,Private Network 192.168.x.x,15.0,1.791759469228055,19,0,SYNTHETIC,synth_9784,ANOMALY,scripted_rapid_failure,Moderate,"status,duration_ms,device",3,synth_9784
25.0,Login,Gagal,Virtual Machine,Private Network 192.168.x.x,9.0,0.6931471805599453,21,6,SYNTHETIC,synth_8311,ANOMALY,scripted_rapid_failure,Moderate,"status,duration_ms,device",3,synth_8311
1.0,Logout,Gagal,Virtual Machine,Private Network 192.168.x.x,12.0,0.6931471805599453,18,1,SYNTHETIC,synth_12164,ANOMALY,scripted_rapid_failure,Moderate,"status,duration_ms,device",3,synth_12164
50.0,Login,Gagal,Virtual Machine,Private Network 192.168.x.x,6.0,0.6931471805599453,21,4,SYNTHETIC,synth_149,ANOMALY,scripted_rapid_failure,Moderate,"status,duration_ms,device",3,synth_149
52.0,Logout,Gagal,Virtual Machine,Private Network 192.168.x.x,20.0,0.6931471805599453,15,6,SYNTHETIC,synth_480,ANOMALY,scripted_rapid_failure,Moderate,"status,duration_ms,device",3,synth_480
67.0,Akses Berkas,Berhasil,PC Windows,Private Network 192.168.x.x,50.0,79.0,17,2,SYNTHETIC,synth_2388,ANOMALY,mass_exfiltration_scraping,Severe,"object_count,duration_ms,activity",3,synth_2388
54.0,Akses Berkas,Berhasil,PC Windows,Private Network 192.168.x.x,20.0,91.0,20,2,SYNTHETIC,synth_14169,ANOMALY,mass_exfiltration_scraping,Severe,"object_count,duration_ms,activity",3,synth_14169
25.0,Akses Berkas,Berhasil,iOS,Private Network 192.168.x.x,38.0,77.0,14,3,SYNTHETIC,synth_5751,ANOMALY,mass_exfiltration_scraping,Severe,"object_count,duration_ms,activity",3,synth_5751
59.0,Akses Berkas,Berhasil,PC Windows,Private Network 192.168.x.x,20.0,56.0,21,2,SYNTHETIC,synth_4920,ANOMALY,mass_exfiltration_scraping,Severe,"object_count,duration_ms,activity",3,synth_4920
43.0,Akses Berkas,Berhasil,iOS,Private Network 192.168.x.x,44.0,197.0,0,1,SYNTHETIC,synth_4851,ANOMALY,mass_exfiltration_scraping,Severe,"object_count,duration_ms,activity",3,synth_4851
49.0,Akses Berkas,Berhasil,PC Windows,Private Network 192.168.x.x,26.0,146.0,15,3,SYNTHETIC,synth_8787,ANOMALY,mass_exfiltration_scraping,Severe,"object_count,duration_ms,activity",3,synth_8787
53.0,Akses Berkas,Berhasil,PC Windows,Private Network 192.168.x.x,5.0,100.0,16,6,SYNTHETIC,synth_5597,ANOMALY,mass_exfiltration_scraping,Severe,"object_count,duration_ms,activity",3,synth_5597
76.0,Akses Berkas,Berhasil,iOS,Private Network 192.168.x.x,7.0,112.0,21,3,SYNTHETIC,synth_2447,ANOMALY,mass_exfiltration_scraping,Severe,"object_count,duration_ms,activity",3,synth_2447
51.0,Akses Berkas,Berhasil,PC Windows,Private Network 192.168.x.x,44.0,127.0,15,1,SYNTHETIC,synth_1770,ANOMALY,mass_exfiltration_scraping,Severe,"object_count,duration_ms,activity",3,synth_1770
83.0,Akses Berkas,Berhasil,PC Windows,Private Network 192.168.x.x,37.0,80.0,15,6,SYNTHETIC,synth_11124,ANOMALY,mass_exfiltration_scraping,Severe,"object_count,duration_ms,activity",3,synth_11124
45.0,Akses Berkas,Berhasil,PC Windows,Private Network 192.168.x.x,23.0,60.0,15,2,SYNTHETIC,synth_14975,ANOMALY,mass_exfiltration_scraping,Severe,"object_count,duration_ms,activity",3,synth_14975
31.0,Akses Berkas,Berhasil,Android,Private Network 192.168.x.x,28.0,186.0,14,3,SYNTHETIC,synth_13373,ANOMALY,mass_exfiltration_scraping,Severe,"object_count,duration_ms,activity",3,synth_13373
31.0,Akses Berkas,Berhasil,Android,Private Network 192.168.x.x,5.0,144.0,14,3,SYNTHETIC,synth_13370,ANOMALY,mass_exfiltration_scraping,Severe,"object_count,duration_ms,activity",3,synth_13370
64.0,Akses Berkas,Berhasil,PC Windows,Private Network 192.168.x.x,42.0,179.0,16,0,SYNTHETIC,synth_5101,ANOMALY,mass_exfiltration_scraping,Severe,"object_count,duration_ms,activity",3,synth_5101
22.0,Akses Berkas,Berhasil,PC Windows,Private Network 192.168.x.x,1.0,137.0,19,5,SYNTHETIC,synth_10629,ANOMALY,mass_exfiltration_scraping,Severe,"object_count,duration_ms,activity",3,synth_10629
74.0,Akses Berkas,Berhasil,PC Windows,Private Network 192.168.x.x,32.0,157.0,14,0,SYNTHETIC,synth_12690,ANOMALY,mass_exfiltration_scraping,Severe,"object_count,duration_ms,activity",3,synth_12690
1.0,Akses Berkas,Berhasil,PC Windows,Private Network 192.168.x.x,28.0,77.0,19,6,SYNTHETIC,synth_2817,ANOMALY,mass_exfiltration_scraping,Severe,"object_count,duration_ms,activity",3,synth_2817
64.0,Akses Berkas,Berhasil,PC Windows,Private Network 192.168.x.x,41.0,142.0,20,6,SYNTHETIC,synth_14878,ANOMALY,mass_exfiltration_scraping,Severe,"object_count,duration_ms,activity",3,synth_14878
25.0,Akses Berkas,Berhasil,iOS,Private Network 192.168.x.x,46.0,167.0,18,3,SYNTHETIC,synth_9380,ANOMALY,mass_exfiltration_scraping,Severe,"object_count,duration_ms,activity",3,synth_9380
24.0,Akses Berkas,Berhasil,iOS,Private Network 192.168.x.x,28.0,89.0,18,3,SYNTHETIC,synth_4192,ANOMALY,mass_exfiltration_scraping,Severe,"object_count,duration_ms,activity",3,synth_4192
29.0,Akses Berkas,Berhasil,PC Windows,Private Network 192.168.x.x,47.0,95.0,18,6,SYNTHETIC,synth_7709,ANOMALY,mass_exfiltration_scraping,Severe,"object_count,duration_ms,activity",3,synth_7709
66.0,Akses Berkas,Berhasil,PC Windows,Private Network 192.168.x.x,42.0,183.0,14,2,SYNTHETIC,synth_5448,ANOMALY,mass_exfiltration_scraping,Severe,"object_count,duration_ms,activity",3,synth_5448
6.0,Akses Berkas,Berhasil,PC Windows,Private Network 192.168.x.x,40.0,119.0,23,0,SYNTHETIC,synth_4590,ANOMALY,mass_exfiltration_scraping,Severe,"object_count,duration_ms,activity",3,synth_4590
52.0,Akses Berkas,Berhasil,PC Windows,Private Network 192.168.x.x,50.0,187.0,15,3,SYNTHETIC,synth_8482,ANOMALY,mass_exfiltration_scraping,Severe,"object_count,duration_ms,activity",3,synth_8482
51.0,Akses Berkas,Berhasil,PC Windows,Private Network 192.168.x.x,30.0,173.0,16,2,SYNTHETIC,synth_13077,ANOMALY,mass_exfiltration_scraping,Severe,"object_count,duration_ms,activity",3,synth_13077
74.0,Akses Berkas,Berhasil,PC Windows,Private Network 192.168.x.x,47.0,161.0,14,3,SYNTHETIC,synth_10507,ANOMALY,mass_exfiltration_scraping,Severe,"object_count,duration_ms,activity",3,synth_10507
34.0,Akses Berkas,Berhasil,PC Windows,Private Network 192.168.x.x,21.0,118.0,21,4,SYNTHETIC,synth_14531,ANOMALY,mass_exfiltration_scraping,Severe,"object_count,duration_ms,activity",3,synth_14531
49.0,Akses Berkas,Berhasil,PC Windows,Private Network 192.168.x.x,6.0,112.0,19,4,SYNTHETIC,synth_1048,ANOMALY,mass_exfiltration_scraping,Severe,"object_count,duration_ms,activity",3,synth_1048
31.0,Akses Berkas,Berhasil,Android,Private Network 192.168.x.x,29.0,121.0,17,5,SYNTHETIC,synth_9150,ANOMALY,mass_exfiltration_scraping,Severe,"object_count,duration_ms,activity",3,synth_9150
55.0,Akses Berkas,Gagal,PC Windows,Private Network 192.168.x.x,49.0,112.0,23,1,SYNTHETIC,synth_919,ANOMALY,mass_exfiltration_scraping,Severe,"object_count,duration_ms,activity",3,synth_919
36.0,Akses Berkas,Berhasil,PC Windows,Private Network 192.168.x.x,37.0,168.0,20,5,SYNTHETIC,synth_3969,ANOMALY,mass_exfiltration_scraping,Severe,"object_count,duration_ms,activity",3,synth_3969
35.0,Akses Berkas,Berhasil,PC Windows,Private Network 192.168.x.x,22.0,147.0,18,2,SYNTHETIC,synth_967,ANOMALY,mass_exfiltration_scraping,Severe,"object_count,duration_ms,activity",3,synth_967
82.0,Akses Berkas,Berhasil,Android,Private Network 192.168.x.x,32.0,57.0,19,1,SYNTHETIC,synth_6574,ANOMALY,mass_exfiltration_scraping,Severe,"object_count,duration_ms,activity",3,synth_6574
23.0,Akses Berkas,Berhasil,PC Windows,Private Network 192.168.x.x,12.0,133.0,20,4,SYNTHETIC,synth_11983,ANOMALY,mass_exfiltration_scraping,Severe,"object_count,duration_ms,activity",3,synth_11983
51.0,Akses Berkas,Berhasil,PC Windows,Private Network 192.168.x.x,14.0,174.0,16,1,SYNTHETIC,synth_10937,ANOMALY,mass_exfiltration_scraping,Severe,"object_count,duration_ms,activity",3,synth_10937
57.0,Akses Berkas,Berhasil,PC Windows,Private Network 192.168.x.x,17.0,140.0,18,4,SYNTHETIC,synth_12307,ANOMALY,mass_exfiltration_scraping,Severe,"object_count,duration_ms,activity",3,synth_12307
86.0,Akses Berkas,Berhasil,Android,Private Network 192.168.x.x,18.0,137.0,23,0,SYNTHETIC,synth_5981,ANOMALY,mass_exfiltration_scraping,Severe,"object_count,duration_ms,activity",3,synth_5981
55.0,Akses Berkas,Berhasil,PC Windows,Private Network 192.168.x.x,36.0,120.0,15,5,SYNTHETIC,synth_9983,ANOMALY,mass_exfiltration_scraping,Severe,"object_count,duration_ms,activity",3,synth_9983
55.0,Akses Berkas,Berhasil,PC Windows,Private Network 192.168.x.x,34.0,52.0,15,5,SYNTHETIC,synth_12628,ANOMALY,mass_exfiltration_scraping,Severe,"object_count,duration_ms,activity",3,synth_12628
56.0,Akses Berkas,Berhasil,PC Windows,Private Network 192.168.x.x,6.0,98.0,17,5,SYNTHETIC,synth_9450,ANOMALY,mass_exfiltration_scraping,Severe,"object_count,duration_ms,activity",3,synth_9450
72.0,Akses Berkas,Berhasil,Android,Private Network 192.168.x.x,47.0,111.0,16,1,SYNTHETIC,synth_1215,ANOMALY,mass_exfiltration_scraping,Severe,"object_count,duration_ms,activity",3,synth_1215
28.0,Akses Berkas,Berhasil,iOS,Private Network 192.168.x.x,32.0,154.0,15,3,SYNTHETIC,synth_4946,ANOMALY,mass_exfiltration_scraping,Severe,"object_count,duration_ms,activity",3,synth_4946
36.0,Akses Berkas,Berhasil,PC Windows,Private Network 192.168.x.x,49.0,192.0,21,0,SYNTHETIC,synth_5400,ANOMALY,mass_exfiltration_scraping,Severe,"object_count,duration_ms,activity",3,synth_5400
85.0,Akses Berkas,Berhasil,PC Windows,Private Network 192.168.x.x,45.0,111.0,16,2,SYNTHETIC,synth_9311,ANOMALY,mass_exfiltration_scraping,Severe,"object_count,duration_ms,activity",3,synth_9311
38.0,Akses Berkas,Berhasil,PC Windows,Private Network 192.168.x.x,42.0,171.0,19,1,SYNTHETIC,synth_10118,ANOMALY,mass_exfiltration_scraping,Severe,"object_count,duration_ms,activity",3,synth_10118
19.0,Akses Berkas,Berhasil,iOS,Private Network 192.168.x.x,29.0,175.0,23,6,SYNTHETIC,synth_8666,ANOMALY,mass_exfiltration_scraping,Severe,"object_count,duration_ms,activity",3,synth_8666
68.0,Akses Berkas,Berhasil,PC Windows,Private Network 192.168.x.x,6.0,54.0,19,1,SYNTHETIC,synth_1485,ANOMALY,mass_exfiltration_scraping,Severe,"object_count,duration_ms,activity",3,synth_1485
84.0,Akses Berkas,Berhasil,PC Windows,Private Network 192.168.x.x,15.0,125.0,14,6,SYNTHETIC,synth_10025,ANOMALY,mass_exfiltration_scraping,Severe,"object_count,duration_ms,activity",3,synth_10025
70.0,Akses Berkas,Berhasil,iOS,Private Network 192.168.x.x,45.0,153.0,14,2,SYNTHETIC,synth_8733,ANOMALY,mass_exfiltration_scraping,Severe,"object_count,duration_ms,activity",3,synth_8733
66.0,Akses Berkas,Berhasil,PC Windows,Private Network 192.168.x.x,20.0,112.0,21,2,SYNTHETIC,synth_8459,ANOMALY,mass_exfiltration_scraping,Severe,"object_count,duration_ms,activity",3,synth_8459
49.0,Akses Berkas,Berhasil,PC Windows,Private Network 192.168.x.x,24.0,198.0,19,5,SYNTHETIC,synth_10847,ANOMALY,mass_exfiltration_scraping,Severe,"object_count,duration_ms,activity",3,synth_10847
40.0,Akses Berkas,Berhasil,Android,Private Network 192.168.x.x,36.0,171.0,22,6,SYNTHETIC,synth_798,ANOMALY,mass_exfiltration_scraping,Severe,"object_count,duration_ms,activity",3,synth_798
80.0,Akses Berkas,Berhasil,PC Windows,Private Network 192.168.x.x,23.0,185.0,23,4,SYNTHETIC,synth_7379,ANOMALY,mass_exfiltration_scraping,Severe,"object_count,duration_ms,activity",3,synth_7379
65.0,Akses Berkas,Berhasil,PC Windows,Private Network 192.168.x.x,48.0,158.0,18,5,SYNTHETIC,synth_8871,ANOMALY,mass_exfiltration_scraping,Severe,"object_count,duration_ms,activity",3,synth_8871
33.0,Akses Berkas,Berhasil,PC Windows,Private Network 192.168.x.x,22.0,190.0,21,3,SYNTHETIC,synth_4197,ANOMALY,mass_exfiltration_scraping,Severe,"object_count,duration_ms,activity",3,synth_4197
21.0,Akses Berkas,Berhasil,PC Windows,Private Network 192.168.x.x,45.0,140.0,16,6,SYNTHETIC,synth_9747,ANOMALY,mass_exfiltration_scraping,Severe,"object_count,duration_ms,activity",3,synth_9747
18.0,Akses Berkas,Berhasil,PC Windows,Private Network 192.168.x.x,18.0,166.0,19,1,SYNTHETIC,synth_8073,ANOMALY,mass_exfiltration_scraping,Severe,"object_count,duration_ms,activity",3,synth_8073
54.0,Akses Berkas,Berhasil,PC Windows,Private Network 192.168.x.x,17.0,128.0,17,0,SYNTHETIC,synth_9211,ANOMALY,mass_exfiltration_scraping,Severe,"object_count,duration_ms,activity",3,synth_9211
62.0,Akses Berkas,Berhasil,PC Windows,Private Network 192.168.x.x,8.0,109.0,17,6,SYNTHETIC,synth_10889,ANOMALY,mass_exfiltration_scraping,Severe,"object_count,duration_ms,activity",3,synth_10889
20.0,Akses Berkas,Berhasil,iOS,Private Network 192.168.x.x,21.0,99.0,22,0,SYNTHETIC,synth_6865,ANOMALY,mass_exfiltration_scraping,Severe,"object_count,duration_ms,activity",3,synth_6865
67.0,Akses Berkas,Berhasil,PC Windows,Private Network 192.168.x.x,48.0,80.0,21,5,SYNTHETIC,synth_7922,ANOMALY,mass_exfiltration_scraping,Severe,"object_count,duration_ms,activity",3,synth_7922
30.0,Akses Berkas,Berhasil,PC Windows,Private Network 192.168.x.x,49.0,187.0,23,2,SYNTHETIC,synth_335,ANOMALY,mass_exfiltration_scraping,Severe,"object_count,duration_ms,activity",3,synth_335
53.0,Akses Berkas,Berhasil,PC Windows,Private Network 192.168.x.x,13.0,97.0,17,2,SYNTHETIC,synth_14980,ANOMALY,mass_exfiltration_scraping,Severe,"object_count,duration_ms,activity",3,synth_14980
56.0,Akses Berkas,Berhasil,PC Windows,Private Network 192.168.x.x,48.0,105.0,16,6,SYNTHETIC,synth_13791,ANOMALY,mass_exfiltration_scraping,Severe,"object_count,duration_ms,activity",3,synth_13791
56.0,Akses Berkas,Berhasil,PC Windows,Private Network 192.168.x.x,18.0,173.0,23,3,SYNTHETIC,synth_11680,ANOMALY,mass_exfiltration_scraping,Severe,"object_count,duration_ms,activity",3,synth_11680
33.0,Akses Berkas,Berhasil,PC Windows,Private Network 192.168.x.x,49.0,200.0,17,1,SYNTHETIC,synth_10112,ANOMALY,mass_exfiltration_scraping,Severe,"object_count,duration_ms,activity",3,synth_10112
78.0,Akses Berkas,Berhasil,iOS,Private Network 192.168.x.x,39.0,184.0,15,5,SYNTHETIC,synth_1957,ANOMALY,mass_exfiltration_scraping,Severe,"object_count,duration_ms,activity",3,synth_1957
40.0,Akses Berkas,Berhasil,Android,Private Network 192.168.x.x,7.0,122.0,22,0,SYNTHETIC,synth_12139,ANOMALY,mass_exfiltration_scraping,Severe,"object_count,duration_ms,activity",3,synth_12139
21.0,Akses Berkas,Berhasil,PC Windows,Private Network 192.168.x.x,19.0,99.0,17,2,SYNTHETIC,synth_14710,ANOMALY,mass_exfiltration_scraping,Severe,"object_count,duration_ms,activity",3,synth_14710
66.0,Akses Berkas,Berhasil,PC Windows,Private Network 192.168.x.x,24.0,108.0,18,5,SYNTHETIC,synth_11741,ANOMALY,mass_exfiltration_scraping,Severe,"object_count,duration_ms,activity",3,synth_11741
6.0,Akses Berkas,Berhasil,PC Windows,Private Network 192.168.x.x,20.0,95.0,22,3,SYNTHETIC,synth_7586,ANOMALY,mass_exfiltration_scraping,Severe,"object_count,duration_ms,activity",3,synth_7586
55.0,Akses Berkas,Berhasil,PC Windows,Private Network 192.168.x.x,46.0,53.0,20,1,SYNTHETIC,synth_10965,ANOMALY,mass_exfiltration_scraping,Severe,"object_count,duration_ms,activity",3,synth_10965
30.0,Akses Berkas,Berhasil,PC Windows,Private Network 192.168.x.x,9.0,186.0,23,5,SYNTHETIC,synth_4284,ANOMALY,mass_exfiltration_scraping,Severe,"object_count,duration_ms,activity",3,synth_4284
81.0,Akses Berkas,Berhasil,PC Windows,Private Network 192.168.x.x,3.0,120.0,21,2,SYNTHETIC,synth_8138,ANOMALY,mass_exfiltration_scraping,Severe,"object_count,duration_ms,activity",3,synth_8138
64.0,Akses Berkas,Berhasil,PC Windows,Private Network 192.168.x.x,36.0,63.0,18,1,SYNTHETIC,synth_13580,ANOMALY,mass_exfiltration_scraping,Severe,"object_count,duration_ms,activity",3,synth_13580
36.0,Akses Berkas,Berhasil,PC Windows,Private Network 192.168.x.x,45.0,124.0,14,3,SYNTHETIC,synth_3229,ANOMALY,mass_exfiltration_scraping,Severe,"object_count,duration_ms,activity",3,synth_3229
34.0,Akses Berkas,Berhasil,PC Windows,Private Network 192.168.x.x,41.0,82.0,19,6,SYNTHETIC,synth_7096,ANOMALY,mass_exfiltration_scraping,Severe,"object_count,duration_ms,activity",3,synth_7096
62.0,Akses Berkas,Berhasil,PC Windows,Private Network 192.168.x.x,7.0,175.0,21,0,SYNTHETIC,synth_13319,ANOMALY,mass_exfiltration_scraping,Severe,"object_count,duration_ms,activity",3,synth_13319
44.0,Akses Berkas,Berhasil,iOS,Private Network 192.168.x.x,37.0,53.0,18,2,SYNTHETIC,synth_2149,ANOMALY,mass_exfiltration_scraping,Severe,"object_count,duration_ms,activity",3,synth_2149
43.0,Akses Berkas,Berhasil,iOS,Private Network 192.168.x.x,31.0,122.0,15,6,SYNTHETIC,synth_10320,ANOMALY,mass_exfiltration_scraping,Severe,"object_count,duration_ms,activity",3,synth_10320
39.0,Akses Berkas,Berhasil,PC Windows,Private Network 192.168.x.x,29.0,172.0,16,4,SYNTHETIC,synth_4472,ANOMALY,mass_exfiltration_scraping,Severe,"object_count,duration_ms,activity",3,synth_4472
26.0,Akses Berkas,Berhasil,iOS,Private Network 192.168.x.x,12.0,137.0,15,4,SYNTHETIC,synth_132,ANOMALY,mass_exfiltration_scraping,Severe,"object_count,duration_ms,activity",3,synth_132
21.0,Akses Berkas,Berhasil,PC Windows,Private Network 192.168.x.x,17.0,63.0,17,2,SYNTHETIC,synth_14708,ANOMALY,mass_exfiltration_scraping,Severe,"object_count,duration_ms,activity",3,synth_14708
23.0,Akses Berkas,Berhasil,PC Windows,Private Network 192.168.x.x,8.0,172.0,14,3,SYNTHETIC,synth_2699,ANOMALY,mass_exfiltration_scraping,Severe,"object_count,duration_ms,activity",3,synth_2699
43.0,Akses Berkas,Berhasil,iOS,Private Network 192.168.x.x,26.0,66.0,17,2,SYNTHETIC,synth_12214,ANOMALY,mass_exfiltration_scraping,Severe,"object_count,duration_ms,activity",3,synth_12214
42.0,Akses Berkas,Berhasil,Android,Private Network 192.168.x.x,5.0,175.0,20,2,SYNTHETIC,synth_12233,ANOMALY,mass_exfiltration_scraping,Severe,"object_count,duration_ms,activity",3,synth_12233
36.0,Akses Berkas,Berhasil,PC Windows,Private Network 192.168.x.x,41.0,197.0,19,6,SYNTHETIC,synth_11456,ANOMALY,mass_exfiltration_scraping,Severe,"object_count,duration_ms,activity",3,synth_11456
22.0,Akses Berkas,Berhasil,PC Windows,Private Network 192.168.x.x,10.0,63.0,17,1,SYNTHETIC,synth_10704,ANOMALY,mass_exfiltration_scraping,Severe,"object_count,duration_ms,activity",3,synth_10704
58.0,Akses Berkas,Berhasil,PC Windows,Private Network 192.168.x.x,37.0,88.0,20,4,SYNTHETIC,synth_9678,ANOMALY,mass_exfiltration_scraping,Severe,"object_count,duration_ms,activity",3,synth_9678
23.0,Akses Berkas,Berhasil,PC Windows,Private Network 192.168.x.x,6.0,127.0,20,4,SYNTHETIC,synth_727,ANOMALY,mass_exfiltration_scraping,Severe,"object_count,duration_ms,activity",3,synth_727
23.0,Akses Berkas,Berhasil,PC Windows,Private Network 192.168.x.x,8.0,113.0,17,5,SYNTHETIC,synth_4259,ANOMALY,mass_exfiltration_scraping,Severe,"object_count,duration_ms,activity",3,synth_4259
54.0,Akses Berkas,Berhasil,PC Windows,Private Network 192.168.x.x,49.0,192.0,15,3,SYNTHETIC,synth_4184,ANOMALY,mass_exfiltration_scraping,Severe,"object_count,duration_ms,activity",3,synth_4184
36.0,Akses Berkas,Berhasil,PC Windows,Private Network 192.168.x.x,39.0,156.0,20,4,SYNTHETIC,synth_3651,ANOMALY,mass_exfiltration_scraping,Severe,"object_count,duration_ms,activity",3,synth_3651
83.0,Akses Berkas,Berhasil,PC Windows,Private Network 192.168.x.x,50.0,107.0,15,3,SYNTHETIC,synth_7287,ANOMALY,mass_exfiltration_scraping,Severe,"object_count,duration_ms,activity",3,synth_7287
84.0,Akses Berkas,Berhasil,Unknown Device,Localhost / Loopback,25.0,183.0,15,1,REAL_DB,real_db_266,ANOMALY,mass_exfiltration_scraping,Severe,"object_count,duration_ms,activity",3,real_db_266
21.0,Akses Berkas,Berhasil,PC Windows,Private Network 192.168.x.x,29.0,165.0,18,0,SYNTHETIC,synth_7475,ANOMALY,mass_exfiltration_scraping,Severe,"object_count,duration_ms,activity",3,synth_7475
24.0,Akses Berkas,Berhasil,iOS,Private Network 192.168.x.x,38.0,126.0,21,1,SYNTHETIC,synth_10728,ANOMALY,mass_exfiltration_scraping,Severe,"object_count,duration_ms,activity",3,synth_10728
46.0,Akses Berkas,Berhasil,PC Windows,Private Network 192.168.x.x,20.0,159.0,20,1,SYNTHETIC,synth_8975,ANOMALY,mass_exfiltration_scraping,Severe,"object_count,duration_ms,activity",3,synth_8975
50.0,Akses Berkas,Berhasil,PC Windows,Private Network 192.168.x.x,40.0,195.0,21,4,SYNTHETIC,synth_10250,ANOMALY,mass_exfiltration_scraping,Severe,"object_count,duration_ms,activity",3,synth_10250
6.0,Akses Berkas,Berhasil,PC Windows,Private Network 192.168.x.x,40.0,65.0,18,1,SYNTHETIC,synth_12169,ANOMALY,mass_exfiltration_scraping,Severe,"object_count,duration_ms,activity",3,synth_12169
78.0,Akses Berkas,Berhasil,iOS,Private Network 192.168.x.x,49.0,75.0,19,6,SYNTHETIC,synth_780,ANOMALY,mass_exfiltration_scraping,Severe,"object_count,duration_ms,activity",3,synth_780
53.0,Akses Berkas,Berhasil,PC Windows,Private Network 192.168.x.x,41.0,103.0,14,3,SYNTHETIC,synth_10506,ANOMALY,mass_exfiltration_scraping,Severe,"object_count,duration_ms,activity",3,synth_10506
56.0,Akses Berkas,Berhasil,PC Windows,Private Network 192.168.x.x,17.0,104.0,16,2,SYNTHETIC,synth_2384,ANOMALY,mass_exfiltration_scraping,Severe,"object_count,duration_ms,activity",3,synth_2384
47.0,Akses Berkas,Gagal,PC Windows,Private Network 192.168.x.x,11.0,70.0,19,2,SYNTHETIC,synth_10997,ANOMALY,mass_exfiltration_scraping,Severe,"object_count,duration_ms,activity",3,synth_10997
78.0,Akses Berkas,Berhasil,iOS,Private Network 192.168.x.x,12.0,111.0,19,5,SYNTHETIC,synth_165,ANOMALY,mass_exfiltration_scraping,Severe,"object_count,duration_ms,activity",3,synth_165
84.0,Akses Berkas,Berhasil,Unknown Device,Localhost / Loopback,5.0,191.0,15,1,REAL_DB,real_db_315,ANOMALY,mass_exfiltration_scraping,Severe,"object_count,duration_ms,activity",3,real_db_315
36.0,Akses Berkas,Gagal,PC Windows,Private Network 192.168.x.x,1.0,90.0,21,3,SYNTHETIC,synth_12285,ANOMALY,mass_exfiltration_scraping,Severe,"object_count,duration_ms,activity",3,synth_12285
45.0,Akses Berkas,Berhasil,PC Windows,Private Network 192.168.x.x,29.0,154.0,15,4,SYNTHETIC,synth_12299,ANOMALY,mass_exfiltration_scraping,Severe,"object_count,duration_ms,activity",3,synth_12299
31.0,Akses Berkas,Berhasil,Android,Private Network 192.168.x.x,19.0,170.0,16,2,SYNTHETIC,synth_12204,ANOMALY,mass_exfiltration_scraping,Severe,"object_count,duration_ms,activity",3,synth_12204
19.0,Akses Berkas,Berhasil,iOS,Private Network 192.168.x.x,15.0,58.0,17,4,SYNTHETIC,synth_7011,ANOMALY,mass_exfiltration_scraping,Severe,"object_count,duration_ms,activity",3,synth_7011
27.0,Akses Berkas,Berhasil,PC Windows,Private Network 192.168.x.x,46.0,123.0,22,3,SYNTHETIC,synth_11314,ANOMALY,mass_exfiltration_scraping,Severe,"object_count,duration_ms,activity",3,synth_11314
45.0,Akses Berkas,Berhasil,PC Windows,Private Network 192.168.x.x,45.0,122.0,21,4,SYNTHETIC,synth_4499,ANOMALY,mass_exfiltration_scraping,Severe,"object_count,duration_ms,activity",3,synth_4499
41.0,Akses Berkas,Berhasil,PC Windows,Private Network 192.168.x.x,5.0,166.0,15,4,SYNTHETIC,synth_9925,ANOMALY,mass_exfiltration_scraping,Severe,"object_count,duration_ms,activity",3,synth_9925
52.0,Akses Berkas,Berhasil,PC Windows,Private Network 192.168.x.x,17.0,109.0,19,6,SYNTHETIC,synth_10654,ANOMALY,mass_exfiltration_scraping,Severe,"object_count,duration_ms,activity",3,synth_10654
42.0,Akses Berkas,Berhasil,Android,Private Network 192.168.x.x,43.0,200.0,22,3,SYNTHETIC,synth_1562,ANOMALY,mass_exfiltration_scraping,Severe,"object_count,duration_ms,activity",3,synth_1562
70.0,Akses Berkas,Berhasil,iOS,Private Network 192.168.x.x,28.0,100.0,15,2,SYNTHETIC,synth_10469,ANOMALY,mass_exfiltration_scraping,Severe,"object_count,duration_ms,activity",3,synth_10469
41.0,Akses Berkas,Berhasil,PC Windows,Private Network 192.168.x.x,35.0,79.0,20,5,SYNTHETIC,synth_3966,ANOMALY,mass_exfiltration_scraping,Severe,"object_count,duration_ms,activity",3,synth_3966
82.0,Akses Berkas,Berhasil,Android,Private Network 192.168.x.x,42.0,107.0,14,0,SYNTHETIC,synth_14895,ANOMALY,mass_exfiltration_scraping,Severe,"object_count,duration_ms,activity",3,synth_14895
39.0,Akses Berkas,Berhasil,PC Windows,Private Network 192.168.x.x,18.0,88.0,17,2,SYNTHETIC,synth_10990,ANOMALY,mass_exfiltration_scraping,Severe,"object_count,duration_ms,activity",3,synth_10990
41.0,Akses Berkas,Berhasil,PC Windows,Private Network 192.168.x.x,5.0,86.0,23,4,SYNTHETIC,synth_10826,ANOMALY,mass_exfiltration_scraping,Severe,"object_count,duration_ms,activity",3,synth_10826
18.0,Akses Berkas,Berhasil,PC Windows,Private Network 192.168.x.x,11.0,65.0,18,3,SYNTHETIC,synth_9890,ANOMALY,mass_exfiltration_scraping,Severe,"object_count,duration_ms,activity",3,synth_9890
21.0,Akses Berkas,Berhasil,PC Windows,Private Network 192.168.x.x,39.0,128.0,19,4,SYNTHETIC,synth_10598,ANOMALY,mass_exfiltration_scraping,Severe,"object_count,duration_ms,activity",3,synth_10598
41.0,Akses Berkas,Berhasil,PC Windows,Private Network 192.168.x.x,19.0,195.0,19,5,SYNTHETIC,synth_4769,ANOMALY,mass_exfiltration_scraping,Severe,"object_count,duration_ms,activity",3,synth_4769
22.0,Akses Berkas,Berhasil,PC Windows,Private Network 192.168.x.x,8.0,162.0,17,1,SYNTHETIC,synth_10949,ANOMALY,mass_exfiltration_scraping,Severe,"object_count,duration_ms,activity",3,synth_10949
31.0,Akses Berkas,Berhasil,Android,Private Network 192.168.x.x,45.0,169.0,17,4,SYNTHETIC,synth_13678,ANOMALY,mass_exfiltration_scraping,Severe,"object_count,duration_ms,activity",3,synth_13678
1.0,Akses Berkas,Berhasil,Unknown Device,Localhost / Loopback,45.0,127.0,5,3,REAL_DB,real_db_122,ANOMALY,mass_exfiltration_scraping,Severe,"object_count,duration_ms,activity",3,real_db_122
43.0,Akses Berkas,Berhasil,iOS,Private Network 192.168.x.x,18.0,153.0,16,6,SYNTHETIC,synth_5590,ANOMALY,mass_exfiltration_scraping,Severe,"object_count,duration_ms,activity",3,synth_5590
1.0,Akses Berkas,Berhasil,Unknown Device,Localhost / Loopback,35.0,178.0,20,6,REAL_DB,real_db_373,ANOMALY,mass_exfiltration_scraping,Severe,"object_count,duration_ms,activity",3,real_db_373
50.0,Akses Berkas,Berhasil,PC Windows,Private Network 192.168.x.x,29.0,176.0,19,0,SYNTHETIC,synth_8943,ANOMALY,mass_exfiltration_scraping,Severe,"object_count,duration_ms,activity",3,synth_8943
29.0,Akses Berkas,Berhasil,PC Windows,Private Network 192.168.x.x,39.0,70.0,15,6,SYNTHETIC,synth_7697,ANOMALY,mass_exfiltration_scraping,Severe,"object_count,duration_ms,activity",3,synth_7697
54.0,Akses Berkas,Berhasil,PC Windows,Private Network 192.168.x.x,28.0,60.0,20,3,SYNTHETIC,synth_4688,ANOMALY,mass_exfiltration_scraping,Severe,"object_count,duration_ms,activity",3,synth_4688
48.0,Akses Berkas,Berhasil,PC Windows,Private Network 192.168.x.x,39.0,132.0,20,2,SYNTHETIC,synth_2928,ANOMALY,mass_exfiltration_scraping,Severe,"object_count,duration_ms,activity",3,synth_2928
70.0,Akses Berkas,Berhasil,iOS,Private Network 192.168.x.x,2.0,114.0,20,0,SYNTHETIC,synth_1750,ANOMALY,mass_exfiltration_scraping,Severe,"object_count,duration_ms,activity",3,synth_1750
6.0,Akses Berkas,Berhasil,Unknown Device,Localhost / Loopback,15.0,73.0,7,3,REAL_DB,real_db_145,ANOMALY,mass_exfiltration_scraping,Severe,"object_count,duration_ms,activity",3,real_db_145
74.0,Akses Berkas,Berhasil,PC Windows,Private Network 192.168.x.x,38.0,197.0,17,0,SYNTHETIC,synth_1434,ANOMALY,mass_exfiltration_scraping,Severe,"object_count,duration_ms,activity",3,synth_1434
8.0,Akses Berkas,Berhasil,PC Windows,Private Network 192.168.x.x,49.0,55.0,17,5,SYNTHETIC,synth_14269,ANOMALY,mass_exfiltration_scraping,Severe,"object_count,duration_ms,activity",3,synth_14269
27.0,Akses Berkas,Berhasil,PC Windows,Private Network 192.168.x.x,37.0,118.0,19,0,SYNTHETIC,synth_5625,ANOMALY,mass_exfiltration_scraping,Severe,"object_count,duration_ms,activity",3,synth_5625
54.0,Akses Berkas,Berhasil,PC Windows,Private Network 192.168.x.x,49.0,60.0,14,3,SYNTHETIC,synth_13132,ANOMALY,mass_exfiltration_scraping,Severe,"object_count,duration_ms,activity",3,synth_13132
33.0,Akses Berkas,Berhasil,PC Windows,Private Network 192.168.x.x,31.0,94.0,22,2,SYNTHETIC,synth_40,ANOMALY,mass_exfiltration_scraping,Severe,"object_count,duration_ms,activity",3,synth_40
44.0,Akses Berkas,Berhasil,iOS,Private Network 192.168.x.x,42.0,182.0,20,5,SYNTHETIC,synth_1632,ANOMALY,mass_exfiltration_scraping,Severe,"object_count,duration_ms,activity",3,synth_1632
62.0,Akses Berkas,Berhasil,PC Windows,Private Network 192.168.x.x,18.0,163.0,22,3,SYNTHETIC,synth_11663,ANOMALY,mass_exfiltration_scraping,Severe,"object_count,duration_ms,activity",3,synth_11663
27.0,Akses Berkas,Berhasil,PC Windows,Private Network 192.168.x.x,38.0,96.0,22,3,SYNTHETIC,synth_11313,ANOMALY,mass_exfiltration_scraping,Severe,"object_count,duration_ms,activity",3,synth_11313
76.0,Akses Berkas,Berhasil,iOS,Private Network 192.168.x.x,41.0,161.0,17,0,SYNTHETIC,synth_10917,ANOMALY,mass_exfiltration_scraping,Severe,"object_count,duration_ms,activity",3,synth_10917
76.0,Akses Berkas,Berhasil,iOS,Private Network 192.168.x.x,6.0,175.0,23,3,SYNTHETIC,synth_2733,ANOMALY,mass_exfiltration_scraping,Severe,"object_count,duration_ms,activity",3,synth_2733
38.0,Akses Berkas,Berhasil,PC Windows,Private Network 192.168.x.x,23.0,170.0,16,5,SYNTHETIC,synth_9143,ANOMALY,mass_exfiltration_scraping,Severe,"object_count,duration_ms,activity",3,synth_9143
49.0,Akses Berkas,Berhasil,PC Windows,Private Network 192.168.x.x,22.0,154.0,21,1,SYNTHETIC,synth_5155,ANOMALY,mass_exfiltration_scraping,Severe,"object_count,duration_ms,activity",3,synth_5155
81.0,Akses Berkas,Berhasil,PC Windows,Private Network 192.168.x.x,43.0,132.0,14,3,SYNTHETIC,synth_5746,ANOMALY,mass_exfiltration_scraping,Severe,"object_count,duration_ms,activity",3,synth_5746
64.0,Akses Berkas,Berhasil,PC Windows,Private Network 192.168.x.x,11.0,76.0,21,3,SYNTHETIC,synth_1030,ANOMALY,mass_exfiltration_scraping,Severe,"object_count,duration_ms,activity",3,synth_1030
79.0,Akses Berkas,Berhasil,iOS,Private Network 192.168.x.x,27.0,134.0,23,1,SYNTHETIC,synth_9569,ANOMALY,mass_exfiltration_scraping,Severe,"object_count,duration_ms,activity",3,synth_9569
65.0,Akses Berkas,Berhasil,PC Windows,Private Network 192.168.x.x,19.0,176.0,20,0,SYNTHETIC,synth_8035,ANOMALY,mass_exfiltration_scraping,Severe,"object_count,duration_ms,activity",3,synth_8035
62.0,Akses Berkas,Berhasil,PC Windows,Private Network 192.168.x.x,49.0,152.0,18,3,SYNTHETIC,synth_1011,ANOMALY,mass_exfiltration_scraping,Severe,"object_count,duration_ms,activity",3,synth_1011
45.0,Akses Berkas,Berhasil,PC Windows,Private Network 192.168.x.x,3.0,190.0,19,5,SYNTHETIC,synth_3364,ANOMALY,mass_exfiltration_scraping,Severe,"object_count,duration_ms,activity",3,synth_3364
47.0,Akses Berkas,Berhasil,PC Windows,Private Network 192.168.x.x,6.0,166.0,20,4,SYNTHETIC,synth_7038,ANOMALY,mass_exfiltration_scraping,Severe,"object_count,duration_ms,activity",3,synth_7038
63.0,Akses Berkas,Berhasil,iOS,Private Network 192.168.x.x,17.0,130.0,14,3,SYNTHETIC,synth_3592,ANOMALY,mass_exfiltration_scraping,Severe,"object_count,duration_ms,activity",3,synth_3592
70.0,Akses Berkas,Berhasil,iOS,Private Network 192.168.x.x,8.0,132.0,19,0,SYNTHETIC,synth_8941,ANOMALY,mass_exfiltration_scraping,Severe,"object_count,duration_ms,activity",3,synth_8941
53.0,Akses Berkas,Berhasil,PC Windows,Private Network 192.168.x.x,33.0,153.0,21,1,SYNTHETIC,synth_4885,ANOMALY,mass_exfiltration_scraping,Severe,"object_count,duration_ms,activity",3,synth_4885
21.0,Akses Berkas,Berhasil,PC Windows,Private Network 192.168.x.x,43.0,50.0,21,3,SYNTHETIC,synth_8206,ANOMALY,mass_exfiltration_scraping,Severe,"object_count,duration_ms,activity",3,synth_8206
70.0,Akses Berkas,Berhasil,iOS,Private Network 192.168.x.x,30.0,188.0,14,6,SYNTHETIC,synth_2804,ANOMALY,mass_exfiltration_scraping,Severe,"object_count,duration_ms,activity",3,synth_2804
82.0,Akses Berkas,Berhasil,Android,Private Network 192.168.x.x,4.0,155.0,23,5,SYNTHETIC,synth_11424,ANOMALY,mass_exfiltration_scraping,Severe,"object_count,duration_ms,activity",3,synth_11424
36.0,Akses Berkas,Berhasil,PC Windows,Private Network 192.168.x.x,34.0,98.0,16,6,SYNTHETIC,synth_4552,ANOMALY,mass_exfiltration_scraping,Severe,"object_count,duration_ms,activity",3,synth_4552
32.0,Akses Berkas,Berhasil,PC Windows,Private Network 192.168.x.x,40.0,142.0,20,4,SYNTHETIC,synth_6426,ANOMALY,mass_exfiltration_scraping,Severe,"object_count,duration_ms,activity",3,synth_6426
18.0,Akses Berkas,Berhasil,PC Windows,Private Network 192.168.x.x,41.0,177.0,21,1,SYNTHETIC,synth_14681,ANOMALY,mass_exfiltration_scraping,Severe,"object_count,duration_ms,activity",3,synth_14681
30.0,Akses Berkas,Berhasil,PC Windows,Private Network 192.168.x.x,49.0,163.0,16,5,SYNTHETIC,synth_3691,ANOMALY,mass_exfiltration_scraping,Severe,"object_count,duration_ms,activity",3,synth_3691
72.0,Akses Berkas,Berhasil,Android,Private Network 192.168.x.x,14.0,63.0,20,0,SYNTHETIC,synth_844,ANOMALY,mass_exfiltration_scraping,Severe,"object_count,duration_ms,activity",3,synth_844
28.0,Akses Berkas,Berhasil,iOS,Private Network 192.168.x.x,36.0,118.0,21,5,SYNTHETIC,synth_12379,ANOMALY,mass_exfiltration_scraping,Severe,"object_count,duration_ms,activity",3,synth_12379
19.0,Akses Berkas,Berhasil,iOS,Private Network 192.168.x.x,19.0,83.0,17,1,SYNTHETIC,synth_1218,ANOMALY,mass_exfiltration_scraping,Severe,"object_count,duration_ms,activity",3,synth_1218
58.0,Akses Berkas,Berhasil,PC Windows,Private Network 192.168.x.x,45.0,162.0,23,2,SYNTHETIC,synth_8153,ANOMALY,mass_exfiltration_scraping,Severe,"object_count,duration_ms,activity",3,synth_8153
47.0,Akses Berkas,Berhasil,PC Windows,Private Network 192.168.x.x,8.0,174.0,23,5,SYNTHETIC,synth_5879,ANOMALY,mass_exfiltration_scraping,Severe,"object_count,duration_ms,activity",3,synth_5879
77.0,Akses Berkas,Gagal,PC Windows,Private Network 192.168.x.x,41.0,57.0,15,6,SYNTHETIC,synth_9739,ANOMALY,mass_exfiltration_scraping,Severe,"object_count,duration_ms,activity",3,synth_9739
66.0,Akses Berkas,Berhasil,PC Windows,Private Network 192.168.x.x,46.0,111.0,18,1,SYNTHETIC,synth_12725,ANOMALY,mass_exfiltration_scraping,Severe,"object_count,duration_ms,activity",3,synth_12725
51.0,Akses Berkas,Berhasil,PC Windows,Private Network 192.168.x.x,20.0,90.0,22,2,SYNTHETIC,synth_14733,ANOMALY,mass_exfiltration_scraping,Severe,"object_count,duration_ms,activity",3,synth_14733
46.0,Akses Berkas,Berhasil,PC Windows,Private Network 192.168.x.x,1.0,191.0,17,5,SYNTHETIC,synth_1096,ANOMALY,mass_exfiltration_scraping,Severe,"object_count,duration_ms,activity",3,synth_1096
46.0,Akses Berkas,Berhasil,PC Windows,Private Network 192.168.x.x,27.0,191.0,21,4,SYNTHETIC,synth_11999,ANOMALY,mass_exfiltration_scraping,Severe,"object_count,duration_ms,activity",3,synth_11999
32.0,Akses Berkas,Berhasil,PC Windows,Private Network 192.168.x.x,15.0,73.0,20,3,SYNTHETIC,synth_14200,ANOMALY,mass_exfiltration_scraping,Severe,"object_count,duration_ms,activity",3,synth_14200
6.0,Akses Berkas,Berhasil,PC Windows,Private Network 192.168.x.x,30.0,79.0,15,4,SYNTHETIC,synth_8845,ANOMALY,mass_exfiltration_scraping,Severe,"object_count,duration_ms,activity",3,synth_8845
49.0,Akses Berkas,Berhasil,PC Windows,Private Network 192.168.x.x,42.0,80.0,14,3,SYNTHETIC,synth_57,ANOMALY,mass_exfiltration_scraping,Severe,"object_count,duration_ms,activity",3,synth_57
69.0,Akses Berkas,Berhasil,PC Windows,Private Network 192.168.x.x,32.0,89.0,19,4,SYNTHETIC,synth_9960,ANOMALY,mass_exfiltration_scraping,Severe,"object_count,duration_ms,activity",3,synth_9960
41.0,Akses Berkas,Berhasil,PC Windows,Private Network 192.168.x.x,33.0,124.0,17,1,SYNTHETIC,synth_4869,ANOMALY,mass_exfiltration_scraping,Severe,"object_count,duration_ms,activity",3,synth_4869
64.0,Akses Berkas,Berhasil,PC Windows,Private Network 192.168.x.x,27.0,119.0,20,6,SYNTHETIC,synth_14877,ANOMALY,mass_exfiltration_scraping,Severe,"object_count,duration_ms,activity",3,synth_14877
34.0,Akses Berkas,Berhasil,PC Windows,Private Network 192.168.x.x,31.0,173.0,21,4,SYNTHETIC,synth_10815,ANOMALY,mass_exfiltration_scraping,Severe,"object_count,duration_ms,activity",3,synth_10815
26.0,Akses Berkas,Berhasil,iOS,Private Network 192.168.x.x,30.0,112.0,14,1,SYNTHETIC,synth_14392,ANOMALY,mass_exfiltration_scraping,Severe,"object_count,duration_ms,activity",3,synth_14392
85.0,Akses Berkas,Berhasil,PC Windows,Private Network 192.168.x.x,10.0,191.0,18,2,SYNTHETIC,synth_8757,ANOMALY,mass_exfiltration_scraping,Severe,"object_count,duration_ms,activity",3,synth_8757
66.0,Akses Berkas,Berhasil,PC Windows,Private Network 192.168.x.x,13.0,148.0,21,2,SYNTHETIC,synth_9605,ANOMALY,mass_exfiltration_scraping,Severe,"object_count,duration_ms,activity",3,synth_9605
35.0,Akses Berkas,Berhasil,PC Windows,Private Network 192.168.x.x,48.0,180.0,16,1,SYNTHETIC,synth_1474,ANOMALY,mass_exfiltration_scraping,Severe,"object_count,duration_ms,activity",3,synth_1474
76.0,Akses Berkas,Berhasil,iOS,Private Network 192.168.x.x,5.0,84.0,22,4,SYNTHETIC,synth_8237,ANOMALY,mass_exfiltration_scraping,Severe,"object_count,duration_ms,activity",3,synth_8237
62.0,Akses Berkas,Berhasil,PC Windows,Private Network 192.168.x.x,50.0,120.0,17,6,SYNTHETIC,synth_10888,ANOMALY,mass_exfiltration_scraping,Severe,"object_count,duration_ms,activity",3,synth_10888
82.0,Akses Berkas,Berhasil,Android,Private Network 192.168.x.x,22.0,156.0,20,2,SYNTHETIC,synth_10152,ANOMALY,mass_exfiltration_scraping,Severe,"object_count,duration_ms,activity",3,synth_10152
59.0,Akses Berkas,Berhasil,PC Windows,Private Network 192.168.x.x,18.0,179.0,21,4,SYNTHETIC,synth_7371,ANOMALY,mass_exfiltration_scraping,Severe,"object_count,duration_ms,activity",3,synth_7371
47.0,Akses Berkas,Berhasil,PC Windows,Private Network 192.168.x.x,19.0,50.0,15,0,SYNTHETIC,synth_3472,ANOMALY,mass_exfiltration_scraping,Severe,"object_count,duration_ms,activity",3,synth_3472
83.0,Akses Berkas,Berhasil,PC Windows,Private Network 192.168.x.x,38.0,126.0,20,3,SYNTHETIC,synth_8512,ANOMALY,mass_exfiltration_scraping,Severe,"object_count,duration_ms,activity",3,synth_8512
50.0,Akses Berkas,Berhasil,PC Windows,Private Network 192.168.x.x,43.0,198.0,19,0,SYNTHETIC,synth_8942,ANOMALY,mass_exfiltration_scraping,Severe,"object_count,duration_ms,activity",3,synth_8942
60.0,Akses Berkas,Berhasil,PC Windows,Private Network 192.168.x.x,10.0,175.0,16,0,SYNTHETIC,synth_8679,ANOMALY,mass_exfiltration_scraping,Severe,"object_count,duration_ms,activity",3,synth_8679
79.0,Akses Berkas,Berhasil,iOS,Private Network 192.168.x.x,35.0,164.0,14,1,SYNTHETIC,synth_3517,ANOMALY,mass_exfiltration_scraping,Severe,"object_count,duration_ms,activity",3,synth_3517
71.0,Akses Berkas,Berhasil,PC Windows,Private Network 192.168.x.x,23.0,173.0,21,4,SYNTHETIC,synth_12001,ANOMALY,mass_exfiltration_scraping,Severe,"object_count,duration_ms,activity",3,synth_12001
53.0,Akses Berkas,Berhasil,PC Windows,Private Network 192.168.x.x,36.0,135.0,17,2,SYNTHETIC,synth_14981,ANOMALY,mass_exfiltration_scraping,Severe,"object_count,duration_ms,activity",3,synth_14981
71.0,Akses Berkas,Berhasil,PC Windows,Private Network 192.168.x.x,25.0,189.0,22,4,SYNTHETIC,synth_14239,ANOMALY,mass_exfiltration_scraping,Severe,"object_count,duration_ms,activity",3,synth_14239
34.0,Akses Berkas,Berhasil,PC Windows,Private Network 192.168.x.x,21.0,166.0,21,5,SYNTHETIC,synth_10849,ANOMALY,mass_exfiltration_scraping,Severe,"object_count,duration_ms,activity",3,synth_10849
25.0,Akses Berkas,Berhasil,iOS,Private Network 192.168.x.x,45.0,98.0,18,6,SYNTHETIC,synth_6784,ANOMALY,mass_exfiltration_scraping,Severe,"object_count,duration_ms,activity",3,synth_6784
6.0,Akses Berkas,Berhasil,PC Windows,Private Network 192.168.x.x,37.0,111.0,20,2,SYNTHETIC,synth_3580,ANOMALY,mass_exfiltration_scraping,Severe,"object_count,duration_ms,activity",3,synth_3580
38.0,Akses Berkas,Berhasil,PC Windows,Private Network 192.168.x.x,15.0,148.0,0,2,SYNTHETIC,synth_14702,ANOMALY,mass_exfiltration_scraping,Severe,"object_count,duration_ms,activity",3,synth_14702
55.0,Akses Berkas,Berhasil,PC Windows,Private Network 192.168.x.x,3.0,155.0,22,4,SYNTHETIC,synth_4740,ANOMALY,mass_exfiltration_scraping,Severe,"object_count,duration_ms,activity",3,synth_4740
43.0,Akses Berkas,Berhasil,iOS,Private Network 192.168.x.x,48.0,131.0,16,5,SYNTHETIC,synth_439,ANOMALY,mass_exfiltration_scraping,Severe,"object_count,duration_ms,activity",3,synth_439
28.0,Akses Berkas,Berhasil,iOS,Private Network 192.168.x.x,46.0,171.0,19,2,SYNTHETIC,synth_9598,ANOMALY,mass_exfiltration_scraping,Severe,"object_count,duration_ms,activity",3,synth_9598
24.0,Akses Berkas,Berhasil,iOS,Private Network 192.168.x.x,25.0,147.0,18,6,SYNTHETIC,synth_2283,ANOMALY,mass_exfiltration_scraping,Severe,"object_count,duration_ms,activity",3,synth_2283
59.0,Akses Berkas,Berhasil,PC Windows,Private Network 192.168.x.x,32.0,88.0,18,2,SYNTHETIC,synth_6616,ANOMALY,mass_exfiltration_scraping,Severe,"object_count,duration_ms,activity",3,synth_6616
67.0,Akses Berkas,Berhasil,PC Windows,Private Network 192.168.x.x,9.0,59.0,18,4,SYNTHETIC,synth_14000,ANOMALY,mass_exfiltration_scraping,Severe,"object_count,duration_ms,activity",3,synth_14000
54.0,Akses Berkas,Berhasil,PC Windows,Private Network 192.168.x.x,38.0,178.0,18,6,SYNTHETIC,synth_12670,ANOMALY,mass_exfiltration_scraping,Severe,"object_count,duration_ms,activity",3,synth_12670
22.0,Akses Berkas,Berhasil,PC Windows,Private Network 192.168.x.x,7.0,134.0,14,4,SYNTHETIC,synth_13984,ANOMALY,mass_exfiltration_scraping,Severe,"object_count,duration_ms,activity",3,synth_13984
71.0,Akses Berkas,Berhasil,PC Windows,Private Network 192.168.x.x,7.0,162.0,19,5,SYNTHETIC,synth_14830,ANOMALY,mass_exfiltration_scraping,Severe,"object_count,duration_ms,activity",3,synth_14830
70.0,Akses Berkas,Berhasil,iOS,Private Network 192.168.x.x,30.0,184.0,20,6,SYNTHETIC,synth_4817,ANOMALY,mass_exfiltration_scraping,Severe,"object_count,duration_ms,activity",3,synth_4817
1.0,Akses Berkas,Berhasil,PC Windows,Private Network 192.168.x.x,47.0,53.0,20,1,SYNTHETIC,synth_5150,ANOMALY,mass_exfiltration_scraping,Severe,"object_count,duration_ms,activity",3,synth_5150
77.0,Akses Berkas,Berhasil,PC Windows,Private Network 192.168.x.x,27.0,86.0,16,4,SYNTHETIC,synth_1041,ANOMALY,mass_exfiltration_scraping,Severe,"object_count,duration_ms,activity",3,synth_1041
54.0,Akses Berkas,Berhasil,PC Windows,Private Network 192.168.x.x,5.0,89.0,22,1,SYNTHETIC,synth_903,ANOMALY,mass_exfiltration_scraping,Severe,"object_count,duration_ms,activity",3,synth_903
67.0,Akses Berkas,Berhasil,PC Windows,Private Network 192.168.x.x,17.0,170.0,16,6,SYNTHETIC,synth_483,ANOMALY,mass_exfiltration_scraping,Severe,"object_count,duration_ms,activity",3,synth_483
8.0,Akses Berkas,Berhasil,PC Windows,Private Network 192.168.x.x,40.0,136.0,19,2,SYNTHETIC,synth_12229,ANOMALY,mass_exfiltration_scraping,Severe,"object_count,duration_ms,activity",3,synth_12229
71.0,Akses Berkas,Berhasil,PC Windows,Private Network 192.168.x.x,42.0,151.0,14,0,SYNTHETIC,synth_1162,ANOMALY,mass_exfiltration_scraping,Severe,"object_count,duration_ms,activity",3,synth_1162
57.0,Akses Berkas,Berhasil,PC Windows,Private Network 192.168.x.x,22.0,70.0,20,1,SYNTHETIC,synth_6898,ANOMALY,mass_exfiltration_scraping,Severe,"object_count,duration_ms,activity",3,synth_6898
36.0,Akses Berkas,Berhasil,PC Windows,Private Network 192.168.x.x,25.0,186.0,21,2,SYNTHETIC,synth_3853,ANOMALY,mass_exfiltration_scraping,Severe,"object_count,duration_ms,activity",3,synth_3853
22.0,Akses Berkas,Berhasil,PC Windows,Private Network 192.168.x.x,41.0,131.0,14,3,SYNTHETIC,synth_11276,ANOMALY,mass_exfiltration_scraping,Severe,"object_count,duration_ms,activity",3,synth_11276
59.0,Akses Berkas,Berhasil,PC Windows,Private Network 192.168.x.x,35.0,174.0,20,6,SYNTHETIC,synth_221,ANOMALY,mass_exfiltration_scraping,Severe,"object_count,duration_ms,activity",3,synth_221
81.0,Akses Berkas,Berhasil,PC Windows,Private Network 192.168.x.x,40.0,59.0,18,2,SYNTHETIC,synth_10145,ANOMALY,mass_exfiltration_scraping,Severe,"object_count,duration_ms,activity",3,synth_10145
69.0,Akses Berkas,Berhasil,PC Windows,Private Network 192.168.x.x,16.0,67.0,16,4,SYNTHETIC,synth_3925,ANOMALY,mass_exfiltration_scraping,Severe,"object_count,duration_ms,activity",3,synth_3925
69.0,Akses Berkas,Berhasil,PC Windows,Private Network 192.168.x.x,15.0,123.0,17,5,SYNTHETIC,synth_12022,ANOMALY,mass_exfiltration_scraping,Severe,"object_count,duration_ms,activity",3,synth_12022
77.0,Akses Berkas,Berhasil,PC Windows,Private Network 192.168.x.x,28.0,73.0,17,1,SYNTHETIC,synth_276,ANOMALY,mass_exfiltration_scraping,Severe,"object_count,duration_ms,activity",3,synth_276
62.0,Akses Berkas,Berhasil,PC Windows,Private Network 192.168.x.x,49.0,75.0,16,2,SYNTHETIC,synth_10747,ANOMALY,mass_exfiltration_scraping,Severe,"object_count,duration_ms,activity",3,synth_10747
53.0,Keamanan & 2FA,Berhasil,Virtual Machine,Public IP Address,7.86940171257709,1.3862943611198906,5,2,SYNTHETIC,synth_2900,ANOMALY,credential_takeover_compound,Severe,"hour,ip_address,device,activity",4,synth_2900
6.0,Keamanan & 2FA,Berhasil,Virtual Machine,Public IP Address,7.6676260915849905,1.6094379124341005,5,4,SYNTHETIC,synth_10246,ANOMALY,credential_takeover_compound,Severe,"hour,ip_address,device,activity",4,synth_10246
61.0,Keamanan & 2FA,Berhasil,Virtual Machine,Public IP Address,8.631592731724734,1.3862943611198906,0,5,SYNTHETIC,synth_6738,ANOMALY,credential_takeover_compound,Severe,"hour,ip_address,device,activity",4,synth_6738
53.0,Keamanan & 2FA,Berhasil,Virtual Machine,Public IP Address,7.223295679562314,2.3978952727983707,3,3,SYNTHETIC,synth_7573,ANOMALY,credential_takeover_compound,Severe,"hour,ip_address,device,activity",4,synth_7573
67.0,Keamanan & 2FA,Berhasil,Virtual Machine,Public IP Address,6.338594078203183,0.6931471805599453,1,5,SYNTHETIC,synth_12375,ANOMALY,credential_takeover_compound,Severe,"hour,ip_address,device,activity",4,synth_12375
49.0,Keamanan & 2FA,Berhasil,Virtual Machine,Public IP Address,8.39049553837028,1.3862943611198906,5,0,SYNTHETIC,synth_12989,ANOMALY,credential_takeover_compound,Severe,"hour,ip_address,device,activity",4,synth_12989
41.0,Keamanan & 2FA,Berhasil,Virtual Machine,Public IP Address,6.411818267709897,0.6931471805599453,2,5,SYNTHETIC,synth_6472,ANOMALY,credential_takeover_compound,Severe,"hour,ip_address,device,activity",4,synth_6472
74.0,Keamanan & 2FA,Berhasil,Virtual Machine,Public IP Address,7.259819610363186,0.6931471805599453,0,6,SYNTHETIC,synth_5077,ANOMALY,credential_takeover_compound,Severe,"hour,ip_address,device,activity",4,synth_5077
78.0,Keamanan & 2FA,Berhasil,Virtual Machine,Public IP Address,8.351610750626559,2.079441541679836,0,5,SYNTHETIC,synth_164,ANOMALY,credential_takeover_compound,Severe,"hour,ip_address,device,activity",4,synth_164
58.0,Keamanan & 2FA,Berhasil,Virtual Machine,Public IP Address,5.4638318050256105,0.6931471805599453,2,5,SYNTHETIC,synth_8878,ANOMALY,credential_takeover_compound,Severe,"hour,ip_address,device,activity",4,synth_8878
82.0,Keamanan & 2FA,Berhasil,Virtual Machine,Public IP Address,8.284504227258497,1.9459101490553128,0,0,SYNTHETIC,synth_14894,ANOMALY,credential_takeover_compound,Severe,"hour,ip_address,device,activity",4,synth_14894
71.0,Keamanan & 2FA,Berhasil,Virtual Machine,Public IP Address,6.481577129276431,0.6931471805599453,2,4,SYNTHETIC,synth_1575,ANOMALY,credential_takeover_compound,Severe,"hour,ip_address,device,activity",4,synth_1575
75.0,Keamanan & 2FA,Berhasil,Virtual Machine,Public IP Address,6.504288173536645,0.6931471805599453,2,5,SYNTHETIC,synth_1628,ANOMALY,credential_takeover_compound,Severe,"hour,ip_address,device,activity",4,synth_1628
22.0,Keamanan & 2FA,Berhasil,Virtual Machine,Public IP Address,7.529943370601589,0.6931471805599453,2,2,SYNTHETIC,synth_1518,ANOMALY,credential_takeover_compound,Severe,"hour,ip_address,device,activity",4,synth_1518
31.0,Keamanan & 2FA,Berhasil,Virtual Machine,Public IP Address,7.189922170745808,0.6931471805599453,3,6,SYNTHETIC,synth_12432,ANOMALY,credential_takeover_compound,Severe,"hour,ip_address,device,activity",4,synth_12432
36.0,Keamanan & 2FA,Berhasil,Virtual Machine,Public IP Address,7.343426229147367,0.6931471805599453,1,4,SYNTHETIC,synth_4983,ANOMALY,credential_takeover_compound,Severe,"hour,ip_address,device,activity",4,synth_4983
60.0,Keamanan & 2FA,Berhasil,Virtual Machine,Public IP Address,8.00603417874901,2.19722457733622,1,1,SYNTHETIC,synth_11834,ANOMALY,credential_takeover_compound,Severe,"hour,ip_address,device,activity",4,synth_11834
43.0,Keamanan & 2FA,Berhasil,Virtual Machine,Public IP Address,6.416732282512326,0.6931471805599453,4,0,SYNTHETIC,synth_843,ANOMALY,credential_takeover_compound,Severe,"hour,ip_address,device,activity",4,synth_843
21.0,Keamanan & 2FA,Berhasil,Virtual Machine,Public IP Address,8.532869670801245,1.9459101490553128,3,5,SYNTHETIC,synth_3343,ANOMALY,credential_takeover_compound,Severe,"hour,ip_address,device,activity",4,synth_3343
65.0,Keamanan & 2FA,Berhasil,Virtual Machine,Public IP Address,7.260522598089852,0.6931471805599453,4,5,SYNTHETIC,synth_8874,ANOMALY,credential_takeover_compound,Severe,"hour,ip_address,device,activity",4,synth_8874
85.0,Keamanan & 2FA,Berhasil,Virtual Machine,Public IP Address,8.55333223803211,2.3978952727983707,5,3,SYNTHETIC,synth_5213,ANOMALY,credential_takeover_compound,Severe,"hour,ip_address,device,activity",4,synth_5213
21.0,Keamanan & 2FA,Berhasil,Virtual Machine,Public IP Address,7.179307969504034,1.9459101490553128,1,4,SYNTHETIC,synth_7879,ANOMALY,credential_takeover_compound,Severe,"hour,ip_address,device,activity",4,synth_7879
74.0,Keamanan & 2FA,Gagal,Virtual Machine,Public IP Address,7.371489295214277,0.6931471805599453,1,1,SYNTHETIC,synth_5435,ANOMALY,credential_takeover_compound,Severe,"hour,ip_address,device,activity",4,synth_5435
20.0,Keamanan & 2FA,Berhasil,Virtual Machine,Public IP Address,7.447751280047908,0.6931471805599453,1,4,SYNTHETIC,synth_10793,ANOMALY,credential_takeover_compound,Severe,"hour,ip_address,device,activity",4,synth_10793
29.0,Keamanan & 2FA,Berhasil,Virtual Machine,Public IP Address,8.61558951327243,1.9459101490553128,0,2,SYNTHETIC,synth_5179,ANOMALY,credential_takeover_compound,Severe,"hour,ip_address,device,activity",4,synth_5179
78.0,Keamanan & 2FA,Berhasil,Virtual Machine,Public IP Address,8.501470230951002,1.0986122886681098,4,6,SYNTHETIC,synth_2266,ANOMALY,credential_takeover_compound,Severe,"hour,ip_address,device,activity",4,synth_2266
74.0,Keamanan & 2FA,Berhasil,Virtual Machine,Public IP Address,6.885509670034818,0.6931471805599453,3,0,SYNTHETIC,synth_8360,ANOMALY,credential_takeover_compound,Severe,"hour,ip_address,device,activity",4,synth_8360
49.0,Keamanan & 2FA,Berhasil,Virtual Machine,Public IP Address,6.93828448401696,0.6931471805599453,4,3,SYNTHETIC,synth_2408,ANOMALY,credential_takeover_compound,Severe,"hour,ip_address,device,activity",4,synth_2408
55.0,Keamanan & 2FA,Berhasil,Virtual Machine,Public IP Address,8.822027322685583,2.079441541679836,5,2,SYNTHETIC,synth_14459,ANOMALY,credential_takeover_compound,Severe,"hour,ip_address,device,activity",4,synth_14459
66.0,Keamanan & 2FA,Gagal,Virtual Machine,Public IP Address,6.154858094016418,0.6931471805599453,1,4,SYNTHETIC,synth_12887,ANOMALY,credential_takeover_compound,Severe,"hour,ip_address,device,activity",4,synth_12887
47.0,Keamanan & 2FA,Berhasil,Virtual Machine,Public IP Address,7.321188556739478,0.6931471805599453,3,1,SYNTHETIC,synth_4412,ANOMALY,credential_takeover_compound,Severe,"hour,ip_address,device,activity",4,synth_4412
1.0,Keamanan & 2FA,Berhasil,Virtual Machine,Public IP Address,8.476371196895983,1.6094379124341005,4,3,SYNTHETIC,synth_2449,ANOMALY,credential_takeover_compound,Severe,"hour,ip_address,device,activity",4,synth_2449
23.0,Keamanan & 2FA,Berhasil,Virtual Machine,Public IP Address,6.748759547491679,0.6931471805599453,1,6,SYNTHETIC,synth_13269,ANOMALY,credential_takeover_compound,Severe,"hour,ip_address,device,activity",4,synth_13269
1.0,Keamanan & 2FA,Berhasil,Virtual Machine,Public IP Address,0.0,0.6931471805599453,1,6,REAL_DB,real_db_420,ANOMALY,credential_takeover_compound,Severe,"hour,ip_address,device,activity",4,real_db_420
1.0,Keamanan & 2FA,Berhasil,Virtual Machine,Public IP Address,9.080231686629162,2.079441541679836,3,4,SYNTHETIC,synth_6994,ANOMALY,credential_takeover_compound,Severe,"hour,ip_address,device,activity",4,synth_6994
47.0,Keamanan & 2FA,Berhasil,Virtual Machine,Public IP Address,6.492239835020471,0.6931471805599453,5,1,SYNTHETIC,synth_12734,ANOMALY,credential_takeover_compound,Severe,"hour,ip_address,device,activity",4,synth_12734
6.0,Keamanan & 2FA,Berhasil,Virtual Machine,Public IP Address,6.63200177739563,0.6931471805599453,2,3,SYNTHETIC,synth_94,ANOMALY,credential_takeover_compound,Severe,"hour,ip_address,device,activity",4,synth_94
39.0,Keamanan & 2FA,Berhasil,Virtual Machine,Public IP Address,7.734996194022781,1.0986122886681098,3,3,SYNTHETIC,synth_6383,ANOMALY,credential_takeover_compound,Severe,"hour,ip_address,device,activity",4,synth_6383
44.0,Keamanan & 2FA,Berhasil,Virtual Machine,Public IP Address,7.142036574706803,0.6931471805599453,2,2,SYNTHETIC,synth_12200,ANOMALY,credential_takeover_compound,Severe,"hour,ip_address,device,activity",4,synth_12200
55.0,Keamanan & 2FA,Berhasil,Virtual Machine,Public IP Address,9.155039056191091,2.19722457733622,5,5,SYNTHETIC,synth_9986,ANOMALY,credential_takeover_compound,Severe,"hour,ip_address,device,activity",4,synth_9986
45.0,Keamanan & 2FA,Berhasil,Virtual Machine,Public IP Address,7.305188215393037,0.6931471805599453,0,3,SYNTHETIC,synth_13969,ANOMALY,credential_takeover_compound,Severe,"hour,ip_address,device,activity",4,synth_13969
21.0,Keamanan & 2FA,Berhasil,Virtual Machine,Public IP Address,8.494333897270154,2.302585092994046,3,3,SYNTHETIC,synth_6665,ANOMALY,credential_takeover_compound,Severe,"hour,ip_address,device,activity",4,synth_6665
81.0,Keamanan & 2FA,Berhasil,Virtual Machine,Public IP Address,7.741099090035366,1.0986122886681098,2,3,SYNTHETIC,synth_3248,ANOMALY,credential_takeover_compound,Severe,"hour,ip_address,device,activity",4,synth_3248
26.0,Keamanan & 2FA,Berhasil,Virtual Machine,Public IP Address,8.580167990577626,1.3862943611198906,5,2,SYNTHETIC,synth_12779,ANOMALY,credential_takeover_compound,Severe,"hour,ip_address,device,activity",4,synth_12779
48.0,Keamanan & 2FA,Berhasil,Virtual Machine,Public IP Address,8.498214224818435,2.19722457733622,4,2,SYNTHETIC,synth_3562,ANOMALY,credential_takeover_compound,Severe,"hour,ip_address,device,activity",4,synth_3562
52.0,Keamanan & 2FA,Berhasil,Virtual Machine,Public IP Address,7.965892735084528,2.302585092994046,1,6,SYNTHETIC,synth_478,ANOMALY,credential_takeover_compound,Severe,"hour,ip_address,device,activity",4,synth_478
86.0,Keamanan & 2FA,Berhasil,Virtual Machine,Public IP Address,8.648747631156539,0.6931471805599453,0,6,SYNTHETIC,synth_9188,ANOMALY,credential_takeover_compound,Severe,"hour,ip_address,device,activity",4,synth_9188
49.0,Keamanan & 2FA,Berhasil,Virtual Machine,Public IP Address,7.690286020676768,1.9459101490553128,3,4,SYNTHETIC,synth_9921,ANOMALY,credential_takeover_compound,Severe,"hour,ip_address,device,activity",4,synth_9921
76.0,Keamanan & 2FA,Berhasil,Virtual Machine,Public IP Address,8.53895468319775,2.19722457733622,2,3,SYNTHETIC,synth_12834,ANOMALY,credential_takeover_compound,Severe,"hour,ip_address,device,activity",4,synth_12834
77.0,Keamanan & 2FA,Berhasil,Virtual Machine,Public IP Address,8.467582690862903,1.3862943611198906,4,0,SYNTHETIC,synth_6518,ANOMALY,credential_takeover_compound,Severe,"hour,ip_address,device,activity",4,synth_6518
41.0,Keamanan & 2FA,Berhasil,Virtual Machine,Public IP Address,6.315358001522335,2.19722457733622,2,2,SYNTHETIC,synth_11922,ANOMALY,credential_takeover_compound,Severe,"hour,ip_address,device,activity",4,synth_11922
48.0,Keamanan & 2FA,Gagal,Virtual Machine,Public IP Address,5.783825182329737,0.6931471805599453,5,4,SYNTHETIC,synth_2995,ANOMALY,credential_takeover_compound,Severe,"hour,ip_address,device,activity",4,synth_2995
42.0,Keamanan & 2FA,Berhasil,Virtual Machine,Public IP Address,7.38025578842646,1.9459101490553128,3,1,SYNTHETIC,synth_6880,ANOMALY,credential_takeover_compound,Severe,"hour,ip_address,device,activity",4,synth_6880
78.0,Keamanan & 2FA,Berhasil,Virtual Machine,Public IP Address,8.010359588919783,0.6931471805599453,5,6,SYNTHETIC,synth_14058,ANOMALY,credential_takeover_compound,Severe,"hour,ip_address,device,activity",4,synth_14058
57.0,Keamanan & 2FA,Berhasil,Virtual Machine,Public IP Address,7.101675971619444,0.6931471805599453,2,2,SYNTHETIC,synth_4141,ANOMALY,credential_takeover_compound,Severe,"hour,ip_address,device,activity",4,synth_4141
51.0,Keamanan & 2FA,Berhasil,Virtual Machine,Public IP Address,7.398174092970465,0.6931471805599453,3,6,SYNTHETIC,synth_4546,ANOMALY,credential_takeover_compound,Severe,"hour,ip_address,device,activity",4,synth_4546
70.0,Keamanan & 2FA,Gagal,Virtual Machine,Public IP Address,7.087573705557973,0.6931471805599453,2,5,SYNTHETIC,synth_13766,ANOMALY,credential_takeover_compound,Severe,"hour,ip_address,device,activity",4,synth_13766
54.0,Keamanan & 2FA,Berhasil,Virtual Machine,Public IP Address,8.527539483470381,2.079441541679836,1,0,SYNTHETIC,synth_10683,ANOMALY,credential_takeover_compound,Severe,"hour,ip_address,device,activity",4,synth_10683
26.0,Keamanan & 2FA,Berhasil,Virtual Machine,Public IP Address,7.425357887027151,0.6931471805599453,3,2,SYNTHETIC,synth_328,ANOMALY,credential_takeover_compound,Severe,"hour,ip_address,device,activity",4,synth_328
8.0,Keamanan & 2FA,Berhasil,Virtual Machine,Public IP Address,7.696212639346407,1.0986122886681098,3,3,SYNTHETIC,synth_11316,ANOMALY,credential_takeover_compound,Severe,"hour,ip_address,device,activity",4,synth_11316
68.0,Keamanan & 2FA,Berhasil,Virtual Machine,Public IP Address,6.887552571664617,0.6931471805599453,0,5,SYNTHETIC,synth_8607,ANOMALY,credential_takeover_compound,Severe,"hour,ip_address,device,activity",4,synth_8607
63.0,Keamanan & 2FA,Berhasil,Virtual Machine,Public IP Address,7.558516743045645,1.6094379124341005,1,2,SYNTHETIC,synth_2940,ANOMALY,credential_takeover_compound,Severe,"hour,ip_address,device,activity",4,synth_2940
24.0,Keamanan & 2FA,Berhasil,Virtual Machine,Public IP Address,7.877397186353287,2.3978952727983707,3,1,SYNTHETIC,synth_10727,ANOMALY,credential_takeover_compound,Severe,"hour,ip_address,device,activity",4,synth_10727
78.0,Keamanan & 2FA,Berhasil,Virtual Machine,Public IP Address,8.101071503119543,1.3862943611198906,4,4,SYNTHETIC,synth_10580,ANOMALY,credential_takeover_compound,Severe,"hour,ip_address,device,activity",4,synth_10580
56.0,Keamanan & 2FA,Berhasil,Virtual Machine,Public IP Address,7.198931240688173,0.6931471805599453,2,4,SYNTHETIC,synth_704,ANOMALY,credential_takeover_compound,Severe,"hour,ip_address,device,activity",4,synth_704
31.0,Keamanan & 2FA,Berhasil,Virtual Machine,Public IP Address,8.471777327885755,0.6931471805599453,4,6,SYNTHETIC,synth_11115,ANOMALY,credential_takeover_compound,Severe,"hour,ip_address,device,activity",4,synth_11115
48.0,Keamanan & 2FA,Berhasil,Virtual Machine,Public IP Address,7.899153483343097,2.3978952727983707,2,4,SYNTHETIC,synth_722,ANOMALY,credential_takeover_compound,Severe,"hour,ip_address,device,activity",4,synth_722
85.0,Keamanan & 2FA,Berhasil,Virtual Machine,Public IP Address,8.560827228436299,1.9459101490553128,5,4,SYNTHETIC,synth_1949,ANOMALY,credential_takeover_compound,Severe,"hour,ip_address,device,activity",4,synth_1949
46.0,Keamanan & 2FA,Gagal,Virtual Machine,Public IP Address,7.389563953677635,0.6931471805599453,2,4,SYNTHETIC,synth_1604,ANOMALY,credential_takeover_compound,Severe,"hour,ip_address,device,activity",4,synth_1604
63.0,Keamanan & 2FA,Berhasil,Virtual Machine,Public IP Address,7.270312886079025,0.6931471805599453,0,4,SYNTHETIC,synth_5831,ANOMALY,credential_takeover_compound,Severe,"hour,ip_address,device,activity",4,synth_5831
85.0,Keamanan & 2FA,Berhasil,Virtual Machine,Public IP Address,6.376726947898627,0.6931471805599453,5,5,SYNTHETIC,synth_9162,ANOMALY,credential_takeover_compound,Severe,"hour,ip_address,device,activity",4,synth_9162
31.0,Keamanan & 2FA,Berhasil,Virtual Machine,Public IP Address,6.55250788703459,0.6931471805599453,3,5,SYNTHETIC,synth_7385,ANOMALY,credential_takeover_compound,Severe,"hour,ip_address,device,activity",4,synth_7385
54.0,Keamanan & 2FA,Berhasil,Virtual Machine,Public IP Address,8.771059915373288,1.791759469228055,2,0,SYNTHETIC,synth_11160,ANOMALY,credential_takeover_compound,Severe,"hour,ip_address,device,activity",4,synth_11160
46.0,Keamanan & 2FA,Berhasil,Virtual Machine,Public IP Address,8.517193191416238,1.791759469228055,0,4,SYNTHETIC,synth_4506,ANOMALY,credential_takeover_compound,Severe,"hour,ip_address,device,activity",4,synth_4506
67.0,Keamanan & 2FA,Berhasil,Virtual Machine,Public IP Address,8.60557030203365,0.6931471805599453,4,2,SYNTHETIC,synth_4916,ANOMALY,credential_takeover_compound,Severe,"hour,ip_address,device,activity",4,synth_4916
33.0,Keamanan & 2FA,Berhasil,Virtual Machine,Public IP Address,7.042286171939743,0.6931471805599453,5,5,SYNTHETIC,synth_11380,ANOMALY,credential_takeover_compound,Severe,"hour,ip_address,device,activity",4,synth_11380
66.0,Keamanan & 2FA,Berhasil,Virtual Machine,Public IP Address,7.560080465021827,0.6931471805599453,5,6,SYNTHETIC,synth_10049,ANOMALY,credential_takeover_compound,Severe,"hour,ip_address,device,activity",4,synth_10049
50.0,Keamanan & 2FA,Berhasil,Virtual Machine,Public IP Address,6.683360945766275,0.6931471805599453,0,3,SYNTHETIC,synth_9885,ANOMALY,credential_takeover_compound,Severe,"hour,ip_address,device,activity",4,synth_9885
43.0,Keamanan & 2FA,Berhasil,Virtual Machine,Public IP Address,8.081475040137052,1.3862943611198906,4,0,SYNTHETIC,synth_11505,ANOMALY,credential_takeover_compound,Severe,"hour,ip_address,device,activity",4,synth_11505
48.0,Keamanan & 2FA,Berhasil,Virtual Machine,Public IP Address,7.119635638017636,0.6931471805599453,5,4,SYNTHETIC,synth_5530,ANOMALY,credential_takeover_compound,Severe,"hour,ip_address,device,activity",4,synth_5530
54.0,Keamanan & 2FA,Berhasil,Virtual Machine,Public IP Address,8.24143968982973,0.6931471805599453,3,4,SYNTHETIC,synth_10591,ANOMALY,credential_takeover_compound,Severe,"hour,ip_address,device,activity",4,synth_10591
19.0,Keamanan & 2FA,Berhasil,Virtual Machine,Public IP Address,6.813444599510896,0.6931471805599453,2,6,SYNTHETIC,synth_14614,ANOMALY,credential_takeover_compound,Severe,"hour,ip_address,device,activity",4,synth_14614
48.0,Keamanan & 2FA,Berhasil,Virtual Machine,Public IP Address,6.992096427415888,1.0986122886681098,1,3,SYNTHETIC,synth_14189,ANOMALY,credential_takeover_compound,Severe,"hour,ip_address,device,activity",4,synth_14189
86.0,Keamanan & 2FA,Berhasil,Virtual Machine,Public IP Address,0.0,0.6931471805599453,4,1,REAL_DB,real_db_286,ANOMALY,credential_takeover_compound,Severe,"hour,ip_address,device,activity",4,real_db_286
79.0,Keamanan & 2FA,Berhasil,Virtual Machine,Public IP Address,8.495560891289124,1.9459101490553128,2,3,SYNTHETIC,synth_114,ANOMALY,credential_takeover_compound,Severe,"hour,ip_address,device,activity",4,synth_114
8.0,Keamanan & 2FA,Berhasil,Virtual Machine,Public IP Address,5.41164605185504,0.6931471805599453,1,2,SYNTHETIC,synth_10495,ANOMALY,credential_takeover_compound,Severe,"hour,ip_address,device,activity",4,synth_10495
46.0,Keamanan & 2FA,Gagal,Virtual Machine,Public IP Address,7.251344983372214,0.6931471805599453,5,4,SYNTHETIC,synth_1303,ANOMALY,credential_takeover_compound,Severe,"hour,ip_address,device,activity",4,synth_1303
26.0,Keamanan & 2FA,Berhasil,Virtual Machine,Public IP Address,8.474285690404962,2.079441541679836,1,5,SYNTHETIC,synth_12395,ANOMALY,credential_takeover_compound,Severe,"hour,ip_address,device,activity",4,synth_12395
19.0,Keamanan & 2FA,Berhasil,Virtual Machine,Public IP Address,7.108244139731541,0.6931471805599453,4,1,SYNTHETIC,synth_12490,ANOMALY,credential_takeover_compound,Severe,"hour,ip_address,device,activity",4,synth_12490
1.0,Keamanan & 2FA,Berhasil,Virtual Machine,Public IP Address,0.0,0.6931471805599453,2,6,REAL_DB,real_db_421,ANOMALY,credential_takeover_compound,Severe,"hour,ip_address,device,activity",4,real_db_421
36.0,Keamanan & 2FA,Berhasil,Virtual Machine,Public IP Address,5.966146739123692,0.6931471805599453,5,0,SYNTHETIC,synth_12477,ANOMALY,credential_takeover_compound,Severe,"hour,ip_address,device,activity",4,synth_12477
31.0,Keamanan & 2FA,Berhasil,Virtual Machine,Public IP Address,7.25063551189868,2.302585092994046,5,1,SYNTHETIC,synth_3809,ANOMALY,credential_takeover_compound,Severe,"hour,ip_address,device,activity",4,synth_3809
35.0,Keamanan & 2FA,Berhasil,Virtual Machine,Public IP Address,7.837554360881084,2.3978952727983707,5,5,SYNTHETIC,synth_14558,ANOMALY,credential_takeover_compound,Severe,"hour,ip_address,device,activity",4,synth_14558
51.0,Keamanan & 2FA,Berhasil,Virtual Machine,Public IP Address,6.748759547491679,0.6931471805599453,5,5,SYNTHETIC,synth_10609,ANOMALY,credential_takeover_compound,Severe,"hour,ip_address,device,activity",4,synth_10609
35.0,Keamanan & 2FA,Berhasil,Virtual Machine,Public IP Address,8.168486417126681,1.6094379124341005,1,4,SYNTHETIC,synth_716,ANOMALY,credential_takeover_compound,Severe,"hour,ip_address,device,activity",4,synth_716
73.0,Keamanan & 2FA,Berhasil,Virtual Machine,Public IP Address,7.039660349862076,0.6931471805599453,5,5,SYNTHETIC,synth_5054,ANOMALY,credential_takeover_compound,Severe,"hour,ip_address,device,activity",4,synth_5054
65.0,Keamanan & 2FA,Berhasil,Virtual Machine,Public IP Address,5.356586274672012,0.6931471805599453,0,6,SYNTHETIC,synth_7729,ANOMALY,credential_takeover_compound,Severe,"hour,ip_address,device,activity",4,synth_7729
41.0,Keamanan & 2FA,Berhasil,Virtual Machine,Public IP Address,6.075346031088684,0.6931471805599453,5,2,SYNTHETIC,synth_11924,ANOMALY,credential_takeover_compound,Severe,"hour,ip_address,device,activity",4,synth_11924
81.0,Keamanan & 2FA,Berhasil,Virtual Machine,Public IP Address,6.923628628138427,0.6931471805599453,5,3,SYNTHETIC,synth_8168,ANOMALY,credential_takeover_compound,Severe,"hour,ip_address,device,activity",4,synth_8168
21.0,Keamanan & 2FA,Berhasil,Virtual Machine,Public IP Address,8.313116702819253,2.302585092994046,0,6,SYNTHETIC,synth_8662,ANOMALY,credential_takeover_compound,Severe,"hour,ip_address,device,activity",4,synth_8662
54.0,Keamanan & 2FA,Berhasil,Virtual Machine,Public IP Address,9.173468897200278,2.3978952727983707,2,0,SYNTHETIC,synth_9215,ANOMALY,credential_takeover_compound,Severe,"hour,ip_address,device,activity",4,synth_9215
29.0,Keamanan & 2FA,Berhasil,Virtual Machine,Public IP Address,7.154615356913663,0.6931471805599453,3,2,SYNTHETIC,synth_9576,ANOMALY,credential_takeover_compound,Severe,"hour,ip_address,device,activity",4,synth_9576
32.0,Keamanan & 2FA,Berhasil,Virtual Machine,Public IP Address,6.398594934535208,0.6931471805599453,0,5,SYNTHETIC,synth_13449,ANOMALY,credential_takeover_compound,Severe,"hour,ip_address,device,activity",4,synth_13449
45.0,Keamanan & 2FA,Berhasil,Virtual Machine,Public IP Address,7.53689712956617,0.6931471805599453,4,3,SYNTHETIC,synth_6967,ANOMALY,credential_takeover_compound,Severe,"hour,ip_address,device,activity",4,synth_6967
77.0,Keamanan & 2FA,Gagal,Virtual Machine,Public IP Address,6.003887067106539,0.6931471805599453,2,1,SYNTHETIC,synth_9547,ANOMALY,credential_takeover_compound,Severe,"hour,ip_address,device,activity",4,synth_9547
76.0,Keamanan & 2FA,Berhasil,Virtual Machine,Public IP Address,7.310550158534422,1.3862943611198906,5,1,SYNTHETIC,synth_1776,ANOMALY,credential_takeover_compound,Severe,"hour,ip_address,device,activity",4,synth_1776
32.0,Keamanan & 2FA,Berhasil,Virtual Machine,Public IP Address,8.025189321890835,2.302585092994046,1,3,SYNTHETIC,synth_5771,ANOMALY,credential_takeover_compound,Severe,"hour,ip_address,device,activity",4,synth_5771
73.0,Keamanan & 2FA,Berhasil,Virtual Machine,Public IP Address,7.288927694521257,0.6931471805599453,0,4,SYNTHETIC,synth_3323,ANOMALY,credential_takeover_compound,Severe,"hour,ip_address,device,activity",4,synth_3323
55.0,Keamanan & 2FA,Berhasil,Virtual Machine,Public IP Address,9.052516286782616,1.0986122886681098,2,6,SYNTHETIC,synth_5899,ANOMALY,credential_takeover_compound,Severe,"hour,ip_address,device,activity",4,synth_5899
46.0,Keamanan & 2FA,Berhasil,Virtual Machine,Public IP Address,7.525639975041535,0.6931471805599453,2,2,SYNTHETIC,synth_600,ANOMALY,credential_takeover_compound,Severe,"hour,ip_address,device,activity",4,synth_600
6.0,Keamanan & 2FA,Berhasil,Virtual Machine,Public IP Address,7.70796153183549,0.6931471805599453,5,3,SYNTHETIC,synth_4195,ANOMALY,credential_takeover_compound,Severe,"hour,ip_address,device,activity",4,synth_4195
34.0,Keamanan & 2FA,Berhasil,Virtual Machine,Public IP Address,8.606485298894999,2.3978952727983707,3,3,SYNTHETIC,synth_11930,ANOMALY,credential_takeover_compound,Severe,"hour,ip_address,device,activity",4,synth_11930
84.0,Keamanan & 2FA,Berhasil,Virtual Machine,Public IP Address,6.533788837933344,0.6931471805599453,1,6,SYNTHETIC,synth_10044,ANOMALY,credential_takeover_compound,Severe,"hour,ip_address,device,activity",4,synth_10044
52.0,Keamanan & 2FA,Gagal,Virtual Machine,Public IP Address,6.80903930604298,0.6931471805599453,1,0,SYNTHETIC,synth_10392,ANOMALY,credential_takeover_compound,Severe,"hour,ip_address,device,activity",4,synth_10392
79.0,Keamanan & 2FA,Berhasil,Virtual Machine,Public IP Address,7.5251007461258,0.6931471805599453,1,0,SYNTHETIC,synth_14639,ANOMALY,credential_takeover_compound,Severe,"hour,ip_address,device,activity",4,synth_14639
79.0,Keamanan & 2FA,Berhasil,Virtual Machine,Public IP Address,7.257707677160043,0.6931471805599453,4,1,SYNTHETIC,synth_2661,ANOMALY,credential_takeover_compound,Severe,"hour,ip_address,device,activity",4,synth_2661
62.0,Keamanan & 2FA,Berhasil,Virtual Machine,Public IP Address,7.16703787691222,0.6931471805599453,2,4,SYNTHETIC,synth_1909,ANOMALY,credential_takeover_compound,Severe,"hour,ip_address,device,activity",4,synth_1909
81.0,Keamanan & 2FA,Berhasil,Virtual Machine,Public IP Address,8.341886969516187,1.9459101490553128,4,0,SYNTHETIC,synth_5955,ANOMALY,credential_takeover_compound,Severe,"hour,ip_address,device,activity",4,synth_5955
53.0,Keamanan & 2FA,Berhasil,Virtual Machine,Public IP Address,8.474911799159631,2.19722457733622,4,1,SYNTHETIC,synth_4883,ANOMALY,credential_takeover_compound,Severe,"hour,ip_address,device,activity",4,synth_4883
47.0,Keamanan & 2FA,Berhasil,Virtual Machine,Public IP Address,8.045908742270779,1.0986122886681098,2,2,SYNTHETIC,synth_2943,ANOMALY,credential_takeover_compound,Severe,"hour,ip_address,device,activity",4,synth_2943
85.0,Keamanan & 2FA,Berhasil,Virtual Machine,Public IP Address,8.300528606199737,1.6094379124341005,1,0,SYNTHETIC,synth_820,ANOMALY,credential_takeover_compound,Severe,"hour,ip_address,device,activity",4,synth_820
85.0,Keamanan & 2FA,Berhasil,Virtual Machine,Public IP Address,7.171656822768514,0.6931471805599453,2,5,SYNTHETIC,synth_9159,ANOMALY,credential_takeover_compound,Severe,"hour,ip_address,device,activity",4,synth_9159
47.0,Keamanan & 2FA,Berhasil,Virtual Machine,Public IP Address,6.802394763324311,2.079441541679836,3,2,SYNTHETIC,synth_5723,ANOMALY,credential_takeover_compound,Severe,"hour,ip_address,device,activity",4,synth_5723
26.0,Keamanan & 2FA,Gagal,Virtual Machine,Public IP Address,6.638567789166521,0.6931471805599453,2,2,SYNTHETIC,synth_19,ANOMALY,credential_takeover_compound,Severe,"hour,ip_address,device,activity",4,synth_19
78.0,Keamanan & 2FA,Berhasil,Virtual Machine,Public IP Address,7.98514393119862,2.19722457733622,5,1,SYNTHETIC,synth_11537,ANOMALY,credential_takeover_compound,Severe,"hour,ip_address,device,activity",4,synth_11537
68.0,Keamanan & 2FA,Berhasil,Virtual Machine,Public IP Address,7.1284959456800365,1.3862943611198906,2,6,SYNTHETIC,synth_8658,ANOMALY,credential_takeover_compound,Severe,"hour,ip_address,device,activity",4,synth_8658
84.0,Keamanan & 2FA,Berhasil,Virtual Machine,Public IP Address,8.82453082152646,2.3978952727983707,0,6,SYNTHETIC,synth_7455,ANOMALY,credential_takeover_compound,Severe,"hour,ip_address,device,activity",4,synth_7455
85.0,Keamanan & 2FA,Berhasil,Virtual Machine,Public IP Address,7.140453043101158,1.9459101490553128,3,6,SYNTHETIC,synth_14584,ANOMALY,credential_takeover_compound,Severe,"hour,ip_address,device,activity",4,synth_14584
22.0,Keamanan & 2FA,Berhasil,Virtual Machine,Public IP Address,5.641907070938114,0.6931471805599453,0,1,SYNTHETIC,synth_1783,ANOMALY,credential_takeover_compound,Severe,"hour,ip_address,device,activity",4,synth_1783
36.0,Keamanan & 2FA,Berhasil,Virtual Machine,Public IP Address,7.142036574706803,0.6931471805599453,1,4,SYNTHETIC,synth_13416,ANOMALY,credential_takeover_compound,Severe,"hour,ip_address,device,activity",4,synth_13416
71.0,Keamanan & 2FA,Berhasil,Virtual Machine,Public IP Address,8.00469951054955,1.0986122886681098,1,1,SYNTHETIC,synth_2862,ANOMALY,credential_takeover_compound,Severe,"hour,ip_address,device,activity",4,synth_2862
70.0,Keamanan & 2FA,Berhasil,Virtual Machine,Public IP Address,7.177782416195197,1.3862943611198906,5,4,SYNTHETIC,synth_10603,ANOMALY,credential_takeover_compound,Severe,"hour,ip_address,device,activity",4,synth_10603
82.0,Keamanan & 2FA,Berhasil,Virtual Machine,Public IP Address,6.897704943128636,0.6931471805599453,5,6,SYNTHETIC,synth_14872,ANOMALY,credential_takeover_compound,Severe,"hour,ip_address,device,activity",4,synth_14872
36.0,Keamanan & 2FA,Berhasil,Virtual Machine,Public IP Address,8.442900586834382,1.0986122886681098,5,2,SYNTHETIC,synth_13882,ANOMALY,credential_takeover_compound,Severe,"hour,ip_address,device,activity",4,synth_13882
32.0,Keamanan & 2FA,Berhasil,Virtual Machine,Public IP Address,5.529429087511423,0.6931471805599453,3,0,SYNTHETIC,synth_10076,ANOMALY,credential_takeover_compound,Severe,"hour,ip_address,device,activity",4,synth_10076
40.0,Keamanan & 2FA,Berhasil,Virtual Machine,Public IP Address,7.095064377287131,0.6931471805599453,4,6,SYNTHETIC,synth_792,ANOMALY,credential_takeover_compound,Severe,"hour,ip_address,device,activity",4,synth_792
55.0,Keamanan & 2FA,Berhasil,Virtual Machine,Public IP Address,7.553286605600419,1.9459101490553128,2,5,SYNTHETIC,synth_12625,ANOMALY,credential_takeover_compound,Severe,"hour,ip_address,device,activity",4,synth_12625
55.0,Keamanan & 2FA,Berhasil,Virtual Machine,Public IP Address,6.529418838262226,0.6931471805599453,0,3,SYNTHETIC,synth_8802,ANOMALY,credential_takeover_compound,Severe,"hour,ip_address,device,activity",4,synth_8802
54.0,Keamanan & 2FA,Berhasil,Virtual Machine,Public IP Address,7.972466015974565,2.19722457733622,3,3,SYNTHETIC,synth_5472,ANOMALY,credential_takeover_compound,Severe,"hour,ip_address,device,activity",4,synth_5472
51.0,Keamanan & 2FA,Berhasil,Virtual Machine,Public IP Address,8.694669696546992,1.9459101490553128,0,1,SYNTHETIC,synth_10419,ANOMALY,credential_takeover_compound,Severe,"hour,ip_address,device,activity",4,synth_10419
26.0,Keamanan & 2FA,Gagal,Virtual Machine,Public IP Address,6.20455776256869,0.6931471805599453,2,6,SYNTHETIC,synth_3419,ANOMALY,credential_takeover_compound,Severe,"hour,ip_address,device,activity",4,synth_3419
32.0,Keamanan & 2FA,Berhasil,Virtual Machine,Public IP Address,7.476472381163905,0.6931471805599453,4,6,SYNTHETIC,synth_1998,ANOMALY,credential_takeover_compound,Severe,"hour,ip_address,device,activity",4,synth_1998
41.0,Keamanan & 2FA,Berhasil,Virtual Machine,Public IP Address,6.423246963533519,0.6931471805599453,0,5,SYNTHETIC,synth_3377,ANOMALY,credential_takeover_compound,Severe,"hour,ip_address,device,activity",4,synth_3377
44.0,Keamanan & 2FA,Berhasil,Virtual Machine,Public IP Address,7.846589975291186,0.6931471805599453,3,5,SYNTHETIC,synth_9979,ANOMALY,credential_takeover_compound,Severe,"hour,ip_address,device,activity",4,synth_9979
38.0,Keamanan & 2FA,Berhasil,Virtual Machine,Public IP Address,7.749753406274437,2.302585092994046,2,4,SYNTHETIC,synth_5304,ANOMALY,credential_takeover_compound,Severe,"hour,ip_address,device,activity",4,synth_5304
6.0,Keamanan & 2FA,Berhasil,Virtual Machine,Public IP Address,6.637258031284457,0.6931471805599453,5,4,SYNTHETIC,synth_7045,ANOMALY,credential_takeover_compound,Severe,"hour,ip_address,device,activity",4,synth_7045
33.0,Keamanan & 2FA,Berhasil,Virtual Machine,Public IP Address,6.490723534502507,0.6931471805599453,5,0,SYNTHETIC,synth_9760,ANOMALY,credential_takeover_compound,Severe,"hour,ip_address,device,activity",4,synth_9760
76.0,Keamanan & 2FA,Berhasil,Virtual Machine,Public IP Address,8.042699496897637,1.791759469228055,5,3,SYNTHETIC,synth_12263,ANOMALY,credential_takeover_compound,Severe,"hour,ip_address,device,activity",4,synth_12263
49.0,Keamanan & 2FA,Berhasil,Virtual Machine,Public IP Address,8.113726085970747,2.302585092994046,2,2,SYNTHETIC,synth_932,ANOMALY,credential_takeover_compound,Severe,"hour,ip_address,device,activity",4,synth_932
30.0,Keamanan & 2FA,Gagal,Virtual Machine,Public IP Address,6.342121418721152,0.6931471805599453,4,2,SYNTHETIC,synth_4125,ANOMALY,credential_takeover_compound,Severe,"hour,ip_address,device,activity",4,synth_4125
36.0,Keamanan & 2FA,Berhasil,Virtual Machine,Public IP Address,6.682108597449809,0.6931471805599453,3,3,SYNTHETIC,synth_13638,ANOMALY,credential_takeover_compound,Severe,"hour,ip_address,device,activity",4,synth_13638
53.0,Keamanan & 2FA,Berhasil,Virtual Machine,Public IP Address,6.967909201801884,0.6931471805599453,5,2,SYNTHETIC,synth_5714,ANOMALY,credential_takeover_compound,Severe,"hour,ip_address,device,activity",4,synth_5714
54.0,Keamanan & 2FA,Berhasil,Virtual Machine,Public IP Address,7.10085190894405,0.6931471805599453,2,5,SYNTHETIC,synth_4267,ANOMALY,credential_takeover_compound,Severe,"hour,ip_address,device,activity",4,synth_4267
60.0,Keamanan & 2FA,Berhasil,Virtual Machine,Public IP Address,7.979338895262328,1.3862943611198906,0,3,SYNTHETIC,synth_14479,ANOMALY,credential_takeover_compound,Severe,"hour,ip_address,device,activity",4,synth_14479
42.0,Keamanan & 2FA,Berhasil,Virtual Machine,Public IP Address,6.028278520230698,0.6931471805599453,5,1,SYNTHETIC,synth_10690,ANOMALY,credential_takeover_compound,Severe,"hour,ip_address,device,activity",4,synth_10690
71.0,Keamanan & 2FA,Berhasil,Virtual Machine,Public IP Address,6.340359303727752,2.3978952727983707,1,4,SYNTHETIC,synth_14786,ANOMALY,credential_takeover_compound,Severe,"hour,ip_address,device,activity",4,synth_14786
37.0,Keamanan & 2FA,Berhasil,Virtual Machine,Public IP Address,8.3670677328386,2.302585092994046,3,6,SYNTHETIC,synth_4303,ANOMALY,credential_takeover_compound,Severe,"hour,ip_address,device,activity",4,synth_4303
39.0,Keamanan & 2FA,Berhasil,Virtual Machine,Public IP Address,8.285513309079741,0.6931471805599453,0,6,SYNTHETIC,synth_12662,ANOMALY,credential_takeover_compound,Severe,"hour,ip_address,device,activity",4,synth_12662
54.0,Keamanan & 2FA,Berhasil,Virtual Machine,Public IP Address,8.364275084991524,2.3978952727983707,4,0,SYNTHETIC,synth_823,ANOMALY,credential_takeover_compound,Severe,"hour,ip_address,device,activity",4,synth_823
51.0,Keamanan & 2FA,Berhasil,Virtual Machine,Public IP Address,7.418780882750794,0.6931471805599453,4,4,SYNTHETIC,synth_1043,ANOMALY,credential_takeover_compound,Severe,"hour,ip_address,device,activity",4,synth_1043
79.0,Keamanan & 2FA,Berhasil,Virtual Machine,Public IP Address,7.814803429489359,1.791759469228055,2,3,SYNTHETIC,synth_1285,ANOMALY,credential_takeover_compound,Severe,"hour,ip_address,device,activity",4,synth_1285
76.0,Keamanan & 2FA,Berhasil,Virtual Machine,Public IP Address,6.118097198041348,0.6931471805599453,4,3,SYNTHETIC,synth_3235,ANOMALY,credential_takeover_compound,Severe,"hour,ip_address,device,activity",4,synth_3235
19.0,Keamanan & 2FA,Berhasil,Virtual Machine,Public IP Address,7.069874128458572,2.079441541679836,1,4,SYNTHETIC,synth_5799,ANOMALY,credential_takeover_compound,Severe,"hour,ip_address,device,activity",4,synth_5799
1.0,Keamanan & 2FA,Berhasil,Virtual Machine,Public IP Address,7.846980982138788,1.6094379124341005,5,2,SYNTHETIC,synth_12795,ANOMALY,credential_takeover_compound,Severe,"hour,ip_address,device,activity",4,synth_12795
53.0,Keamanan & 2FA,Berhasil,Virtual Machine,Public IP Address,7.347943823148687,2.3978952727983707,0,0,SYNTHETIC,synth_4574,ANOMALY,credential_takeover_compound,Severe,"hour,ip_address,device,activity",4,synth_4574
56.0,Keamanan & 2FA,Berhasil,Virtual Machine,Public IP Address,7.292337176173877,0.6931471805599453,5,2,SYNTHETIC,synth_13889,ANOMALY,credential_takeover_compound,Severe,"hour,ip_address,device,activity",4,synth_13889
77.0,Keamanan & 2FA,Berhasil,Virtual Machine,Public IP Address,7.84971375760487,2.079441541679836,3,2,SYNTHETIC,synth_1811,ANOMALY,credential_takeover_compound,Severe,"hour,ip_address,device,activity",4,synth_1811
6.0,Keamanan & 2FA,Berhasil,Virtual Machine,Public IP Address,7.676009932028887,1.6094379124341005,5,5,SYNTHETIC,synth_12632,ANOMALY,credential_takeover_compound,Severe,"hour,ip_address,device,activity",4,synth_12632
63.0,Keamanan & 2FA,Berhasil,Virtual Machine,Public IP Address,7.167809184316444,0.6931471805599453,2,2,SYNTHETIC,synth_13888,ANOMALY,credential_takeover_compound,Severe,"hour,ip_address,device,activity",4,synth_13888
75.0,Keamanan & 2FA,Berhasil,Virtual Machine,Public IP Address,6.805722553416985,2.302585092994046,5,0,SYNTHETIC,synth_8336,ANOMALY,credential_takeover_compound,Severe,"hour,ip_address,device,activity",4,synth_8336
32.0,Keamanan & 2FA,Berhasil,Virtual Machine,Public IP Address,8.612685172875459,2.19722457733622,3,3,SYNTHETIC,synth_6984,ANOMALY,credential_takeover_compound,Severe,"hour,ip_address,device,activity",4,synth_6984
52.0,Keamanan & 2FA,Berhasil,Virtual Machine,Public IP Address,8.011686729127847,2.079441541679836,0,4,SYNTHETIC,synth_2747,ANOMALY,credential_takeover_compound,Severe,"hour,ip_address,device,activity",4,synth_2747
61.0,Keamanan & 2FA,Berhasil,Virtual Machine,Public IP Address,6.767343125265392,0.6931471805599453,1,6,SYNTHETIC,synth_14069,ANOMALY,credential_takeover_compound,Severe,"hour,ip_address,device,activity",4,synth_14069
74.0,Keamanan & 2FA,Berhasil,Virtual Machine,Public IP Address,8.556413904569519,1.3862943611198906,0,5,SYNTHETIC,synth_11383,ANOMALY,credential_takeover_compound,Severe,"hour,ip_address,device,activity",4,synth_11383
75.0,Keamanan & 2FA,Berhasil,Virtual Machine,Public IP Address,6.944087208229528,2.302585092994046,0,1,SYNTHETIC,synth_585,ANOMALY,credential_takeover_compound,Severe,"hour,ip_address,device,activity",4,synth_585
23.0,Keamanan & 2FA,Berhasil,Virtual Machine,Public IP Address,5.438079308923196,0.6931471805599453,2,6,SYNTHETIC,synth_3427,ANOMALY,credential_takeover_compound,Severe,"hour,ip_address,device,activity",4,synth_3427
38.0,Keamanan & 2FA,Berhasil,Virtual Machine,Public IP Address,7.491645473605133,0.6931471805599453,3,6,SYNTHETIC,synth_12063,ANOMALY,credential_takeover_compound,Severe,"hour,ip_address,device,activity",4,synth_12063
21.0,Keamanan & 2FA,Berhasil,Virtual Machine,Public IP Address,8.664750755773852,1.9459101490553128,0,4,SYNTHETIC,synth_11726,ANOMALY,credential_takeover_compound,Severe,"hour,ip_address,device,activity",4,synth_11726
24.0,Keamanan & 2FA,Berhasil,Virtual Machine,Public IP Address,6.238324625039508,0.6931471805599453,0,6,SYNTHETIC,synth_7995,ANOMALY,credential_takeover_compound,Severe,"hour,ip_address,device,activity",4,synth_7995
30.0,Keamanan & 2FA,Berhasil,Virtual Machine,Public IP Address,7.257707677160043,0.6931471805599453,1,0,SYNTHETIC,synth_9519,ANOMALY,credential_takeover_compound,Severe,"hour,ip_address,device,activity",4,synth_9519
28.0,Keamanan & 2FA,Berhasil,Virtual Machine,Public IP Address,7.290292882446597,2.079441541679836,4,2,SYNTHETIC,synth_4637,ANOMALY,credential_takeover_compound,Severe,"hour,ip_address,device,activity",4,synth_4637
40.0,Keamanan & 2FA,Berhasil,Virtual Machine,Public IP Address,7.331714969726466,0.6931471805599453,1,6,SYNTHETIC,synth_5357,ANOMALY,credential_takeover_compound,Severe,"hour,ip_address,device,activity",4,synth_5357
47.0,Keamanan & 2FA,Berhasil,Virtual Machine,Public IP Address,6.960347729101308,1.9459101490553128,3,1,SYNTHETIC,synth_12736,ANOMALY,credential_takeover_compound,Severe,"hour,ip_address,device,activity",4,synth_12736
45.0,Keamanan & 2FA,Berhasil,Virtual Machine,Public IP Address,8.46695197497949,2.19722457733622,3,4,SYNTHETIC,synth_8248,ANOMALY,credential_takeover_compound,Severe,"hour,ip_address,device,activity",4,synth_8248
25.0,Keamanan & 2FA,Berhasil,Virtual Machine,Public IP Address,7.00669522683704,0.6931471805599453,2,0,SYNTHETIC,synth_4596,ANOMALY,credential_takeover_compound,Severe,"hour,ip_address,device,activity",4,synth_4596
48.0,Keamanan & 2FA,Berhasil,Virtual Machine,Public IP Address,8.394121193826242,2.3978952727983707,5,2,SYNTHETIC,synth_2929,ANOMALY,credential_takeover_compound,Severe,"hour,ip_address,device,activity",4,synth_2929
60.0,Keamanan & 2FA,Gagal,Virtual Machine,Public IP Address,6.447305862541213,0.6931471805599453,5,5,SYNTHETIC,synth_6476,ANOMALY,credential_takeover_compound,Severe,"hour,ip_address,device,activity",4,synth_6476
81.0,Keamanan & 2FA,Berhasil,Virtual Machine,Public IP Address,6.240275845170769,0.6931471805599453,5,3,SYNTHETIC,synth_13142,ANOMALY,credential_takeover_compound,Severe,"hour,ip_address,device,activity",4,synth_13142
52.0,Keamanan & 2FA,Berhasil,Virtual Machine,Public IP Address,7.564238475170491,1.9459101490553128,4,3,SYNTHETIC,synth_13398,ANOMALY,credential_takeover_compound,Severe,"hour,ip_address,device,activity",4,synth_13398
55.0,Keamanan & 2FA,Berhasil,Virtual Machine,Public IP Address,7.21890970761906,0.6931471805599453,3,1,SYNTHETIC,synth_1461,ANOMALY,credential_takeover_compound,Severe,"hour,ip_address,device,activity",4,synth_1461
79.0,Keamanan & 2FA,Berhasil,Virtual Machine,Public IP Address,8.459564078579602,2.3978952727983707,4,5,SYNTHETIC,synth_14259,ANOMALY,credential_takeover_compound,Severe,"hour,ip_address,device,activity",4,synth_14259
81.0,Keamanan & 2FA,Berhasil,Virtual Machine,Public IP Address,6.804614520062624,0.6931471805599453,5,3,SYNTHETIC,synth_5745,ANOMALY,credential_takeover_compound,Severe,"hour,ip_address,device,activity",4,synth_5745
28.0,Keamanan & 2FA,Berhasil,Virtual Machine,Public IP Address,5.455321115357702,0.6931471805599453,5,0,SYNTHETIC,synth_12116,ANOMALY,credential_takeover_compound,Severe,"hour,ip_address,device,activity",4,synth_12116
24.0,Keamanan & 2FA,Berhasil,Virtual Machine,Public IP Address,6.278521424165844,0.6931471805599453,1,4,SYNTHETIC,synth_13426,ANOMALY,credential_takeover_compound,Severe,"hour,ip_address,device,activity",4,synth_13426
73.0,Keamanan & 2FA,Berhasil,Virtual Machine,Public IP Address,7.101675971619444,0.6931471805599453,3,0,SYNTHETIC,synth_5960,ANOMALY,credential_takeover_compound,Severe,"hour,ip_address,device,activity",4,synth_5960
18.0,Keamanan & 2FA,Berhasil,Virtual Machine,Public IP Address,7.59890045687141,2.302585092994046,5,3,SYNTHETIC,synth_3600,ANOMALY,credential_takeover_compound,Severe,"hour,ip_address,device,activity",4,synth_3600
1.0,Keamanan & 2FA,Berhasil,Virtual Machine,Public IP Address,7.421177528595393,0.6931471805599453,0,3,SYNTHETIC,synth_996,ANOMALY,credential_takeover_compound,Severe,"hour,ip_address,device,activity",4,synth_996
41.0,Keamanan & 2FA,Berhasil,Virtual Machine,Public IP Address,7.2640301428995295,0.6931471805599453,3,2,SYNTHETIC,synth_7278,ANOMALY,credential_takeover_compound,Severe,"hour,ip_address,device,activity",4,synth_7278
72.0,Keamanan & 2FA,Berhasil,Virtual Machine,Public IP Address,5.924255797414532,0.6931471805599453,4,1,SYNTHETIC,synth_14698,ANOMALY,credential_takeover_compound,Severe,"hour,ip_address,device,activity",4,synth_14698
1.0,Keamanan & 2FA,Berhasil,Virtual Machine,Public IP Address,0.0,0.6931471805599453,3,3,REAL_DB,real_db_113,ANOMALY,credential_takeover_compound,Severe,"hour,ip_address,device,activity",4,real_db_113
49.0,Keamanan & 2FA,Berhasil,Virtual Machine,Public IP Address,8.30325712085294,1.3862943611198906,2,1,SYNTHETIC,synth_914,ANOMALY,credential_takeover_compound,Severe,"hour,ip_address,device,activity",4,synth_914
38.0,Keamanan & 2FA,Berhasil,Virtual Machine,Public IP Address,6.642486801367256,0.6931471805599453,0,5,SYNTHETIC,synth_12350,ANOMALY,credential_takeover_compound,Severe,"hour,ip_address,device,activity",4,synth_12350
58.0,Keamanan & 2FA,Berhasil,Virtual Machine,Public IP Address,7.283448228756631,0.6931471805599453,5,2,SYNTHETIC,synth_7819,ANOMALY,credential_takeover_compound,Severe,"hour,ip_address,device,activity",4,synth_7819
79.0,Keamanan & 2FA,Berhasil,Virtual Machine,Public IP Address,8.315566483564277,2.19722457733622,2,5,SYNTHETIC,synth_1384,ANOMALY,credential_takeover_compound,Severe,"hour,ip_address,device,activity",4,synth_1384
1.0,Keamanan & 2FA,Berhasil,Virtual Machine,Public IP Address,8.473241303887054,1.6094379124341005,1,4,SYNTHETIC,synth_8212,ANOMALY,credential_takeover_compound,Severe,"hour,ip_address,device,activity",4,synth_8212
68.0,Keamanan & 2FA,Berhasil,Virtual Machine,Public IP Address,7.517520850603031,1.791759469228055,3,3,SYNTHETIC,synth_10207,ANOMALY,credential_takeover_compound,Severe,"hour,ip_address,device,activity",4,synth_10207
1.0,Keamanan & 2FA,Berhasil,Virtual Machine,Public IP Address,0.0,0.6931471805599453,3,0,REAL_DB,real_db_57,ANOMALY,credential_takeover_compound,Severe,"hour,ip_address,device,activity",4,real_db_57
72.0,Keamanan & 2FA,Berhasil,Virtual Machine,Public IP Address,6.60934924316738,1.0986122886681098,1,3,SYNTHETIC,synth_10560,ANOMALY,credential_takeover_compound,Severe,"hour,ip_address,device,activity",4,synth_10560
46.0,Keamanan & 2FA,Gagal,Virtual Machine,Public IP Address,7.193685818395112,0.6931471805599453,2,0,SYNTHETIC,synth_5374,ANOMALY,credential_takeover_compound,Severe,"hour,ip_address,device,activity",4,synth_5374
64.0,Keamanan & 2FA,Berhasil,Virtual Machine,Public IP Address,6.70073110954781,0.6931471805599453,0,4,SYNTHETIC,synth_3926,ANOMALY,credential_takeover_compound,Severe,"hour,ip_address,device,activity",4,synth_3926
36.0,Keamanan & 2FA,Berhasil,Virtual Machine,Public IP Address,8.129469764784231,2.079441541679836,5,4,SYNTHETIC,synth_7621,ANOMALY,credential_takeover_compound,Severe,"hour,ip_address,device,activity",4,synth_7621
33.0,Keamanan & 2FA,Berhasil,Virtual Machine,Public IP Address,6.2166061010848646,0.6931471805599453,2,1,SYNTHETIC,synth_591,ANOMALY,credential_takeover_compound,Severe,"hour,ip_address,device,activity",4,synth_591
65.0,Keamanan & 2FA,Berhasil,Virtual Machine,Public IP Address,7.322510433997394,2.302585092994046,4,4,SYNTHETIC,synth_2980,ANOMALY,credential_takeover_compound,Severe,"hour,ip_address,device,activity",4,synth_2980
63.0,Keamanan & 2FA,Berhasil,Virtual Machine,Public IP Address,8.016647877057803,1.6094379124341005,5,2,SYNTHETIC,synth_4927,ANOMALY,credential_takeover_compound,Severe,"hour,ip_address,device,activity",4,synth_4927
26.0,Keamanan & 2FA,Berhasil,Virtual Machine,Public IP Address,6.9930151229329605,0.6931471805599453,2,5,SYNTHETIC,synth_11358,ANOMALY,credential_takeover_compound,Severe,"hour,ip_address,device,activity",4,synth_11358
21.0,Keamanan & 2FA,Berhasil,Virtual Machine,Public IP Address,6.480044561926653,0.6931471805599453,0,6,SYNTHETIC,synth_3465,ANOMALY,credential_takeover_compound,Severe,"hour,ip_address,device,activity",4,synth_3465
57.0,Keamanan & 2FA,Berhasil,Virtual Machine,Public IP Address,6.925595197110468,0.6931471805599453,3,1,SYNTHETIC,synth_6028,ANOMALY,credential_takeover_compound,Severe,"hour,ip_address,device,activity",4,synth_6028
75.0,Keamanan & 2FA,Berhasil,Virtual Machine,Public IP Address,7.379008127628304,0.6931471805599453,2,2,SYNTHETIC,synth_11904,ANOMALY,credential_takeover_compound,Severe,"hour,ip_address,device,activity",4,synth_11904
45.0,Keamanan & 2FA,Berhasil,Virtual Machine,Public IP Address,6.951772164398911,0.6931471805599453,1,5,SYNTHETIC,synth_9465,ANOMALY,credential_takeover_compound,Severe,"hour,ip_address,device,activity",4,synth_9465
58.0,Keamanan & 2FA,Berhasil,Virtual Machine,Public IP Address,8.495152060539358,1.6094379124341005,0,3,SYNTHETIC,synth_4456,ANOMALY,credential_takeover_compound,Severe,"hour,ip_address,device,activity",4,synth_4456
35.0,Keamanan & 2FA,Berhasil,Virtual Machine,Public IP Address,7.090076835776092,0.6931471805599453,3,4,SYNTHETIC,synth_13995,ANOMALY,credential_takeover_compound,Severe,"hour,ip_address,device,activity",4,synth_13995
30.0,Keamanan & 2FA,Berhasil,Virtual Machine,Public IP Address,8.6347984334905,1.3862943611198906,0,0,SYNTHETIC,synth_8343,ANOMALY,credential_takeover_compound,Severe,"hour,ip_address,device,activity",4,synth_8343
34.0,Keamanan & 2FA,Berhasil,Virtual Machine,Public IP Address,6.47543271670409,0.6931471805599453,5,4,SYNTHETIC,synth_1325,ANOMALY,credential_takeover_compound,Severe,"hour,ip_address,device,activity",4,synth_1325
44.0,Keamanan & 2FA,Berhasil,Virtual Machine,Public IP Address,6.588926477533519,0.6931471805599453,1,4,SYNTHETIC,synth_3024,ANOMALY,credential_takeover_compound,Severe,"hour,ip_address,device,activity",4,synth_3024
26.0,Keamanan & 2FA,Berhasil,Virtual Machine,Public IP Address,7.22983877815125,0.6931471805599453,5,1,SYNTHETIC,synth_7215,ANOMALY,credential_takeover_compound,Severe,"hour,ip_address,device,activity",4,synth_7215
