Threshold,TP,FP,TN,FN,Precision,Recall,F1-Score,FPR,FNR,Specificity,Youden_J,Localhost_FP_Count,Localhost_FPR,Satisfies_Test_Criteria,Localhost_Safe
0.001,748,1964,111,2,0.2758,0.9973,0.4321,0.9465,0.0027,0.0535,0.0508,329,1.0,False,False
0.002,741,1605,470,9,0.3159,0.988,0.4787,0.7735,0.012,0.2265,0.2145,325,0.9878,False,False
0.003,733,1204,871,17,0.3784,0.9773,0.5456,0.5802,0.0227,0.4198,0.3971,314,0.9544,False,False
0.004,718,840,1235,32,0.4608,0.9573,0.6222,0.4048,0.0427,0.5952,0.5525,293,0.8906,False,False
0.005,710,594,1481,40,0.5445,0.9467,0.6913,0.2863,0.0533,0.7137,0.6604,259,0.7872,False,False
0.006,690,425,1650,60,0.6188,0.92,0.7399,0.2048,0.08,0.7952,0.7152,230,0.6991,False,False
0.007,673,328,1747,77,0.6723,0.8973,0.7687,0.1581,0.1027,0.8419,0.7393,206,0.6261,False,False
0.008,658,255,1820,92,0.7207,0.8773,0.7913,0.1229,0.1227,0.8771,0.7544,187,0.5684,False,False
0.009000000000000001,646,199,1876,104,0.7645,0.8613,0.81,0.0959,0.1387,0.9041,0.7654,170,0.5167,False,False
0.009050595574080944,644,198,1877,106,0.7648,0.8587,0.809,0.0954,0.1413,0.9046,0.7632,167,0.5076,False,False
0.010000000000000002,631,167,1908,119,0.7907,0.8413,0.8152,0.0805,0.1587,0.9195,0.7609,151,0.459,False,False
0.011,622,148,1927,128,0.8078,0.8293,0.8184,0.0713,0.1707,0.9287,0.758,135,0.4103,True,False
0.012,613,126,1949,137,0.8295,0.8173,0.8234,0.0607,0.1827,0.9393,0.7566,118,0.3587,True,False
0.013000000000000001,598,115,1960,152,0.8387,0.7973,0.8175,0.0554,0.2027,0.9446,0.7419,107,0.3252,True,False
0.013475080020725727,592,107,1968,158,0.8469,0.7893,0.8171,0.0516,0.2107,0.9484,0.7378,100,0.304,True,False
0.014000000000000002,589,101,1974,161,0.8536,0.7853,0.8181,0.0487,0.2147,0.9513,0.7367,96,0.2918,True,False
0.015,581,98,1977,169,0.8557,0.7747,0.8132,0.0472,0.2253,0.9528,0.7274,84,0.2553,True,False
0.016,578,93,1982,172,0.8614,0.7707,0.8135,0.0448,0.2293,0.9552,0.7258,67,0.2036,True,False
0.017,561,84,1991,189,0.8698,0.748,0.8043,0.0405,0.252,0.9595,0.7075,61,0.1854,False,False
0.018000000000000002,553,77,1998,197,0.8778,0.7373,0.8014,0.0371,0.2627,0.9629,0.7002,56,0.1702,False,False
0.019000000000000003,547,71,2004,203,0.8851,0.7293,0.7997,0.0342,0.2707,0.9658,0.6951,48,0.1459,False,False
0.02,543,69,2006,207,0.8873,0.724,0.7974,0.0333,0.276,0.9667,0.6907,44,0.1337,False,False
0.021,537,63,2012,213,0.895,0.716,0.7956,0.0304,0.284,0.9696,0.6856,43,0.1307,False,False
0.022000000000000002,531,60,2015,219,0.8985,0.708,0.7919,0.0289,0.292,0.9711,0.6791,42,0.1277,False,False
0.023,524,55,2020,226,0.905,0.6987,0.7886,0.0265,0.3013,0.9735,0.6722,39,0.1185,False,False
0.024,520,51,2024,230,0.9107,0.6933,0.7873,0.0246,0.3067,0.9754,0.6688,38,0.1155,False,False
0.025,520,49,2026,230,0.9139,0.6933,0.7885,0.0236,0.3067,0.9764,0.6697,37,0.1125,False,False
0.025626638904213905,515,46,2029,235,0.918,0.6867,0.7857,0.0222,0.3133,0.9778,0.6645,33,0.1003,False,False
0.026000000000000002,511,46,2029,239,0.9174,0.6813,0.7819,0.0222,0.3187,0.9778,0.6592,32,0.0973,False,False
0.027000000000000003,506,46,2029,244,0.9167,0.6747,0.7773,0.0222,0.3253,0.9778,0.6525,28,0.0851,False,False
0.028,499,44,2031,251,0.919,0.6653,0.7718,0.0212,0.3347,0.9788,0.6441,27,0.0821,False,False
0.029,495,43,2032,255,0.9201,0.66,0.7686,0.0207,0.34,0.9793,0.6393,26,0.079,False,False
0.030000000000000002,488,42,2033,262,0.9208,0.6507,0.7625,0.0202,0.3493,0.9798,0.6304,24,0.0729,False,False
0.031,483,39,2036,267,0.9253,0.644,0.7594,0.0188,0.356,0.9812,0.6252,23,0.0699,False,False
0.032,476,36,2039,274,0.9297,0.6347,0.7544,0.0173,0.3653,0.9827,0.6173,23,0.0699,False,False
0.033,470,35,2040,280,0.9307,0.6267,0.749,0.0169,0.3733,0.9831,0.6098,23,0.0699,False,False
0.034,463,33,2042,287,0.9335,0.6173,0.7432,0.0159,0.3827,0.9841,0.6014,23,0.0699,False,False
0.035,457,33,2042,293,0.9327,0.6093,0.7371,0.0159,0.3907,0.9841,0.5934,22,0.0669,False,False
0.036000000000000004,453,32,2043,297,0.934,0.604,0.7336,0.0154,0.396,0.9846,0.5886,22,0.0669,False,False
0.03674086928367615,451,31,2044,299,0.9357,0.6013,0.7321,0.0149,0.3987,0.9851,0.5864,22,0.0669,False,False
0.037000000000000005,451,31,2044,299,0.9357,0.6013,0.7321,0.0149,0.3987,0.9851,0.5864,22,0.0669,False,False
0.038,447,31,2044,303,0.9351,0.596,0.728,0.0149,0.404,0.9851,0.5811,20,0.0608,False,False
0.039,442,29,2046,308,0.9384,0.5893,0.724,0.014,0.4107,0.986,0.5754,20,0.0608,False,False
0.04,436,29,2046,314,0.9376,0.5813,0.7177,0.014,0.4187,0.986,0.5674,19,0.0578,False,False
0.041,430,26,2049,320,0.943,0.5733,0.7131,0.0125,0.4267,0.9875,0.5608,19,0.0578,False,False
0.042,427,24,2051,323,0.9468,0.5693,0.7111,0.0116,0.4307,0.9884,0.5578,18,0.0547,False,False
0.043000000000000003,422,23,2052,328,0.9483,0.5627,0.7063,0.0111,0.4373,0.9889,0.5516,15,0.0456,False,False
0.044000000000000004,415,23,2052,335,0.9475,0.5533,0.6987,0.0111,0.4467,0.9889,0.5422,14,0.0426,False,False
0.045,410,23,2052,340,0.9469,0.5467,0.6932,0.0111,0.4533,0.9889,0.5356,12,0.0365,False,False
0.046,405,19,2056,345,0.9552,0.54,0.6899,0.0092,0.46,0.9908,0.5308,11,0.0334,False,False
0.047,401,18,2057,349,0.957,0.5347,0.6861,0.0087,0.4653,0.9913,0.526,10,0.0304,False,False
0.048,395,18,2057,355,0.9564,0.5267,0.6793,0.0087,0.4733,0.9913,0.518,9,0.0274,False,False
0.049,387,16,2059,363,0.9603,0.516,0.6713,0.0077,0.484,0.9923,0.5083,9,0.0274,False,False
0.05,382,16,2059,368,0.9598,0.5093,0.6655,0.0077,0.4907,0.9923,0.5016,9,0.0274,False,False
0.051000000000000004,376,15,2060,374,0.9616,0.5013,0.6591,0.0072,0.4987,0.9928,0.4941,9,0.0274,False,False
0.052000000000000005,371,15,2060,379,0.9611,0.4947,0.6532,0.0072,0.5053,0.9928,0.4874,9,0.0274,False,False
0.053000000000000005,369,15,2060,381,0.9609,0.492,0.6508,0.0072,0.508,0.9928,0.4848,8,0.0243,False,False
0.054,363,15,2060,387,0.9603,0.484,0.6436,0.0072,0.516,0.9928,0.4768,8,0.0243,False,False
0.055,363,14,2061,387,0.9629,0.484,0.6442,0.0067,0.516,0.9933,0.4773,8,0.0243,False,False
0.056,361,13,2062,389,0.9652,0.4813,0.6423,0.0063,0.5187,0.9937,0.4751,8,0.0243,False,False
0.057,360,13,2062,390,0.9651,0.48,0.6411,0.0063,0.52,0.9937,0.4737,8,0.0243,False,False
0.058,359,13,2062,391,0.9651,0.4787,0.6399,0.0063,0.5213,0.9937,0.4724,7,0.0213,False,False
0.059000000000000004,357,13,2062,393,0.9649,0.476,0.6375,0.0063,0.524,0.9937,0.4697,7,0.0213,False,False
0.060000000000000005,355,13,2062,395,0.9647,0.4733,0.6351,0.0063,0.5267,0.9937,0.4671,7,0.0213,False,False
0.061,354,13,2062,396,0.9646,0.472,0.6338,0.0063,0.528,0.9937,0.4657,7,0.0213,False,False
0.062,351,12,2063,399,0.9669,0.468,0.6307,0.0058,0.532,0.9942,0.4622,7,0.0213,False,False
0.063,346,11,2064,404,0.9692,0.4613,0.6251,0.0053,0.5387,0.9947,0.456,7,0.0213,False,False
0.064,344,11,2064,406,0.969,0.4587,0.6226,0.0053,0.5413,0.9947,0.4534,7,0.0213,False,False
0.065,343,9,2066,407,0.9744,0.4573,0.6225,0.0043,0.5427,0.9957,0.453,7,0.0213,False,False
0.066,341,8,2067,409,0.9771,0.4547,0.6206,0.0039,0.5453,0.9961,0.4508,7,0.0213,False,False
0.067,341,8,2067,409,0.9771,0.4547,0.6206,0.0039,0.5453,0.9961,0.4508,7,0.0213,False,False
0.068,338,8,2067,412,0.9769,0.4507,0.6168,0.0039,0.5493,0.9961,0.4468,7,0.0213,False,False
0.069,338,7,2068,412,0.9797,0.4507,0.6174,0.0034,0.5493,0.9966,0.4473,7,0.0213,False,False
0.07,338,7,2068,412,0.9797,0.4507,0.6174,0.0034,0.5493,0.9966,0.4473,7,0.0213,False,False
0.07100000000000001,336,7,2068,414,0.9796,0.448,0.6148,0.0034,0.552,0.9966,0.4446,7,0.0213,False,False
0.07200000000000001,336,6,2069,414,0.9825,0.448,0.6154,0.0029,0.552,0.9971,0.4451,7,0.0213,False,False
0.07300000000000001,333,6,2069,417,0.9823,0.444,0.6116,0.0029,0.556,0.9971,0.4411,7,0.0213,False,False
0.074,332,6,2069,418,0.9822,0.4427,0.6103,0.0029,0.5573,0.9971,0.4398,7,0.0213,False,False
0.075,328,6,2069,422,0.982,0.4373,0.6052,0.0029,0.5627,0.9971,0.4344,7,0.0213,False,False
0.076,327,6,2069,423,0.982,0.436,0.6039,0.0029,0.564,0.9971,0.4331,7,0.0213,False,False
0.077,323,5,2070,427,0.9848,0.4307,0.5993,0.0024,0.5693,0.9976,0.4283,7,0.0213,False,False
0.078,322,5,2070,428,0.9847,0.4293,0.598,0.0024,0.5707,0.9976,0.4269,7,0.0213,False,False
0.079,319,4,2071,431,0.9876,0.4253,0.5946,0.0019,0.5747,0.9981,0.4234,7,0.0213,False,False
0.08,319,4,2071,431,0.9876,0.4253,0.5946,0.0019,0.5747,0.9981,0.4234,7,0.0213,False,False
0.081,318,4,2071,432,0.9876,0.424,0.5933,0.0019,0.576,0.9981,0.4221,7,0.0213,False,False
0.082,316,4,2071,434,0.9875,0.4213,0.5907,0.0019,0.5787,0.9981,0.4194,6,0.0182,False,False
0.083,316,4,2071,434,0.9875,0.4213,0.5907,0.0019,0.5787,0.9981,0.4194,5,0.0152,False,False
0.084,313,4,2071,437,0.9874,0.4173,0.5867,0.0019,0.5827,0.9981,0.4154,5,0.0152,False,False
0.085,312,4,2071,438,0.9873,0.416,0.5854,0.0019,0.584,0.9981,0.4141,4,0.0122,False,False
0.08600000000000001,312,4,2071,438,0.9873,0.416,0.5854,0.0019,0.584,0.9981,0.4141,4,0.0122,False,False
0.08700000000000001,311,4,2071,439,0.9873,0.4147,0.584,0.0019,0.5853,0.9981,0.4127,4,0.0122,False,False
0.08800000000000001,311,4,2071,439,0.9873,0.4147,0.584,0.0019,0.5853,0.9981,0.4127,3,0.0091,False,False
0.089,309,4,2071,441,0.9872,0.412,0.5814,0.0019,0.588,0.9981,0.4101,3,0.0091,False,False
0.09,306,4,2071,444,0.9871,0.408,0.5774,0.0019,0.592,0.9981,0.4061,3,0.0091,False,False
0.091,305,4,2071,445,0.9871,0.4067,0.576,0.0019,0.5933,0.9981,0.4047,3,0.0091,False,False
0.092,305,4,2071,445,0.9871,0.4067,0.576,0.0019,0.5933,0.9981,0.4047,3,0.0091,False,False
0.093,305,4,2071,445,0.9871,0.4067,0.576,0.0019,0.5933,0.9981,0.4047,3,0.0091,False,False
0.094,303,3,2072,447,0.9902,0.404,0.5739,0.0014,0.596,0.9986,0.4026,3,0.0091,False,False
0.095,301,3,2072,449,0.9901,0.4013,0.5712,0.0014,0.5987,0.9986,0.3999,3,0.0091,False,False
0.096,301,3,2072,449,0.9901,0.4013,0.5712,0.0014,0.5987,0.9986,0.3999,3,0.0091,False,False
0.097,299,3,2072,451,0.9901,0.3987,0.5684,0.0014,0.6013,0.9986,0.3972,3,0.0091,False,False
0.098,295,3,2072,455,0.9899,0.3933,0.563,0.0014,0.6067,0.9986,0.3919,3,0.0091,False,False
0.099,294,2,2073,456,0.9932,0.392,0.5621,0.001,0.608,0.999,0.391,3,0.0091,False,False
0.1,293,2,2073,457,0.9932,0.3907,0.5608,0.001,0.6093,0.999,0.3897,3,0.0091,False,False
0.101,292,2,2073,458,0.9932,0.3893,0.5594,0.001,0.6107,0.999,0.3884,3,0.0091,False,False
0.10200000000000001,291,2,2073,459,0.9932,0.388,0.558,0.001,0.612,0.999,0.387,3,0.0091,False,False
0.10300000000000001,290,2,2073,460,0.9932,0.3867,0.5566,0.001,0.6133,0.999,0.3857,3,0.0091,False,False
0.10400000000000001,290,2,2073,460,0.9932,0.3867,0.5566,0.001,0.6133,0.999,0.3857,3,0.0091,False,False
0.10500000000000001,289,2,2073,461,0.9931,0.3853,0.5552,0.001,0.6147,0.999,0.3844,3,0.0091,False,False
0.106,286,2,2073,464,0.9931,0.3813,0.5511,0.001,0.6187,0.999,0.3804,3,0.0091,False,False
0.107,281,2,2073,469,0.9929,0.3747,0.544,0.001,0.6253,0.999,0.3737,3,0.0091,False,False
0.108,281,2,2073,469,0.9929,0.3747,0.544,0.001,0.6253,0.999,0.3737,3,0.0091,False,False
0.109,281,2,2073,469,0.9929,0.3747,0.544,0.001,0.6253,0.999,0.3737,3,0.0091,False,False
0.11,280,2,2073,470,0.9929,0.3733,0.5426,0.001,0.6267,0.999,0.3724,3,0.0091,False,False
0.111,280,2,2073,470,0.9929,0.3733,0.5426,0.001,0.6267,0.999,0.3724,3,0.0091,False,False
0.112,278,2,2073,472,0.9929,0.3707,0.5398,0.001,0.6293,0.999,0.3697,3,0.0091,False,False
0.113,276,2,2073,474,0.9928,0.368,0.537,0.001,0.632,0.999,0.367,3,0.0091,False,False
0.114,275,2,2073,475,0.9928,0.3667,0.5355,0.001,0.6333,0.999,0.3657,3,0.0091,False,False
0.115,273,2,2073,477,0.9927,0.364,0.5327,0.001,0.636,0.999,0.363,3,0.0091,False,False
0.116,271,2,2073,479,0.9927,0.3613,0.5298,0.001,0.6387,0.999,0.3604,3,0.0091,False,False
0.11652985215187073,271,2,2073,479,0.9927,0.3613,0.5298,0.001,0.6387,0.999,0.3604,3,0.0091,False,False
0.117,270,2,2073,480,0.9926,0.36,0.5284,0.001,0.64,0.999,0.359,3,0.0091,False,False
0.11800000000000001,270,2,2073,480,0.9926,0.36,0.5284,0.001,0.64,0.999,0.359,3,0.0091,False,False
0.11900000000000001,269,2,2073,481,0.9926,0.3587,0.5269,0.001,0.6413,0.999,0.3577,3,0.0091,False,False
0.12000000000000001,268,2,2073,482,0.9926,0.3573,0.5255,0.001,0.6427,0.999,0.3564,3,0.0091,False,False
0.121,266,2,2073,484,0.9925,0.3547,0.5226,0.001,0.6453,0.999,0.3537,3,0.0091,False,False
0.122,266,2,2073,484,0.9925,0.3547,0.5226,0.001,0.6453,0.999,0.3537,3,0.0091,False,False
0.123,265,2,2073,485,0.9925,0.3533,0.5211,0.001,0.6467,0.999,0.3524,3,0.0091,False,False
0.124,264,1,2074,486,0.9962,0.352,0.5202,0.0005,0.648,0.9995,0.3515,3,0.0091,False,False
0.125,261,1,2074,489,0.9962,0.348,0.5158,0.0005,0.652,0.9995,0.3475,3,0.0091,False,False
0.126,261,1,2074,489,0.9962,0.348,0.5158,0.0005,0.652,0.9995,0.3475,3,0.0091,False,False
0.127,259,1,2074,491,0.9962,0.3453,0.5129,0.0005,0.6547,0.9995,0.3449,3,0.0091,False,False
0.128,257,1,2074,493,0.9961,0.3427,0.5099,0.0005,0.6573,0.9995,0.3422,3,0.0091,False,False
0.129,256,1,2074,494,0.9961,0.3413,0.5084,0.0005,0.6587,0.9995,0.3409,3,0.0091,False,False
0.13,255,1,2074,495,0.9961,0.34,0.507,0.0005,0.66,0.9995,0.3395,2,0.0061,False,False
0.131,253,1,2074,497,0.9961,0.3373,0.504,0.0005,0.6627,0.9995,0.3369,2,0.0061,False,False
0.132,253,1,2074,497,0.9961,0.3373,0.504,0.0005,0.6627,0.9995,0.3369,2,0.0061,False,False
0.133,252,1,2074,498,0.996,0.336,0.5025,0.0005,0.664,0.9995,0.3355,2,0.0061,False,False
0.134,252,1,2074,498,0.996,0.336,0.5025,0.0005,0.664,0.9995,0.3355,1,0.003,False,False
0.135,251,1,2074,499,0.996,0.3347,0.501,0.0005,0.6653,0.9995,0.3342,1,0.003,False,False
0.136,250,1,2074,500,0.996,0.3333,0.4995,0.0005,0.6667,0.9995,0.3329,1,0.003,False,False
0.137,250,1,2074,500,0.996,0.3333,0.4995,0.0005,0.6667,0.9995,0.3329,1,0.003,False,False
0.138,249,1,2074,501,0.996,0.332,0.498,0.0005,0.668,0.9995,0.3315,1,0.003,False,False
0.139,249,1,2074,501,0.996,0.332,0.498,0.0005,0.668,0.9995,0.3315,1,0.003,False,False
0.14,248,1,2074,502,0.996,0.3307,0.4965,0.0005,0.6693,0.9995,0.3302,1,0.003,False,False
0.14100000000000001,246,1,2074,504,0.996,0.328,0.4935,0.0005,0.672,0.9995,0.3275,1,0.003,False,False
0.14200000000000002,245,1,2074,505,0.9959,0.3267,0.492,0.0005,0.6733,0.9995,0.3262,1,0.003,False,False
0.14300000000000002,245,1,2074,505,0.9959,0.3267,0.492,0.0005,0.6733,0.9995,0.3262,1,0.003,False,False
0.14400000000000002,245,0,2075,505,1.0,0.3267,0.4925,0.0,0.6733,1.0,0.3267,1,0.003,False,False
0.14500000000000002,245,0,2075,505,1.0,0.3267,0.4925,0.0,0.6733,1.0,0.3267,1,0.003,False,False
0.146,245,0,2075,505,1.0,0.3267,0.4925,0.0,0.6733,1.0,0.3267,1,0.003,False,False
0.147,245,0,2075,505,1.0,0.3267,0.4925,0.0,0.6733,1.0,0.3267,1,0.003,False,False
0.148,244,0,2075,506,1.0,0.3253,0.4909,0.0,0.6747,1.0,0.3253,1,0.003,False,False
0.149,244,0,2075,506,1.0,0.3253,0.4909,0.0,0.6747,1.0,0.3253,1,0.003,False,False
0.15,244,0,2075,506,1.0,0.3253,0.4909,0.0,0.6747,1.0,0.3253,1,0.003,False,False
0.151,244,0,2075,506,1.0,0.3253,0.4909,0.0,0.6747,1.0,0.3253,1,0.003,False,False
0.152,244,0,2075,506,1.0,0.3253,0.4909,0.0,0.6747,1.0,0.3253,1,0.003,False,False
0.153,243,0,2075,507,1.0,0.324,0.4894,0.0,0.676,1.0,0.324,1,0.003,False,False
0.154,243,0,2075,507,1.0,0.324,0.4894,0.0,0.676,1.0,0.324,1,0.003,False,False
0.155,242,0,2075,508,1.0,0.3227,0.4879,0.0,0.6773,1.0,0.3227,1,0.003,False,False
0.156,242,0,2075,508,1.0,0.3227,0.4879,0.0,0.6773,1.0,0.3227,1,0.003,False,False
0.157,241,0,2075,509,1.0,0.3213,0.4864,0.0,0.6787,1.0,0.3213,1,0.003,False,False
0.158,241,0,2075,509,1.0,0.3213,0.4864,0.0,0.6787,1.0,0.3213,1,0.003,False,False
0.159,241,0,2075,509,1.0,0.3213,0.4864,0.0,0.6787,1.0,0.3213,1,0.003,False,False
0.16,241,0,2075,509,1.0,0.3213,0.4864,0.0,0.6787,1.0,0.3213,1,0.003,False,False
0.161,240,0,2075,510,1.0,0.32,0.4848,0.0,0.68,1.0,0.32,1,0.003,False,False
0.162,239,0,2075,511,1.0,0.3187,0.4833,0.0,0.6813,1.0,0.3187,1,0.003,False,False
0.163,238,0,2075,512,1.0,0.3173,0.4818,0.0,0.6827,1.0,0.3173,1,0.003,False,False
0.164,238,0,2075,512,1.0,0.3173,0.4818,0.0,0.6827,1.0,0.3173,1,0.003,False,False
0.165,237,0,2075,513,1.0,0.316,0.4802,0.0,0.684,1.0,0.316,1,0.003,False,False
0.166,237,0,2075,513,1.0,0.316,0.4802,0.0,0.684,1.0,0.316,1,0.003,False,False
0.167,236,0,2075,514,1.0,0.3147,0.4787,0.0,0.6853,1.0,0.3147,1,0.003,False,False
0.168,235,0,2075,515,1.0,0.3133,0.4772,0.0,0.6867,1.0,0.3133,1,0.003,False,False
0.169,234,0,2075,516,1.0,0.312,0.4756,0.0,0.688,1.0,0.312,1,0.003,False,False
0.17,234,0,2075,516,1.0,0.312,0.4756,0.0,0.688,1.0,0.312,1,0.003,False,False
0.171,234,0,2075,516,1.0,0.312,0.4756,0.0,0.688,1.0,0.312,0,0.0,False,True
0.17200000000000001,233,0,2075,517,1.0,0.3107,0.4741,0.0,0.6893,1.0,0.3107,0,0.0,False,True
0.17300000000000001,232,0,2075,518,1.0,0.3093,0.4725,0.0,0.6907,1.0,0.3093,0,0.0,False,True
0.17400000000000002,232,0,2075,518,1.0,0.3093,0.4725,0.0,0.6907,1.0,0.3093,0,0.0,False,True
0.17500000000000002,232,0,2075,518,1.0,0.3093,0.4725,0.0,0.6907,1.0,0.3093,0,0.0,False,True
0.17600000000000002,231,0,2075,519,1.0,0.308,0.4709,0.0,0.692,1.0,0.308,0,0.0,False,True
0.177,229,0,2075,521,1.0,0.3053,0.4678,0.0,0.6947,1.0,0.3053,0,0.0,False,True
0.178,229,0,2075,521,1.0,0.3053,0.4678,0.0,0.6947,1.0,0.3053,0,0.0,False,True
0.179,227,0,2075,523,1.0,0.3027,0.4647,0.0,0.6973,1.0,0.3027,0,0.0,False,True
0.18,226,0,2075,524,1.0,0.3013,0.4631,0.0,0.6987,1.0,0.3013,0,0.0,False,True
0.181,225,0,2075,525,1.0,0.3,0.4615,0.0,0.7,1.0,0.3,0,0.0,False,True
0.182,223,0,2075,527,1.0,0.2973,0.4584,0.0,0.7027,1.0,0.2973,0,0.0,False,True
0.183,221,0,2075,529,1.0,0.2947,0.4552,0.0,0.7053,1.0,0.2947,0,0.0,False,True
0.184,221,0,2075,529,1.0,0.2947,0.4552,0.0,0.7053,1.0,0.2947,0,0.0,False,True
0.185,221,0,2075,529,1.0,0.2947,0.4552,0.0,0.7053,1.0,0.2947,0,0.0,False,True
0.186,220,0,2075,530,1.0,0.2933,0.4536,0.0,0.7067,1.0,0.2933,0,0.0,False,True
0.187,219,0,2075,531,1.0,0.292,0.452,0.0,0.708,1.0,0.292,0,0.0,False,True
0.188,219,0,2075,531,1.0,0.292,0.452,0.0,0.708,1.0,0.292,0,0.0,False,True
0.189,219,0,2075,531,1.0,0.292,0.452,0.0,0.708,1.0,0.292,0,0.0,False,True
0.19,219,0,2075,531,1.0,0.292,0.452,0.0,0.708,1.0,0.292,0,0.0,False,True
0.191,219,0,2075,531,1.0,0.292,0.452,0.0,0.708,1.0,0.292,0,0.0,False,True
0.192,219,0,2075,531,1.0,0.292,0.452,0.0,0.708,1.0,0.292,0,0.0,False,True
0.193,218,0,2075,532,1.0,0.2907,0.4504,0.0,0.7093,1.0,0.2907,0,0.0,False,True
0.194,215,0,2075,535,1.0,0.2867,0.4456,0.0,0.7133,1.0,0.2867,0,0.0,False,True
0.195,214,0,2075,536,1.0,0.2853,0.444,0.0,0.7147,1.0,0.2853,0,0.0,False,True
0.196,214,0,2075,536,1.0,0.2853,0.444,0.0,0.7147,1.0,0.2853,0,0.0,False,True
0.197,213,0,2075,537,1.0,0.284,0.4424,0.0,0.716,1.0,0.284,0,0.0,False,True
0.198,212,0,2075,538,1.0,0.2827,0.4407,0.0,0.7173,1.0,0.2827,0,0.0,False,True
0.199,212,0,2075,538,1.0,0.2827,0.4407,0.0,0.7173,1.0,0.2827,0,0.0,False,True
0.2,212,0,2075,538,1.0,0.2827,0.4407,0.0,0.7173,1.0,0.2827,0,0.0,False,True
0.201,211,0,2075,539,1.0,0.2813,0.4391,0.0,0.7187,1.0,0.2813,0,0.0,False,True
0.202,211,0,2075,539,1.0,0.2813,0.4391,0.0,0.7187,1.0,0.2813,0,0.0,False,True
0.203,211,0,2075,539,1.0,0.2813,0.4391,0.0,0.7187,1.0,0.2813,0,0.0,False,True
0.20400000000000001,211,0,2075,539,1.0,0.2813,0.4391,0.0,0.7187,1.0,0.2813,0,0.0,False,True
0.20500000000000002,210,0,2075,540,1.0,0.28,0.4375,0.0,0.72,1.0,0.28,0,0.0,False,True
0.20600000000000002,210,0,2075,540,1.0,0.28,0.4375,0.0,0.72,1.0,0.28,0,0.0,False,True
0.20700000000000002,210,0,2075,540,1.0,0.28,0.4375,0.0,0.72,1.0,0.28,0,0.0,False,True
0.20800000000000002,210,0,2075,540,1.0,0.28,0.4375,0.0,0.72,1.0,0.28,0,0.0,False,True
0.20900000000000002,209,0,2075,541,1.0,0.2787,0.4359,0.0,0.7213,1.0,0.2787,0,0.0,False,True
0.21,209,0,2075,541,1.0,0.2787,0.4359,0.0,0.7213,1.0,0.2787,0,0.0,False,True
0.211,209,0,2075,541,1.0,0.2787,0.4359,0.0,0.7213,1.0,0.2787,0,0.0,False,True
0.212,209,0,2075,541,1.0,0.2787,0.4359,0.0,0.7213,1.0,0.2787,0,0.0,False,True
0.213,209,0,2075,541,1.0,0.2787,0.4359,0.0,0.7213,1.0,0.2787,0,0.0,False,True
0.214,208,0,2075,542,1.0,0.2773,0.4342,0.0,0.7227,1.0,0.2773,0,0.0,False,True
0.215,208,0,2075,542,1.0,0.2773,0.4342,0.0,0.7227,1.0,0.2773,0,0.0,False,True
0.216,208,0,2075,542,1.0,0.2773,0.4342,0.0,0.7227,1.0,0.2773,0,0.0,False,True
0.217,207,0,2075,543,1.0,0.276,0.4326,0.0,0.724,1.0,0.276,0,0.0,False,True
0.218,207,0,2075,543,1.0,0.276,0.4326,0.0,0.724,1.0,0.276,0,0.0,False,True
0.219,206,0,2075,544,1.0,0.2747,0.431,0.0,0.7253,1.0,0.2747,0,0.0,False,True
0.22,206,0,2075,544,1.0,0.2747,0.431,0.0,0.7253,1.0,0.2747,0,0.0,False,True
0.221,206,0,2075,544,1.0,0.2747,0.431,0.0,0.7253,1.0,0.2747,0,0.0,False,True
0.222,206,0,2075,544,1.0,0.2747,0.431,0.0,0.7253,1.0,0.2747,0,0.0,False,True
0.223,206,0,2075,544,1.0,0.2747,0.431,0.0,0.7253,1.0,0.2747,0,0.0,False,True
0.224,206,0,2075,544,1.0,0.2747,0.431,0.0,0.7253,1.0,0.2747,0,0.0,False,True
0.225,206,0,2075,544,1.0,0.2747,0.431,0.0,0.7253,1.0,0.2747,0,0.0,False,True
0.226,206,0,2075,544,1.0,0.2747,0.431,0.0,0.7253,1.0,0.2747,0,0.0,False,True
0.227,206,0,2075,544,1.0,0.2747,0.431,0.0,0.7253,1.0,0.2747,0,0.0,False,True
0.228,206,0,2075,544,1.0,0.2747,0.431,0.0,0.7253,1.0,0.2747,0,0.0,False,True
0.229,206,0,2075,544,1.0,0.2747,0.431,0.0,0.7253,1.0,0.2747,0,0.0,False,True
0.23,206,0,2075,544,1.0,0.2747,0.431,0.0,0.7253,1.0,0.2747,0,0.0,False,True
0.231,206,0,2075,544,1.0,0.2747,0.431,0.0,0.7253,1.0,0.2747,0,0.0,False,True
0.232,205,0,2075,545,1.0,0.2733,0.4293,0.0,0.7267,1.0,0.2733,0,0.0,False,True
0.233,203,0,2075,547,1.0,0.2707,0.426,0.0,0.7293,1.0,0.2707,0,0.0,False,True
0.234,202,0,2075,548,1.0,0.2693,0.4244,0.0,0.7307,1.0,0.2693,0,0.0,False,True
0.23500000000000001,202,0,2075,548,1.0,0.2693,0.4244,0.0,0.7307,1.0,0.2693,0,0.0,False,True
0.23600000000000002,201,0,2075,549,1.0,0.268,0.4227,0.0,0.732,1.0,0.268,0,0.0,False,True
0.23700000000000002,201,0,2075,549,1.0,0.268,0.4227,0.0,0.732,1.0,0.268,0,0.0,False,True
0.23800000000000002,201,0,2075,549,1.0,0.268,0.4227,0.0,0.732,1.0,0.268,0,0.0,False,True
0.23900000000000002,201,0,2075,549,1.0,0.268,0.4227,0.0,0.732,1.0,0.268,0,0.0,False,True
0.24000000000000002,201,0,2075,549,1.0,0.268,0.4227,0.0,0.732,1.0,0.268,0,0.0,False,True
0.241,199,0,2075,551,1.0,0.2653,0.4194,0.0,0.7347,1.0,0.2653,0,0.0,False,True
0.242,199,0,2075,551,1.0,0.2653,0.4194,0.0,0.7347,1.0,0.2653,0,0.0,False,True
0.243,199,0,2075,551,1.0,0.2653,0.4194,0.0,0.7347,1.0,0.2653,0,0.0,False,True
0.244,198,0,2075,552,1.0,0.264,0.4177,0.0,0.736,1.0,0.264,0,0.0,False,True
0.245,197,0,2075,553,1.0,0.2627,0.4161,0.0,0.7373,1.0,0.2627,0,0.0,False,True
0.246,197,0,2075,553,1.0,0.2627,0.4161,0.0,0.7373,1.0,0.2627,0,0.0,False,True
0.247,197,0,2075,553,1.0,0.2627,0.4161,0.0,0.7373,1.0,0.2627,0,0.0,False,True
0.248,197,0,2075,553,1.0,0.2627,0.4161,0.0,0.7373,1.0,0.2627,0,0.0,False,True
0.249,196,0,2075,554,1.0,0.2613,0.4144,0.0,0.7387,1.0,0.2613,0,0.0,False,True
0.25,195,0,2075,555,1.0,0.26,0.4127,0.0,0.74,1.0,0.26,0,0.0,False,True
0.251,195,0,2075,555,1.0,0.26,0.4127,0.0,0.74,1.0,0.26,0,0.0,False,True
0.252,195,0,2075,555,1.0,0.26,0.4127,0.0,0.74,1.0,0.26,0,0.0,False,True
0.253,194,0,2075,556,1.0,0.2587,0.411,0.0,0.7413,1.0,0.2587,0,0.0,False,True
0.254,194,0,2075,556,1.0,0.2587,0.411,0.0,0.7413,1.0,0.2587,0,0.0,False,True
0.255,191,0,2075,559,1.0,0.2547,0.406,0.0,0.7453,1.0,0.2547,0,0.0,False,True
0.256,191,0,2075,559,1.0,0.2547,0.406,0.0,0.7453,1.0,0.2547,0,0.0,False,True
0.257,191,0,2075,559,1.0,0.2547,0.406,0.0,0.7453,1.0,0.2547,0,0.0,False,True
0.258,191,0,2075,559,1.0,0.2547,0.406,0.0,0.7453,1.0,0.2547,0,0.0,False,True
0.259,190,0,2075,560,1.0,0.2533,0.4043,0.0,0.7467,1.0,0.2533,0,0.0,False,True
0.26,190,0,2075,560,1.0,0.2533,0.4043,0.0,0.7467,1.0,0.2533,0,0.0,False,True
0.261,189,0,2075,561,1.0,0.252,0.4026,0.0,0.748,1.0,0.252,0,0.0,False,True
0.262,189,0,2075,561,1.0,0.252,0.4026,0.0,0.748,1.0,0.252,0,0.0,False,True
0.263,187,0,2075,563,1.0,0.2493,0.3991,0.0,0.7507,1.0,0.2493,0,0.0,False,True
0.264,186,0,2075,564,1.0,0.248,0.3974,0.0,0.752,1.0,0.248,0,0.0,False,True
0.265,186,0,2075,564,1.0,0.248,0.3974,0.0,0.752,1.0,0.248,0,0.0,False,True
0.266,186,0,2075,564,1.0,0.248,0.3974,0.0,0.752,1.0,0.248,0,0.0,False,True
0.267,186,0,2075,564,1.0,0.248,0.3974,0.0,0.752,1.0,0.248,0,0.0,False,True
0.268,186,0,2075,564,1.0,0.248,0.3974,0.0,0.752,1.0,0.248,0,0.0,False,True
0.269,186,0,2075,564,1.0,0.248,0.3974,0.0,0.752,1.0,0.248,0,0.0,False,True
0.27,186,0,2075,564,1.0,0.248,0.3974,0.0,0.752,1.0,0.248,0,0.0,False,True
0.271,186,0,2075,564,1.0,0.248,0.3974,0.0,0.752,1.0,0.248,0,0.0,False,True
0.272,186,0,2075,564,1.0,0.248,0.3974,0.0,0.752,1.0,0.248,0,0.0,False,True
0.273,186,0,2075,564,1.0,0.248,0.3974,0.0,0.752,1.0,0.248,0,0.0,False,True
0.274,186,0,2075,564,1.0,0.248,0.3974,0.0,0.752,1.0,0.248,0,0.0,False,True
0.275,186,0,2075,564,1.0,0.248,0.3974,0.0,0.752,1.0,0.248,0,0.0,False,True
0.276,186,0,2075,564,1.0,0.248,0.3974,0.0,0.752,1.0,0.248,0,0.0,False,True
0.277,186,0,2075,564,1.0,0.248,0.3974,0.0,0.752,1.0,0.248,0,0.0,False,True
0.278,186,0,2075,564,1.0,0.248,0.3974,0.0,0.752,1.0,0.248,0,0.0,False,True
0.279,186,0,2075,564,1.0,0.248,0.3974,0.0,0.752,1.0,0.248,0,0.0,False,True
0.28,185,0,2075,565,1.0,0.2467,0.3957,0.0,0.7533,1.0,0.2467,0,0.0,False,True
0.281,185,0,2075,565,1.0,0.2467,0.3957,0.0,0.7533,1.0,0.2467,0,0.0,False,True
0.28200000000000003,185,0,2075,565,1.0,0.2467,0.3957,0.0,0.7533,1.0,0.2467,0,0.0,False,True
0.28300000000000003,185,0,2075,565,1.0,0.2467,0.3957,0.0,0.7533,1.0,0.2467,0,0.0,False,True
0.28400000000000003,185,0,2075,565,1.0,0.2467,0.3957,0.0,0.7533,1.0,0.2467,0,0.0,False,True
0.28500000000000003,184,0,2075,566,1.0,0.2453,0.394,0.0,0.7547,1.0,0.2453,0,0.0,False,True
0.28600000000000003,184,0,2075,566,1.0,0.2453,0.394,0.0,0.7547,1.0,0.2453,0,0.0,False,True
0.28700000000000003,183,0,2075,567,1.0,0.244,0.3923,0.0,0.756,1.0,0.244,0,0.0,False,True
0.28800000000000003,183,0,2075,567,1.0,0.244,0.3923,0.0,0.756,1.0,0.244,0,0.0,False,True
0.28900000000000003,183,0,2075,567,1.0,0.244,0.3923,0.0,0.756,1.0,0.244,0,0.0,False,True
0.29,183,0,2075,567,1.0,0.244,0.3923,0.0,0.756,1.0,0.244,0,0.0,False,True
0.291,183,0,2075,567,1.0,0.244,0.3923,0.0,0.756,1.0,0.244,0,0.0,False,True
0.292,183,0,2075,567,1.0,0.244,0.3923,0.0,0.756,1.0,0.244,0,0.0,False,True
0.293,183,0,2075,567,1.0,0.244,0.3923,0.0,0.756,1.0,0.244,0,0.0,False,True
0.294,183,0,2075,567,1.0,0.244,0.3923,0.0,0.756,1.0,0.244,0,0.0,False,True
0.295,183,0,2075,567,1.0,0.244,0.3923,0.0,0.756,1.0,0.244,0,0.0,False,True
0.296,183,0,2075,567,1.0,0.244,0.3923,0.0,0.756,1.0,0.244,0,0.0,False,True
0.297,183,0,2075,567,1.0,0.244,0.3923,0.0,0.756,1.0,0.244,0,0.0,False,True
0.298,183,0,2075,567,1.0,0.244,0.3923,0.0,0.756,1.0,0.244,0,0.0,False,True
0.299,183,0,2075,567,1.0,0.244,0.3923,0.0,0.756,1.0,0.244,0,0.0,False,True
0.3,183,0,2075,567,1.0,0.244,0.3923,0.0,0.756,1.0,0.244,0,0.0,False,True
0.301,183,0,2075,567,1.0,0.244,0.3923,0.0,0.756,1.0,0.244,0,0.0,False,True
0.302,182,0,2075,568,1.0,0.2427,0.3906,0.0,0.7573,1.0,0.2427,0,0.0,False,True
0.303,182,0,2075,568,1.0,0.2427,0.3906,0.0,0.7573,1.0,0.2427,0,0.0,False,True
0.304,182,0,2075,568,1.0,0.2427,0.3906,0.0,0.7573,1.0,0.2427,0,0.0,False,True
0.305,182,0,2075,568,1.0,0.2427,0.3906,0.0,0.7573,1.0,0.2427,0,0.0,False,True
0.306,182,0,2075,568,1.0,0.2427,0.3906,0.0,0.7573,1.0,0.2427,0,0.0,False,True
0.307,182,0,2075,568,1.0,0.2427,0.3906,0.0,0.7573,1.0,0.2427,0,0.0,False,True
0.308,181,0,2075,569,1.0,0.2413,0.3888,0.0,0.7587,1.0,0.2413,0,0.0,False,True
0.309,180,0,2075,570,1.0,0.24,0.3871,0.0,0.76,1.0,0.24,0,0.0,False,True
0.31,180,0,2075,570,1.0,0.24,0.3871,0.0,0.76,1.0,0.24,0,0.0,False,True
0.311,180,0,2075,570,1.0,0.24,0.3871,0.0,0.76,1.0,0.24,0,0.0,False,True
0.312,179,0,2075,571,1.0,0.2387,0.3854,0.0,0.7613,1.0,0.2387,0,0.0,False,True
0.313,179,0,2075,571,1.0,0.2387,0.3854,0.0,0.7613,1.0,0.2387,0,0.0,False,True
0.314,178,0,2075,572,1.0,0.2373,0.3836,0.0,0.7627,1.0,0.2373,0,0.0,False,True
0.315,178,0,2075,572,1.0,0.2373,0.3836,0.0,0.7627,1.0,0.2373,0,0.0,False,True
0.316,178,0,2075,572,1.0,0.2373,0.3836,0.0,0.7627,1.0,0.2373,0,0.0,False,True
0.317,178,0,2075,572,1.0,0.2373,0.3836,0.0,0.7627,1.0,0.2373,0,0.0,False,True
0.318,178,0,2075,572,1.0,0.2373,0.3836,0.0,0.7627,1.0,0.2373,0,0.0,False,True
0.319,178,0,2075,572,1.0,0.2373,0.3836,0.0,0.7627,1.0,0.2373,0,0.0,False,True
0.32,178,0,2075,572,1.0,0.2373,0.3836,0.0,0.7627,1.0,0.2373,0,0.0,False,True
0.321,178,0,2075,572,1.0,0.2373,0.3836,0.0,0.7627,1.0,0.2373,0,0.0,False,True
0.322,178,0,2075,572,1.0,0.2373,0.3836,0.0,0.7627,1.0,0.2373,0,0.0,False,True
0.323,178,0,2075,572,1.0,0.2373,0.3836,0.0,0.7627,1.0,0.2373,0,0.0,False,True
0.324,178,0,2075,572,1.0,0.2373,0.3836,0.0,0.7627,1.0,0.2373,0,0.0,False,True
0.325,178,0,2075,572,1.0,0.2373,0.3836,0.0,0.7627,1.0,0.2373,0,0.0,False,True
0.326,177,0,2075,573,1.0,0.236,0.3819,0.0,0.764,1.0,0.236,0,0.0,False,True
0.327,176,0,2075,574,1.0,0.2347,0.3801,0.0,0.7653,1.0,0.2347,0,0.0,False,True
0.328,176,0,2075,574,1.0,0.2347,0.3801,0.0,0.7653,1.0,0.2347,0,0.0,False,True
0.329,176,0,2075,574,1.0,0.2347,0.3801,0.0,0.7653,1.0,0.2347,0,0.0,False,True
0.33,176,0,2075,574,1.0,0.2347,0.3801,0.0,0.7653,1.0,0.2347,0,0.0,False,True
0.331,175,0,2075,575,1.0,0.2333,0.3784,0.0,0.7667,1.0,0.2333,0,0.0,False,True
0.332,174,0,2075,576,1.0,0.232,0.3766,0.0,0.768,1.0,0.232,0,0.0,False,True
0.333,174,0,2075,576,1.0,0.232,0.3766,0.0,0.768,1.0,0.232,0,0.0,False,True
0.334,174,0,2075,576,1.0,0.232,0.3766,0.0,0.768,1.0,0.232,0,0.0,False,True
0.335,174,0,2075,576,1.0,0.232,0.3766,0.0,0.768,1.0,0.232,0,0.0,False,True
0.336,174,0,2075,576,1.0,0.232,0.3766,0.0,0.768,1.0,0.232,0,0.0,False,True
0.337,174,0,2075,576,1.0,0.232,0.3766,0.0,0.768,1.0,0.232,0,0.0,False,True
0.338,174,0,2075,576,1.0,0.232,0.3766,0.0,0.768,1.0,0.232,0,0.0,False,True
0.339,174,0,2075,576,1.0,0.232,0.3766,0.0,0.768,1.0,0.232,0,0.0,False,True
0.34,173,0,2075,577,1.0,0.2307,0.3749,0.0,0.7693,1.0,0.2307,0,0.0,False,True
0.341,173,0,2075,577,1.0,0.2307,0.3749,0.0,0.7693,1.0,0.2307,0,0.0,False,True
0.342,173,0,2075,577,1.0,0.2307,0.3749,0.0,0.7693,1.0,0.2307,0,0.0,False,True
0.343,173,0,2075,577,1.0,0.2307,0.3749,0.0,0.7693,1.0,0.2307,0,0.0,False,True
0.34400000000000003,173,0,2075,577,1.0,0.2307,0.3749,0.0,0.7693,1.0,0.2307,0,0.0,False,True
0.34500000000000003,173,0,2075,577,1.0,0.2307,0.3749,0.0,0.7693,1.0,0.2307,0,0.0,False,True
0.34600000000000003,173,0,2075,577,1.0,0.2307,0.3749,0.0,0.7693,1.0,0.2307,0,0.0,False,True
0.34700000000000003,173,0,2075,577,1.0,0.2307,0.3749,0.0,0.7693,1.0,0.2307,0,0.0,False,True
0.34800000000000003,173,0,2075,577,1.0,0.2307,0.3749,0.0,0.7693,1.0,0.2307,0,0.0,False,True
0.34900000000000003,173,0,2075,577,1.0,0.2307,0.3749,0.0,0.7693,1.0,0.2307,0,0.0,False,True
0.35000000000000003,173,0,2075,577,1.0,0.2307,0.3749,0.0,0.7693,1.0,0.2307,0,0.0,False,True
0.35100000000000003,173,0,2075,577,1.0,0.2307,0.3749,0.0,0.7693,1.0,0.2307,0,0.0,False,True
0.35200000000000004,173,0,2075,577,1.0,0.2307,0.3749,0.0,0.7693,1.0,0.2307,0,0.0,False,True
0.353,172,0,2075,578,1.0,0.2293,0.3731,0.0,0.7707,1.0,0.2293,0,0.0,False,True
0.354,172,0,2075,578,1.0,0.2293,0.3731,0.0,0.7707,1.0,0.2293,0,0.0,False,True
0.355,172,0,2075,578,1.0,0.2293,0.3731,0.0,0.7707,1.0,0.2293,0,0.0,False,True
0.356,172,0,2075,578,1.0,0.2293,0.3731,0.0,0.7707,1.0,0.2293,0,0.0,False,True
0.357,172,0,2075,578,1.0,0.2293,0.3731,0.0,0.7707,1.0,0.2293,0,0.0,False,True
0.358,172,0,2075,578,1.0,0.2293,0.3731,0.0,0.7707,1.0,0.2293,0,0.0,False,True
0.359,172,0,2075,578,1.0,0.2293,0.3731,0.0,0.7707,1.0,0.2293,0,0.0,False,True
0.36,172,0,2075,578,1.0,0.2293,0.3731,0.0,0.7707,1.0,0.2293,0,0.0,False,True
0.361,172,0,2075,578,1.0,0.2293,0.3731,0.0,0.7707,1.0,0.2293,0,0.0,False,True
0.362,172,0,2075,578,1.0,0.2293,0.3731,0.0,0.7707,1.0,0.2293,0,0.0,False,True
0.363,172,0,2075,578,1.0,0.2293,0.3731,0.0,0.7707,1.0,0.2293,0,0.0,False,True
0.364,172,0,2075,578,1.0,0.2293,0.3731,0.0,0.7707,1.0,0.2293,0,0.0,False,True
0.365,172,0,2075,578,1.0,0.2293,0.3731,0.0,0.7707,1.0,0.2293,0,0.0,False,True
0.366,172,0,2075,578,1.0,0.2293,0.3731,0.0,0.7707,1.0,0.2293,0,0.0,False,True
0.367,171,0,2075,579,1.0,0.228,0.3713,0.0,0.772,1.0,0.228,0,0.0,False,True
0.368,171,0,2075,579,1.0,0.228,0.3713,0.0,0.772,1.0,0.228,0,0.0,False,True
0.369,171,0,2075,579,1.0,0.228,0.3713,0.0,0.772,1.0,0.228,0,0.0,False,True
0.37,171,0,2075,579,1.0,0.228,0.3713,0.0,0.772,1.0,0.228,0,0.0,False,True
0.371,171,0,2075,579,1.0,0.228,0.3713,0.0,0.772,1.0,0.228,0,0.0,False,True
0.372,171,0,2075,579,1.0,0.228,0.3713,0.0,0.772,1.0,0.228,0,0.0,False,True
0.373,171,0,2075,579,1.0,0.228,0.3713,0.0,0.772,1.0,0.228,0,0.0,False,True
0.374,171,0,2075,579,1.0,0.228,0.3713,0.0,0.772,1.0,0.228,0,0.0,False,True
0.375,171,0,2075,579,1.0,0.228,0.3713,0.0,0.772,1.0,0.228,0,0.0,False,True
0.376,171,0,2075,579,1.0,0.228,0.3713,0.0,0.772,1.0,0.228,0,0.0,False,True
0.377,171,0,2075,579,1.0,0.228,0.3713,0.0,0.772,1.0,0.228,0,0.0,False,True
0.378,171,0,2075,579,1.0,0.228,0.3713,0.0,0.772,1.0,0.228,0,0.0,False,True
0.379,171,0,2075,579,1.0,0.228,0.3713,0.0,0.772,1.0,0.228,0,0.0,False,True
0.38,171,0,2075,579,1.0,0.228,0.3713,0.0,0.772,1.0,0.228,0,0.0,False,True
0.381,171,0,2075,579,1.0,0.228,0.3713,0.0,0.772,1.0,0.228,0,0.0,False,True
0.382,171,0,2075,579,1.0,0.228,0.3713,0.0,0.772,1.0,0.228,0,0.0,False,True
0.383,171,0,2075,579,1.0,0.228,0.3713,0.0,0.772,1.0,0.228,0,0.0,False,True
0.384,171,0,2075,579,1.0,0.228,0.3713,0.0,0.772,1.0,0.228,0,0.0,False,True
0.385,170,0,2075,580,1.0,0.2267,0.3696,0.0,0.7733,1.0,0.2267,0,0.0,False,True
0.386,170,0,2075,580,1.0,0.2267,0.3696,0.0,0.7733,1.0,0.2267,0,0.0,False,True
0.387,170,0,2075,580,1.0,0.2267,0.3696,0.0,0.7733,1.0,0.2267,0,0.0,False,True
0.388,169,0,2075,581,1.0,0.2253,0.3678,0.0,0.7747,1.0,0.2253,0,0.0,False,True
0.389,169,0,2075,581,1.0,0.2253,0.3678,0.0,0.7747,1.0,0.2253,0,0.0,False,True
0.39,168,0,2075,582,1.0,0.224,0.366,0.0,0.776,1.0,0.224,0,0.0,False,True
0.391,168,0,2075,582,1.0,0.224,0.366,0.0,0.776,1.0,0.224,0,0.0,False,True
0.392,168,0,2075,582,1.0,0.224,0.366,0.0,0.776,1.0,0.224,0,0.0,False,True
0.393,168,0,2075,582,1.0,0.224,0.366,0.0,0.776,1.0,0.224,0,0.0,False,True
0.394,168,0,2075,582,1.0,0.224,0.366,0.0,0.776,1.0,0.224,0,0.0,False,True
0.395,168,0,2075,582,1.0,0.224,0.366,0.0,0.776,1.0,0.224,0,0.0,False,True
0.396,168,0,2075,582,1.0,0.224,0.366,0.0,0.776,1.0,0.224,0,0.0,False,True
0.397,168,0,2075,582,1.0,0.224,0.366,0.0,0.776,1.0,0.224,0,0.0,False,True
0.398,168,0,2075,582,1.0,0.224,0.366,0.0,0.776,1.0,0.224,0,0.0,False,True
0.399,168,0,2075,582,1.0,0.224,0.366,0.0,0.776,1.0,0.224,0,0.0,False,True
0.4,168,0,2075,582,1.0,0.224,0.366,0.0,0.776,1.0,0.224,0,0.0,False,True
0.401,168,0,2075,582,1.0,0.224,0.366,0.0,0.776,1.0,0.224,0,0.0,False,True
0.402,168,0,2075,582,1.0,0.224,0.366,0.0,0.776,1.0,0.224,0,0.0,False,True
0.403,168,0,2075,582,1.0,0.224,0.366,0.0,0.776,1.0,0.224,0,0.0,False,True
0.404,168,0,2075,582,1.0,0.224,0.366,0.0,0.776,1.0,0.224,0,0.0,False,True
0.405,168,0,2075,582,1.0,0.224,0.366,0.0,0.776,1.0,0.224,0,0.0,False,True
0.406,168,0,2075,582,1.0,0.224,0.366,0.0,0.776,1.0,0.224,0,0.0,False,True
0.40700000000000003,168,0,2075,582,1.0,0.224,0.366,0.0,0.776,1.0,0.224,0,0.0,False,True
0.40800000000000003,168,0,2075,582,1.0,0.224,0.366,0.0,0.776,1.0,0.224,0,0.0,False,True
0.40900000000000003,168,0,2075,582,1.0,0.224,0.366,0.0,0.776,1.0,0.224,0,0.0,False,True
0.41000000000000003,167,0,2075,583,1.0,0.2227,0.3642,0.0,0.7773,1.0,0.2227,0,0.0,False,True
0.41100000000000003,167,0,2075,583,1.0,0.2227,0.3642,0.0,0.7773,1.0,0.2227,0,0.0,False,True
0.41200000000000003,167,0,2075,583,1.0,0.2227,0.3642,0.0,0.7773,1.0,0.2227,0,0.0,False,True
0.41300000000000003,167,0,2075,583,1.0,0.2227,0.3642,0.0,0.7773,1.0,0.2227,0,0.0,False,True
0.41400000000000003,167,0,2075,583,1.0,0.2227,0.3642,0.0,0.7773,1.0,0.2227,0,0.0,False,True
0.41500000000000004,167,0,2075,583,1.0,0.2227,0.3642,0.0,0.7773,1.0,0.2227,0,0.0,False,True
0.41600000000000004,167,0,2075,583,1.0,0.2227,0.3642,0.0,0.7773,1.0,0.2227,0,0.0,False,True
0.41700000000000004,167,0,2075,583,1.0,0.2227,0.3642,0.0,0.7773,1.0,0.2227,0,0.0,False,True
0.418,167,0,2075,583,1.0,0.2227,0.3642,0.0,0.7773,1.0,0.2227,0,0.0,False,True
0.419,167,0,2075,583,1.0,0.2227,0.3642,0.0,0.7773,1.0,0.2227,0,0.0,False,True
0.42,167,0,2075,583,1.0,0.2227,0.3642,0.0,0.7773,1.0,0.2227,0,0.0,False,True
0.421,167,0,2075,583,1.0,0.2227,0.3642,0.0,0.7773,1.0,0.2227,0,0.0,False,True
0.422,166,0,2075,584,1.0,0.2213,0.3624,0.0,0.7787,1.0,0.2213,0,0.0,False,True
0.423,166,0,2075,584,1.0,0.2213,0.3624,0.0,0.7787,1.0,0.2213,0,0.0,False,True
0.424,166,0,2075,584,1.0,0.2213,0.3624,0.0,0.7787,1.0,0.2213,0,0.0,False,True
0.425,166,0,2075,584,1.0,0.2213,0.3624,0.0,0.7787,1.0,0.2213,0,0.0,False,True
0.426,166,0,2075,584,1.0,0.2213,0.3624,0.0,0.7787,1.0,0.2213,0,0.0,False,True
0.427,166,0,2075,584,1.0,0.2213,0.3624,0.0,0.7787,1.0,0.2213,0,0.0,False,True
0.428,166,0,2075,584,1.0,0.2213,0.3624,0.0,0.7787,1.0,0.2213,0,0.0,False,True
0.429,166,0,2075,584,1.0,0.2213,0.3624,0.0,0.7787,1.0,0.2213,0,0.0,False,True
0.43,166,0,2075,584,1.0,0.2213,0.3624,0.0,0.7787,1.0,0.2213,0,0.0,False,True
0.431,166,0,2075,584,1.0,0.2213,0.3624,0.0,0.7787,1.0,0.2213,0,0.0,False,True
0.432,166,0,2075,584,1.0,0.2213,0.3624,0.0,0.7787,1.0,0.2213,0,0.0,False,True
0.433,166,0,2075,584,1.0,0.2213,0.3624,0.0,0.7787,1.0,0.2213,0,0.0,False,True
0.434,166,0,2075,584,1.0,0.2213,0.3624,0.0,0.7787,1.0,0.2213,0,0.0,False,True
0.435,166,0,2075,584,1.0,0.2213,0.3624,0.0,0.7787,1.0,0.2213,0,0.0,False,True
0.436,166,0,2075,584,1.0,0.2213,0.3624,0.0,0.7787,1.0,0.2213,0,0.0,False,True
0.437,166,0,2075,584,1.0,0.2213,0.3624,0.0,0.7787,1.0,0.2213,0,0.0,False,True
0.438,166,0,2075,584,1.0,0.2213,0.3624,0.0,0.7787,1.0,0.2213,0,0.0,False,True
0.439,166,0,2075,584,1.0,0.2213,0.3624,0.0,0.7787,1.0,0.2213,0,0.0,False,True
0.44,166,0,2075,584,1.0,0.2213,0.3624,0.0,0.7787,1.0,0.2213,0,0.0,False,True
0.441,166,0,2075,584,1.0,0.2213,0.3624,0.0,0.7787,1.0,0.2213,0,0.0,False,True
0.442,166,0,2075,584,1.0,0.2213,0.3624,0.0,0.7787,1.0,0.2213,0,0.0,False,True
0.443,165,0,2075,585,1.0,0.22,0.3607,0.0,0.78,1.0,0.22,0,0.0,False,True
0.444,165,0,2075,585,1.0,0.22,0.3607,0.0,0.78,1.0,0.22,0,0.0,False,True
0.445,164,0,2075,586,1.0,0.2187,0.3589,0.0,0.7813,1.0,0.2187,0,0.0,False,True
0.446,164,0,2075,586,1.0,0.2187,0.3589,0.0,0.7813,1.0,0.2187,0,0.0,False,True
0.447,164,0,2075,586,1.0,0.2187,0.3589,0.0,0.7813,1.0,0.2187,0,0.0,False,True
0.448,163,0,2075,587,1.0,0.2173,0.3571,0.0,0.7827,1.0,0.2173,0,0.0,False,True
0.449,163,0,2075,587,1.0,0.2173,0.3571,0.0,0.7827,1.0,0.2173,0,0.0,False,True
0.45,163,0,2075,587,1.0,0.2173,0.3571,0.0,0.7827,1.0,0.2173,0,0.0,False,True
0.451,163,0,2075,587,1.0,0.2173,0.3571,0.0,0.7827,1.0,0.2173,0,0.0,False,True
0.452,163,0,2075,587,1.0,0.2173,0.3571,0.0,0.7827,1.0,0.2173,0,0.0,False,True
0.453,163,0,2075,587,1.0,0.2173,0.3571,0.0,0.7827,1.0,0.2173,0,0.0,False,True
0.454,163,0,2075,587,1.0,0.2173,0.3571,0.0,0.7827,1.0,0.2173,0,0.0,False,True
0.455,163,0,2075,587,1.0,0.2173,0.3571,0.0,0.7827,1.0,0.2173,0,0.0,False,True
0.456,163,0,2075,587,1.0,0.2173,0.3571,0.0,0.7827,1.0,0.2173,0,0.0,False,True
0.457,163,0,2075,587,1.0,0.2173,0.3571,0.0,0.7827,1.0,0.2173,0,0.0,False,True
0.458,163,0,2075,587,1.0,0.2173,0.3571,0.0,0.7827,1.0,0.2173,0,0.0,False,True
0.459,163,0,2075,587,1.0,0.2173,0.3571,0.0,0.7827,1.0,0.2173,0,0.0,False,True
0.46,163,0,2075,587,1.0,0.2173,0.3571,0.0,0.7827,1.0,0.2173,0,0.0,False,True
0.461,163,0,2075,587,1.0,0.2173,0.3571,0.0,0.7827,1.0,0.2173,0,0.0,False,True
0.462,163,0,2075,587,1.0,0.2173,0.3571,0.0,0.7827,1.0,0.2173,0,0.0,False,True
0.463,162,0,2075,588,1.0,0.216,0.3553,0.0,0.784,1.0,0.216,0,0.0,False,True
0.464,162,0,2075,588,1.0,0.216,0.3553,0.0,0.784,1.0,0.216,0,0.0,False,True
0.465,162,0,2075,588,1.0,0.216,0.3553,0.0,0.784,1.0,0.216,0,0.0,False,True
0.466,162,0,2075,588,1.0,0.216,0.3553,0.0,0.784,1.0,0.216,0,0.0,False,True
0.467,162,0,2075,588,1.0,0.216,0.3553,0.0,0.784,1.0,0.216,0,0.0,False,True
0.468,162,0,2075,588,1.0,0.216,0.3553,0.0,0.784,1.0,0.216,0,0.0,False,True
0.46900000000000003,162,0,2075,588,1.0,0.216,0.3553,0.0,0.784,1.0,0.216,0,0.0,False,True
0.47000000000000003,162,0,2075,588,1.0,0.216,0.3553,0.0,0.784,1.0,0.216,0,0.0,False,True
0.47100000000000003,162,0,2075,588,1.0,0.216,0.3553,0.0,0.784,1.0,0.216,0,0.0,False,True
0.47200000000000003,162,0,2075,588,1.0,0.216,0.3553,0.0,0.784,1.0,0.216,0,0.0,False,True
0.47300000000000003,162,0,2075,588,1.0,0.216,0.3553,0.0,0.784,1.0,0.216,0,0.0,False,True
0.47400000000000003,162,0,2075,588,1.0,0.216,0.3553,0.0,0.784,1.0,0.216,0,0.0,False,True
0.47500000000000003,162,0,2075,588,1.0,0.216,0.3553,0.0,0.784,1.0,0.216,0,0.0,False,True
0.47600000000000003,162,0,2075,588,1.0,0.216,0.3553,0.0,0.784,1.0,0.216,0,0.0,False,True
0.47700000000000004,162,0,2075,588,1.0,0.216,0.3553,0.0,0.784,1.0,0.216,0,0.0,False,True
0.47800000000000004,162,0,2075,588,1.0,0.216,0.3553,0.0,0.784,1.0,0.216,0,0.0,False,True
0.47900000000000004,162,0,2075,588,1.0,0.216,0.3553,0.0,0.784,1.0,0.216,0,0.0,False,True
0.48000000000000004,162,0,2075,588,1.0,0.216,0.3553,0.0,0.784,1.0,0.216,0,0.0,False,True
0.481,162,0,2075,588,1.0,0.216,0.3553,0.0,0.784,1.0,0.216,0,0.0,False,True
0.482,162,0,2075,588,1.0,0.216,0.3553,0.0,0.784,1.0,0.216,0,0.0,False,True
0.483,162,0,2075,588,1.0,0.216,0.3553,0.0,0.784,1.0,0.216,0,0.0,False,True
0.484,162,0,2075,588,1.0,0.216,0.3553,0.0,0.784,1.0,0.216,0,0.0,False,True
0.485,162,0,2075,588,1.0,0.216,0.3553,0.0,0.784,1.0,0.216,0,0.0,False,True
0.486,162,0,2075,588,1.0,0.216,0.3553,0.0,0.784,1.0,0.216,0,0.0,False,True
0.487,162,0,2075,588,1.0,0.216,0.3553,0.0,0.784,1.0,0.216,0,0.0,False,True
0.488,162,0,2075,588,1.0,0.216,0.3553,0.0,0.784,1.0,0.216,0,0.0,False,True
0.489,162,0,2075,588,1.0,0.216,0.3553,0.0,0.784,1.0,0.216,0,0.0,False,True
0.49,162,0,2075,588,1.0,0.216,0.3553,0.0,0.784,1.0,0.216,0,0.0,False,True
0.491,162,0,2075,588,1.0,0.216,0.3553,0.0,0.784,1.0,0.216,0,0.0,False,True
0.492,162,0,2075,588,1.0,0.216,0.3553,0.0,0.784,1.0,0.216,0,0.0,False,True
0.493,161,0,2075,589,1.0,0.2147,0.3535,0.0,0.7853,1.0,0.2147,0,0.0,False,True
0.494,161,0,2075,589,1.0,0.2147,0.3535,0.0,0.7853,1.0,0.2147,0,0.0,False,True
0.495,161,0,2075,589,1.0,0.2147,0.3535,0.0,0.7853,1.0,0.2147,0,0.0,False,True
0.496,161,0,2075,589,1.0,0.2147,0.3535,0.0,0.7853,1.0,0.2147,0,0.0,False,True
0.497,161,0,2075,589,1.0,0.2147,0.3535,0.0,0.7853,1.0,0.2147,0,0.0,False,True
0.498,161,0,2075,589,1.0,0.2147,0.3535,0.0,0.7853,1.0,0.2147,0,0.0,False,True
0.499,161,0,2075,589,1.0,0.2147,0.3535,0.0,0.7853,1.0,0.2147,0,0.0,False,True
0.5,161,0,2075,589,1.0,0.2147,0.3535,0.0,0.7853,1.0,0.2147,0,0.0,False,True
0.501,161,0,2075,589,1.0,0.2147,0.3535,0.0,0.7853,1.0,0.2147,0,0.0,False,True
0.502,161,0,2075,589,1.0,0.2147,0.3535,0.0,0.7853,1.0,0.2147,0,0.0,False,True
0.503,161,0,2075,589,1.0,0.2147,0.3535,0.0,0.7853,1.0,0.2147,0,0.0,False,True
0.504,161,0,2075,589,1.0,0.2147,0.3535,0.0,0.7853,1.0,0.2147,0,0.0,False,True
0.505,161,0,2075,589,1.0,0.2147,0.3535,0.0,0.7853,1.0,0.2147,0,0.0,False,True
0.506,161,0,2075,589,1.0,0.2147,0.3535,0.0,0.7853,1.0,0.2147,0,0.0,False,True
0.507,161,0,2075,589,1.0,0.2147,0.3535,0.0,0.7853,1.0,0.2147,0,0.0,False,True
0.508,161,0,2075,589,1.0,0.2147,0.3535,0.0,0.7853,1.0,0.2147,0,0.0,False,True
0.509,161,0,2075,589,1.0,0.2147,0.3535,0.0,0.7853,1.0,0.2147,0,0.0,False,True
0.51,161,0,2075,589,1.0,0.2147,0.3535,0.0,0.7853,1.0,0.2147,0,0.0,False,True
0.511,161,0,2075,589,1.0,0.2147,0.3535,0.0,0.7853,1.0,0.2147,0,0.0,False,True
0.512,161,0,2075,589,1.0,0.2147,0.3535,0.0,0.7853,1.0,0.2147,0,0.0,False,True
0.513,161,0,2075,589,1.0,0.2147,0.3535,0.0,0.7853,1.0,0.2147,0,0.0,False,True
0.514,161,0,2075,589,1.0,0.2147,0.3535,0.0,0.7853,1.0,0.2147,0,0.0,False,True
0.515,161,0,2075,589,1.0,0.2147,0.3535,0.0,0.7853,1.0,0.2147,0,0.0,False,True
0.516,161,0,2075,589,1.0,0.2147,0.3535,0.0,0.7853,1.0,0.2147,0,0.0,False,True
0.517,161,0,2075,589,1.0,0.2147,0.3535,0.0,0.7853,1.0,0.2147,0,0.0,False,True
0.518,161,0,2075,589,1.0,0.2147,0.3535,0.0,0.7853,1.0,0.2147,0,0.0,False,True
0.519,161,0,2075,589,1.0,0.2147,0.3535,0.0,0.7853,1.0,0.2147,0,0.0,False,True
0.52,161,0,2075,589,1.0,0.2147,0.3535,0.0,0.7853,1.0,0.2147,0,0.0,False,True
0.521,161,0,2075,589,1.0,0.2147,0.3535,0.0,0.7853,1.0,0.2147,0,0.0,False,True
0.522,161,0,2075,589,1.0,0.2147,0.3535,0.0,0.7853,1.0,0.2147,0,0.0,False,True
0.523,161,0,2075,589,1.0,0.2147,0.3535,0.0,0.7853,1.0,0.2147,0,0.0,False,True
0.524,161,0,2075,589,1.0,0.2147,0.3535,0.0,0.7853,1.0,0.2147,0,0.0,False,True
0.525,161,0,2075,589,1.0,0.2147,0.3535,0.0,0.7853,1.0,0.2147,0,0.0,False,True
0.526,161,0,2075,589,1.0,0.2147,0.3535,0.0,0.7853,1.0,0.2147,0,0.0,False,True
0.527,161,0,2075,589,1.0,0.2147,0.3535,0.0,0.7853,1.0,0.2147,0,0.0,False,True
0.528,161,0,2075,589,1.0,0.2147,0.3535,0.0,0.7853,1.0,0.2147,0,0.0,False,True
0.529,161,0,2075,589,1.0,0.2147,0.3535,0.0,0.7853,1.0,0.2147,0,0.0,False,True
0.53,161,0,2075,589,1.0,0.2147,0.3535,0.0,0.7853,1.0,0.2147,0,0.0,False,True
0.531,161,0,2075,589,1.0,0.2147,0.3535,0.0,0.7853,1.0,0.2147,0,0.0,False,True
0.532,161,0,2075,589,1.0,0.2147,0.3535,0.0,0.7853,1.0,0.2147,0,0.0,False,True
0.533,161,0,2075,589,1.0,0.2147,0.3535,0.0,0.7853,1.0,0.2147,0,0.0,False,True
0.534,161,0,2075,589,1.0,0.2147,0.3535,0.0,0.7853,1.0,0.2147,0,0.0,False,True
0.535,161,0,2075,589,1.0,0.2147,0.3535,0.0,0.7853,1.0,0.2147,0,0.0,False,True
0.536,161,0,2075,589,1.0,0.2147,0.3535,0.0,0.7853,1.0,0.2147,0,0.0,False,True
0.537,161,0,2075,589,1.0,0.2147,0.3535,0.0,0.7853,1.0,0.2147,0,0.0,False,True
0.538,161,0,2075,589,1.0,0.2147,0.3535,0.0,0.7853,1.0,0.2147,0,0.0,False,True
0.539,161,0,2075,589,1.0,0.2147,0.3535,0.0,0.7853,1.0,0.2147,0,0.0,False,True
0.54,161,0,2075,589,1.0,0.2147,0.3535,0.0,0.7853,1.0,0.2147,0,0.0,False,True
0.541,161,0,2075,589,1.0,0.2147,0.3535,0.0,0.7853,1.0,0.2147,0,0.0,False,True
0.542,161,0,2075,589,1.0,0.2147,0.3535,0.0,0.7853,1.0,0.2147,0,0.0,False,True
0.543,160,0,2075,590,1.0,0.2133,0.3516,0.0,0.7867,1.0,0.2133,0,0.0,False,True
0.544,160,0,2075,590,1.0,0.2133,0.3516,0.0,0.7867,1.0,0.2133,0,0.0,False,True
0.545,160,0,2075,590,1.0,0.2133,0.3516,0.0,0.7867,1.0,0.2133,0,0.0,False,True
0.546,160,0,2075,590,1.0,0.2133,0.3516,0.0,0.7867,1.0,0.2133,0,0.0,False,True
0.547,160,0,2075,590,1.0,0.2133,0.3516,0.0,0.7867,1.0,0.2133,0,0.0,False,True
0.548,160,0,2075,590,1.0,0.2133,0.3516,0.0,0.7867,1.0,0.2133,0,0.0,False,True
0.549,160,0,2075,590,1.0,0.2133,0.3516,0.0,0.7867,1.0,0.2133,0,0.0,False,True
0.55,160,0,2075,590,1.0,0.2133,0.3516,0.0,0.7867,1.0,0.2133,0,0.0,False,True
0.551,160,0,2075,590,1.0,0.2133,0.3516,0.0,0.7867,1.0,0.2133,0,0.0,False,True
0.552,160,0,2075,590,1.0,0.2133,0.3516,0.0,0.7867,1.0,0.2133,0,0.0,False,True
0.553,160,0,2075,590,1.0,0.2133,0.3516,0.0,0.7867,1.0,0.2133,0,0.0,False,True
0.554,160,0,2075,590,1.0,0.2133,0.3516,0.0,0.7867,1.0,0.2133,0,0.0,False,True
0.555,160,0,2075,590,1.0,0.2133,0.3516,0.0,0.7867,1.0,0.2133,0,0.0,False,True
0.556,160,0,2075,590,1.0,0.2133,0.3516,0.0,0.7867,1.0,0.2133,0,0.0,False,True
0.557,160,0,2075,590,1.0,0.2133,0.3516,0.0,0.7867,1.0,0.2133,0,0.0,False,True
0.558,160,0,2075,590,1.0,0.2133,0.3516,0.0,0.7867,1.0,0.2133,0,0.0,False,True
0.559,160,0,2075,590,1.0,0.2133,0.3516,0.0,0.7867,1.0,0.2133,0,0.0,False,True
0.56,160,0,2075,590,1.0,0.2133,0.3516,0.0,0.7867,1.0,0.2133,0,0.0,False,True
0.561,160,0,2075,590,1.0,0.2133,0.3516,0.0,0.7867,1.0,0.2133,0,0.0,False,True
0.562,160,0,2075,590,1.0,0.2133,0.3516,0.0,0.7867,1.0,0.2133,0,0.0,False,True
0.5630000000000001,159,0,2075,591,1.0,0.212,0.3498,0.0,0.788,1.0,0.212,0,0.0,False,True
0.5640000000000001,159,0,2075,591,1.0,0.212,0.3498,0.0,0.788,1.0,0.212,0,0.0,False,True
0.5650000000000001,159,0,2075,591,1.0,0.212,0.3498,0.0,0.788,1.0,0.212,0,0.0,False,True
0.5660000000000001,159,0,2075,591,1.0,0.212,0.3498,0.0,0.788,1.0,0.212,0,0.0,False,True
0.5670000000000001,159,0,2075,591,1.0,0.212,0.3498,0.0,0.788,1.0,0.212,0,0.0,False,True
0.5680000000000001,159,0,2075,591,1.0,0.212,0.3498,0.0,0.788,1.0,0.212,0,0.0,False,True
0.5690000000000001,158,0,2075,592,1.0,0.2107,0.348,0.0,0.7893,1.0,0.2107,0,0.0,False,True
0.5700000000000001,158,0,2075,592,1.0,0.2107,0.348,0.0,0.7893,1.0,0.2107,0,0.0,False,True
0.5710000000000001,158,0,2075,592,1.0,0.2107,0.348,0.0,0.7893,1.0,0.2107,0,0.0,False,True
0.5720000000000001,158,0,2075,592,1.0,0.2107,0.348,0.0,0.7893,1.0,0.2107,0,0.0,False,True
0.5730000000000001,158,0,2075,592,1.0,0.2107,0.348,0.0,0.7893,1.0,0.2107,0,0.0,False,True
0.5740000000000001,158,0,2075,592,1.0,0.2107,0.348,0.0,0.7893,1.0,0.2107,0,0.0,False,True
0.5750000000000001,158,0,2075,592,1.0,0.2107,0.348,0.0,0.7893,1.0,0.2107,0,0.0,False,True
0.5760000000000001,158,0,2075,592,1.0,0.2107,0.348,0.0,0.7893,1.0,0.2107,0,0.0,False,True
0.5770000000000001,158,0,2075,592,1.0,0.2107,0.348,0.0,0.7893,1.0,0.2107,0,0.0,False,True
0.578,158,0,2075,592,1.0,0.2107,0.348,0.0,0.7893,1.0,0.2107,0,0.0,False,True
0.579,158,0,2075,592,1.0,0.2107,0.348,0.0,0.7893,1.0,0.2107,0,0.0,False,True
0.58,158,0,2075,592,1.0,0.2107,0.348,0.0,0.7893,1.0,0.2107,0,0.0,False,True
0.581,158,0,2075,592,1.0,0.2107,0.348,0.0,0.7893,1.0,0.2107,0,0.0,False,True
0.582,158,0,2075,592,1.0,0.2107,0.348,0.0,0.7893,1.0,0.2107,0,0.0,False,True
0.583,158,0,2075,592,1.0,0.2107,0.348,0.0,0.7893,1.0,0.2107,0,0.0,False,True
0.584,158,0,2075,592,1.0,0.2107,0.348,0.0,0.7893,1.0,0.2107,0,0.0,False,True
0.585,158,0,2075,592,1.0,0.2107,0.348,0.0,0.7893,1.0,0.2107,0,0.0,False,True
0.586,158,0,2075,592,1.0,0.2107,0.348,0.0,0.7893,1.0,0.2107,0,0.0,False,True
0.587,158,0,2075,592,1.0,0.2107,0.348,0.0,0.7893,1.0,0.2107,0,0.0,False,True
0.588,158,0,2075,592,1.0,0.2107,0.348,0.0,0.7893,1.0,0.2107,0,0.0,False,True
0.589,158,0,2075,592,1.0,0.2107,0.348,0.0,0.7893,1.0,0.2107,0,0.0,False,True
0.59,157,0,2075,593,1.0,0.2093,0.3462,0.0,0.7907,1.0,0.2093,0,0.0,False,True
0.591,157,0,2075,593,1.0,0.2093,0.3462,0.0,0.7907,1.0,0.2093,0,0.0,False,True
0.592,157,0,2075,593,1.0,0.2093,0.3462,0.0,0.7907,1.0,0.2093,0,0.0,False,True
0.593,157,0,2075,593,1.0,0.2093,0.3462,0.0,0.7907,1.0,0.2093,0,0.0,False,True
0.594,157,0,2075,593,1.0,0.2093,0.3462,0.0,0.7907,1.0,0.2093,0,0.0,False,True
0.595,157,0,2075,593,1.0,0.2093,0.3462,0.0,0.7907,1.0,0.2093,0,0.0,False,True
0.596,157,0,2075,593,1.0,0.2093,0.3462,0.0,0.7907,1.0,0.2093,0,0.0,False,True
0.597,157,0,2075,593,1.0,0.2093,0.3462,0.0,0.7907,1.0,0.2093,0,0.0,False,True
0.598,157,0,2075,593,1.0,0.2093,0.3462,0.0,0.7907,1.0,0.2093,0,0.0,False,True
0.599,157,0,2075,593,1.0,0.2093,0.3462,0.0,0.7907,1.0,0.2093,0,0.0,False,True
0.6,157,0,2075,593,1.0,0.2093,0.3462,0.0,0.7907,1.0,0.2093,0,0.0,False,True
0.601,157,0,2075,593,1.0,0.2093,0.3462,0.0,0.7907,1.0,0.2093,0,0.0,False,True
0.602,157,0,2075,593,1.0,0.2093,0.3462,0.0,0.7907,1.0,0.2093,0,0.0,False,True
0.603,157,0,2075,593,1.0,0.2093,0.3462,0.0,0.7907,1.0,0.2093,0,0.0,False,True
0.604,157,0,2075,593,1.0,0.2093,0.3462,0.0,0.7907,1.0,0.2093,0,0.0,False,True
0.605,157,0,2075,593,1.0,0.2093,0.3462,0.0,0.7907,1.0,0.2093,0,0.0,False,True
0.606,157,0,2075,593,1.0,0.2093,0.3462,0.0,0.7907,1.0,0.2093,0,0.0,False,True
0.607,157,0,2075,593,1.0,0.2093,0.3462,0.0,0.7907,1.0,0.2093,0,0.0,False,True
0.608,157,0,2075,593,1.0,0.2093,0.3462,0.0,0.7907,1.0,0.2093,0,0.0,False,True
0.609,157,0,2075,593,1.0,0.2093,0.3462,0.0,0.7907,1.0,0.2093,0,0.0,False,True
0.61,157,0,2075,593,1.0,0.2093,0.3462,0.0,0.7907,1.0,0.2093,0,0.0,False,True
0.611,156,0,2075,594,1.0,0.208,0.3444,0.0,0.792,1.0,0.208,0,0.0,False,True
0.612,156,0,2075,594,1.0,0.208,0.3444,0.0,0.792,1.0,0.208,0,0.0,False,True
0.613,156,0,2075,594,1.0,0.208,0.3444,0.0,0.792,1.0,0.208,0,0.0,False,True
0.614,156,0,2075,594,1.0,0.208,0.3444,0.0,0.792,1.0,0.208,0,0.0,False,True
0.615,156,0,2075,594,1.0,0.208,0.3444,0.0,0.792,1.0,0.208,0,0.0,False,True
0.616,156,0,2075,594,1.0,0.208,0.3444,0.0,0.792,1.0,0.208,0,0.0,False,True
0.617,156,0,2075,594,1.0,0.208,0.3444,0.0,0.792,1.0,0.208,0,0.0,False,True
0.618,156,0,2075,594,1.0,0.208,0.3444,0.0,0.792,1.0,0.208,0,0.0,False,True
0.619,156,0,2075,594,1.0,0.208,0.3444,0.0,0.792,1.0,0.208,0,0.0,False,True
0.62,156,0,2075,594,1.0,0.208,0.3444,0.0,0.792,1.0,0.208,0,0.0,False,True
0.621,156,0,2075,594,1.0,0.208,0.3444,0.0,0.792,1.0,0.208,0,0.0,False,True
0.622,156,0,2075,594,1.0,0.208,0.3444,0.0,0.792,1.0,0.208,0,0.0,False,True
0.623,156,0,2075,594,1.0,0.208,0.3444,0.0,0.792,1.0,0.208,0,0.0,False,True
0.624,156,0,2075,594,1.0,0.208,0.3444,0.0,0.792,1.0,0.208,0,0.0,False,True
0.625,156,0,2075,594,1.0,0.208,0.3444,0.0,0.792,1.0,0.208,0,0.0,False,True
0.626,156,0,2075,594,1.0,0.208,0.3444,0.0,0.792,1.0,0.208,0,0.0,False,True
0.627,156,0,2075,594,1.0,0.208,0.3444,0.0,0.792,1.0,0.208,0,0.0,False,True
0.628,156,0,2075,594,1.0,0.208,0.3444,0.0,0.792,1.0,0.208,0,0.0,False,True
0.629,156,0,2075,594,1.0,0.208,0.3444,0.0,0.792,1.0,0.208,0,0.0,False,True
0.63,156,0,2075,594,1.0,0.208,0.3444,0.0,0.792,1.0,0.208,0,0.0,False,True
0.631,156,0,2075,594,1.0,0.208,0.3444,0.0,0.792,1.0,0.208,0,0.0,False,True
0.632,156,0,2075,594,1.0,0.208,0.3444,0.0,0.792,1.0,0.208,0,0.0,False,True
0.633,156,0,2075,594,1.0,0.208,0.3444,0.0,0.792,1.0,0.208,0,0.0,False,True
0.634,156,0,2075,594,1.0,0.208,0.3444,0.0,0.792,1.0,0.208,0,0.0,False,True
0.635,156,0,2075,594,1.0,0.208,0.3444,0.0,0.792,1.0,0.208,0,0.0,False,True
0.636,156,0,2075,594,1.0,0.208,0.3444,0.0,0.792,1.0,0.208,0,0.0,False,True
0.637,156,0,2075,594,1.0,0.208,0.3444,0.0,0.792,1.0,0.208,0,0.0,False,True
0.638,156,0,2075,594,1.0,0.208,0.3444,0.0,0.792,1.0,0.208,0,0.0,False,True
0.639,156,0,2075,594,1.0,0.208,0.3444,0.0,0.792,1.0,0.208,0,0.0,False,True
0.64,156,0,2075,594,1.0,0.208,0.3444,0.0,0.792,1.0,0.208,0,0.0,False,True
0.641,156,0,2075,594,1.0,0.208,0.3444,0.0,0.792,1.0,0.208,0,0.0,False,True
0.642,156,0,2075,594,1.0,0.208,0.3444,0.0,0.792,1.0,0.208,0,0.0,False,True
0.643,156,0,2075,594,1.0,0.208,0.3444,0.0,0.792,1.0,0.208,0,0.0,False,True
0.644,156,0,2075,594,1.0,0.208,0.3444,0.0,0.792,1.0,0.208,0,0.0,False,True
0.645,156,0,2075,594,1.0,0.208,0.3444,0.0,0.792,1.0,0.208,0,0.0,False,True
0.646,156,0,2075,594,1.0,0.208,0.3444,0.0,0.792,1.0,0.208,0,0.0,False,True
0.647,155,0,2075,595,1.0,0.2067,0.3425,0.0,0.7933,1.0,0.2067,0,0.0,False,True
0.648,155,0,2075,595,1.0,0.2067,0.3425,0.0,0.7933,1.0,0.2067,0,0.0,False,True
0.649,155,0,2075,595,1.0,0.2067,0.3425,0.0,0.7933,1.0,0.2067,0,0.0,False,True
0.65,155,0,2075,595,1.0,0.2067,0.3425,0.0,0.7933,1.0,0.2067,0,0.0,False,True
0.651,155,0,2075,595,1.0,0.2067,0.3425,0.0,0.7933,1.0,0.2067,0,0.0,False,True
0.652,155,0,2075,595,1.0,0.2067,0.3425,0.0,0.7933,1.0,0.2067,0,0.0,False,True
0.653,155,0,2075,595,1.0,0.2067,0.3425,0.0,0.7933,1.0,0.2067,0,0.0,False,True
0.654,155,0,2075,595,1.0,0.2067,0.3425,0.0,0.7933,1.0,0.2067,0,0.0,False,True
0.655,155,0,2075,595,1.0,0.2067,0.3425,0.0,0.7933,1.0,0.2067,0,0.0,False,True
0.656,155,0,2075,595,1.0,0.2067,0.3425,0.0,0.7933,1.0,0.2067,0,0.0,False,True
0.657,155,0,2075,595,1.0,0.2067,0.3425,0.0,0.7933,1.0,0.2067,0,0.0,False,True
0.658,155,0,2075,595,1.0,0.2067,0.3425,0.0,0.7933,1.0,0.2067,0,0.0,False,True
0.659,154,0,2075,596,1.0,0.2053,0.3407,0.0,0.7947,1.0,0.2053,0,0.0,False,True
0.66,154,0,2075,596,1.0,0.2053,0.3407,0.0,0.7947,1.0,0.2053,0,0.0,False,True
0.661,154,0,2075,596,1.0,0.2053,0.3407,0.0,0.7947,1.0,0.2053,0,0.0,False,True
0.662,153,0,2075,597,1.0,0.204,0.3389,0.0,0.796,1.0,0.204,0,0.0,False,True
0.663,153,0,2075,597,1.0,0.204,0.3389,0.0,0.796,1.0,0.204,0,0.0,False,True
0.664,151,0,2075,599,1.0,0.2013,0.3352,0.0,0.7987,1.0,0.2013,0,0.0,False,True
0.665,150,0,2075,600,1.0,0.2,0.3333,0.0,0.8,1.0,0.2,0,0.0,False,True
0.666,150,0,2075,600,1.0,0.2,0.3333,0.0,0.8,1.0,0.2,0,0.0,False,True
0.667,149,0,2075,601,1.0,0.1987,0.3315,0.0,0.8013,1.0,0.1987,0,0.0,False,True
0.668,149,0,2075,601,1.0,0.1987,0.3315,0.0,0.8013,1.0,0.1987,0,0.0,False,True
0.669,148,0,2075,602,1.0,0.1973,0.3296,0.0,0.8027,1.0,0.1973,0,0.0,False,True
0.67,148,0,2075,602,1.0,0.1973,0.3296,0.0,0.8027,1.0,0.1973,0,0.0,False,True
0.671,148,0,2075,602,1.0,0.1973,0.3296,0.0,0.8027,1.0,0.1973,0,0.0,False,True
0.672,148,0,2075,602,1.0,0.1973,0.3296,0.0,0.8027,1.0,0.1973,0,0.0,False,True
0.673,147,0,2075,603,1.0,0.196,0.3278,0.0,0.804,1.0,0.196,0,0.0,False,True
0.674,147,0,2075,603,1.0,0.196,0.3278,0.0,0.804,1.0,0.196,0,0.0,False,True
0.675,147,0,2075,603,1.0,0.196,0.3278,0.0,0.804,1.0,0.196,0,0.0,False,True
0.676,147,0,2075,603,1.0,0.196,0.3278,0.0,0.804,1.0,0.196,0,0.0,False,True
0.677,147,0,2075,603,1.0,0.196,0.3278,0.0,0.804,1.0,0.196,0,0.0,False,True
0.678,147,0,2075,603,1.0,0.196,0.3278,0.0,0.804,1.0,0.196,0,0.0,False,True
0.679,147,0,2075,603,1.0,0.196,0.3278,0.0,0.804,1.0,0.196,0,0.0,False,True
0.68,147,0,2075,603,1.0,0.196,0.3278,0.0,0.804,1.0,0.196,0,0.0,False,True
0.681,147,0,2075,603,1.0,0.196,0.3278,0.0,0.804,1.0,0.196,0,0.0,False,True
0.682,145,0,2075,605,1.0,0.1933,0.324,0.0,0.8067,1.0,0.1933,0,0.0,False,True
0.683,144,0,2075,606,1.0,0.192,0.3221,0.0,0.808,1.0,0.192,0,0.0,False,True
0.684,144,0,2075,606,1.0,0.192,0.3221,0.0,0.808,1.0,0.192,0,0.0,False,True
0.685,144,0,2075,606,1.0,0.192,0.3221,0.0,0.808,1.0,0.192,0,0.0,False,True
0.686,144,0,2075,606,1.0,0.192,0.3221,0.0,0.808,1.0,0.192,0,0.0,False,True
0.687,144,0,2075,606,1.0,0.192,0.3221,0.0,0.808,1.0,0.192,0,0.0,False,True
0.6880000000000001,144,0,2075,606,1.0,0.192,0.3221,0.0,0.808,1.0,0.192,0,0.0,False,True
0.6890000000000001,144,0,2075,606,1.0,0.192,0.3221,0.0,0.808,1.0,0.192,0,0.0,False,True
0.6900000000000001,144,0,2075,606,1.0,0.192,0.3221,0.0,0.808,1.0,0.192,0,0.0,False,True
0.6910000000000001,144,0,2075,606,1.0,0.192,0.3221,0.0,0.808,1.0,0.192,0,0.0,False,True
0.6920000000000001,144,0,2075,606,1.0,0.192,0.3221,0.0,0.808,1.0,0.192,0,0.0,False,True
0.6930000000000001,144,0,2075,606,1.0,0.192,0.3221,0.0,0.808,1.0,0.192,0,0.0,False,True
0.6940000000000001,144,0,2075,606,1.0,0.192,0.3221,0.0,0.808,1.0,0.192,0,0.0,False,True
0.6950000000000001,144,0,2075,606,1.0,0.192,0.3221,0.0,0.808,1.0,0.192,0,0.0,False,True
0.6960000000000001,144,0,2075,606,1.0,0.192,0.3221,0.0,0.808,1.0,0.192,0,0.0,False,True
0.6970000000000001,144,0,2075,606,1.0,0.192,0.3221,0.0,0.808,1.0,0.192,0,0.0,False,True
0.6980000000000001,144,0,2075,606,1.0,0.192,0.3221,0.0,0.808,1.0,0.192,0,0.0,False,True
0.6990000000000001,143,0,2075,607,1.0,0.1907,0.3203,0.0,0.8093,1.0,0.1907,0,0.0,False,True
0.7000000000000001,143,0,2075,607,1.0,0.1907,0.3203,0.0,0.8093,1.0,0.1907,0,0.0,False,True
0.7010000000000001,143,0,2075,607,1.0,0.1907,0.3203,0.0,0.8093,1.0,0.1907,0,0.0,False,True
0.7020000000000001,142,0,2075,608,1.0,0.1893,0.3184,0.0,0.8107,1.0,0.1893,0,0.0,False,True
0.7030000000000001,141,0,2075,609,1.0,0.188,0.3165,0.0,0.812,1.0,0.188,0,0.0,False,True
0.7040000000000001,141,0,2075,609,1.0,0.188,0.3165,0.0,0.812,1.0,0.188,0,0.0,False,True
0.705,140,0,2075,610,1.0,0.1867,0.3146,0.0,0.8133,1.0,0.1867,0,0.0,False,True
0.706,140,0,2075,610,1.0,0.1867,0.3146,0.0,0.8133,1.0,0.1867,0,0.0,False,True
0.707,139,0,2075,611,1.0,0.1853,0.3127,0.0,0.8147,1.0,0.1853,0,0.0,False,True
0.708,139,0,2075,611,1.0,0.1853,0.3127,0.0,0.8147,1.0,0.1853,0,0.0,False,True
0.709,139,0,2075,611,1.0,0.1853,0.3127,0.0,0.8147,1.0,0.1853,0,0.0,False,True
0.71,139,0,2075,611,1.0,0.1853,0.3127,0.0,0.8147,1.0,0.1853,0,0.0,False,True
0.711,139,0,2075,611,1.0,0.1853,0.3127,0.0,0.8147,1.0,0.1853,0,0.0,False,True
0.712,139,0,2075,611,1.0,0.1853,0.3127,0.0,0.8147,1.0,0.1853,0,0.0,False,True
0.713,138,0,2075,612,1.0,0.184,0.3108,0.0,0.816,1.0,0.184,0,0.0,False,True
0.714,136,0,2075,614,1.0,0.1813,0.307,0.0,0.8187,1.0,0.1813,0,0.0,False,True
0.715,135,0,2075,615,1.0,0.18,0.3051,0.0,0.82,1.0,0.18,0,0.0,False,True
0.716,134,0,2075,616,1.0,0.1787,0.3032,0.0,0.8213,1.0,0.1787,0,0.0,False,True
0.717,134,0,2075,616,1.0,0.1787,0.3032,0.0,0.8213,1.0,0.1787,0,0.0,False,True
0.718,134,0,2075,616,1.0,0.1787,0.3032,0.0,0.8213,1.0,0.1787,0,0.0,False,True
0.719,134,0,2075,616,1.0,0.1787,0.3032,0.0,0.8213,1.0,0.1787,0,0.0,False,True
0.72,133,0,2075,617,1.0,0.1773,0.3012,0.0,0.8227,1.0,0.1773,0,0.0,False,True
0.721,133,0,2075,617,1.0,0.1773,0.3012,0.0,0.8227,1.0,0.1773,0,0.0,False,True
0.722,131,0,2075,619,1.0,0.1747,0.2974,0.0,0.8253,1.0,0.1747,0,0.0,False,True
0.723,131,0,2075,619,1.0,0.1747,0.2974,0.0,0.8253,1.0,0.1747,0,0.0,False,True
0.724,131,0,2075,619,1.0,0.1747,0.2974,0.0,0.8253,1.0,0.1747,0,0.0,False,True
0.725,131,0,2075,619,1.0,0.1747,0.2974,0.0,0.8253,1.0,0.1747,0,0.0,False,True
0.726,131,0,2075,619,1.0,0.1747,0.2974,0.0,0.8253,1.0,0.1747,0,0.0,False,True
0.727,131,0,2075,619,1.0,0.1747,0.2974,0.0,0.8253,1.0,0.1747,0,0.0,False,True
0.728,131,0,2075,619,1.0,0.1747,0.2974,0.0,0.8253,1.0,0.1747,0,0.0,False,True
0.729,131,0,2075,619,1.0,0.1747,0.2974,0.0,0.8253,1.0,0.1747,0,0.0,False,True
0.73,131,0,2075,619,1.0,0.1747,0.2974,0.0,0.8253,1.0,0.1747,0,0.0,False,True
0.731,131,0,2075,619,1.0,0.1747,0.2974,0.0,0.8253,1.0,0.1747,0,0.0,False,True
0.732,130,0,2075,620,1.0,0.1733,0.2955,0.0,0.8267,1.0,0.1733,0,0.0,False,True
0.733,130,0,2075,620,1.0,0.1733,0.2955,0.0,0.8267,1.0,0.1733,0,0.0,False,True
0.734,130,0,2075,620,1.0,0.1733,0.2955,0.0,0.8267,1.0,0.1733,0,0.0,False,True
0.735,130,0,2075,620,1.0,0.1733,0.2955,0.0,0.8267,1.0,0.1733,0,0.0,False,True
0.736,130,0,2075,620,1.0,0.1733,0.2955,0.0,0.8267,1.0,0.1733,0,0.0,False,True
0.737,129,0,2075,621,1.0,0.172,0.2935,0.0,0.828,1.0,0.172,0,0.0,False,True
0.738,129,0,2075,621,1.0,0.172,0.2935,0.0,0.828,1.0,0.172,0,0.0,False,True
0.739,129,0,2075,621,1.0,0.172,0.2935,0.0,0.828,1.0,0.172,0,0.0,False,True
0.74,129,0,2075,621,1.0,0.172,0.2935,0.0,0.828,1.0,0.172,0,0.0,False,True
0.741,128,0,2075,622,1.0,0.1707,0.2916,0.0,0.8293,1.0,0.1707,0,0.0,False,True
0.742,128,0,2075,622,1.0,0.1707,0.2916,0.0,0.8293,1.0,0.1707,0,0.0,False,True
0.743,127,0,2075,623,1.0,0.1693,0.2896,0.0,0.8307,1.0,0.1693,0,0.0,False,True
0.744,124,0,2075,626,1.0,0.1653,0.2838,0.0,0.8347,1.0,0.1653,0,0.0,False,True
0.745,124,0,2075,626,1.0,0.1653,0.2838,0.0,0.8347,1.0,0.1653,0,0.0,False,True
0.746,124,0,2075,626,1.0,0.1653,0.2838,0.0,0.8347,1.0,0.1653,0,0.0,False,True
0.747,122,0,2075,628,1.0,0.1627,0.2798,0.0,0.8373,1.0,0.1627,0,0.0,False,True
0.748,120,0,2075,630,1.0,0.16,0.2759,0.0,0.84,1.0,0.16,0,0.0,False,True
0.749,119,0,2075,631,1.0,0.1587,0.2739,0.0,0.8413,1.0,0.1587,0,0.0,False,True
0.75,119,0,2075,631,1.0,0.1587,0.2739,0.0,0.8413,1.0,0.1587,0,0.0,False,True
0.751,119,0,2075,631,1.0,0.1587,0.2739,0.0,0.8413,1.0,0.1587,0,0.0,False,True
0.752,115,0,2075,635,1.0,0.1533,0.2659,0.0,0.8467,1.0,0.1533,0,0.0,False,True
0.753,115,0,2075,635,1.0,0.1533,0.2659,0.0,0.8467,1.0,0.1533,0,0.0,False,True
0.754,115,0,2075,635,1.0,0.1533,0.2659,0.0,0.8467,1.0,0.1533,0,0.0,False,True
0.755,115,0,2075,635,1.0,0.1533,0.2659,0.0,0.8467,1.0,0.1533,0,0.0,False,True
0.756,113,0,2075,637,1.0,0.1507,0.2619,0.0,0.8493,1.0,0.1507,0,0.0,False,True
0.757,111,0,2075,639,1.0,0.148,0.2578,0.0,0.852,1.0,0.148,0,0.0,False,True
0.758,111,0,2075,639,1.0,0.148,0.2578,0.0,0.852,1.0,0.148,0,0.0,False,True
0.759,111,0,2075,639,1.0,0.148,0.2578,0.0,0.852,1.0,0.148,0,0.0,False,True
0.76,111,0,2075,639,1.0,0.148,0.2578,0.0,0.852,1.0,0.148,0,0.0,False,True
0.761,109,0,2075,641,1.0,0.1453,0.2538,0.0,0.8547,1.0,0.1453,0,0.0,False,True
0.762,108,0,2075,642,1.0,0.144,0.2517,0.0,0.856,1.0,0.144,0,0.0,False,True
0.763,107,0,2075,643,1.0,0.1427,0.2497,0.0,0.8573,1.0,0.1427,0,0.0,False,True
0.764,105,0,2075,645,1.0,0.14,0.2456,0.0,0.86,1.0,0.14,0,0.0,False,True
0.765,102,0,2075,648,1.0,0.136,0.2394,0.0,0.864,1.0,0.136,0,0.0,False,True
0.766,101,0,2075,649,1.0,0.1347,0.2374,0.0,0.8653,1.0,0.1347,0,0.0,False,True
0.767,99,0,2075,651,1.0,0.132,0.2332,0.0,0.868,1.0,0.132,0,0.0,False,True
0.768,96,0,2075,654,1.0,0.128,0.227,0.0,0.872,1.0,0.128,0,0.0,False,True
0.769,94,0,2075,656,1.0,0.1253,0.2227,0.0,0.8747,1.0,0.1253,0,0.0,False,True
0.77,94,0,2075,656,1.0,0.1253,0.2227,0.0,0.8747,1.0,0.1253,0,0.0,False,True
0.771,92,0,2075,658,1.0,0.1227,0.2185,0.0,0.8773,1.0,0.1227,0,0.0,False,True
0.772,92,0,2075,658,1.0,0.1227,0.2185,0.0,0.8773,1.0,0.1227,0,0.0,False,True
0.773,92,0,2075,658,1.0,0.1227,0.2185,0.0,0.8773,1.0,0.1227,0,0.0,False,True
0.774,92,0,2075,658,1.0,0.1227,0.2185,0.0,0.8773,1.0,0.1227,0,0.0,False,True
0.775,92,0,2075,658,1.0,0.1227,0.2185,0.0,0.8773,1.0,0.1227,0,0.0,False,True
0.776,91,0,2075,659,1.0,0.1213,0.2164,0.0,0.8787,1.0,0.1213,0,0.0,False,True
0.777,90,0,2075,660,1.0,0.12,0.2143,0.0,0.88,1.0,0.12,0,0.0,False,True
0.778,89,0,2075,661,1.0,0.1187,0.2122,0.0,0.8813,1.0,0.1187,0,0.0,False,True
0.779,86,0,2075,664,1.0,0.1147,0.2057,0.0,0.8853,1.0,0.1147,0,0.0,False,True
0.78,86,0,2075,664,1.0,0.1147,0.2057,0.0,0.8853,1.0,0.1147,0,0.0,False,True
0.781,85,0,2075,665,1.0,0.1133,0.2036,0.0,0.8867,1.0,0.1133,0,0.0,False,True
0.782,83,0,2075,667,1.0,0.1107,0.1993,0.0,0.8893,1.0,0.1107,0,0.0,False,True
0.783,80,0,2075,670,1.0,0.1067,0.1928,0.0,0.8933,1.0,0.1067,0,0.0,False,True
0.784,77,0,2075,673,1.0,0.1027,0.1862,0.0,0.8973,1.0,0.1027,0,0.0,False,True
0.785,75,0,2075,675,1.0,0.1,0.1818,0.0,0.9,1.0,0.1,0,0.0,False,True
0.786,73,0,2075,677,1.0,0.0973,0.1774,0.0,0.9027,1.0,0.0973,0,0.0,False,True
0.787,72,0,2075,678,1.0,0.096,0.1752,0.0,0.904,1.0,0.096,0,0.0,False,True
0.788,70,0,2075,680,1.0,0.0933,0.1707,0.0,0.9067,1.0,0.0933,0,0.0,False,True
0.789,69,0,2075,681,1.0,0.092,0.1685,0.0,0.908,1.0,0.092,0,0.0,False,True
0.79,68,0,2075,682,1.0,0.0907,0.1663,0.0,0.9093,1.0,0.0907,0,0.0,False,True
0.791,68,0,2075,682,1.0,0.0907,0.1663,0.0,0.9093,1.0,0.0907,0,0.0,False,True
0.792,67,0,2075,683,1.0,0.0893,0.164,0.0,0.9107,1.0,0.0893,0,0.0,False,True
0.793,66,0,2075,684,1.0,0.088,0.1618,0.0,0.912,1.0,0.088,0,0.0,False,True
0.794,63,0,2075,687,1.0,0.084,0.155,0.0,0.916,1.0,0.084,0,0.0,False,True
0.795,58,0,2075,692,1.0,0.0773,0.1436,0.0,0.9227,1.0,0.0773,0,0.0,False,True
0.796,55,0,2075,695,1.0,0.0733,0.1366,0.0,0.9267,1.0,0.0733,0,0.0,False,True
0.797,51,0,2075,699,1.0,0.068,0.1273,0.0,0.932,1.0,0.068,0,0.0,False,True
0.798,50,0,2075,700,1.0,0.0667,0.125,0.0,0.9333,1.0,0.0667,0,0.0,False,True
0.799,49,0,2075,701,1.0,0.0653,0.1227,0.0,0.9347,1.0,0.0653,0,0.0,False,True
0.8,48,0,2075,702,1.0,0.064,0.1203,0.0,0.936,1.0,0.064,0,0.0,False,True
0.801,48,0,2075,702,1.0,0.064,0.1203,0.0,0.936,1.0,0.064,0,0.0,False,True
0.802,46,0,2075,704,1.0,0.0613,0.1156,0.0,0.9387,1.0,0.0613,0,0.0,False,True
0.803,43,0,2075,707,1.0,0.0573,0.1084,0.0,0.9427,1.0,0.0573,0,0.0,False,True
0.804,43,0,2075,707,1.0,0.0573,0.1084,0.0,0.9427,1.0,0.0573,0,0.0,False,True
0.805,43,0,2075,707,1.0,0.0573,0.1084,0.0,0.9427,1.0,0.0573,0,0.0,False,True
0.806,43,0,2075,707,1.0,0.0573,0.1084,0.0,0.9427,1.0,0.0573,0,0.0,False,True
0.807,42,0,2075,708,1.0,0.056,0.1061,0.0,0.944,1.0,0.056,0,0.0,False,True
0.808,42,0,2075,708,1.0,0.056,0.1061,0.0,0.944,1.0,0.056,0,0.0,False,True
0.809,42,0,2075,708,1.0,0.056,0.1061,0.0,0.944,1.0,0.056,0,0.0,False,True
0.81,41,0,2075,709,1.0,0.0547,0.1037,0.0,0.9453,1.0,0.0547,0,0.0,False,True
0.811,41,0,2075,709,1.0,0.0547,0.1037,0.0,0.9453,1.0,0.0547,0,0.0,False,True
0.812,41,0,2075,709,1.0,0.0547,0.1037,0.0,0.9453,1.0,0.0547,0,0.0,False,True
0.8130000000000001,40,0,2075,710,1.0,0.0533,0.1013,0.0,0.9467,1.0,0.0533,0,0.0,False,True
0.8140000000000001,40,0,2075,710,1.0,0.0533,0.1013,0.0,0.9467,1.0,0.0533,0,0.0,False,True
0.8150000000000001,38,0,2075,712,1.0,0.0507,0.0964,0.0,0.9493,1.0,0.0507,0,0.0,False,True
0.8160000000000001,38,0,2075,712,1.0,0.0507,0.0964,0.0,0.9493,1.0,0.0507,0,0.0,False,True
0.8170000000000001,34,0,2075,716,1.0,0.0453,0.0867,0.0,0.9547,1.0,0.0453,0,0.0,False,True
0.8180000000000001,32,0,2075,718,1.0,0.0427,0.0818,0.0,0.9573,1.0,0.0427,0,0.0,False,True
0.8190000000000001,32,0,2075,718,1.0,0.0427,0.0818,0.0,0.9573,1.0,0.0427,0,0.0,False,True
0.8200000000000001,30,0,2075,720,1.0,0.04,0.0769,0.0,0.96,1.0,0.04,0,0.0,False,True
0.8210000000000001,29,0,2075,721,1.0,0.0387,0.0745,0.0,0.9613,1.0,0.0387,0,0.0,False,True
0.8220000000000001,29,0,2075,721,1.0,0.0387,0.0745,0.0,0.9613,1.0,0.0387,0,0.0,False,True
0.8230000000000001,28,0,2075,722,1.0,0.0373,0.072,0.0,0.9627,1.0,0.0373,0,0.0,False,True
0.8240000000000001,27,0,2075,723,1.0,0.036,0.0695,0.0,0.964,1.0,0.036,0,0.0,False,True
0.8250000000000001,27,0,2075,723,1.0,0.036,0.0695,0.0,0.964,1.0,0.036,0,0.0,False,True
0.8260000000000001,27,0,2075,723,1.0,0.036,0.0695,0.0,0.964,1.0,0.036,0,0.0,False,True
0.8270000000000001,27,0,2075,723,1.0,0.036,0.0695,0.0,0.964,1.0,0.036,0,0.0,False,True
0.8280000000000001,26,0,2075,724,1.0,0.0347,0.067,0.0,0.9653,1.0,0.0347,0,0.0,False,True
0.8290000000000001,26,0,2075,724,1.0,0.0347,0.067,0.0,0.9653,1.0,0.0347,0,0.0,False,True
0.8300000000000001,25,0,2075,725,1.0,0.0333,0.0645,0.0,0.9667,1.0,0.0333,0,0.0,False,True
0.8310000000000001,25,0,2075,725,1.0,0.0333,0.0645,0.0,0.9667,1.0,0.0333,0,0.0,False,True
0.8320000000000001,25,0,2075,725,1.0,0.0333,0.0645,0.0,0.9667,1.0,0.0333,0,0.0,False,True
0.8330000000000001,25,0,2075,725,1.0,0.0333,0.0645,0.0,0.9667,1.0,0.0333,0,0.0,False,True
0.834,24,0,2075,726,1.0,0.032,0.062,0.0,0.968,1.0,0.032,0,0.0,False,True
0.835,24,0,2075,726,1.0,0.032,0.062,0.0,0.968,1.0,0.032,0,0.0,False,True
0.836,24,0,2075,726,1.0,0.032,0.062,0.0,0.968,1.0,0.032,0,0.0,False,True
0.837,23,0,2075,727,1.0,0.0307,0.0595,0.0,0.9693,1.0,0.0307,0,0.0,False,True
0.838,21,0,2075,729,1.0,0.028,0.0545,0.0,0.972,1.0,0.028,0,0.0,False,True
0.839,21,0,2075,729,1.0,0.028,0.0545,0.0,0.972,1.0,0.028,0,0.0,False,True
0.84,21,0,2075,729,1.0,0.028,0.0545,0.0,0.972,1.0,0.028,0,0.0,False,True
0.841,20,0,2075,730,1.0,0.0267,0.0519,0.0,0.9733,1.0,0.0267,0,0.0,False,True
0.842,19,0,2075,731,1.0,0.0253,0.0494,0.0,0.9747,1.0,0.0253,0,0.0,False,True
0.843,17,0,2075,733,1.0,0.0227,0.0443,0.0,0.9773,1.0,0.0227,0,0.0,False,True
0.844,17,0,2075,733,1.0,0.0227,0.0443,0.0,0.9773,1.0,0.0227,0,0.0,False,True
0.845,17,0,2075,733,1.0,0.0227,0.0443,0.0,0.9773,1.0,0.0227,0,0.0,False,True
0.846,17,0,2075,733,1.0,0.0227,0.0443,0.0,0.9773,1.0,0.0227,0,0.0,False,True
0.847,17,0,2075,733,1.0,0.0227,0.0443,0.0,0.9773,1.0,0.0227,0,0.0,False,True
0.848,17,0,2075,733,1.0,0.0227,0.0443,0.0,0.9773,1.0,0.0227,0,0.0,False,True
0.849,17,0,2075,733,1.0,0.0227,0.0443,0.0,0.9773,1.0,0.0227,0,0.0,False,True
0.85,17,0,2075,733,1.0,0.0227,0.0443,0.0,0.9773,1.0,0.0227,0,0.0,False,True
0.851,17,0,2075,733,1.0,0.0227,0.0443,0.0,0.9773,1.0,0.0227,0,0.0,False,True
0.852,16,0,2075,734,1.0,0.0213,0.0418,0.0,0.9787,1.0,0.0213,0,0.0,False,True
0.853,15,0,2075,735,1.0,0.02,0.0392,0.0,0.98,1.0,0.02,0,0.0,False,True
0.854,14,0,2075,736,1.0,0.0187,0.0366,0.0,0.9813,1.0,0.0187,0,0.0,False,True
0.855,13,0,2075,737,1.0,0.0173,0.0341,0.0,0.9827,1.0,0.0173,0,0.0,False,True
0.856,12,0,2075,738,1.0,0.016,0.0315,0.0,0.984,1.0,0.016,0,0.0,False,True
0.857,12,0,2075,738,1.0,0.016,0.0315,0.0,0.984,1.0,0.016,0,0.0,False,True
0.858,12,0,2075,738,1.0,0.016,0.0315,0.0,0.984,1.0,0.016,0,0.0,False,True
0.859,12,0,2075,738,1.0,0.016,0.0315,0.0,0.984,1.0,0.016,0,0.0,False,True
0.86,12,0,2075,738,1.0,0.016,0.0315,0.0,0.984,1.0,0.016,0,0.0,False,True
0.861,11,0,2075,739,1.0,0.0147,0.0289,0.0,0.9853,1.0,0.0147,0,0.0,False,True
0.862,10,0,2075,740,1.0,0.0133,0.0263,0.0,0.9867,1.0,0.0133,0,0.0,False,True
0.863,10,0,2075,740,1.0,0.0133,0.0263,0.0,0.9867,1.0,0.0133,0,0.0,False,True
0.864,10,0,2075,740,1.0,0.0133,0.0263,0.0,0.9867,1.0,0.0133,0,0.0,False,True
0.865,10,0,2075,740,1.0,0.0133,0.0263,0.0,0.9867,1.0,0.0133,0,0.0,False,True
0.866,10,0,2075,740,1.0,0.0133,0.0263,0.0,0.9867,1.0,0.0133,0,0.0,False,True
0.867,10,0,2075,740,1.0,0.0133,0.0263,0.0,0.9867,1.0,0.0133,0,0.0,False,True
0.868,10,0,2075,740,1.0,0.0133,0.0263,0.0,0.9867,1.0,0.0133,0,0.0,False,True
0.869,10,0,2075,740,1.0,0.0133,0.0263,0.0,0.9867,1.0,0.0133,0,0.0,False,True
0.87,10,0,2075,740,1.0,0.0133,0.0263,0.0,0.9867,1.0,0.0133,0,0.0,False,True
0.871,10,0,2075,740,1.0,0.0133,0.0263,0.0,0.9867,1.0,0.0133,0,0.0,False,True
0.872,9,0,2075,741,1.0,0.012,0.0237,0.0,0.988,1.0,0.012,0,0.0,False,True
0.873,8,0,2075,742,1.0,0.0107,0.0211,0.0,0.9893,1.0,0.0107,0,0.0,False,True
0.874,8,0,2075,742,1.0,0.0107,0.0211,0.0,0.9893,1.0,0.0107,0,0.0,False,True
0.875,7,0,2075,743,1.0,0.0093,0.0185,0.0,0.9907,1.0,0.0093,0,0.0,False,True
0.876,7,0,2075,743,1.0,0.0093,0.0185,0.0,0.9907,1.0,0.0093,0,0.0,False,True
0.877,7,0,2075,743,1.0,0.0093,0.0185,0.0,0.9907,1.0,0.0093,0,0.0,False,True
0.878,7,0,2075,743,1.0,0.0093,0.0185,0.0,0.9907,1.0,0.0093,0,0.0,False,True
0.879,7,0,2075,743,1.0,0.0093,0.0185,0.0,0.9907,1.0,0.0093,0,0.0,False,True
0.88,7,0,2075,743,1.0,0.0093,0.0185,0.0,0.9907,1.0,0.0093,0,0.0,False,True
0.881,7,0,2075,743,1.0,0.0093,0.0185,0.0,0.9907,1.0,0.0093,0,0.0,False,True
0.882,7,0,2075,743,1.0,0.0093,0.0185,0.0,0.9907,1.0,0.0093,0,0.0,False,True
0.883,7,0,2075,743,1.0,0.0093,0.0185,0.0,0.9907,1.0,0.0093,0,0.0,False,True
0.884,7,0,2075,743,1.0,0.0093,0.0185,0.0,0.9907,1.0,0.0093,0,0.0,False,True
0.885,7,0,2075,743,1.0,0.0093,0.0185,0.0,0.9907,1.0,0.0093,0,0.0,False,True
0.886,6,0,2075,744,1.0,0.008,0.0159,0.0,0.992,1.0,0.008,0,0.0,False,True
0.887,5,0,2075,745,1.0,0.0067,0.0132,0.0,0.9933,1.0,0.0067,0,0.0,False,True
0.888,5,0,2075,745,1.0,0.0067,0.0132,0.0,0.9933,1.0,0.0067,0,0.0,False,True
0.889,4,0,2075,746,1.0,0.0053,0.0106,0.0,0.9947,1.0,0.0053,0,0.0,False,True
0.89,4,0,2075,746,1.0,0.0053,0.0106,0.0,0.9947,1.0,0.0053,0,0.0,False,True
0.891,4,0,2075,746,1.0,0.0053,0.0106,0.0,0.9947,1.0,0.0053,0,0.0,False,True
0.892,4,0,2075,746,1.0,0.0053,0.0106,0.0,0.9947,1.0,0.0053,0,0.0,False,True
0.893,4,0,2075,746,1.0,0.0053,0.0106,0.0,0.9947,1.0,0.0053,0,0.0,False,True
0.894,4,0,2075,746,1.0,0.0053,0.0106,0.0,0.9947,1.0,0.0053,0,0.0,False,True
0.895,4,0,2075,746,1.0,0.0053,0.0106,0.0,0.9947,1.0,0.0053,0,0.0,False,True
0.896,4,0,2075,746,1.0,0.0053,0.0106,0.0,0.9947,1.0,0.0053,0,0.0,False,True
0.897,4,0,2075,746,1.0,0.0053,0.0106,0.0,0.9947,1.0,0.0053,0,0.0,False,True
0.898,4,0,2075,746,1.0,0.0053,0.0106,0.0,0.9947,1.0,0.0053,0,0.0,False,True
0.899,4,0,2075,746,1.0,0.0053,0.0106,0.0,0.9947,1.0,0.0053,0,0.0,False,True
0.9,4,0,2075,746,1.0,0.0053,0.0106,0.0,0.9947,1.0,0.0053,0,0.0,False,True
0.901,4,0,2075,746,1.0,0.0053,0.0106,0.0,0.9947,1.0,0.0053,0,0.0,False,True
0.902,4,0,2075,746,1.0,0.0053,0.0106,0.0,0.9947,1.0,0.0053,0,0.0,False,True
0.903,4,0,2075,746,1.0,0.0053,0.0106,0.0,0.9947,1.0,0.0053,0,0.0,False,True
0.904,4,0,2075,746,1.0,0.0053,0.0106,0.0,0.9947,1.0,0.0053,0,0.0,False,True
0.905,4,0,2075,746,1.0,0.0053,0.0106,0.0,0.9947,1.0,0.0053,0,0.0,False,True
0.906,4,0,2075,746,1.0,0.0053,0.0106,0.0,0.9947,1.0,0.0053,0,0.0,False,True
0.907,4,0,2075,746,1.0,0.0053,0.0106,0.0,0.9947,1.0,0.0053,0,0.0,False,True
0.908,4,0,2075,746,1.0,0.0053,0.0106,0.0,0.9947,1.0,0.0053,0,0.0,False,True
0.909,4,0,2075,746,1.0,0.0053,0.0106,0.0,0.9947,1.0,0.0053,0,0.0,False,True
0.91,4,0,2075,746,1.0,0.0053,0.0106,0.0,0.9947,1.0,0.0053,0,0.0,False,True
0.911,4,0,2075,746,1.0,0.0053,0.0106,0.0,0.9947,1.0,0.0053,0,0.0,False,True
0.912,4,0,2075,746,1.0,0.0053,0.0106,0.0,0.9947,1.0,0.0053,0,0.0,False,True
0.913,4,0,2075,746,1.0,0.0053,0.0106,0.0,0.9947,1.0,0.0053,0,0.0,False,True
0.914,4,0,2075,746,1.0,0.0053,0.0106,0.0,0.9947,1.0,0.0053,0,0.0,False,True
0.915,4,0,2075,746,1.0,0.0053,0.0106,0.0,0.9947,1.0,0.0053,0,0.0,False,True
0.916,4,0,2075,746,1.0,0.0053,0.0106,0.0,0.9947,1.0,0.0053,0,0.0,False,True
0.917,4,0,2075,746,1.0,0.0053,0.0106,0.0,0.9947,1.0,0.0053,0,0.0,False,True
0.918,4,0,2075,746,1.0,0.0053,0.0106,0.0,0.9947,1.0,0.0053,0,0.0,False,True
0.919,4,0,2075,746,1.0,0.0053,0.0106,0.0,0.9947,1.0,0.0053,0,0.0,False,True
0.92,4,0,2075,746,1.0,0.0053,0.0106,0.0,0.9947,1.0,0.0053,0,0.0,False,True
0.921,4,0,2075,746,1.0,0.0053,0.0106,0.0,0.9947,1.0,0.0053,0,0.0,False,True
0.922,4,0,2075,746,1.0,0.0053,0.0106,0.0,0.9947,1.0,0.0053,0,0.0,False,True
0.923,4,0,2075,746,1.0,0.0053,0.0106,0.0,0.9947,1.0,0.0053,0,0.0,False,True
0.924,4,0,2075,746,1.0,0.0053,0.0106,0.0,0.9947,1.0,0.0053,0,0.0,False,True
0.925,4,0,2075,746,1.0,0.0053,0.0106,0.0,0.9947,1.0,0.0053,0,0.0,False,True
0.926,4,0,2075,746,1.0,0.0053,0.0106,0.0,0.9947,1.0,0.0053,0,0.0,False,True
0.927,4,0,2075,746,1.0,0.0053,0.0106,0.0,0.9947,1.0,0.0053,0,0.0,False,True
0.928,3,0,2075,747,1.0,0.004,0.008,0.0,0.996,1.0,0.004,0,0.0,False,True
0.929,3,0,2075,747,1.0,0.004,0.008,0.0,0.996,1.0,0.004,0,0.0,False,True
0.93,3,0,2075,747,1.0,0.004,0.008,0.0,0.996,1.0,0.004,0,0.0,False,True
0.931,3,0,2075,747,1.0,0.004,0.008,0.0,0.996,1.0,0.004,0,0.0,False,True
0.932,3,0,2075,747,1.0,0.004,0.008,0.0,0.996,1.0,0.004,0,0.0,False,True
0.933,3,0,2075,747,1.0,0.004,0.008,0.0,0.996,1.0,0.004,0,0.0,False,True
0.934,3,0,2075,747,1.0,0.004,0.008,0.0,0.996,1.0,0.004,0,0.0,False,True
0.935,3,0,2075,747,1.0,0.004,0.008,0.0,0.996,1.0,0.004,0,0.0,False,True
0.936,3,0,2075,747,1.0,0.004,0.008,0.0,0.996,1.0,0.004,0,0.0,False,True
0.937,3,0,2075,747,1.0,0.004,0.008,0.0,0.996,1.0,0.004,0,0.0,False,True
0.9380000000000001,3,0,2075,747,1.0,0.004,0.008,0.0,0.996,1.0,0.004,0,0.0,False,True
0.9390000000000001,3,0,2075,747,1.0,0.004,0.008,0.0,0.996,1.0,0.004,0,0.0,False,True
0.9400000000000001,3,0,2075,747,1.0,0.004,0.008,0.0,0.996,1.0,0.004,0,0.0,False,True
0.9410000000000001,3,0,2075,747,1.0,0.004,0.008,0.0,0.996,1.0,0.004,0,0.0,False,True
0.9420000000000001,3,0,2075,747,1.0,0.004,0.008,0.0,0.996,1.0,0.004,0,0.0,False,True
0.9430000000000001,3,0,2075,747,1.0,0.004,0.008,0.0,0.996,1.0,0.004,0,0.0,False,True
0.9440000000000001,3,0,2075,747,1.0,0.004,0.008,0.0,0.996,1.0,0.004,0,0.0,False,True
0.9450000000000001,3,0,2075,747,1.0,0.004,0.008,0.0,0.996,1.0,0.004,0,0.0,False,True
0.9460000000000001,3,0,2075,747,1.0,0.004,0.008,0.0,0.996,1.0,0.004,0,0.0,False,True
0.9470000000000001,3,0,2075,747,1.0,0.004,0.008,0.0,0.996,1.0,0.004,0,0.0,False,True
0.9480000000000001,3,0,2075,747,1.0,0.004,0.008,0.0,0.996,1.0,0.004,0,0.0,False,True
0.9490000000000001,3,0,2075,747,1.0,0.004,0.008,0.0,0.996,1.0,0.004,0,0.0,False,True
0.9500000000000001,3,0,2075,747,1.0,0.004,0.008,0.0,0.996,1.0,0.004,0,0.0,False,True
0.9510000000000001,3,0,2075,747,1.0,0.004,0.008,0.0,0.996,1.0,0.004,0,0.0,False,True
0.9520000000000001,3,0,2075,747,1.0,0.004,0.008,0.0,0.996,1.0,0.004,0,0.0,False,True
0.9530000000000001,3,0,2075,747,1.0,0.004,0.008,0.0,0.996,1.0,0.004,0,0.0,False,True
0.9540000000000001,3,0,2075,747,1.0,0.004,0.008,0.0,0.996,1.0,0.004,0,0.0,False,True
0.9550000000000001,3,0,2075,747,1.0,0.004,0.008,0.0,0.996,1.0,0.004,0,0.0,False,True
0.9560000000000001,3,0,2075,747,1.0,0.004,0.008,0.0,0.996,1.0,0.004,0,0.0,False,True
0.9570000000000001,3,0,2075,747,1.0,0.004,0.008,0.0,0.996,1.0,0.004,0,0.0,False,True
0.9580000000000001,3,0,2075,747,1.0,0.004,0.008,0.0,0.996,1.0,0.004,0,0.0,False,True
0.9590000000000001,3,0,2075,747,1.0,0.004,0.008,0.0,0.996,1.0,0.004,0,0.0,False,True
0.9600000000000001,3,0,2075,747,1.0,0.004,0.008,0.0,0.996,1.0,0.004,0,0.0,False,True
0.961,3,0,2075,747,1.0,0.004,0.008,0.0,0.996,1.0,0.004,0,0.0,False,True
0.962,3,0,2075,747,1.0,0.004,0.008,0.0,0.996,1.0,0.004,0,0.0,False,True
0.963,3,0,2075,747,1.0,0.004,0.008,0.0,0.996,1.0,0.004,0,0.0,False,True
0.964,3,0,2075,747,1.0,0.004,0.008,0.0,0.996,1.0,0.004,0,0.0,False,True
0.965,3,0,2075,747,1.0,0.004,0.008,0.0,0.996,1.0,0.004,0,0.0,False,True
0.966,3,0,2075,747,1.0,0.004,0.008,0.0,0.996,1.0,0.004,0,0.0,False,True
0.967,3,0,2075,747,1.0,0.004,0.008,0.0,0.996,1.0,0.004,0,0.0,False,True
0.968,3,0,2075,747,1.0,0.004,0.008,0.0,0.996,1.0,0.004,0,0.0,False,True
0.969,3,0,2075,747,1.0,0.004,0.008,0.0,0.996,1.0,0.004,0,0.0,False,True
0.97,3,0,2075,747,1.0,0.004,0.008,0.0,0.996,1.0,0.004,0,0.0,False,True
0.971,3,0,2075,747,1.0,0.004,0.008,0.0,0.996,1.0,0.004,0,0.0,False,True
0.972,3,0,2075,747,1.0,0.004,0.008,0.0,0.996,1.0,0.004,0,0.0,False,True
0.973,3,0,2075,747,1.0,0.004,0.008,0.0,0.996,1.0,0.004,0,0.0,False,True
0.974,3,0,2075,747,1.0,0.004,0.008,0.0,0.996,1.0,0.004,0,0.0,False,True
0.975,3,0,2075,747,1.0,0.004,0.008,0.0,0.996,1.0,0.004,0,0.0,False,True
0.976,3,0,2075,747,1.0,0.004,0.008,0.0,0.996,1.0,0.004,0,0.0,False,True
0.977,3,0,2075,747,1.0,0.004,0.008,0.0,0.996,1.0,0.004,0,0.0,False,True
0.978,3,0,2075,747,1.0,0.004,0.008,0.0,0.996,1.0,0.004,0,0.0,False,True
0.979,3,0,2075,747,1.0,0.004,0.008,0.0,0.996,1.0,0.004,0,0.0,False,True
0.98,3,0,2075,747,1.0,0.004,0.008,0.0,0.996,1.0,0.004,0,0.0,False,True
0.981,3,0,2075,747,1.0,0.004,0.008,0.0,0.996,1.0,0.004,0,0.0,False,True
0.982,3,0,2075,747,1.0,0.004,0.008,0.0,0.996,1.0,0.004,0,0.0,False,True
0.983,3,0,2075,747,1.0,0.004,0.008,0.0,0.996,1.0,0.004,0,0.0,False,True
0.984,3,0,2075,747,1.0,0.004,0.008,0.0,0.996,1.0,0.004,0,0.0,False,True
0.985,3,0,2075,747,1.0,0.004,0.008,0.0,0.996,1.0,0.004,0,0.0,False,True
0.986,3,0,2075,747,1.0,0.004,0.008,0.0,0.996,1.0,0.004,0,0.0,False,True
0.987,3,0,2075,747,1.0,0.004,0.008,0.0,0.996,1.0,0.004,0,0.0,False,True
0.988,3,0,2075,747,1.0,0.004,0.008,0.0,0.996,1.0,0.004,0,0.0,False,True
0.989,3,0,2075,747,1.0,0.004,0.008,0.0,0.996,1.0,0.004,0,0.0,False,True
0.99,3,0,2075,747,1.0,0.004,0.008,0.0,0.996,1.0,0.004,0,0.0,False,True
0.991,3,0,2075,747,1.0,0.004,0.008,0.0,0.996,1.0,0.004,0,0.0,False,True
0.992,3,0,2075,747,1.0,0.004,0.008,0.0,0.996,1.0,0.004,0,0.0,False,True
0.993,3,0,2075,747,1.0,0.004,0.008,0.0,0.996,1.0,0.004,0,0.0,False,True
0.994,3,0,2075,747,1.0,0.004,0.008,0.0,0.996,1.0,0.004,0,0.0,False,True
0.995,3,0,2075,747,1.0,0.004,0.008,0.0,0.996,1.0,0.004,0,0.0,False,True
0.996,3,0,2075,747,1.0,0.004,0.008,0.0,0.996,1.0,0.004,0,0.0,False,True
0.997,3,0,2075,747,1.0,0.004,0.008,0.0,0.996,1.0,0.004,0,0.0,False,True
0.998,3,0,2075,747,1.0,0.004,0.008,0.0,0.996,1.0,0.004,0,0.0,False,True
0.999,3,0,2075,747,1.0,0.004,0.008,0.0,0.996,1.0,0.004,0,0.0,False,True
1.0,3,0,2075,747,1.0,0.004,0.008,0.0,0.996,1.0,0.004,0,0.0,False,True
1.001,3,0,2075,747,1.0,0.004,0.008,0.0,0.996,1.0,0.004,0,0.0,False,True
1.002,3,0,2075,747,1.0,0.004,0.008,0.0,0.996,1.0,0.004,0,0.0,False,True
1.003,3,0,2075,747,1.0,0.004,0.008,0.0,0.996,1.0,0.004,0,0.0,False,True
1.004,3,0,2075,747,1.0,0.004,0.008,0.0,0.996,1.0,0.004,0,0.0,False,True
1.005,3,0,2075,747,1.0,0.004,0.008,0.0,0.996,1.0,0.004,0,0.0,False,True
1.006,3,0,2075,747,1.0,0.004,0.008,0.0,0.996,1.0,0.004,0,0.0,False,True
1.007,3,0,2075,747,1.0,0.004,0.008,0.0,0.996,1.0,0.004,0,0.0,False,True
1.008,3,0,2075,747,1.0,0.004,0.008,0.0,0.996,1.0,0.004,0,0.0,False,True
1.009,3,0,2075,747,1.0,0.004,0.008,0.0,0.996,1.0,0.004,0,0.0,False,True
1.01,3,0,2075,747,1.0,0.004,0.008,0.0,0.996,1.0,0.004,0,0.0,False,True
1.011,3,0,2075,747,1.0,0.004,0.008,0.0,0.996,1.0,0.004,0,0.0,False,True
1.012,3,0,2075,747,1.0,0.004,0.008,0.0,0.996,1.0,0.004,0,0.0,False,True
1.013,3,0,2075,747,1.0,0.004,0.008,0.0,0.996,1.0,0.004,0,0.0,False,True
1.014,3,0,2075,747,1.0,0.004,0.008,0.0,0.996,1.0,0.004,0,0.0,False,True
1.015,3,0,2075,747,1.0,0.004,0.008,0.0,0.996,1.0,0.004,0,0.0,False,True
1.016,3,0,2075,747,1.0,0.004,0.008,0.0,0.996,1.0,0.004,0,0.0,False,True
1.017,3,0,2075,747,1.0,0.004,0.008,0.0,0.996,1.0,0.004,0,0.0,False,True
1.018,3,0,2075,747,1.0,0.004,0.008,0.0,0.996,1.0,0.004,0,0.0,False,True
1.019,3,0,2075,747,1.0,0.004,0.008,0.0,0.996,1.0,0.004,0,0.0,False,True
1.02,3,0,2075,747,1.0,0.004,0.008,0.0,0.996,1.0,0.004,0,0.0,False,True
1.021,3,0,2075,747,1.0,0.004,0.008,0.0,0.996,1.0,0.004,0,0.0,False,True
1.022,3,0,2075,747,1.0,0.004,0.008,0.0,0.996,1.0,0.004,0,0.0,False,True
1.023,3,0,2075,747,1.0,0.004,0.008,0.0,0.996,1.0,0.004,0,0.0,False,True
1.024,3,0,2075,747,1.0,0.004,0.008,0.0,0.996,1.0,0.004,0,0.0,False,True
1.025,3,0,2075,747,1.0,0.004,0.008,0.0,0.996,1.0,0.004,0,0.0,False,True
1.0259999999999998,3,0,2075,747,1.0,0.004,0.008,0.0,0.996,1.0,0.004,0,0.0,False,True
1.027,3,0,2075,747,1.0,0.004,0.008,0.0,0.996,1.0,0.004,0,0.0,False,True
1.0279999999999998,3,0,2075,747,1.0,0.004,0.008,0.0,0.996,1.0,0.004,0,0.0,False,True
1.029,3,0,2075,747,1.0,0.004,0.008,0.0,0.996,1.0,0.004,0,0.0,False,True
1.0299999999999998,3,0,2075,747,1.0,0.004,0.008,0.0,0.996,1.0,0.004,0,0.0,False,True
1.031,3,0,2075,747,1.0,0.004,0.008,0.0,0.996,1.0,0.004,0,0.0,False,True
1.0319999999999998,3,0,2075,747,1.0,0.004,0.008,0.0,0.996,1.0,0.004,0,0.0,False,True
1.033,3,0,2075,747,1.0,0.004,0.008,0.0,0.996,1.0,0.004,0,0.0,False,True
1.0339999999999998,3,0,2075,747,1.0,0.004,0.008,0.0,0.996,1.0,0.004,0,0.0,False,True
1.035,3,0,2075,747,1.0,0.004,0.008,0.0,0.996,1.0,0.004,0,0.0,False,True
1.0359999999999998,3,0,2075,747,1.0,0.004,0.008,0.0,0.996,1.0,0.004,0,0.0,False,True
1.037,3,0,2075,747,1.0,0.004,0.008,0.0,0.996,1.0,0.004,0,0.0,False,True
1.0379999999999998,3,0,2075,747,1.0,0.004,0.008,0.0,0.996,1.0,0.004,0,0.0,False,True
1.039,3,0,2075,747,1.0,0.004,0.008,0.0,0.996,1.0,0.004,0,0.0,False,True
1.0399999999999998,3,0,2075,747,1.0,0.004,0.008,0.0,0.996,1.0,0.004,0,0.0,False,True
1.041,3,0,2075,747,1.0,0.004,0.008,0.0,0.996,1.0,0.004,0,0.0,False,True
1.0419999999999998,3,0,2075,747,1.0,0.004,0.008,0.0,0.996,1.0,0.004,0,0.0,False,True
1.043,3,0,2075,747,1.0,0.004,0.008,0.0,0.996,1.0,0.004,0,0.0,False,True
1.0439999999999998,3,0,2075,747,1.0,0.004,0.008,0.0,0.996,1.0,0.004,0,0.0,False,True
1.045,3,0,2075,747,1.0,0.004,0.008,0.0,0.996,1.0,0.004,0,0.0,False,True
1.0459999999999998,3,0,2075,747,1.0,0.004,0.008,0.0,0.996,1.0,0.004,0,0.0,False,True
1.047,3,0,2075,747,1.0,0.004,0.008,0.0,0.996,1.0,0.004,0,0.0,False,True
1.0479999999999998,3,0,2075,747,1.0,0.004,0.008,0.0,0.996,1.0,0.004,0,0.0,False,True
1.049,3,0,2075,747,1.0,0.004,0.008,0.0,0.996,1.0,0.004,0,0.0,False,True
1.0499999999999998,3,0,2075,747,1.0,0.004,0.008,0.0,0.996,1.0,0.004,0,0.0,False,True
1.051,2,0,2075,748,1.0,0.0027,0.0053,0.0,0.9973,1.0,0.0027,0,0.0,False,True
1.0519999999999998,2,0,2075,748,1.0,0.0027,0.0053,0.0,0.9973,1.0,0.0027,0,0.0,False,True
1.053,2,0,2075,748,1.0,0.0027,0.0053,0.0,0.9973,1.0,0.0027,0,0.0,False,True
1.0539999999999998,2,0,2075,748,1.0,0.0027,0.0053,0.0,0.9973,1.0,0.0027,0,0.0,False,True
1.055,2,0,2075,748,1.0,0.0027,0.0053,0.0,0.9973,1.0,0.0027,0,0.0,False,True
1.0559999999999998,2,0,2075,748,1.0,0.0027,0.0053,0.0,0.9973,1.0,0.0027,0,0.0,False,True
1.057,2,0,2075,748,1.0,0.0027,0.0053,0.0,0.9973,1.0,0.0027,0,0.0,False,True
1.0579999999999998,2,0,2075,748,1.0,0.0027,0.0053,0.0,0.9973,1.0,0.0027,0,0.0,False,True
1.059,2,0,2075,748,1.0,0.0027,0.0053,0.0,0.9973,1.0,0.0027,0,0.0,False,True
1.0599999999999998,2,0,2075,748,1.0,0.0027,0.0053,0.0,0.9973,1.0,0.0027,0,0.0,False,True
1.061,2,0,2075,748,1.0,0.0027,0.0053,0.0,0.9973,1.0,0.0027,0,0.0,False,True
1.0619999999999998,2,0,2075,748,1.0,0.0027,0.0053,0.0,0.9973,1.0,0.0027,0,0.0,False,True
1.063,2,0,2075,748,1.0,0.0027,0.0053,0.0,0.9973,1.0,0.0027,0,0.0,False,True
1.0639999999999998,2,0,2075,748,1.0,0.0027,0.0053,0.0,0.9973,1.0,0.0027,0,0.0,False,True
1.065,2,0,2075,748,1.0,0.0027,0.0053,0.0,0.9973,1.0,0.0027,0,0.0,False,True
1.0659999999999998,2,0,2075,748,1.0,0.0027,0.0053,0.0,0.9973,1.0,0.0027,0,0.0,False,True
1.067,2,0,2075,748,1.0,0.0027,0.0053,0.0,0.9973,1.0,0.0027,0,0.0,False,True
1.0679999999999998,2,0,2075,748,1.0,0.0027,0.0053,0.0,0.9973,1.0,0.0027,0,0.0,False,True
1.069,2,0,2075,748,1.0,0.0027,0.0053,0.0,0.9973,1.0,0.0027,0,0.0,False,True
1.0699999999999998,2,0,2075,748,1.0,0.0027,0.0053,0.0,0.9973,1.0,0.0027,0,0.0,False,True
1.071,2,0,2075,748,1.0,0.0027,0.0053,0.0,0.9973,1.0,0.0027,0,0.0,False,True
1.0719999999999998,2,0,2075,748,1.0,0.0027,0.0053,0.0,0.9973,1.0,0.0027,0,0.0,False,True
1.073,2,0,2075,748,1.0,0.0027,0.0053,0.0,0.9973,1.0,0.0027,0,0.0,False,True
1.0739999999999998,2,0,2075,748,1.0,0.0027,0.0053,0.0,0.9973,1.0,0.0027,0,0.0,False,True
1.075,2,0,2075,748,1.0,0.0027,0.0053,0.0,0.9973,1.0,0.0027,0,0.0,False,True
1.0759999999999998,2,0,2075,748,1.0,0.0027,0.0053,0.0,0.9973,1.0,0.0027,0,0.0,False,True
1.077,2,0,2075,748,1.0,0.0027,0.0053,0.0,0.9973,1.0,0.0027,0,0.0,False,True
1.0779999999999998,2,0,2075,748,1.0,0.0027,0.0053,0.0,0.9973,1.0,0.0027,0,0.0,False,True
1.079,2,0,2075,748,1.0,0.0027,0.0053,0.0,0.9973,1.0,0.0027,0,0.0,False,True
1.0799999999999998,2,0,2075,748,1.0,0.0027,0.0053,0.0,0.9973,1.0,0.0027,0,0.0,False,True
1.081,2,0,2075,748,1.0,0.0027,0.0053,0.0,0.9973,1.0,0.0027,0,0.0,False,True
1.0819999999999999,1,0,2075,749,1.0,0.0013,0.0027,0.0,0.9987,1.0,0.0013,0,0.0,False,True
1.083,1,0,2075,749,1.0,0.0013,0.0027,0.0,0.9987,1.0,0.0013,0,0.0,False,True
1.0839999999999999,1,0,2075,749,1.0,0.0013,0.0027,0.0,0.9987,1.0,0.0013,0,0.0,False,True
1.085,1,0,2075,749,1.0,0.0013,0.0027,0.0,0.9987,1.0,0.0013,0,0.0,False,True
1.0859999999999999,1,0,2075,749,1.0,0.0013,0.0027,0.0,0.9987,1.0,0.0013,0,0.0,False,True
1.087,1,0,2075,749,1.0,0.0013,0.0027,0.0,0.9987,1.0,0.0013,0,0.0,False,True
1.0879999999999999,1,0,2075,749,1.0,0.0013,0.0027,0.0,0.9987,1.0,0.0013,0,0.0,False,True
1.089,1,0,2075,749,1.0,0.0013,0.0027,0.0,0.9987,1.0,0.0013,0,0.0,False,True
1.0899999999999999,1,0,2075,749,1.0,0.0013,0.0027,0.0,0.9987,1.0,0.0013,0,0.0,False,True
1.091,1,0,2075,749,1.0,0.0013,0.0027,0.0,0.9987,1.0,0.0013,0,0.0,False,True
1.0919999999999999,1,0,2075,749,1.0,0.0013,0.0027,0.0,0.9987,1.0,0.0013,0,0.0,False,True
1.093,1,0,2075,749,1.0,0.0013,0.0027,0.0,0.9987,1.0,0.0013,0,0.0,False,True
1.0939999999999999,1,0,2075,749,1.0,0.0013,0.0027,0.0,0.9987,1.0,0.0013,0,0.0,False,True
1.095,1,0,2075,749,1.0,0.0013,0.0027,0.0,0.9987,1.0,0.0013,0,0.0,False,True
1.0959999999999999,1,0,2075,749,1.0,0.0013,0.0027,0.0,0.9987,1.0,0.0013,0,0.0,False,True
1.097,1,0,2075,749,1.0,0.0013,0.0027,0.0,0.9987,1.0,0.0013,0,0.0,False,True
1.0979999999999999,1,0,2075,749,1.0,0.0013,0.0027,0.0,0.9987,1.0,0.0013,0,0.0,False,True
1.099,1,0,2075,749,1.0,0.0013,0.0027,0.0,0.9987,1.0,0.0013,0,0.0,False,True
1.0999999999999999,1,0,2075,749,1.0,0.0013,0.0027,0.0,0.9987,1.0,0.0013,0,0.0,False,True
1.101,1,0,2075,749,1.0,0.0013,0.0027,0.0,0.9987,1.0,0.0013,0,0.0,False,True
1.1019999999999999,1,0,2075,749,1.0,0.0013,0.0027,0.0,0.9987,1.0,0.0013,0,0.0,False,True
1.103,1,0,2075,749,1.0,0.0013,0.0027,0.0,0.9987,1.0,0.0013,0,0.0,False,True
1.1039999999999999,1,0,2075,749,1.0,0.0013,0.0027,0.0,0.9987,1.0,0.0013,0,0.0,False,True
1.105,1,0,2075,749,1.0,0.0013,0.0027,0.0,0.9987,1.0,0.0013,0,0.0,False,True
1.1059999999999999,1,0,2075,749,1.0,0.0013,0.0027,0.0,0.9987,1.0,0.0013,0,0.0,False,True
1.107,1,0,2075,749,1.0,0.0013,0.0027,0.0,0.9987,1.0,0.0013,0,0.0,False,True
1.1079999999999999,1,0,2075,749,1.0,0.0013,0.0027,0.0,0.9987,1.0,0.0013,0,0.0,False,True
1.109,1,0,2075,749,1.0,0.0013,0.0027,0.0,0.9987,1.0,0.0013,0,0.0,False,True
1.1099999999999999,1,0,2075,749,1.0,0.0013,0.0027,0.0,0.9987,1.0,0.0013,0,0.0,False,True
1.111,1,0,2075,749,1.0,0.0013,0.0027,0.0,0.9987,1.0,0.0013,0,0.0,False,True
1.1119999999999999,1,0,2075,749,1.0,0.0013,0.0027,0.0,0.9987,1.0,0.0013,0,0.0,False,True
1.113,1,0,2075,749,1.0,0.0013,0.0027,0.0,0.9987,1.0,0.0013,0,0.0,False,True
1.1139999999999999,1,0,2075,749,1.0,0.0013,0.0027,0.0,0.9987,1.0,0.0013,0,0.0,False,True
1.115,1,0,2075,749,1.0,0.0013,0.0027,0.0,0.9987,1.0,0.0013,0,0.0,False,True
1.1159999999999999,1,0,2075,749,1.0,0.0013,0.0027,0.0,0.9987,1.0,0.0013,0,0.0,False,True
1.117,1,0,2075,749,1.0,0.0013,0.0027,0.0,0.9987,1.0,0.0013,0,0.0,False,True
1.1179999999999999,1,0,2075,749,1.0,0.0013,0.0027,0.0,0.9987,1.0,0.0013,0,0.0,False,True
1.119,1,0,2075,749,1.0,0.0013,0.0027,0.0,0.9987,1.0,0.0013,0,0.0,False,True
1.1199999999999999,1,0,2075,749,1.0,0.0013,0.0027,0.0,0.9987,1.0,0.0013,0,0.0,False,True
1.121,1,0,2075,749,1.0,0.0013,0.0027,0.0,0.9987,1.0,0.0013,0,0.0,False,True
1.1219999999999999,1,0,2075,749,1.0,0.0013,0.0027,0.0,0.9987,1.0,0.0013,0,0.0,False,True
1.123,1,0,2075,749,1.0,0.0013,0.0027,0.0,0.9987,1.0,0.0013,0,0.0,False,True
1.1239999999999999,1,0,2075,749,1.0,0.0013,0.0027,0.0,0.9987,1.0,0.0013,0,0.0,False,True
1.125,1,0,2075,749,1.0,0.0013,0.0027,0.0,0.9987,1.0,0.0013,0,0.0,False,True
1.126,1,0,2075,749,1.0,0.0013,0.0027,0.0,0.9987,1.0,0.0013,0,0.0,False,True
1.127,1,0,2075,749,1.0,0.0013,0.0027,0.0,0.9987,1.0,0.0013,0,0.0,False,True
1.128,1,0,2075,749,1.0,0.0013,0.0027,0.0,0.9987,1.0,0.0013,0,0.0,False,True
1.129,1,0,2075,749,1.0,0.0013,0.0027,0.0,0.9987,1.0,0.0013,0,0.0,False,True
1.13,1,0,2075,749,1.0,0.0013,0.0027,0.0,0.9987,1.0,0.0013,0,0.0,False,True
1.131,1,0,2075,749,1.0,0.0013,0.0027,0.0,0.9987,1.0,0.0013,0,0.0,False,True
1.132,1,0,2075,749,1.0,0.0013,0.0027,0.0,0.9987,1.0,0.0013,0,0.0,False,True
1.133,1,0,2075,749,1.0,0.0013,0.0027,0.0,0.9987,1.0,0.0013,0,0.0,False,True
1.134,1,0,2075,749,1.0,0.0013,0.0027,0.0,0.9987,1.0,0.0013,0,0.0,False,True
1.135,1,0,2075,749,1.0,0.0013,0.0027,0.0,0.9987,1.0,0.0013,0,0.0,False,True
1.136,1,0,2075,749,1.0,0.0013,0.0027,0.0,0.9987,1.0,0.0013,0,0.0,False,True
1.137,1,0,2075,749,1.0,0.0013,0.0027,0.0,0.9987,1.0,0.0013,0,0.0,False,True
1.138,1,0,2075,749,1.0,0.0013,0.0027,0.0,0.9987,1.0,0.0013,0,0.0,False,True
1.139,1,0,2075,749,1.0,0.0013,0.0027,0.0,0.9987,1.0,0.0013,0,0.0,False,True
1.14,1,0,2075,749,1.0,0.0013,0.0027,0.0,0.9987,1.0,0.0013,0,0.0,False,True
1.141,1,0,2075,749,1.0,0.0013,0.0027,0.0,0.9987,1.0,0.0013,0,0.0,False,True
1.142,1,0,2075,749,1.0,0.0013,0.0027,0.0,0.9987,1.0,0.0013,0,0.0,False,True
1.143,1,0,2075,749,1.0,0.0013,0.0027,0.0,0.9987,1.0,0.0013,0,0.0,False,True
1.144,1,0,2075,749,1.0,0.0013,0.0027,0.0,0.9987,1.0,0.0013,0,0.0,False,True
1.145,1,0,2075,749,1.0,0.0013,0.0027,0.0,0.9987,1.0,0.0013,0,0.0,False,True
1.146,1,0,2075,749,1.0,0.0013,0.0027,0.0,0.9987,1.0,0.0013,0,0.0,False,True
1.147,1,0,2075,749,1.0,0.0013,0.0027,0.0,0.9987,1.0,0.0013,0,0.0,False,True
1.148,1,0,2075,749,1.0,0.0013,0.0027,0.0,0.9987,1.0,0.0013,0,0.0,False,True
1.149,1,0,2075,749,1.0,0.0013,0.0027,0.0,0.9987,1.0,0.0013,0,0.0,False,True
1.15,1,0,2075,749,1.0,0.0013,0.0027,0.0,0.9987,1.0,0.0013,0,0.0,False,True
1.151,1,0,2075,749,1.0,0.0013,0.0027,0.0,0.9987,1.0,0.0013,0,0.0,False,True
1.152,1,0,2075,749,1.0,0.0013,0.0027,0.0,0.9987,1.0,0.0013,0,0.0,False,True
1.153,1,0,2075,749,1.0,0.0013,0.0027,0.0,0.9987,1.0,0.0013,0,0.0,False,True
1.154,1,0,2075,749,1.0,0.0013,0.0027,0.0,0.9987,1.0,0.0013,0,0.0,False,True
1.1549999999999998,1,0,2075,749,1.0,0.0013,0.0027,0.0,0.9987,1.0,0.0013,0,0.0,False,True
1.156,1,0,2075,749,1.0,0.0013,0.0027,0.0,0.9987,1.0,0.0013,0,0.0,False,True
1.1569999999999998,1,0,2075,749,1.0,0.0013,0.0027,0.0,0.9987,1.0,0.0013,0,0.0,False,True
1.158,1,0,2075,749,1.0,0.0013,0.0027,0.0,0.9987,1.0,0.0013,0,0.0,False,True
1.1589999999999998,1,0,2075,749,1.0,0.0013,0.0027,0.0,0.9987,1.0,0.0013,0,0.0,False,True
1.16,1,0,2075,749,1.0,0.0013,0.0027,0.0,0.9987,1.0,0.0013,0,0.0,False,True
1.1609999999999998,1,0,2075,749,1.0,0.0013,0.0027,0.0,0.9987,1.0,0.0013,0,0.0,False,True
1.162,1,0,2075,749,1.0,0.0013,0.0027,0.0,0.9987,1.0,0.0013,0,0.0,False,True
1.1629999999999998,1,0,2075,749,1.0,0.0013,0.0027,0.0,0.9987,1.0,0.0013,0,0.0,False,True
1.164,1,0,2075,749,1.0,0.0013,0.0027,0.0,0.9987,1.0,0.0013,0,0.0,False,True
1.1649999999999998,1,0,2075,749,1.0,0.0013,0.0027,0.0,0.9987,1.0,0.0013,0,0.0,False,True
1.166,1,0,2075,749,1.0,0.0013,0.0027,0.0,0.9987,1.0,0.0013,0,0.0,False,True
1.1669999999999998,1,0,2075,749,1.0,0.0013,0.0027,0.0,0.9987,1.0,0.0013,0,0.0,False,True
1.168,1,0,2075,749,1.0,0.0013,0.0027,0.0,0.9987,1.0,0.0013,0,0.0,False,True
1.1689999999999998,1,0,2075,749,1.0,0.0013,0.0027,0.0,0.9987,1.0,0.0013,0,0.0,False,True
1.17,1,0,2075,749,1.0,0.0013,0.0027,0.0,0.9987,1.0,0.0013,0,0.0,False,True
1.1709999999999998,1,0,2075,749,1.0,0.0013,0.0027,0.0,0.9987,1.0,0.0013,0,0.0,False,True
1.172,1,0,2075,749,1.0,0.0013,0.0027,0.0,0.9987,1.0,0.0013,0,0.0,False,True
1.1729999999999998,1,0,2075,749,1.0,0.0013,0.0027,0.0,0.9987,1.0,0.0013,0,0.0,False,True
1.174,1,0,2075,749,1.0,0.0013,0.0027,0.0,0.9987,1.0,0.0013,0,0.0,False,True
1.1749999999999998,1,0,2075,749,1.0,0.0013,0.0027,0.0,0.9987,1.0,0.0013,0,0.0,False,True
1.176,1,0,2075,749,1.0,0.0013,0.0027,0.0,0.9987,1.0,0.0013,0,0.0,False,True
1.1769999999999998,1,0,2075,749,1.0,0.0013,0.0027,0.0,0.9987,1.0,0.0013,0,0.0,False,True
1.178,1,0,2075,749,1.0,0.0013,0.0027,0.0,0.9987,1.0,0.0013,0,0.0,False,True
1.1789999999999998,1,0,2075,749,1.0,0.0013,0.0027,0.0,0.9987,1.0,0.0013,0,0.0,False,True
1.18,1,0,2075,749,1.0,0.0013,0.0027,0.0,0.9987,1.0,0.0013,0,0.0,False,True
1.1809999999999998,1,0,2075,749,1.0,0.0013,0.0027,0.0,0.9987,1.0,0.0013,0,0.0,False,True
1.182,1,0,2075,749,1.0,0.0013,0.0027,0.0,0.9987,1.0,0.0013,0,0.0,False,True
1.1829999999999998,1,0,2075,749,1.0,0.0013,0.0027,0.0,0.9987,1.0,0.0013,0,0.0,False,True
1.184,1,0,2075,749,1.0,0.0013,0.0027,0.0,0.9987,1.0,0.0013,0,0.0,False,True
1.1849999999999998,1,0,2075,749,1.0,0.0013,0.0027,0.0,0.9987,1.0,0.0013,0,0.0,False,True
1.186,1,0,2075,749,1.0,0.0013,0.0027,0.0,0.9987,1.0,0.0013,0,0.0,False,True
1.1869999999999998,1,0,2075,749,1.0,0.0013,0.0027,0.0,0.9987,1.0,0.0013,0,0.0,False,True
1.188,1,0,2075,749,1.0,0.0013,0.0027,0.0,0.9987,1.0,0.0013,0,0.0,False,True
1.1889999999999998,1,0,2075,749,1.0,0.0013,0.0027,0.0,0.9987,1.0,0.0013,0,0.0,False,True
1.19,1,0,2075,749,1.0,0.0013,0.0027,0.0,0.9987,1.0,0.0013,0,0.0,False,True
1.1909999999999998,1,0,2075,749,1.0,0.0013,0.0027,0.0,0.9987,1.0,0.0013,0,0.0,False,True
1.192,1,0,2075,749,1.0,0.0013,0.0027,0.0,0.9987,1.0,0.0013,0,0.0,False,True
1.1929999999999998,1,0,2075,749,1.0,0.0013,0.0027,0.0,0.9987,1.0,0.0013,0,0.0,False,True
1.194,1,0,2075,749,1.0,0.0013,0.0027,0.0,0.9987,1.0,0.0013,0,0.0,False,True
1.1949999999999998,1,0,2075,749,1.0,0.0013,0.0027,0.0,0.9987,1.0,0.0013,0,0.0,False,True
1.196,1,0,2075,749,1.0,0.0013,0.0027,0.0,0.9987,1.0,0.0013,0,0.0,False,True
1.1969999999999998,1,0,2075,749,1.0,0.0013,0.0027,0.0,0.9987,1.0,0.0013,0,0.0,False,True
1.198,1,0,2075,749,1.0,0.0013,0.0027,0.0,0.9987,1.0,0.0013,0,0.0,False,True
1.1989999999999998,1,0,2075,749,1.0,0.0013,0.0027,0.0,0.9987,1.0,0.0013,0,0.0,False,True
1.2,1,0,2075,749,1.0,0.0013,0.0027,0.0,0.9987,1.0,0.0013,0,0.0,False,True
1.2009999999999998,1,0,2075,749,1.0,0.0013,0.0027,0.0,0.9987,1.0,0.0013,0,0.0,False,True
1.202,1,0,2075,749,1.0,0.0013,0.0027,0.0,0.9987,1.0,0.0013,0,0.0,False,True
1.2029999999999998,1,0,2075,749,1.0,0.0013,0.0027,0.0,0.9987,1.0,0.0013,0,0.0,False,True
1.204,1,0,2075,749,1.0,0.0013,0.0027,0.0,0.9987,1.0,0.0013,0,0.0,False,True
1.2049999999999998,1,0,2075,749,1.0,0.0013,0.0027,0.0,0.9987,1.0,0.0013,0,0.0,False,True
1.206,1,0,2075,749,1.0,0.0013,0.0027,0.0,0.9987,1.0,0.0013,0,0.0,False,True
1.2069999999999999,1,0,2075,749,1.0,0.0013,0.0027,0.0,0.9987,1.0,0.0013,0,0.0,False,True
1.208,1,0,2075,749,1.0,0.0013,0.0027,0.0,0.9987,1.0,0.0013,0,0.0,False,True
1.2089999999999999,1,0,2075,749,1.0,0.0013,0.0027,0.0,0.9987,1.0,0.0013,0,0.0,False,True
1.21,1,0,2075,749,1.0,0.0013,0.0027,0.0,0.9987,1.0,0.0013,0,0.0,False,True
1.2109999999999999,1,0,2075,749,1.0,0.0013,0.0027,0.0,0.9987,1.0,0.0013,0,0.0,False,True
1.212,1,0,2075,749,1.0,0.0013,0.0027,0.0,0.9987,1.0,0.0013,0,0.0,False,True
1.2129999999999999,1,0,2075,749,1.0,0.0013,0.0027,0.0,0.9987,1.0,0.0013,0,0.0,False,True
1.214,1,0,2075,749,1.0,0.0013,0.0027,0.0,0.9987,1.0,0.0013,0,0.0,False,True
1.2149999999999999,1,0,2075,749,1.0,0.0013,0.0027,0.0,0.9987,1.0,0.0013,0,0.0,False,True
1.216,1,0,2075,749,1.0,0.0013,0.0027,0.0,0.9987,1.0,0.0013,0,0.0,False,True
1.2169999999999999,1,0,2075,749,1.0,0.0013,0.0027,0.0,0.9987,1.0,0.0013,0,0.0,False,True
1.218,1,0,2075,749,1.0,0.0013,0.0027,0.0,0.9987,1.0,0.0013,0,0.0,False,True
1.2189999999999999,1,0,2075,749,1.0,0.0013,0.0027,0.0,0.9987,1.0,0.0013,0,0.0,False,True
1.22,1,0,2075,749,1.0,0.0013,0.0027,0.0,0.9987,1.0,0.0013,0,0.0,False,True
1.2209999999999999,1,0,2075,749,1.0,0.0013,0.0027,0.0,0.9987,1.0,0.0013,0,0.0,False,True
1.222,1,0,2075,749,1.0,0.0013,0.0027,0.0,0.9987,1.0,0.0013,0,0.0,False,True
1.2229999999999999,1,0,2075,749,1.0,0.0013,0.0027,0.0,0.9987,1.0,0.0013,0,0.0,False,True
1.224,1,0,2075,749,1.0,0.0013,0.0027,0.0,0.9987,1.0,0.0013,0,0.0,False,True
1.2249999999999999,1,0,2075,749,1.0,0.0013,0.0027,0.0,0.9987,1.0,0.0013,0,0.0,False,True
1.226,1,0,2075,749,1.0,0.0013,0.0027,0.0,0.9987,1.0,0.0013,0,0.0,False,True
1.2269999999999999,1,0,2075,749,1.0,0.0013,0.0027,0.0,0.9987,1.0,0.0013,0,0.0,False,True
1.228,1,0,2075,749,1.0,0.0013,0.0027,0.0,0.9987,1.0,0.0013,0,0.0,False,True
1.2289999999999999,1,0,2075,749,1.0,0.0013,0.0027,0.0,0.9987,1.0,0.0013,0,0.0,False,True
1.23,1,0,2075,749,1.0,0.0013,0.0027,0.0,0.9987,1.0,0.0013,0,0.0,False,True
1.2309999999999999,1,0,2075,749,1.0,0.0013,0.0027,0.0,0.9987,1.0,0.0013,0,0.0,False,True
1.232,1,0,2075,749,1.0,0.0013,0.0027,0.0,0.9987,1.0,0.0013,0,0.0,False,True
1.2329999999999999,1,0,2075,749,1.0,0.0013,0.0027,0.0,0.9987,1.0,0.0013,0,0.0,False,True
1.234,1,0,2075,749,1.0,0.0013,0.0027,0.0,0.9987,1.0,0.0013,0,0.0,False,True
1.2349999999999999,1,0,2075,749,1.0,0.0013,0.0027,0.0,0.9987,1.0,0.0013,0,0.0,False,True
1.236,1,0,2075,749,1.0,0.0013,0.0027,0.0,0.9987,1.0,0.0013,0,0.0,False,True
1.2369999999999999,1,0,2075,749,1.0,0.0013,0.0027,0.0,0.9987,1.0,0.0013,0,0.0,False,True
1.238,1,0,2075,749,1.0,0.0013,0.0027,0.0,0.9987,1.0,0.0013,0,0.0,False,True
1.2389999999999999,1,0,2075,749,1.0,0.0013,0.0027,0.0,0.9987,1.0,0.0013,0,0.0,False,True
1.24,1,0,2075,749,1.0,0.0013,0.0027,0.0,0.9987,1.0,0.0013,0,0.0,False,True
1.2409999999999999,1,0,2075,749,1.0,0.0013,0.0027,0.0,0.9987,1.0,0.0013,0,0.0,False,True
1.242,1,0,2075,749,1.0,0.0013,0.0027,0.0,0.9987,1.0,0.0013,0,0.0,False,True
1.2429999999999999,1,0,2075,749,1.0,0.0013,0.0027,0.0,0.9987,1.0,0.0013,0,0.0,False,True
1.244,1,0,2075,749,1.0,0.0013,0.0027,0.0,0.9987,1.0,0.0013,0,0.0,False,True
1.2449999999999999,1,0,2075,749,1.0,0.0013,0.0027,0.0,0.9987,1.0,0.0013,0,0.0,False,True
1.246,1,0,2075,749,1.0,0.0013,0.0027,0.0,0.9987,1.0,0.0013,0,0.0,False,True
1.2469999999999999,1,0,2075,749,1.0,0.0013,0.0027,0.0,0.9987,1.0,0.0013,0,0.0,False,True
1.248,1,0,2075,749,1.0,0.0013,0.0027,0.0,0.9987,1.0,0.0013,0,0.0,False,True
1.2489999999999999,1,0,2075,749,1.0,0.0013,0.0027,0.0,0.9987,1.0,0.0013,0,0.0,False,True
1.25,1,0,2075,749,1.0,0.0013,0.0027,0.0,0.9987,1.0,0.0013,0,0.0,False,True
1.251,1,0,2075,749,1.0,0.0013,0.0027,0.0,0.9987,1.0,0.0013,0,0.0,False,True
1.252,1,0,2075,749,1.0,0.0013,0.0027,0.0,0.9987,1.0,0.0013,0,0.0,False,True
1.253,1,0,2075,749,1.0,0.0013,0.0027,0.0,0.9987,1.0,0.0013,0,0.0,False,True
1.254,1,0,2075,749,1.0,0.0013,0.0027,0.0,0.9987,1.0,0.0013,0,0.0,False,True
1.255,1,0,2075,749,1.0,0.0013,0.0027,0.0,0.9987,1.0,0.0013,0,0.0,False,True
1.256,1,0,2075,749,1.0,0.0013,0.0027,0.0,0.9987,1.0,0.0013,0,0.0,False,True
1.257,1,0,2075,749,1.0,0.0013,0.0027,0.0,0.9987,1.0,0.0013,0,0.0,False,True
1.258,1,0,2075,749,1.0,0.0013,0.0027,0.0,0.9987,1.0,0.0013,0,0.0,False,True
1.259,1,0,2075,749,1.0,0.0013,0.0027,0.0,0.9987,1.0,0.0013,0,0.0,False,True
1.26,1,0,2075,749,1.0,0.0013,0.0027,0.0,0.9987,1.0,0.0013,0,0.0,False,True
1.261,1,0,2075,749,1.0,0.0013,0.0027,0.0,0.9987,1.0,0.0013,0,0.0,False,True
1.262,1,0,2075,749,1.0,0.0013,0.0027,0.0,0.9987,1.0,0.0013,0,0.0,False,True
1.263,1,0,2075,749,1.0,0.0013,0.0027,0.0,0.9987,1.0,0.0013,0,0.0,False,True
1.264,1,0,2075,749,1.0,0.0013,0.0027,0.0,0.9987,1.0,0.0013,0,0.0,False,True
1.265,1,0,2075,749,1.0,0.0013,0.0027,0.0,0.9987,1.0,0.0013,0,0.0,False,True
1.266,1,0,2075,749,1.0,0.0013,0.0027,0.0,0.9987,1.0,0.0013,0,0.0,False,True
1.267,1,0,2075,749,1.0,0.0013,0.0027,0.0,0.9987,1.0,0.0013,0,0.0,False,True
1.268,1,0,2075,749,1.0,0.0013,0.0027,0.0,0.9987,1.0,0.0013,0,0.0,False,True
1.269,1,0,2075,749,1.0,0.0013,0.0027,0.0,0.9987,1.0,0.0013,0,0.0,False,True
1.27,1,0,2075,749,1.0,0.0013,0.0027,0.0,0.9987,1.0,0.0013,0,0.0,False,True
1.271,1,0,2075,749,1.0,0.0013,0.0027,0.0,0.9987,1.0,0.0013,0,0.0,False,True
1.272,1,0,2075,749,1.0,0.0013,0.0027,0.0,0.9987,1.0,0.0013,0,0.0,False,True
1.273,1,0,2075,749,1.0,0.0013,0.0027,0.0,0.9987,1.0,0.0013,0,0.0,False,True
1.274,1,0,2075,749,1.0,0.0013,0.0027,0.0,0.9987,1.0,0.0013,0,0.0,False,True
1.275,1,0,2075,749,1.0,0.0013,0.0027,0.0,0.9987,1.0,0.0013,0,0.0,False,True
1.276,1,0,2075,749,1.0,0.0013,0.0027,0.0,0.9987,1.0,0.0013,0,0.0,False,True
1.277,1,0,2075,749,1.0,0.0013,0.0027,0.0,0.9987,1.0,0.0013,0,0.0,False,True
1.278,1,0,2075,749,1.0,0.0013,0.0027,0.0,0.9987,1.0,0.0013,0,0.0,False,True
1.279,1,0,2075,749,1.0,0.0013,0.0027,0.0,0.9987,1.0,0.0013,0,0.0,False,True
1.28,1,0,2075,749,1.0,0.0013,0.0027,0.0,0.9987,1.0,0.0013,0,0.0,False,True
1.281,1,0,2075,749,1.0,0.0013,0.0027,0.0,0.9987,1.0,0.0013,0,0.0,False,True
1.2819999999999998,1,0,2075,749,1.0,0.0013,0.0027,0.0,0.9987,1.0,0.0013,0,0.0,False,True
1.283,1,0,2075,749,1.0,0.0013,0.0027,0.0,0.9987,1.0,0.0013,0,0.0,False,True
1.2839999999999998,1,0,2075,749,1.0,0.0013,0.0027,0.0,0.9987,1.0,0.0013,0,0.0,False,True
1.285,1,0,2075,749,1.0,0.0013,0.0027,0.0,0.9987,1.0,0.0013,0,0.0,False,True
1.2859999999999998,1,0,2075,749,1.0,0.0013,0.0027,0.0,0.9987,1.0,0.0013,0,0.0,False,True
1.287,1,0,2075,749,1.0,0.0013,0.0027,0.0,0.9987,1.0,0.0013,0,0.0,False,True
1.2879999999999998,1,0,2075,749,1.0,0.0013,0.0027,0.0,0.9987,1.0,0.0013,0,0.0,False,True
1.289,1,0,2075,749,1.0,0.0013,0.0027,0.0,0.9987,1.0,0.0013,0,0.0,False,True
1.2899999999999998,1,0,2075,749,1.0,0.0013,0.0027,0.0,0.9987,1.0,0.0013,0,0.0,False,True
1.291,1,0,2075,749,1.0,0.0013,0.0027,0.0,0.9987,1.0,0.0013,0,0.0,False,True
1.2919999999999998,1,0,2075,749,1.0,0.0013,0.0027,0.0,0.9987,1.0,0.0013,0,0.0,False,True
1.293,1,0,2075,749,1.0,0.0013,0.0027,0.0,0.9987,1.0,0.0013,0,0.0,False,True
1.2939999999999998,1,0,2075,749,1.0,0.0013,0.0027,0.0,0.9987,1.0,0.0013,0,0.0,False,True
1.295,1,0,2075,749,1.0,0.0013,0.0027,0.0,0.9987,1.0,0.0013,0,0.0,False,True
1.2959999999999998,1,0,2075,749,1.0,0.0013,0.0027,0.0,0.9987,1.0,0.0013,0,0.0,False,True
1.297,1,0,2075,749,1.0,0.0013,0.0027,0.0,0.9987,1.0,0.0013,0,0.0,False,True
1.2979999999999998,1,0,2075,749,1.0,0.0013,0.0027,0.0,0.9987,1.0,0.0013,0,0.0,False,True
1.299,1,0,2075,749,1.0,0.0013,0.0027,0.0,0.9987,1.0,0.0013,0,0.0,False,True
1.2999999999999998,1,0,2075,749,1.0,0.0013,0.0027,0.0,0.9987,1.0,0.0013,0,0.0,False,True
1.301,1,0,2075,749,1.0,0.0013,0.0027,0.0,0.9987,1.0,0.0013,0,0.0,False,True
1.3019999999999998,1,0,2075,749,1.0,0.0013,0.0027,0.0,0.9987,1.0,0.0013,0,0.0,False,True
1.303,1,0,2075,749,1.0,0.0013,0.0027,0.0,0.9987,1.0,0.0013,0,0.0,False,True
1.3039999999999998,1,0,2075,749,1.0,0.0013,0.0027,0.0,0.9987,1.0,0.0013,0,0.0,False,True
1.305,1,0,2075,749,1.0,0.0013,0.0027,0.0,0.9987,1.0,0.0013,0,0.0,False,True
1.3059999999999998,1,0,2075,749,1.0,0.0013,0.0027,0.0,0.9987,1.0,0.0013,0,0.0,False,True
1.307,1,0,2075,749,1.0,0.0013,0.0027,0.0,0.9987,1.0,0.0013,0,0.0,False,True
1.3079999999999998,1,0,2075,749,1.0,0.0013,0.0027,0.0,0.9987,1.0,0.0013,0,0.0,False,True
1.309,1,0,2075,749,1.0,0.0013,0.0027,0.0,0.9987,1.0,0.0013,0,0.0,False,True
1.3099999999999998,1,0,2075,749,1.0,0.0013,0.0027,0.0,0.9987,1.0,0.0013,0,0.0,False,True
1.311,1,0,2075,749,1.0,0.0013,0.0027,0.0,0.9987,1.0,0.0013,0,0.0,False,True
1.3119999999999998,1,0,2075,749,1.0,0.0013,0.0027,0.0,0.9987,1.0,0.0013,0,0.0,False,True
1.313,1,0,2075,749,1.0,0.0013,0.0027,0.0,0.9987,1.0,0.0013,0,0.0,False,True
1.3139999999999998,1,0,2075,749,1.0,0.0013,0.0027,0.0,0.9987,1.0,0.0013,0,0.0,False,True
1.315,1,0,2075,749,1.0,0.0013,0.0027,0.0,0.9987,1.0,0.0013,0,0.0,False,True
1.3159999999999998,1,0,2075,749,1.0,0.0013,0.0027,0.0,0.9987,1.0,0.0013,0,0.0,False,True
1.317,1,0,2075,749,1.0,0.0013,0.0027,0.0,0.9987,1.0,0.0013,0,0.0,False,True
1.3179999999999998,1,0,2075,749,1.0,0.0013,0.0027,0.0,0.9987,1.0,0.0013,0,0.0,False,True
1.319,1,0,2075,749,1.0,0.0013,0.0027,0.0,0.9987,1.0,0.0013,0,0.0,False,True
1.3199999999999998,1,0,2075,749,1.0,0.0013,0.0027,0.0,0.9987,1.0,0.0013,0,0.0,False,True
1.321,1,0,2075,749,1.0,0.0013,0.0027,0.0,0.9987,1.0,0.0013,0,0.0,False,True
1.3219999999999998,1,0,2075,749,1.0,0.0013,0.0027,0.0,0.9987,1.0,0.0013,0,0.0,False,True
1.323,1,0,2075,749,1.0,0.0013,0.0027,0.0,0.9987,1.0,0.0013,0,0.0,False,True
1.3239999999999998,1,0,2075,749,1.0,0.0013,0.0027,0.0,0.9987,1.0,0.0013,0,0.0,False,True
1.325,1,0,2075,749,1.0,0.0013,0.0027,0.0,0.9987,1.0,0.0013,0,0.0,False,True
1.3259999999999998,1,0,2075,749,1.0,0.0013,0.0027,0.0,0.9987,1.0,0.0013,0,0.0,False,True
1.327,1,0,2075,749,1.0,0.0013,0.0027,0.0,0.9987,1.0,0.0013,0,0.0,False,True
1.3279999999999998,1,0,2075,749,1.0,0.0013,0.0027,0.0,0.9987,1.0,0.0013,0,0.0,False,True
1.329,1,0,2075,749,1.0,0.0013,0.0027,0.0,0.9987,1.0,0.0013,0,0.0,False,True
1.3299999999999998,1,0,2075,749,1.0,0.0013,0.0027,0.0,0.9987,1.0,0.0013,0,0.0,False,True
1.331,1,0,2075,749,1.0,0.0013,0.0027,0.0,0.9987,1.0,0.0013,0,0.0,False,True
1.3319999999999999,1,0,2075,749,1.0,0.0013,0.0027,0.0,0.9987,1.0,0.0013,0,0.0,False,True
1.333,1,0,2075,749,1.0,0.0013,0.0027,0.0,0.9987,1.0,0.0013,0,0.0,False,True
1.3339999999999999,1,0,2075,749,1.0,0.0013,0.0027,0.0,0.9987,1.0,0.0013,0,0.0,False,True
1.335,1,0,2075,749,1.0,0.0013,0.0027,0.0,0.9987,1.0,0.0013,0,0.0,False,True
1.3359999999999999,1,0,2075,749,1.0,0.0013,0.0027,0.0,0.9987,1.0,0.0013,0,0.0,False,True
1.337,1,0,2075,749,1.0,0.0013,0.0027,0.0,0.9987,1.0,0.0013,0,0.0,False,True
1.3379999999999999,1,0,2075,749,1.0,0.0013,0.0027,0.0,0.9987,1.0,0.0013,0,0.0,False,True
1.339,1,0,2075,749,1.0,0.0013,0.0027,0.0,0.9987,1.0,0.0013,0,0.0,False,True
1.3399999999999999,1,0,2075,749,1.0,0.0013,0.0027,0.0,0.9987,1.0,0.0013,0,0.0,False,True
1.341,1,0,2075,749,1.0,0.0013,0.0027,0.0,0.9987,1.0,0.0013,0,0.0,False,True
1.3419999999999999,1,0,2075,749,1.0,0.0013,0.0027,0.0,0.9987,1.0,0.0013,0,0.0,False,True
1.343,1,0,2075,749,1.0,0.0013,0.0027,0.0,0.9987,1.0,0.0013,0,0.0,False,True
1.3439999999999999,1,0,2075,749,1.0,0.0013,0.0027,0.0,0.9987,1.0,0.0013,0,0.0,False,True
1.345,1,0,2075,749,1.0,0.0013,0.0027,0.0,0.9987,1.0,0.0013,0,0.0,False,True
1.3459999999999999,1,0,2075,749,1.0,0.0013,0.0027,0.0,0.9987,1.0,0.0013,0,0.0,False,True
1.347,1,0,2075,749,1.0,0.0013,0.0027,0.0,0.9987,1.0,0.0013,0,0.0,False,True
1.3479999999999999,1,0,2075,749,1.0,0.0013,0.0027,0.0,0.9987,1.0,0.0013,0,0.0,False,True
1.349,1,0,2075,749,1.0,0.0013,0.0027,0.0,0.9987,1.0,0.0013,0,0.0,False,True
1.3499999999999999,1,0,2075,749,1.0,0.0013,0.0027,0.0,0.9987,1.0,0.0013,0,0.0,False,True
1.351,1,0,2075,749,1.0,0.0013,0.0027,0.0,0.9987,1.0,0.0013,0,0.0,False,True
1.3519999999999999,1,0,2075,749,1.0,0.0013,0.0027,0.0,0.9987,1.0,0.0013,0,0.0,False,True
1.353,1,0,2075,749,1.0,0.0013,0.0027,0.0,0.9987,1.0,0.0013,0,0.0,False,True
1.3539999999999999,1,0,2075,749,1.0,0.0013,0.0027,0.0,0.9987,1.0,0.0013,0,0.0,False,True
1.355,1,0,2075,749,1.0,0.0013,0.0027,0.0,0.9987,1.0,0.0013,0,0.0,False,True
1.3559999999999999,1,0,2075,749,1.0,0.0013,0.0027,0.0,0.9987,1.0,0.0013,0,0.0,False,True
1.357,1,0,2075,749,1.0,0.0013,0.0027,0.0,0.9987,1.0,0.0013,0,0.0,False,True
1.3579999999999999,1,0,2075,749,1.0,0.0013,0.0027,0.0,0.9987,1.0,0.0013,0,0.0,False,True
1.359,1,0,2075,749,1.0,0.0013,0.0027,0.0,0.9987,1.0,0.0013,0,0.0,False,True
1.3599999999999999,1,0,2075,749,1.0,0.0013,0.0027,0.0,0.9987,1.0,0.0013,0,0.0,False,True
1.361,1,0,2075,749,1.0,0.0013,0.0027,0.0,0.9987,1.0,0.0013,0,0.0,False,True
1.3619999999999999,1,0,2075,749,1.0,0.0013,0.0027,0.0,0.9987,1.0,0.0013,0,0.0,False,True
1.363,1,0,2075,749,1.0,0.0013,0.0027,0.0,0.9987,1.0,0.0013,0,0.0,False,True
1.3639999999999999,1,0,2075,749,1.0,0.0013,0.0027,0.0,0.9987,1.0,0.0013,0,0.0,False,True
1.365,1,0,2075,749,1.0,0.0013,0.0027,0.0,0.9987,1.0,0.0013,0,0.0,False,True
1.3659999999999999,1,0,2075,749,1.0,0.0013,0.0027,0.0,0.9987,1.0,0.0013,0,0.0,False,True
1.367,1,0,2075,749,1.0,0.0013,0.0027,0.0,0.9987,1.0,0.0013,0,0.0,False,True
1.3679999999999999,1,0,2075,749,1.0,0.0013,0.0027,0.0,0.9987,1.0,0.0013,0,0.0,False,True
1.369,1,0,2075,749,1.0,0.0013,0.0027,0.0,0.9987,1.0,0.0013,0,0.0,False,True
1.3699999999999999,1,0,2075,749,1.0,0.0013,0.0027,0.0,0.9987,1.0,0.0013,0,0.0,False,True
1.371,1,0,2075,749,1.0,0.0013,0.0027,0.0,0.9987,1.0,0.0013,0,0.0,False,True
1.3719999999999999,1,0,2075,749,1.0,0.0013,0.0027,0.0,0.9987,1.0,0.0013,0,0.0,False,True
1.373,1,0,2075,749,1.0,0.0013,0.0027,0.0,0.9987,1.0,0.0013,0,0.0,False,True
1.3739999999999999,1,0,2075,749,1.0,0.0013,0.0027,0.0,0.9987,1.0,0.0013,0,0.0,False,True
1.375,1,0,2075,749,1.0,0.0013,0.0027,0.0,0.9987,1.0,0.0013,0,0.0,False,True
1.376,1,0,2075,749,1.0,0.0013,0.0027,0.0,0.9987,1.0,0.0013,0,0.0,False,True
1.377,1,0,2075,749,1.0,0.0013,0.0027,0.0,0.9987,1.0,0.0013,0,0.0,False,True
1.378,1,0,2075,749,1.0,0.0013,0.0027,0.0,0.9987,1.0,0.0013,0,0.0,False,True
1.379,1,0,2075,749,1.0,0.0013,0.0027,0.0,0.9987,1.0,0.0013,0,0.0,False,True
1.38,1,0,2075,749,1.0,0.0013,0.0027,0.0,0.9987,1.0,0.0013,0,0.0,False,True
1.381,1,0,2075,749,1.0,0.0013,0.0027,0.0,0.9987,1.0,0.0013,0,0.0,False,True
1.382,1,0,2075,749,1.0,0.0013,0.0027,0.0,0.9987,1.0,0.0013,0,0.0,False,True
1.383,1,0,2075,749,1.0,0.0013,0.0027,0.0,0.9987,1.0,0.0013,0,0.0,False,True
1.384,1,0,2075,749,1.0,0.0013,0.0027,0.0,0.9987,1.0,0.0013,0,0.0,False,True
1.385,1,0,2075,749,1.0,0.0013,0.0027,0.0,0.9987,1.0,0.0013,0,0.0,False,True
1.386,1,0,2075,749,1.0,0.0013,0.0027,0.0,0.9987,1.0,0.0013,0,0.0,False,True
1.387,1,0,2075,749,1.0,0.0013,0.0027,0.0,0.9987,1.0,0.0013,0,0.0,False,True
1.388,1,0,2075,749,1.0,0.0013,0.0027,0.0,0.9987,1.0,0.0013,0,0.0,False,True
1.389,1,0,2075,749,1.0,0.0013,0.0027,0.0,0.9987,1.0,0.0013,0,0.0,False,True
1.39,1,0,2075,749,1.0,0.0013,0.0027,0.0,0.9987,1.0,0.0013,0,0.0,False,True
1.391,1,0,2075,749,1.0,0.0013,0.0027,0.0,0.9987,1.0,0.0013,0,0.0,False,True
1.392,1,0,2075,749,1.0,0.0013,0.0027,0.0,0.9987,1.0,0.0013,0,0.0,False,True
1.393,1,0,2075,749,1.0,0.0013,0.0027,0.0,0.9987,1.0,0.0013,0,0.0,False,True
1.394,1,0,2075,749,1.0,0.0013,0.0027,0.0,0.9987,1.0,0.0013,0,0.0,False,True
1.395,1,0,2075,749,1.0,0.0013,0.0027,0.0,0.9987,1.0,0.0013,0,0.0,False,True
1.396,1,0,2075,749,1.0,0.0013,0.0027,0.0,0.9987,1.0,0.0013,0,0.0,False,True
1.397,1,0,2075,749,1.0,0.0013,0.0027,0.0,0.9987,1.0,0.0013,0,0.0,False,True
1.398,1,0,2075,749,1.0,0.0013,0.0027,0.0,0.9987,1.0,0.0013,0,0.0,False,True
1.399,1,0,2075,749,1.0,0.0013,0.0027,0.0,0.9987,1.0,0.0013,0,0.0,False,True
1.4,1,0,2075,749,1.0,0.0013,0.0027,0.0,0.9987,1.0,0.0013,0,0.0,False,True
1.401,1,0,2075,749,1.0,0.0013,0.0027,0.0,0.9987,1.0,0.0013,0,0.0,False,True
1.402,1,0,2075,749,1.0,0.0013,0.0027,0.0,0.9987,1.0,0.0013,0,0.0,False,True
1.403,1,0,2075,749,1.0,0.0013,0.0027,0.0,0.9987,1.0,0.0013,0,0.0,False,True
1.404,1,0,2075,749,1.0,0.0013,0.0027,0.0,0.9987,1.0,0.0013,0,0.0,False,True
1.405,1,0,2075,749,1.0,0.0013,0.0027,0.0,0.9987,1.0,0.0013,0,0.0,False,True
1.406,1,0,2075,749,1.0,0.0013,0.0027,0.0,0.9987,1.0,0.0013,0,0.0,False,True
1.407,1,0,2075,749,1.0,0.0013,0.0027,0.0,0.9987,1.0,0.0013,0,0.0,False,True
1.408,1,0,2075,749,1.0,0.0013,0.0027,0.0,0.9987,1.0,0.0013,0,0.0,False,True
1.4089999999999998,1,0,2075,749,1.0,0.0013,0.0027,0.0,0.9987,1.0,0.0013,0,0.0,False,True
1.41,1,0,2075,749,1.0,0.0013,0.0027,0.0,0.9987,1.0,0.0013,0,0.0,False,True
1.4109999999999998,1,0,2075,749,1.0,0.0013,0.0027,0.0,0.9987,1.0,0.0013,0,0.0,False,True
1.412,1,0,2075,749,1.0,0.0013,0.0027,0.0,0.9987,1.0,0.0013,0,0.0,False,True
1.4129999999999998,1,0,2075,749,1.0,0.0013,0.0027,0.0,0.9987,1.0,0.0013,0,0.0,False,True
1.414,1,0,2075,749,1.0,0.0013,0.0027,0.0,0.9987,1.0,0.0013,0,0.0,False,True
1.4149999999999998,1,0,2075,749,1.0,0.0013,0.0027,0.0,0.9987,1.0,0.0013,0,0.0,False,True
1.416,1,0,2075,749,1.0,0.0013,0.0027,0.0,0.9987,1.0,0.0013,0,0.0,False,True
1.4169999999999998,1,0,2075,749,1.0,0.0013,0.0027,0.0,0.9987,1.0,0.0013,0,0.0,False,True
1.418,1,0,2075,749,1.0,0.0013,0.0027,0.0,0.9987,1.0,0.0013,0,0.0,False,True
1.4189999999999998,1,0,2075,749,1.0,0.0013,0.0027,0.0,0.9987,1.0,0.0013,0,0.0,False,True
1.42,1,0,2075,749,1.0,0.0013,0.0027,0.0,0.9987,1.0,0.0013,0,0.0,False,True
1.4209999999999998,1,0,2075,749,1.0,0.0013,0.0027,0.0,0.9987,1.0,0.0013,0,0.0,False,True
1.422,1,0,2075,749,1.0,0.0013,0.0027,0.0,0.9987,1.0,0.0013,0,0.0,False,True
1.4229999999999998,1,0,2075,749,1.0,0.0013,0.0027,0.0,0.9987,1.0,0.0013,0,0.0,False,True
1.424,1,0,2075,749,1.0,0.0013,0.0027,0.0,0.9987,1.0,0.0013,0,0.0,False,True
1.4249999999999998,1,0,2075,749,1.0,0.0013,0.0027,0.0,0.9987,1.0,0.0013,0,0.0,False,True
1.426,1,0,2075,749,1.0,0.0013,0.0027,0.0,0.9987,1.0,0.0013,0,0.0,False,True
1.4269999999999998,1,0,2075,749,1.0,0.0013,0.0027,0.0,0.9987,1.0,0.0013,0,0.0,False,True
1.428,1,0,2075,749,1.0,0.0013,0.0027,0.0,0.9987,1.0,0.0013,0,0.0,False,True
1.4289999999999998,1,0,2075,749,1.0,0.0013,0.0027,0.0,0.9987,1.0,0.0013,0,0.0,False,True
1.43,1,0,2075,749,1.0,0.0013,0.0027,0.0,0.9987,1.0,0.0013,0,0.0,False,True
1.4309999999999998,1,0,2075,749,1.0,0.0013,0.0027,0.0,0.9987,1.0,0.0013,0,0.0,False,True
1.432,1,0,2075,749,1.0,0.0013,0.0027,0.0,0.9987,1.0,0.0013,0,0.0,False,True
1.4329999999999998,1,0,2075,749,1.0,0.0013,0.0027,0.0,0.9987,1.0,0.0013,0,0.0,False,True
1.434,1,0,2075,749,1.0,0.0013,0.0027,0.0,0.9987,1.0,0.0013,0,0.0,False,True
1.4349999999999998,1,0,2075,749,1.0,0.0013,0.0027,0.0,0.9987,1.0,0.0013,0,0.0,False,True
1.436,1,0,2075,749,1.0,0.0013,0.0027,0.0,0.9987,1.0,0.0013,0,0.0,False,True
1.4369999999999998,1,0,2075,749,1.0,0.0013,0.0027,0.0,0.9987,1.0,0.0013,0,0.0,False,True
1.438,1,0,2075,749,1.0,0.0013,0.0027,0.0,0.9987,1.0,0.0013,0,0.0,False,True
1.4389999999999998,1,0,2075,749,1.0,0.0013,0.0027,0.0,0.9987,1.0,0.0013,0,0.0,False,True
1.44,1,0,2075,749,1.0,0.0013,0.0027,0.0,0.9987,1.0,0.0013,0,0.0,False,True
1.4409999999999998,1,0,2075,749,1.0,0.0013,0.0027,0.0,0.9987,1.0,0.0013,0,0.0,False,True
1.442,1,0,2075,749,1.0,0.0013,0.0027,0.0,0.9987,1.0,0.0013,0,0.0,False,True
1.4429999999999998,1,0,2075,749,1.0,0.0013,0.0027,0.0,0.9987,1.0,0.0013,0,0.0,False,True
1.444,1,0,2075,749,1.0,0.0013,0.0027,0.0,0.9987,1.0,0.0013,0,0.0,False,True
1.4449999999999998,1,0,2075,749,1.0,0.0013,0.0027,0.0,0.9987,1.0,0.0013,0,0.0,False,True
1.446,1,0,2075,749,1.0,0.0013,0.0027,0.0,0.9987,1.0,0.0013,0,0.0,False,True
1.4469999999999998,1,0,2075,749,1.0,0.0013,0.0027,0.0,0.9987,1.0,0.0013,0,0.0,False,True
1.448,1,0,2075,749,1.0,0.0013,0.0027,0.0,0.9987,1.0,0.0013,0,0.0,False,True
1.4489999999999998,1,0,2075,749,1.0,0.0013,0.0027,0.0,0.9987,1.0,0.0013,0,0.0,False,True
1.45,1,0,2075,749,1.0,0.0013,0.0027,0.0,0.9987,1.0,0.0013,0,0.0,False,True
1.4509999999999998,1,0,2075,749,1.0,0.0013,0.0027,0.0,0.9987,1.0,0.0013,0,0.0,False,True
1.452,1,0,2075,749,1.0,0.0013,0.0027,0.0,0.9987,1.0,0.0013,0,0.0,False,True
1.4529999999999998,1,0,2075,749,1.0,0.0013,0.0027,0.0,0.9987,1.0,0.0013,0,0.0,False,True
1.454,1,0,2075,749,1.0,0.0013,0.0027,0.0,0.9987,1.0,0.0013,0,0.0,False,True
1.4549999999999998,1,0,2075,749,1.0,0.0013,0.0027,0.0,0.9987,1.0,0.0013,0,0.0,False,True
1.456,1,0,2075,749,1.0,0.0013,0.0027,0.0,0.9987,1.0,0.0013,0,0.0,False,True
1.4569999999999999,1,0,2075,749,1.0,0.0013,0.0027,0.0,0.9987,1.0,0.0013,0,0.0,False,True
1.458,1,0,2075,749,1.0,0.0013,0.0027,0.0,0.9987,1.0,0.0013,0,0.0,False,True
1.4589999999999999,1,0,2075,749,1.0,0.0013,0.0027,0.0,0.9987,1.0,0.0013,0,0.0,False,True
1.46,1,0,2075,749,1.0,0.0013,0.0027,0.0,0.9987,1.0,0.0013,0,0.0,False,True
1.4609999999999999,1,0,2075,749,1.0,0.0013,0.0027,0.0,0.9987,1.0,0.0013,0,0.0,False,True
1.462,1,0,2075,749,1.0,0.0013,0.0027,0.0,0.9987,1.0,0.0013,0,0.0,False,True
1.4629999999999999,1,0,2075,749,1.0,0.0013,0.0027,0.0,0.9987,1.0,0.0013,0,0.0,False,True
1.464,1,0,2075,749,1.0,0.0013,0.0027,0.0,0.9987,1.0,0.0013,0,0.0,False,True
1.4649999999999999,1,0,2075,749,1.0,0.0013,0.0027,0.0,0.9987,1.0,0.0013,0,0.0,False,True
1.466,1,0,2075,749,1.0,0.0013,0.0027,0.0,0.9987,1.0,0.0013,0,0.0,False,True
1.4669999999999999,1,0,2075,749,1.0,0.0013,0.0027,0.0,0.9987,1.0,0.0013,0,0.0,False,True
1.468,1,0,2075,749,1.0,0.0013,0.0027,0.0,0.9987,1.0,0.0013,0,0.0,False,True
1.4689999999999999,1,0,2075,749,1.0,0.0013,0.0027,0.0,0.9987,1.0,0.0013,0,0.0,False,True
1.47,1,0,2075,749,1.0,0.0013,0.0027,0.0,0.9987,1.0,0.0013,0,0.0,False,True
1.4709999999999999,1,0,2075,749,1.0,0.0013,0.0027,0.0,0.9987,1.0,0.0013,0,0.0,False,True
1.472,1,0,2075,749,1.0,0.0013,0.0027,0.0,0.9987,1.0,0.0013,0,0.0,False,True
1.4729999999999999,1,0,2075,749,1.0,0.0013,0.0027,0.0,0.9987,1.0,0.0013,0,0.0,False,True
1.474,1,0,2075,749,1.0,0.0013,0.0027,0.0,0.9987,1.0,0.0013,0,0.0,False,True
1.4749999999999999,1,0,2075,749,1.0,0.0013,0.0027,0.0,0.9987,1.0,0.0013,0,0.0,False,True
1.476,1,0,2075,749,1.0,0.0013,0.0027,0.0,0.9987,1.0,0.0013,0,0.0,False,True
1.4769999999999999,1,0,2075,749,1.0,0.0013,0.0027,0.0,0.9987,1.0,0.0013,0,0.0,False,True
1.478,1,0,2075,749,1.0,0.0013,0.0027,0.0,0.9987,1.0,0.0013,0,0.0,False,True
1.4789999999999999,1,0,2075,749,1.0,0.0013,0.0027,0.0,0.9987,1.0,0.0013,0,0.0,False,True
1.48,1,0,2075,749,1.0,0.0013,0.0027,0.0,0.9987,1.0,0.0013,0,0.0,False,True
1.4809999999999999,1,0,2075,749,1.0,0.0013,0.0027,0.0,0.9987,1.0,0.0013,0,0.0,False,True
1.482,1,0,2075,749,1.0,0.0013,0.0027,0.0,0.9987,1.0,0.0013,0,0.0,False,True
1.4829999999999999,1,0,2075,749,1.0,0.0013,0.0027,0.0,0.9987,1.0,0.0013,0,0.0,False,True
1.484,1,0,2075,749,1.0,0.0013,0.0027,0.0,0.9987,1.0,0.0013,0,0.0,False,True
1.4849999999999999,1,0,2075,749,1.0,0.0013,0.0027,0.0,0.9987,1.0,0.0013,0,0.0,False,True
1.486,1,0,2075,749,1.0,0.0013,0.0027,0.0,0.9987,1.0,0.0013,0,0.0,False,True
1.4869999999999999,1,0,2075,749,1.0,0.0013,0.0027,0.0,0.9987,1.0,0.0013,0,0.0,False,True
1.488,1,0,2075,749,1.0,0.0013,0.0027,0.0,0.9987,1.0,0.0013,0,0.0,False,True
1.4889999999999999,1,0,2075,749,1.0,0.0013,0.0027,0.0,0.9987,1.0,0.0013,0,0.0,False,True
1.49,1,0,2075,749,1.0,0.0013,0.0027,0.0,0.9987,1.0,0.0013,0,0.0,False,True
1.4909999999999999,1,0,2075,749,1.0,0.0013,0.0027,0.0,0.9987,1.0,0.0013,0,0.0,False,True
1.492,1,0,2075,749,1.0,0.0013,0.0027,0.0,0.9987,1.0,0.0013,0,0.0,False,True
1.4929999999999999,1,0,2075,749,1.0,0.0013,0.0027,0.0,0.9987,1.0,0.0013,0,0.0,False,True
1.494,1,0,2075,749,1.0,0.0013,0.0027,0.0,0.9987,1.0,0.0013,0,0.0,False,True
1.4949999999999999,1,0,2075,749,1.0,0.0013,0.0027,0.0,0.9987,1.0,0.0013,0,0.0,False,True
1.496,1,0,2075,749,1.0,0.0013,0.0027,0.0,0.9987,1.0,0.0013,0,0.0,False,True
1.4969999999999999,1,0,2075,749,1.0,0.0013,0.0027,0.0,0.9987,1.0,0.0013,0,0.0,False,True
1.498,1,0,2075,749,1.0,0.0013,0.0027,0.0,0.9987,1.0,0.0013,0,0.0,False,True
1.4989999999999999,1,0,2075,749,1.0,0.0013,0.0027,0.0,0.9987,1.0,0.0013,0,0.0,False,True
1.5,1,0,2075,749,1.0,0.0013,0.0027,0.0,0.9987,1.0,0.0013,0,0.0,False,True
3.1496288776397705,0,0,2075,750,0.0,0.0,0.0,0.0,1.0,1.0,0.0,0,0.0,False,True
